UserLoginId,SignupDay,SignupTime,DeviceType,IsFreeConsultationTaken,CountryId,Gender,Age,City,State,HasTakenChatConsultation,HasTakenCallConsultation,HasTakenOtherConsultation,HasRated,HasReviewed,HadPositiveInteraction,HadNegativeInteraction,HasUsedGift,app_version,device_manufacturer,device_name,isp,language,os_name,os_version,platform,store,lifetime_session_count,session_count,time_spent,Acquisition Source,Campaign,Campaign Adgroup,Campaign Group,HasRecharged
100000,Sun,6,Android,0,4,Female,30.0,Bangalore,Delhi,0,0,0,0,0,0,0,0,1.0,OnePlus,Reno,BSNL,Hindi,Android,17,app,play_store,15,3,95.2,referral,generic,ag2,none,0
100001,Thu,13,Android,0,1,Male,30.0,Delhi,Unknown,0,0,1,0,0,1,0,0,1.1,Vivo,iPhone 13,Airtel,Tamil,Android,14,app,app_store,11,1,337.5,organic,remarketing,ag3,organic,0
100002,Fri,16,Android,1,1,Female,42.0,Delhi,Delhi,0,1,0,1,0,0,0,0,1.0,Oppo,A12,Jio,Marathi,iOS,16,app,app_store,6,4,400.3,meta,remarketing,ag3,organic,0
100003,Sun,17,iOS,0,1,Female,43.0,Unknown,Rajasthan,0,1,0,0,0,0,0,0,1.2,Samsung,iPhone 13,Airtel,Bengali,Android,13,app,play_store,17,1,820.2,meta,remarketing,ag3,organic,0
100004,Wed,12,Android,0,1,Female,29.0,Jaipur,Maharashtra,0,0,0,0,1,0,0,0,1.1,Oppo,Note 10,BSNL,Hindi,Android,14,app,play_store,10,3,489.6,influencer,activation,ag1,paid,0
100005,Fri,19,Android,1,1,Male,32.0,Pune,MP,0,0,0,0,0,0,0,0,2.0,Xiaomi,A12,Other,Bengali,iOS,14,web,app_store,6,1,867.9,meta,none,ag3,crm,1
100006,Fri,19,Android,0,1,Male,31.0,Indore,Karnataka,1,0,0,1,0,0,0,0,2.0,Apple,Reno,Other,Hindi,iOS,15,app,play_store,9,3,662.5,referral,brand,ag2,organic,0
100007,Sun,20,Android,0,1,Female,18.0,Mumbai,Unknown,0,0,0,0,0,1,0,0,1.2,Xiaomi,A12,BSNL,Hindi,Android,17,app,play_store,9,1,768.6,referral,none,ag2,paid,1
100008,Tue,17,iOS,0,1,Female,27.0,Indore,Maharashtra,0,1,0,0,0,0,0,0,1.0,Xiaomi,Reno,Other,Tamil,Android,16,app,play_store,7,3,293.9,organic,activation,none,paid,0
100009,Wed,3,Android,1,4,Female,43.0,Pune,Karnataka,0,1,0,1,0,0,0,0,2.1,Oppo,A12,BSNL,Tamil,Android,12,web,play_store,4,2,622.2,referral,brand,ag2,none,0
100010,Sun,0,Android,1,4,Male,24.0,Unknown,Delhi,1,0,0,0,1,0,0,0,2.0,Oppo,Y21,Jio,Hindi,Android,11,app,play_store,4,4,791.8,organic,brand,ag2,none,1
100011,Wed,17,Web,1,1,Male,47.0,Jaipur,MP,0,0,0,0,0,0,0,0,1.0,OnePlus,Reno,BSNL,Tamil,iOS,11,app,web,11,2,134.7,referral,brand,ag1,organic,1
100012,Wed,0,Android,1,3,Female,39.0,Bangalore,Unknown,0,0,1,0,0,0,0,1,1.0,OnePlus,A12,Jio,Tamil,Android,11,web,app_store,8,2,144.2,google,generic,ag1,crm,0
100013,Fri,12,Android,0,1,Female,33.0,Unknown,Maharashtra,1,0,0,0,0,1,0,0,1.1,Vivo,Y21,Other,Marathi,Android,16,app,play_store,8,2,356.3,organic,remarketing,ag3,organic,1
100014,Thu,19,Android,0,1,Male,34.0,Indore,Karnataka,0,0,0,1,0,0,0,0,2.1,OnePlus,Note 10,Vi,Tamil,iOS,14,web,play_store,9,3,87.3,organic,generic,none,none,0
100015,Wed,19,Android,0,1,Male,23.0,Mumbai,Karnataka,0,0,0,0,0,0,0,0,1.2,Samsung,A12,Other,Marathi,Android,13,app,play_store,13,3,396.5,google,generic,ag2,organic,0
100016,Sat,22,Android,0,4,Male,28.0,Jaipur,Karnataka,0,1,0,0,0,0,0,0,2.0,Apple,Nord,BSNL,English,Android,17,app,app_store,4,1,74.9,organic,activation,ag1,none,0
100017,Fri,9,Android,1,1,Female,42.0,Mumbai,Maharashtra,0,1,0,0,1,0,0,0,2.1,Xiaomi,Y21,Other,Marathi,Android,15,app,play_store,1,4,66.5,organic,generic,ag1,crm,0
100018,Tue,10,Android,1,1,Female,25.0,Bangalore,Rajasthan,0,0,0,0,0,0,0,0,1.0,Oppo,Y21,Vi,Marathi,Android,14,app,app_store,4,1,326.3,google,generic,ag3,paid,0
100019,Thu,8,Android,0,1,Female,38.0,Unknown,Delhi,1,0,0,0,0,1,0,0,2.1,Samsung,iPhone 13,Other,Hindi,Android,14,app,play_store,9,2,182.9,google,activation,none,none,0
100020,Sat,8,iOS,1,1,Female,19.0,Unknown,MP,0,0,0,0,0,0,0,0,1.1,Vivo,Reno,Vi,English,Android,11,app,app_store,11,4,88.1,organic,remarketing,none,none,1
100021,Sat,4,iOS,0,1,Male,20.0,Mumbai,Karnataka,0,0,0,1,1,0,0,0,1.1,Oppo,A12,Airtel,English,Android,14,app,app_store,11,3,341.0,google,generic,ag2,paid,1
100022,Tue,0,Android,0,1,Female,45.0,Pune,Unknown,0,0,0,0,0,0,0,0,1.0,Vivo,A12,BSNL,Bengali,Android,16,app,play_store,10,3,414.9,influencer,activation,ag1,paid,0
100023,Thu,16,Android,1,1,Unknown,30.0,Indore,Maharashtra,0,0,0,0,0,0,0,0,1.0,OnePlus,iPhone 13,BSNL,English,iOS,11,app,play_store,13,4,917.7,referral,generic,ag1,none,0
100024,Fri,21,Android,0,4,Unknown,26.0,Mumbai,Unknown,0,0,0,1,0,0,0,0,1.2,OnePlus,Reno,Vi,Bengali,Android,11,app,play_store,6,5,242.6,google,remarketing,ag2,organic,0
100025,Mon,1,Android,0,1,Female,41.0,Indore,Karnataka,1,0,0,0,0,0,0,1,2.0,OnePlus,Reno,Jio,Bengali,Android,16,app,app_store,6,4,95.6,referral,generic,ag1,organic,0
100026,Thu,23,iOS,0,2,Male,40.0,Delhi,Maharashtra,1,1,0,0,0,1,0,0,2.0,Oppo,Y21,Vi,Marathi,Android,17,app,app_store,8,4,238.1,organic,remarketing,ag2,none,1
100027,Tue,12,Android,0,1,Female,37.0,Indore,Unknown,0,1,0,0,0,1,0,0,2.1,OnePlus,Y21,Airtel,Marathi,Android,17,app,play_store,10,0,165.7,organic,activation,ag2,paid,0
100028,Sat,8,Android,1,1,Female,25.0,Bangalore,Rajasthan,0,0,0,0,0,0,1,0,2.0,Apple,iPhone 13,BSNL,Hindi,Android,17,web,play_store,6,2,971.8,organic,none,ag1,crm,0
100029,Fri,3,Android,1,1,Female,28.0,Pune,Karnataka,0,0,0,0,0,0,0,0,1.0,Xiaomi,Note 10,BSNL,Hindi,Android,11,app,play_store,5,2,354.0,google,none,ag1,paid,0
100030,Thu,4,Android,0,1,Male,32.0,Jaipur,Karnataka,1,0,0,0,0,0,1,0,2.1,Vivo,Y21,Other,Tamil,Android,16,app,play_store,3,3,875.0,organic,activation,none,organic,0
100031,Mon,10,Android,0,3,Unknown,36.0,Mumbai,MP,0,0,0,1,0,0,0,0,2.0,Vivo,A12,Vi,Bengali,iOS,14,app,play_store,9,0,302.1,organic,generic,ag1,paid,0
100032,Mon,23,Android,1,1,Male,26.0,Jaipur,Maharashtra,0,0,0,1,0,0,0,0,1.2,Vivo,Note 10,Airtel,Tamil,Android,15,app,play_store,8,3,544.3,influencer,brand,ag1,crm,0
100033,Wed,18,Web,1,3,Male,31.0,Pune,Maharashtra,1,0,0,1,0,0,0,0,1.0,Oppo,Nord,Other,Hindi,Android,12,app,web,4,8,228.0,organic,generic,ag3,paid,0
100034,Wed,20,iOS,0,1,Male,32.0,Indore,Rajasthan,0,0,1,0,0,0,0,0,1.0,Vivo,iPhone 13,Jio,English,iOS,16,web,play_store,9,6,265.0,google,remarketing,none,crm,0
100035,Sun,2,Android,0,2,Female,40.0,Mumbai,Karnataka,0,0,0,0,0,0,1,0,2.0,Oppo,Y21,Other,Tamil,Android,13,app,play_store,8,3,37.4,influencer,remarketing,ag1,crm,0
100036,Tue,11,Android,1,1,Male,36.0,Pune,MP,0,0,0,0,1,0,0,1,1.2,Oppo,Y21,Airtel,Hindi,iOS,17,web,play_store,10,1,575.5,organic,activation,ag2,paid,0
100037,Thu,18,iOS,0,1,Male,18.0,Bangalore,Unknown,0,0,0,0,0,0,0,0,1.2,OnePlus,iPhone 13,Vi,Marathi,Android,16,web,play_store,9,2,797.3,referral,generic,none,organic,0
100038,Thu,18,Android,0,1,Female,28.0,Delhi,Delhi,0,0,0,0,0,0,0,0,1.1,Apple,Reno,Jio,Bengali,Android,11,app,play_store,7,5,124.6,influencer,remarketing,ag2,crm,1
100039,Sun,12,Android,0,1,Female,23.0,Unknown,MP,0,0,1,0,0,1,0,1,1.0,OnePlus,Reno,BSNL,Tamil,iOS,14,app,play_store,11,2,365.0,referral,remarketing,ag2,none,0
100040,Sat,6,Android,0,1,Female,35.0,Delhi,Unknown,0,0,0,0,0,1,0,0,1.0,Oppo,Y21,Other,Hindi,Android,12,app,play_store,8,5,185.4,referral,activation,ag3,organic,0
100041,Sat,14,iOS,0,1,Male,37.0,Bangalore,MP,0,0,0,0,0,0,0,0,2.0,OnePlus,Y21,Airtel,Tamil,Android,14,app,app_store,4,4,368.6,google,brand,none,organic,0
100042,Sun,22,Android,0,1,Female,31.0,Jaipur,Unknown,1,0,0,0,1,0,0,0,2.0,Samsung,Reno,Vi,Tamil,Android,16,app,play_store,10,2,352.8,meta,none,none,paid,1
100043,Sat,6,Android,1,3,Male,28.0,Delhi,MP,1,1,0,0,0,0,0,0,1.2,Vivo,Reno,Other,Hindi,iOS,17,app,play_store,8,3,169.7,meta,generic,none,none,1
100044,Wed,7,iOS,0,1,Male,31.0,Bangalore,MP,0,1,0,0,0,1,1,0,1.0,Xiaomi,A12,Airtel,Hindi,Android,14,app,app_store,8,6,386.5,organic,brand,ag1,paid,0
100045,Thu,4,iOS,0,1,Male,32.0,Indore,Karnataka,0,0,0,0,0,0,0,0,2.0,Vivo,A12,Jio,Bengali,Android,13,web,play_store,3,3,214.6,organic,generic,ag3,crm,0
100046,Sun,20,iOS,0,1,Female,25.0,Jaipur,MP,0,0,0,0,0,0,0,0,1.2,Samsung,Y21,Other,Tamil,Android,11,app,app_store,4,2,446.2,influencer,none,none,paid,0
100047,Thu,13,Android,1,1,Male,20.0,Jaipur,Unknown,0,0,0,0,0,0,0,0,1.0,OnePlus,Y21,Other,English,Android,14,app,play_store,5,2,181.6,meta,generic,ag3,paid,0
100048,Mon,3,Android,0,1,Male,18.0,Unknown,Unknown,0,0,0,0,0,0,0,0,1.1,Oppo,Y21,Vi,Tamil,Android,13,app,play_store,7,3,199.4,organic,activation,ag3,none,1
100049,Wed,22,iOS,0,1,Male,40.0,Bangalore,Maharashtra,0,1,0,0,0,1,0,0,1.0,OnePlus,Reno,Airtel,Marathi,Android,14,app,play_store,5,1,94.5,influencer,generic,ag1,crm,0
100050,Fri,9,iOS,0,1,Male,34.0,Delhi,Unknown,1,0,0,0,0,0,1,0,1.1,Apple,Y21,Airtel,Hindi,Android,12,app,play_store,6,6,514.4,referral,activation,ag1,paid,0
100051,Wed,19,Android,1,1,Unknown,33.0,Unknown,Maharashtra,0,0,0,0,0,0,0,0,1.0,Oppo,Note 10,BSNL,Marathi,iOS,15,app,play_store,7,1,72.4,organic,brand,ag3,organic,0
100052,Sun,14,Android,0,1,Unknown,40.0,Unknown,Unknown,0,1,0,0,0,1,0,0,1.2,Apple,A12,BSNL,Marathi,Android,15,app,play_store,9,2,154.1,referral,none,ag3,none,0
100053,Fri,17,iOS,0,1,Male,20.0,Indore,MP,1,0,0,0,0,0,0,1,1.0,Xiaomi,Y21,Airtel,Tamil,Android,11,web,app_store,8,3,92.5,organic,activation,ag2,crm,0
100054,Mon,19,iOS,0,1,Male,18.0,Jaipur,Unknown,0,0,0,0,0,0,0,0,2.0,Vivo,Y21,Other,Tamil,Android,15,app,web,2,2,624.0,meta,none,none,crm,0
100055,Sun,12,Android,1,1,Male,33.0,Bangalore,Maharashtra,0,0,0,0,0,0,0,0,1.2,Oppo,A12,Jio,Tamil,Android,13,app,play_store,5,3,325.7,organic,none,ag3,paid,0
100056,Tue,7,Android,0,1,Female,32.0,Bangalore,Karnataka,0,0,0,1,0,1,0,0,1.1,Apple,Reno,BSNL,Tamil,Android,13,app,play_store,8,3,279.5,organic,generic,ag2,crm,0
100057,Thu,8,Android,1,1,Male,18.0,Unknown,Delhi,0,0,0,0,0,0,1,0,1.0,Apple,Reno,BSNL,Bengali,Android,15,app,play_store,4,4,401.1,referral,remarketing,ag3,none,0
100058,Mon,15,Android,1,1,Male,33.0,Jaipur,MP,1,0,0,1,0,0,0,0,1.1,Samsung,Nord,Jio,Marathi,Android,17,app,play_store,7,6,56.6,google,activation,ag1,none,0
100059,Thu,18,Android,1,1,Male,27.0,Jaipur,Unknown,0,0,0,0,0,0,0,0,2.0,Samsung,Y21,Vi,English,Android,13,app,play_store,8,4,156.7,influencer,brand,none,paid,0
100060,Sat,15,Android,0,1,Male,24.0,Indore,Maharashtra,0,0,0,0,0,1,0,0,1.2,Vivo,iPhone 13,Other,Bengali,Android,14,app,play_store,10,5,512.5,organic,activation,ag1,crm,0
100061,Tue,6,Android,1,4,Male,27.0,Jaipur,Maharashtra,1,0,0,0,0,0,0,0,1.1,Apple,Note 10,BSNL,Marathi,Android,14,app,play_store,7,6,286.8,referral,none,ag1,organic,0
100062,Tue,13,Android,0,1,Male,18.0,Mumbai,Karnataka,0,1,0,0,1,0,0,0,2.1,Xiaomi,Reno,Vi,Hindi,Android,13,app,play_store,6,2,529.0,google,remarketing,ag1,paid,0
100063,Mon,13,Android,0,1,Male,25.0,Delhi,Unknown,0,1,0,0,1,0,0,0,1.0,Apple,Nord,Airtel,Tamil,Android,16,app,web,8,5,360.5,influencer,generic,ag3,none,0
100064,Tue,3,iOS,1,1,Male,24.0,Jaipur,Karnataka,0,0,0,0,0,0,0,0,1.1,Apple,Nord,BSNL,Tamil,iOS,12,app,app_store,6,1,322.2,meta,activation,ag1,paid,0
100065,Fri,14,Android,0,1,Unknown,34.0,Mumbai,Delhi,1,1,0,0,1,0,0,0,2.1,Oppo,A12,Jio,Tamil,iOS,11,app,web,8,2,403.7,influencer,generic,none,paid,0
100066,Tue,2,Android,0,1,Male,29.0,Indore,Unknown,0,1,0,0,1,1,0,0,2.1,Oppo,Reno,Airtel,Marathi,Android,13,app,app_store,10,3,234.2,influencer,remarketing,ag1,paid,0
100067,Thu,4,iOS,0,1,Male,35.0,Indore,Rajasthan,0,1,1,0,0,0,0,0,2.0,Samsung,Note 10,Airtel,Hindi,Android,11,app,web,9,2,96.4,organic,brand,ag1,paid,0
100068,Thu,0,Android,0,3,Unknown,18.0,Pune,Rajasthan,0,1,0,0,1,0,0,0,1.1,Oppo,iPhone 13,Other,Hindi,iOS,15,app,play_store,3,1,124.6,google,none,none,organic,0
100069,Sun,2,Web,0,1,Female,23.0,Pune,Unknown,1,1,0,0,0,0,0,0,2.0,Apple,Note 10,Vi,Bengali,iOS,12,app,app_store,10,5,280.4,meta,remarketing,none,organic,1
100070,Thu,14,iOS,1,1,Male,34.0,Indore,Rajasthan,1,0,0,0,0,0,0,0,1.0,Oppo,Nord,Other,Bengali,Android,14,app,play_store,5,4,140.8,google,none,ag2,paid,0
100071,Sun,23,Android,1,1,Female,28.0,Pune,Delhi,0,0,0,0,1,0,0,0,1.2,Samsung,Nord,Airtel,Marathi,Android,17,app,play_store,5,4,658.4,referral,brand,ag1,none,1
100072,Thu,7,Web,1,4,Male,37.0,Bangalore,MP,1,0,0,1,0,0,0,0,2.1,Vivo,Note 10,Other,Bengali,Android,13,app,play_store,11,1,468.9,google,none,ag2,crm,0
100073,Fri,3,Android,0,1,Female,18.0,Mumbai,Rajasthan,1,0,0,0,0,0,0,0,1.1,OnePlus,A12,Jio,Bengali,iOS,16,app,play_store,7,5,732.4,google,remarketing,ag1,none,1
100074,Sun,1,Android,1,1,Unknown,36.0,Indore,Rajasthan,0,1,0,0,1,0,0,0,1.0,Xiaomi,A12,BSNL,Tamil,Android,12,app,play_store,9,1,496.8,referral,none,ag3,none,0
100075,Wed,23,Android,0,1,Male,25.0,Bangalore,Unknown,0,0,0,0,0,0,0,0,1.1,OnePlus,Nord,Jio,Bengali,Android,11,app,app_store,9,2,132.8,influencer,none,ag1,organic,0
100076,Sat,23,Android,0,1,Male,24.0,Delhi,Maharashtra,0,1,1,0,0,0,0,0,2.1,OnePlus,iPhone 13,Airtel,Bengali,Android,13,app,play_store,9,4,106.0,google,none,ag3,crm,0
100077,Mon,9,iOS,0,1,Male,38.0,Delhi,Maharashtra,0,1,0,0,0,0,0,0,1.2,Apple,Nord,Other,Bengali,Android,14,app,play_store,12,2,112.0,meta,activation,ag1,crm,0
100078,Thu,3,Android,0,3,Female,39.0,Pune,MP,1,0,0,1,0,0,1,0,1.0,Xiaomi,Note 10,Vi,Marathi,Android,14,app,app_store,12,3,535.3,google,none,none,none,0
100079,Tue,2,Android,0,1,Female,38.0,Pune,Unknown,0,0,0,0,0,1,0,0,2.1,OnePlus,Y21,Vi,Bengali,Android,17,app,web,5,4,195.3,referral,none,ag1,paid,0
100080,Thu,1,Android,0,1,Female,46.0,Bangalore,Karnataka,0,0,0,1,0,0,0,0,1.0,OnePlus,Y21,Airtel,English,iOS,13,app,play_store,8,2,327.2,influencer,none,ag2,crm,1
100081,Tue,16,Android,0,1,Male,40.0,Delhi,Delhi,0,0,0,1,0,0,0,0,1.1,Vivo,iPhone 13,BSNL,English,Android,13,app,web,15,6,150.3,google,brand,ag3,crm,0
100082,Sat,22,Android,0,1,Male,24.0,Jaipur,Rajasthan,1,1,0,0,0,0,0,0,2.1,Apple,iPhone 13,Other,Bengali,Android,12,app,app_store,11,3,262.6,meta,generic,none,paid,1
100083,Sat,20,Android,0,1,Female,31.0,Indore,Unknown,0,1,0,0,0,0,1,0,2.1,Xiaomi,iPhone 13,Jio,English,Android,14,app,play_store,10,5,731.7,influencer,activation,ag2,paid,0
100084,Sat,23,iOS,1,1,Male,27.0,Jaipur,Unknown,0,0,0,0,0,0,0,0,2.1,Vivo,A12,Jio,Tamil,Android,17,app,play_store,16,4,730.5,organic,remarketing,ag3,paid,1
100085,Tue,19,Android,1,1,Male,46.0,Mumbai,Delhi,1,0,0,0,0,0,0,1,1.2,Apple,Nord,Vi,Marathi,iOS,11,app,app_store,7,3,253.1,influencer,generic,ag2,paid,0
100086,Thu,22,iOS,0,1,Male,39.0,Unknown,Maharashtra,0,0,0,1,0,0,1,0,2.1,Vivo,Note 10,Jio,Bengali,Android,14,web,play_store,9,2,558.1,referral,activation,ag2,organic,1
100087,Sat,12,Android,0,1,Female,28.0,Pune,Delhi,1,0,1,0,0,0,0,0,1.0,OnePlus,Nord,BSNL,English,iOS,13,app,web,10,3,774.5,organic,generic,ag2,crm,0
100088,Fri,4,iOS,1,1,Female,37.0,Bangalore,Maharashtra,0,1,0,0,0,0,0,0,2.1,Apple,Note 10,Airtel,Tamil,iOS,17,app,play_store,10,4,77.3,influencer,generic,ag3,none,0
100089,Sun,20,Android,0,1,Female,20.0,Jaipur,Delhi,0,0,0,0,1,1,0,0,1.2,Apple,Y21,Other,Tamil,iOS,11,web,play_store,4,4,389.3,google,none,ag3,none,0
100090,Tue,8,Android,1,1,Male,32.0,Pune,Maharashtra,0,0,0,0,0,0,0,1,1.2,OnePlus,Nord,Jio,Bengali,iOS,13,app,play_store,9,2,232.6,referral,generic,ag3,none,1
100091,Tue,21,Android,0,1,Unknown,22.0,Bangalore,Delhi,0,0,0,0,0,1,1,0,1.1,Vivo,Note 10,Airtel,Tamil,Android,14,app,play_store,6,6,112.8,influencer,generic,none,none,1
100092,Thu,5,iOS,1,4,Female,18.0,Delhi,Rajasthan,0,0,0,0,0,0,0,0,1.0,Samsung,Note 10,Other,Tamil,iOS,12,app,app_store,12,6,299.0,influencer,remarketing,ag2,paid,0
100093,Tue,4,Android,0,1,Male,36.0,Pune,Rajasthan,0,0,0,0,1,0,0,0,2.0,Xiaomi,Y21,Airtel,Bengali,iOS,11,app,play_store,12,3,357.1,organic,remarketing,ag1,none,0
100094,Tue,9,Web,0,1,Male,37.0,Unknown,MP,1,0,1,0,1,0,0,0,1.0,Samsung,Reno,Jio,English,Android,12,app,play_store,9,5,218.8,referral,brand,ag2,crm,0
100095,Sat,7,Android,1,1,Male,34.0,Jaipur,Delhi,0,0,0,0,0,0,0,0,2.0,Oppo,Nord,Airtel,Hindi,Android,17,app,app_store,15,3,496.9,referral,activation,ag3,none,1
100096,Thu,6,Android,0,1,Unknown,29.0,Bangalore,Karnataka,0,0,0,0,0,0,0,0,1.0,Xiaomi,Nord,BSNL,Marathi,iOS,17,app,play_store,5,5,416.3,referral,none,ag2,paid,1
100097,Sat,6,Android,0,1,Male,20.0,Bangalore,MP,0,0,0,0,0,0,0,0,2.1,Apple,A12,Vi,Bengali,Android,16,app,play_store,8,2,286.3,organic,remarketing,ag3,paid,0
100098,Sun,5,Web,0,1,Male,21.0,Jaipur,Delhi,0,0,0,0,0,0,0,0,2.0,OnePlus,Nord,Other,English,Android,17,app,play_store,8,2,520.0,google,generic,none,organic,0
100099,Sun,20,Android,1,2,Male,22.0,Unknown,Karnataka,1,1,0,1,1,0,0,0,1.0,Xiaomi,Y21,Other,Tamil,Android,15,app,app_store,4,5,333.8,google,remarketing,ag2,none,1
100100,Sat,19,iOS,0,1,Female,28.0,Pune,Rajasthan,0,0,0,1,0,0,0,0,1.1,Xiaomi,Note 10,BSNL,Hindi,iOS,16,app,play_store,3,2,237.8,meta,activation,ag2,none,0
100101,Sun,2,iOS,0,1,Male,39.0,Mumbai,Rajasthan,0,0,0,0,0,1,0,1,1.2,Oppo,Y21,Airtel,Tamil,Android,16,app,play_store,9,4,364.3,influencer,generic,ag3,crm,1
100102,Thu,18,Android,0,1,Male,38.0,Indore,Unknown,0,0,0,1,0,0,0,0,1.0,OnePlus,Y21,Other,Hindi,Android,11,app,play_store,7,3,266.5,meta,remarketing,ag3,crm,0
100103,Mon,21,Android,0,3,Male,18.0,Unknown,Rajasthan,0,1,0,0,0,0,0,0,1.0,Samsung,Y21,Vi,Hindi,Android,14,app,play_store,10,7,667.9,organic,generic,ag1,crm,0
100104,Sat,14,iOS,1,1,Male,24.0,Delhi,Unknown,1,0,0,1,0,0,0,0,1.2,Apple,Nord,Jio,English,Android,16,app,play_store,4,4,72.3,meta,generic,none,organic,0
100105,Fri,3,Android,0,1,Male,24.0,Jaipur,Karnataka,1,0,0,0,0,1,0,0,2.0,Xiaomi,iPhone 13,Other,Bengali,iOS,12,app,play_store,8,3,236.4,organic,activation,ag3,organic,0
100106,Fri,11,iOS,0,1,Male,18.0,Unknown,Maharashtra,0,0,0,0,0,0,0,1,2.0,Samsung,Y21,BSNL,English,Android,16,app,play_store,10,6,181.0,google,activation,ag1,none,0
100107,Tue,5,Android,0,1,Female,35.0,Jaipur,Delhi,0,1,0,0,0,0,0,0,2.1,Oppo,Note 10,BSNL,Bengali,Android,17,app,app_store,9,1,599.5,google,generic,ag1,organic,0
100108,Sun,18,Android,0,1,Female,28.0,Pune,MP,0,0,0,1,0,0,0,0,2.1,Samsung,A12,Vi,English,iOS,17,app,play_store,5,4,49.7,meta,generic,ag3,crm,0
100109,Fri,3,iOS,0,1,Female,29.0,Pune,Unknown,0,1,1,0,0,0,0,0,2.1,Oppo,Nord,BSNL,Hindi,iOS,12,app,play_store,11,2,470.7,meta,generic,none,paid,0
100110,Tue,14,Android,0,1,Male,41.0,Mumbai,MP,0,0,0,0,0,0,0,0,1.1,OnePlus,iPhone 13,Airtel,English,Android,14,app,web,8,5,237.6,organic,remarketing,ag2,paid,0
100111,Mon,8,Android,0,1,Female,31.0,Delhi,Rajasthan,0,0,0,0,0,0,0,0,1.2,Xiaomi,iPhone 13,Other,Marathi,Android,13,app,play_store,5,4,299.3,organic,generic,ag1,organic,0
100112,Thu,4,Android,1,1,Male,27.0,Pune,Maharashtra,1,0,0,0,0,0,1,0,2.0,Apple,Y21,Other,Bengali,Android,15,app,app_store,12,6,63.4,meta,generic,ag2,paid,0
100113,Thu,12,Android,0,1,Male,35.0,Mumbai,Unknown,0,0,0,0,1,1,0,1,1.1,Samsung,Note 10,Other,Bengali,Android,14,app,play_store,14,2,1193.4,influencer,none,ag2,crm,0
100114,Thu,22,Android,1,1,Unknown,38.0,Jaipur,Delhi,0,0,0,0,0,1,0,0,2.1,Oppo,A12,Airtel,English,iOS,12,app,play_store,13,3,371.8,influencer,none,ag3,paid,0
100115,Fri,17,iOS,0,1,Female,32.0,Indore,Unknown,1,0,0,0,0,1,0,0,1.2,Apple,iPhone 13,Airtel,Hindi,Android,11,app,play_store,9,0,210.7,google,remarketing,ag2,organic,0
100116,Mon,4,Android,0,1,Female,36.0,Bangalore,Delhi,1,0,0,0,0,0,0,1,2.1,Xiaomi,Nord,Other,Hindi,Android,16,app,web,5,2,756.8,organic,remarketing,none,crm,0
100117,Fri,15,Android,0,3,Female,29.0,Indore,MP,0,0,0,1,0,0,0,1,1.0,Samsung,Note 10,Other,Tamil,Android,15,app,play_store,12,2,527.1,google,brand,ag3,crm,1
100118,Sun,18,Android,0,1,Unknown,29.0,Indore,MP,1,0,0,0,1,0,0,1,2.1,Vivo,Nord,BSNL,English,Android,14,app,play_store,8,2,461.6,referral,activation,ag3,paid,0
100119,Fri,13,Android,1,1,Female,31.0,Indore,MP,1,0,0,0,0,0,0,0,1.2,Apple,Y21,Jio,Tamil,iOS,12,web,play_store,7,4,639.3,organic,remarketing,none,none,1
100120,Mon,15,Android,1,1,Female,24.0,Indore,Delhi,0,0,0,0,0,0,0,0,2.0,Samsung,A12,Airtel,Hindi,Android,15,app,play_store,9,4,128.4,referral,remarketing,ag2,crm,0
100121,Mon,14,iOS,1,1,Female,25.0,Bangalore,Unknown,1,0,0,0,0,1,0,0,1.2,Oppo,Nord,BSNL,Tamil,Android,13,app,play_store,10,3,40.7,organic,generic,none,paid,0
100122,Sun,21,iOS,0,1,Male,41.0,Jaipur,MP,0,0,0,1,0,0,0,0,2.0,Vivo,A12,Other,Bengali,Android,16,app,app_store,7,4,335.5,google,remarketing,none,crm,0
100123,Mon,3,Android,0,1,Male,46.0,Delhi,Delhi,0,0,0,0,0,0,0,0,1.2,Apple,Nord,Other,Bengali,Android,16,app,app_store,8,0,181.1,influencer,activation,none,organic,0
100124,Mon,6,Android,0,1,Female,43.0,Delhi,Rajasthan,0,0,0,0,0,0,0,1,1.2,OnePlus,iPhone 13,Other,Marathi,Android,16,app,app_store,12,4,621.7,google,activation,ag3,crm,0
100125,Thu,15,Android,1,1,Male,19.0,Jaipur,Unknown,1,0,0,0,0,0,0,0,2.0,OnePlus,Reno,Jio,Bengali,Android,17,app,play_store,7,6,418.3,meta,activation,none,organic,0
100126,Sun,23,Android,0,2,Male,19.0,Mumbai,Unknown,0,0,1,0,0,0,0,0,1.0,Vivo,iPhone 13,Airtel,Marathi,Android,15,app,play_store,8,2,92.3,google,remarketing,ag3,organic,0
100127,Wed,21,Android,0,3,Male,20.0,Mumbai,Unknown,0,0,0,1,0,0,1,0,1.2,Apple,Reno,Other,Hindi,Android,16,app,play_store,4,3,189.3,referral,generic,ag2,none,0
100128,Wed,20,Android,0,4,Male,31.0,Pune,Maharashtra,0,0,0,0,0,0,0,0,1.2,OnePlus,Y21,BSNL,Marathi,iOS,14,app,play_store,9,0,42.1,influencer,activation,none,none,0
100129,Mon,21,Android,0,1,Unknown,18.0,Indore,MP,0,0,0,1,0,0,0,0,1.1,Xiaomi,Note 10,Vi,English,iOS,11,app,app_store,5,3,40.8,google,generic,none,paid,0
100130,Wed,20,Android,1,3,Female,25.0,Indore,Delhi,0,0,1,0,0,0,0,0,2.1,OnePlus,A12,Vi,English,Android,12,web,app_store,9,2,311.3,referral,brand,ag1,crm,1
100131,Wed,7,Android,0,1,Male,41.0,Bangalore,Rajasthan,0,1,0,0,0,0,0,0,1.1,Oppo,Note 10,Jio,Bengali,Android,14,app,play_store,7,3,722.7,influencer,activation,ag2,paid,1
100132,Mon,16,Web,0,1,Unknown,38.0,Indore,Karnataka,0,1,0,1,0,1,0,0,1.2,Oppo,Note 10,Airtel,Marathi,iOS,11,app,play_store,10,2,389.7,google,activation,ag2,paid,1
100133,Wed,15,Android,0,1,Unknown,26.0,Bangalore,Rajasthan,1,1,0,0,0,1,0,0,1.2,Xiaomi,Note 10,Airtel,English,Android,12,app,play_store,10,3,83.6,referral,activation,ag3,crm,0
100134,Fri,22,Android,1,1,Male,27.0,Pune,Maharashtra,0,0,0,0,0,0,0,0,1.2,Apple,Note 10,Jio,Marathi,iOS,17,app,app_store,9,1,484.2,organic,generic,ag1,none,0
100135,Tue,9,Android,0,3,Unknown,35.0,Unknown,Rajasthan,1,0,0,0,0,0,0,0,1.0,Apple,Note 10,Vi,Hindi,Android,14,app,play_store,5,2,67.7,influencer,activation,none,none,0
100136,Sun,9,Android,1,1,Male,37.0,Mumbai,MP,0,1,0,0,0,0,0,0,1.1,Oppo,Nord,Vi,Tamil,Android,13,app,play_store,11,4,239.1,referral,none,none,organic,0
100137,Tue,1,Android,0,1,Male,26.0,Mumbai,MP,0,0,0,0,0,0,0,1,2.1,Samsung,Note 10,Other,English,Android,11,app,play_store,4,2,332.6,meta,remarketing,ag2,paid,0
100138,Mon,8,Android,1,1,Male,28.0,Pune,Karnataka,0,0,0,1,1,0,0,0,1.0,OnePlus,A12,BSNL,Marathi,Android,11,app,play_store,6,1,276.8,referral,remarketing,ag1,none,0
100139,Thu,16,Android,1,3,Female,25.0,Pune,Unknown,0,0,0,0,0,0,0,0,2.0,Apple,Reno,Other,English,iOS,15,app,play_store,9,3,423.7,google,remarketing,ag2,paid,1
100140,Sun,10,Android,0,1,Male,19.0,Jaipur,Delhi,1,0,0,0,0,0,1,1,1.2,Xiaomi,iPhone 13,Airtel,English,Android,13,app,play_store,6,0,134.7,organic,remarketing,ag3,crm,0
100141,Mon,9,iOS,0,4,Female,28.0,Indore,Rajasthan,0,0,0,0,0,1,0,0,1.0,Oppo,Note 10,Other,Hindi,Android,17,app,play_store,11,2,230.1,influencer,generic,ag2,crm,1
100142,Thu,21,Android,0,1,Female,28.0,Mumbai,Karnataka,0,1,0,0,0,0,0,0,2.0,Xiaomi,Y21,Airtel,English,Android,12,app,play_store,7,1,101.0,meta,generic,none,organic,0
100143,Tue,16,Android,0,1,Male,20.0,Delhi,MP,0,1,0,0,0,0,0,1,1.2,Xiaomi,A12,Other,Tamil,Android,17,app,play_store,9,4,204.3,google,none,none,none,0
100144,Mon,3,Android,1,1,Male,35.0,Pune,Unknown,0,0,0,0,0,0,0,0,1.0,Apple,Nord,BSNL,English,Android,15,app,play_store,8,2,592.0,google,generic,ag2,crm,1
100145,Sun,15,Android,0,1,Male,34.0,Mumbai,Delhi,0,1,0,0,0,0,0,0,1.2,OnePlus,iPhone 13,Other,Hindi,iOS,13,app,play_store,2,2,179.0,referral,remarketing,ag1,crm,0
100146,Sun,19,Android,0,1,Male,36.0,Mumbai,Delhi,0,0,0,0,0,0,0,0,1.1,Xiaomi,Reno,Other,Bengali,Android,16,app,play_store,5,2,181.5,meta,remarketing,ag1,organic,0
100147,Sat,14,Android,0,1,Female,24.0,Bangalore,Maharashtra,0,0,1,0,0,0,0,0,1.2,Oppo,iPhone 13,Other,Hindi,Android,14,app,play_store,4,3,92.2,referral,none,ag1,crm,0
100148,Fri,20,Android,0,1,Female,18.0,Unknown,Unknown,0,0,0,0,0,0,0,1,2.1,Samsung,Reno,Airtel,Hindi,Android,16,web,play_store,8,3,370.2,meta,activation,ag3,paid,0
100149,Wed,4,iOS,1,1,Female,34.0,Mumbai,MP,0,0,0,0,1,0,0,0,2.1,Oppo,iPhone 13,Other,Marathi,Android,11,app,play_store,6,0,114.9,organic,activation,ag1,paid,0
100150,Thu,5,Android,0,1,Male,25.0,Pune,Delhi,0,0,0,0,0,1,1,0,1.2,Vivo,Reno,Vi,Marathi,Android,15,app,play_store,8,3,431.6,influencer,brand,ag1,paid,0
100151,Sat,16,Android,1,1,Female,23.0,Unknown,Maharashtra,0,0,1,0,0,0,0,1,1.0,Oppo,Reno,Vi,Bengali,Android,17,app,play_store,12,2,458.9,organic,none,ag3,none,0
100152,Wed,0,Android,1,1,Female,20.0,Unknown,Maharashtra,0,0,0,0,0,0,0,0,2.0,Vivo,Y21,BSNL,Tamil,Android,11,app,web,12,5,207.1,referral,remarketing,ag2,none,0
100153,Wed,18,Web,0,1,Unknown,28.0,Indore,MP,1,0,0,0,0,0,0,0,2.0,Apple,Note 10,Jio,English,Android,13,app,play_store,12,2,257.3,meta,activation,none,crm,1
100154,Mon,3,Android,0,1,Female,43.0,Mumbai,Delhi,0,1,0,1,0,0,0,0,2.1,Vivo,Nord,Other,Hindi,Android,11,app,play_store,3,5,33.6,google,activation,ag3,none,0
100155,Wed,16,Android,1,1,Female,26.0,Delhi,Unknown,0,0,0,0,0,0,0,0,2.1,Samsung,Nord,Other,Bengali,Android,15,app,app_store,4,4,814.6,influencer,brand,ag1,none,1
100156,Fri,8,Android,0,1,Male,21.0,Pune,Delhi,0,0,0,0,0,0,0,0,1.0,Apple,Reno,Airtel,Tamil,iOS,14,app,play_store,9,2,606.5,organic,activation,ag2,organic,0
100157,Sun,23,Android,0,1,Female,35.0,Indore,Rajasthan,0,0,0,0,0,0,0,0,1.1,Samsung,Reno,Jio,English,iOS,15,app,web,10,4,224.4,influencer,remarketing,ag2,none,1
100158,Sat,1,Android,0,1,Unknown,31.0,Jaipur,Delhi,0,1,0,0,1,0,1,0,2.1,Vivo,Nord,Jio,Marathi,Android,12,web,play_store,9,3,1090.9,influencer,activation,ag1,paid,0
100159,Wed,7,Android,0,4,Male,18.0,Indore,Maharashtra,0,0,0,0,0,0,0,0,2.1,Apple,Note 10,Other,Bengali,Android,11,app,app_store,5,2,701.5,google,remarketing,ag3,paid,0
100160,Mon,14,iOS,1,1,Male,35.0,Pune,Karnataka,0,0,0,0,0,0,0,0,1.2,Vivo,Nord,Other,Hindi,Android,15,app,play_store,7,3,201.6,referral,none,ag2,none,1
100161,Fri,6,Web,0,4,Male,47.0,Jaipur,MP,0,0,0,0,0,0,0,0,1.1,Xiaomi,Nord,Other,Bengali,Android,15,app,play_store,16,2,519.0,influencer,none,ag3,organic,0
100162,Tue,5,Android,0,1,Female,18.0,Indore,Karnataka,0,0,0,1,0,1,0,0,1.1,Samsung,iPhone 13,Jio,English,Android,14,web,play_store,7,7,587.9,google,none,none,paid,1
100163,Sun,0,Android,1,1,Male,20.0,Delhi,Delhi,0,0,0,0,0,1,0,0,2.1,Xiaomi,Reno,Vi,Hindi,Android,11,web,play_store,13,4,404.2,google,activation,ag1,none,1
100164,Sun,14,Web,1,1,Male,18.0,Mumbai,Unknown,0,1,0,0,0,0,0,0,1.2,Samsung,Note 10,Airtel,Hindi,Android,11,app,play_store,4,8,44.4,referral,none,ag2,organic,1
100165,Sat,22,Android,0,2,Female,29.0,Pune,Unknown,0,0,0,0,0,0,0,0,1.0,Samsung,A12,Vi,Tamil,iOS,17,app,play_store,9,4,417.2,referral,brand,ag1,paid,1
100166,Sun,6,Android,1,1,Female,38.0,Mumbai,Maharashtra,0,1,0,0,0,0,0,0,2.0,Apple,A12,Other,Hindi,Android,12,app,play_store,11,5,184.5,meta,remarketing,ag1,none,0
100167,Wed,16,Android,0,1,Male,31.0,Mumbai,Karnataka,0,0,0,0,0,0,0,0,2.1,OnePlus,A12,Jio,English,Android,13,app,app_store,9,1,185.6,influencer,none,ag3,none,0
100168,Mon,1,Android,1,2,Male,41.0,Indore,MP,0,0,0,0,0,0,0,0,2.0,Xiaomi,Y21,Vi,English,Android,13,app,play_store,13,2,446.5,organic,remarketing,none,none,0
100169,Sun,8,Android,0,1,Male,37.0,Pune,Rajasthan,0,0,0,0,0,0,0,1,2.0,Vivo,iPhone 13,Jio,English,iOS,11,app,play_store,9,4,1528.9,organic,remarketing,ag2,none,1
100170,Sun,8,Android,0,1,Male,44.0,Mumbai,Karnataka,0,0,0,0,0,0,0,0,2.0,Apple,Nord,Other,Hindi,iOS,17,web,play_store,6,4,185.1,influencer,activation,ag2,none,0
100171,Tue,12,Android,1,1,Male,39.0,Bangalore,Unknown,1,0,0,0,0,0,0,0,2.1,OnePlus,Reno,Vi,Marathi,Android,15,app,app_store,7,1,17.4,referral,none,none,none,0
100172,Tue,5,Android,0,1,Male,27.0,Delhi,Rajasthan,0,0,0,0,0,0,0,0,1.0,Samsung,iPhone 13,Jio,Bengali,Android,17,app,play_store,3,2,158.5,organic,remarketing,ag3,paid,0
100173,Thu,5,Android,1,1,Female,31.0,Jaipur,Unknown,0,1,0,0,0,1,0,0,1.1,Vivo,Reno,BSNL,English,Android,13,app,play_store,4,4,208.3,organic,generic,ag3,crm,0
100174,Fri,19,Android,0,1,Female,23.0,Indore,Delhi,0,0,0,1,1,0,0,1,1.2,Samsung,Note 10,Vi,Tamil,Android,13,app,app_store,5,5,26.9,referral,generic,none,none,0
100175,Wed,19,iOS,1,1,Male,28.0,Pune,Delhi,0,0,0,0,0,1,0,0,1.1,Samsung,Note 10,Airtel,Tamil,Android,15,app,app_store,11,6,100.9,referral,brand,ag1,none,0
100176,Sun,20,Android,1,1,Male,30.0,Pune,MP,0,0,0,1,0,1,0,0,1.2,Vivo,iPhone 13,Jio,Hindi,Android,12,app,play_store,5,2,129.6,referral,brand,ag1,crm,0
100177,Sun,2,Android,0,1,Female,29.0,Indore,Rajasthan,0,0,0,0,0,1,0,0,1.1,Oppo,Note 10,Other,Hindi,Android,16,app,app_store,6,4,32.4,influencer,remarketing,ag2,organic,1
100178,Mon,16,iOS,1,1,Male,41.0,Mumbai,Rajasthan,0,0,0,0,0,0,0,0,2.1,Vivo,iPhone 13,Other,Tamil,Android,12,app,app_store,10,4,665.5,meta,activation,ag1,none,1
100179,Thu,16,iOS,0,1,Male,27.0,Indore,MP,0,0,0,0,1,0,0,0,2.1,Apple,iPhone 13,Vi,Hindi,Android,16,app,app_store,8,4,843.3,organic,remarketing,ag3,none,1
100180,Fri,11,Android,1,1,Female,23.0,Unknown,Unknown,0,0,0,1,1,1,0,0,2.0,Vivo,Reno,Other,Tamil,Android,11,web,play_store,8,2,798.2,influencer,generic,none,crm,0
100181,Thu,15,Android,0,1,Female,23.0,Pune,Karnataka,0,1,0,0,0,1,0,0,1.2,Apple,Reno,BSNL,Bengali,Android,13,app,play_store,10,5,122.6,organic,brand,ag3,paid,0
100182,Sat,14,iOS,1,1,Male,35.0,Bangalore,MP,1,0,0,0,0,0,1,0,1.0,Xiaomi,iPhone 13,Airtel,Marathi,iOS,15,app,play_store,12,3,373.0,influencer,generic,ag2,paid,0
100183,Fri,12,iOS,0,1,Female,19.0,Unknown,Delhi,1,0,0,0,0,0,0,0,2.1,Vivo,Reno,Vi,English,Android,12,app,play_store,6,3,363.3,organic,none,ag2,organic,0
100184,Sun,22,Web,0,1,Female,28.0,Mumbai,Rajasthan,1,0,0,1,0,0,0,0,1.2,OnePlus,A12,Vi,Bengali,Android,15,app,play_store,6,2,1026.0,meta,remarketing,ag3,organic,0
100185,Sun,0,iOS,0,3,Unknown,41.0,Jaipur,Maharashtra,0,0,0,1,0,0,0,0,2.1,Xiaomi,Reno,Other,Hindi,Android,11,app,play_store,9,2,422.0,google,brand,ag1,crm,0
100186,Fri,16,Android,0,1,Male,32.0,Indore,Unknown,1,0,0,0,0,0,0,0,1.0,Vivo,Reno,Jio,Bengali,Android,11,app,play_store,5,3,421.2,influencer,activation,ag1,crm,1
100187,Sun,2,Android,1,1,Female,29.0,Pune,Maharashtra,1,0,0,0,0,0,0,1,1.2,OnePlus,Nord,Other,Marathi,iOS,12,app,app_store,8,4,138.4,referral,brand,ag2,organic,0
100188,Wed,14,Android,0,1,Male,30.0,Jaipur,Delhi,1,0,0,0,0,0,0,0,2.0,Apple,Note 10,Jio,Tamil,Android,13,app,play_store,14,1,1108.6,google,brand,ag2,none,0
100189,Fri,3,Android,1,1,Female,22.0,Pune,Rajasthan,0,0,0,0,0,0,0,1,1.2,OnePlus,Nord,Other,Tamil,Android,17,app,play_store,5,5,735.7,meta,brand,none,organic,1
100190,Thu,3,Android,0,2,Female,23.0,Pune,Rajasthan,1,1,0,1,1,1,0,0,1.0,OnePlus,Nord,Jio,Tamil,iOS,17,app,play_store,8,5,467.3,influencer,remarketing,ag1,paid,1
100191,Fri,17,Android,0,1,Male,28.0,Bangalore,MP,0,0,0,0,0,0,0,0,2.0,Xiaomi,iPhone 13,Jio,Hindi,Android,15,app,play_store,5,4,484.6,google,activation,ag1,none,0
100192,Sun,16,Android,0,1,Female,32.0,Mumbai,Karnataka,0,0,0,0,0,0,0,0,2.1,Oppo,Nord,BSNL,Marathi,Android,13,app,play_store,4,2,439.5,google,generic,ag1,organic,1
100193,Wed,18,iOS,1,1,Male,38.0,Indore,MP,0,0,0,0,0,1,0,0,2.0,Vivo,iPhone 13,BSNL,Marathi,Android,17,app,play_store,8,3,93.7,organic,brand,ag3,crm,0
100194,Wed,10,Android,1,1,Male,31.0,Mumbai,Maharashtra,1,0,1,0,0,0,0,0,2.1,Apple,Reno,BSNL,Hindi,Android,12,app,play_store,6,5,277.5,influencer,brand,none,none,0
100195,Sat,19,Android,0,1,Male,41.0,Pune,Rajasthan,0,0,0,0,0,0,1,1,1.0,Apple,Note 10,Other,English,Android,11,app,web,5,2,701.3,referral,generic,none,organic,0
100196,Thu,2,Android,0,1,Female,43.0,Bangalore,Karnataka,0,0,0,0,1,0,0,1,1.1,Samsung,Reno,Airtel,Tamil,Android,11,app,play_store,7,3,849.3,google,brand,none,organic,0
100197,Tue,7,Android,0,1,Male,36.0,Jaipur,MP,1,1,0,0,0,0,0,0,1.1,Apple,Y21,BSNL,Bengali,iOS,16,app,play_store,8,3,756.8,referral,activation,none,organic,0
100198,Tue,13,iOS,1,1,Female,40.0,Unknown,Karnataka,0,0,0,0,0,0,0,0,1.0,Apple,Nord,Vi,Bengali,Android,17,app,play_store,7,3,192.7,organic,activation,ag2,organic,0
100199,Fri,0,Android,0,1,Female,22.0,Bangalore,Unknown,1,0,0,0,0,0,0,0,2.1,Vivo,Nord,Airtel,Bengali,Android,12,app,app_store,8,2,421.4,referral,none,ag1,organic,0
100200,Sat,13,Web,1,1,Female,21.0,Pune,Unknown,1,0,1,0,0,0,0,0,2.0,Xiaomi,Nord,Vi,English,Android,16,app,play_store,12,4,141.9,organic,generic,ag3,crm,0
100201,Mon,1,Android,0,1,Male,34.0,Mumbai,Maharashtra,0,0,0,1,0,0,0,0,2.1,OnePlus,iPhone 13,BSNL,Hindi,Android,11,app,play_store,7,7,295.7,organic,remarketing,ag2,crm,0
100202,Fri,22,Android,1,1,Female,19.0,Jaipur,Karnataka,0,0,0,0,0,0,0,0,1.1,Vivo,Reno,Vi,Hindi,Android,14,app,play_store,6,3,953.8,google,none,ag2,crm,1
100203,Sat,3,Android,1,4,Male,28.0,Mumbai,Unknown,0,1,0,1,0,0,0,0,2.0,Vivo,A12,Other,Tamil,Android,11,app,play_store,10,2,484.4,influencer,activation,ag3,paid,0
100204,Thu,23,Android,0,1,Female,36.0,Bangalore,Rajasthan,1,0,0,0,0,0,0,0,1.2,Oppo,iPhone 13,Vi,English,iOS,14,app,play_store,3,5,537.3,meta,none,ag1,crm,1
100205,Thu,18,iOS,0,4,Female,41.0,Jaipur,Unknown,1,1,0,0,0,1,0,0,1.1,OnePlus,Reno,Airtel,Bengali,Android,17,app,play_store,6,1,243.9,referral,remarketing,ag1,crm,0
100206,Thu,5,Android,0,1,Male,28.0,Delhi,Karnataka,0,0,0,0,0,0,0,0,1.0,Oppo,iPhone 13,BSNL,Hindi,Android,14,app,play_store,8,3,469.9,influencer,none,ag3,crm,0
100207,Thu,0,iOS,0,1,Female,25.0,Bangalore,Karnataka,0,0,0,0,0,0,0,0,2.0,Vivo,iPhone 13,Vi,English,Android,14,app,play_store,8,1,203.3,referral,none,ag1,organic,0
100208,Thu,16,Android,1,1,Male,33.0,Jaipur,MP,0,0,1,1,0,0,0,0,2.1,Oppo,Note 10,Vi,Marathi,Android,16,app,app_store,5,4,86.4,referral,activation,ag2,organic,0
100209,Sat,7,iOS,0,1,Male,21.0,Bangalore,Karnataka,1,0,0,1,0,0,0,0,1.2,Samsung,Note 10,Vi,English,Android,17,app,play_store,17,5,142.1,google,generic,ag1,paid,0
100210,Sat,18,Android,1,2,Male,29.0,Indore,Karnataka,0,0,0,0,0,0,1,0,1.1,Apple,Y21,Vi,Tamil,Android,13,app,web,8,3,396.3,organic,brand,ag3,none,0
100211,Wed,20,iOS,0,2,Unknown,30.0,Bangalore,Maharashtra,0,1,0,0,0,0,0,0,2.0,OnePlus,Nord,Airtel,Bengali,Android,12,app,play_store,3,3,1636.3,influencer,generic,ag3,organic,1
100212,Tue,0,Android,0,1,Female,30.0,Unknown,Karnataka,1,1,0,0,1,0,0,0,1.1,Vivo,Y21,Jio,Hindi,iOS,12,app,play_store,5,1,317.8,google,none,ag1,organic,0
100213,Sun,4,Android,0,1,Female,31.0,Delhi,MP,0,0,0,0,0,0,1,0,1.0,Xiaomi,A12,Other,Hindi,Android,12,app,play_store,7,0,233.5,google,activation,ag3,paid,0
100214,Thu,15,Android,0,1,Unknown,23.0,Jaipur,MP,0,0,0,0,1,0,0,0,1.1,Oppo,Note 10,BSNL,Marathi,Android,16,app,play_store,6,6,362.3,influencer,brand,ag1,none,0
100215,Mon,5,Web,0,3,Male,24.0,Jaipur,Rajasthan,1,0,0,0,0,0,0,0,2.1,Samsung,iPhone 13,Jio,Marathi,Android,16,app,app_store,8,5,219.0,referral,brand,none,crm,0
100216,Sun,7,Android,0,1,Unknown,24.0,Bangalore,Unknown,0,1,0,0,0,0,0,0,2.1,Oppo,Note 10,Other,Marathi,iOS,17,app,play_store,4,3,317.4,organic,brand,ag2,paid,0
100217,Sat,12,Android,0,1,Male,18.0,Mumbai,Maharashtra,0,0,0,0,0,0,0,1,1.0,Samsung,Note 10,Vi,Tamil,iOS,14,app,app_store,5,5,110.1,google,remarketing,ag1,paid,0
100218,Mon,15,iOS,0,1,Female,33.0,Indore,Delhi,0,0,0,0,0,0,0,0,1.0,OnePlus,Reno,Jio,Bengali,Android,14,app,play_store,5,1,292.0,google,brand,ag2,organic,0
100219,Mon,2,Android,0,1,Female,37.0,Unknown,Rajasthan,0,0,0,0,0,0,0,0,1.2,Samsung,A12,Other,Marathi,Android,14,app,app_store,11,2,144.5,organic,generic,ag1,crm,0
100220,Mon,18,Android,0,1,Male,36.0,Indore,Karnataka,0,0,0,1,0,0,0,0,2.0,OnePlus,A12,Other,Bengali,Android,11,app,play_store,8,4,140.9,meta,generic,ag1,organic,0
100221,Wed,11,Android,0,1,Male,28.0,Bangalore,Unknown,1,0,0,0,0,0,0,0,1.1,OnePlus,Nord,Jio,Bengali,Android,17,app,app_store,8,4,629.5,google,generic,ag3,crm,1
100222,Sat,15,Android,1,4,Male,24.0,Indore,Maharashtra,0,0,0,0,0,0,0,0,1.0,Samsung,Reno,Vi,Marathi,Android,16,app,web,10,4,1271.6,google,remarketing,ag1,crm,1
100223,Mon,10,iOS,0,1,Unknown,36.0,Indore,Rajasthan,0,0,0,1,0,1,0,0,2.0,Vivo,Note 10,Vi,Bengali,Android,15,app,play_store,7,1,780.7,influencer,brand,none,none,0
100224,Thu,9,iOS,1,1,Male,35.0,Bangalore,MP,0,0,0,0,0,0,0,0,1.0,Apple,A12,BSNL,Hindi,Android,15,app,web,12,1,105.6,google,brand,ag1,none,0
100225,Fri,19,Android,0,1,Male,32.0,Delhi,Maharashtra,0,0,0,0,0,0,0,0,1.0,Vivo,Y21,Other,Bengali,iOS,11,web,app_store,3,2,659.7,google,brand,ag2,organic,0
100226,Mon,3,Web,1,1,Female,44.0,Jaipur,Maharashtra,0,0,0,0,0,0,0,0,1.2,Apple,Note 10,BSNL,Bengali,Android,17,app,play_store,12,2,410.5,organic,activation,ag1,paid,1
100227,Wed,11,Android,0,1,Male,30.0,Bangalore,Karnataka,0,0,0,0,0,0,0,0,2.1,Xiaomi,iPhone 13,Vi,Hindi,Android,15,app,web,8,3,65.9,influencer,none,none,paid,0
100228,Sun,22,Android,1,1,Male,28.0,Mumbai,Maharashtra,0,0,0,0,0,1,0,0,2.0,Oppo,Nord,Other,Hindi,Android,15,app,play_store,10,3,384.8,organic,brand,none,organic,1
100229,Sat,1,Android,0,1,Female,27.0,Pune,Unknown,0,0,0,1,0,0,0,0,1.2,Vivo,Note 10,BSNL,English,Android,16,app,play_store,5,5,103.8,organic,brand,ag3,paid,0
100230,Wed,23,Android,1,1,Male,18.0,Delhi,Unknown,0,0,0,0,1,0,0,1,2.1,Oppo,Nord,BSNL,English,iOS,17,app,play_store,8,2,349.6,google,remarketing,ag3,paid,0
100231,Mon,21,Android,0,1,Female,35.0,Bangalore,Maharashtra,1,0,0,1,0,1,0,0,1.0,OnePlus,Nord,BSNL,Marathi,Android,13,app,play_store,6,0,456.4,organic,generic,ag1,crm,0
100232,Sat,18,Web,0,1,Male,29.0,Delhi,Delhi,0,0,0,0,0,0,0,0,1.2,Oppo,A12,Other,Tamil,iOS,15,app,play_store,10,3,136.8,meta,remarketing,none,crm,0
100233,Fri,4,iOS,1,1,Male,34.0,Pune,Karnataka,0,0,0,0,0,0,0,0,2.1,OnePlus,A12,Airtel,Bengali,Android,11,app,play_store,10,1,343.3,referral,activation,ag1,organic,1
100234,Mon,7,Android,0,1,Female,45.0,Indore,Maharashtra,0,1,0,0,0,0,0,1,2.1,OnePlus,Note 10,Airtel,Bengali,Android,14,app,app_store,7,2,402.4,meta,brand,ag1,crm,0
100235,Wed,6,Android,0,1,Male,27.0,Indore,Maharashtra,0,0,0,0,0,1,0,1,1.2,Xiaomi,Nord,Vi,Tamil,iOS,13,app,app_store,7,2,261.9,influencer,generic,ag1,crm,1
100236,Tue,13,iOS,0,1,Unknown,18.0,Pune,Delhi,0,0,0,0,0,0,0,0,1.1,Oppo,Y21,Other,Marathi,Android,15,app,play_store,15,4,210.8,referral,none,none,organic,0
100237,Thu,23,Web,0,1,Female,34.0,Indore,Delhi,0,1,0,1,0,0,0,0,1.2,Apple,Reno,Other,Bengali,Android,17,app,play_store,7,2,155.0,google,activation,ag3,none,1
100238,Sun,22,iOS,1,1,Male,31.0,Delhi,MP,0,0,1,0,0,1,1,1,1.0,Vivo,Reno,Jio,English,Android,17,app,play_store,9,3,93.4,organic,brand,ag3,none,0
100239,Wed,2,Android,0,1,Male,24.0,Indore,Karnataka,0,0,0,0,0,0,0,0,1.1,Xiaomi,A12,BSNL,Bengali,Android,11,app,web,10,3,69.0,influencer,none,ag3,none,0
100240,Sat,17,iOS,1,1,Male,33.0,Pune,Delhi,0,0,0,1,0,0,0,0,1.2,OnePlus,A12,Vi,Hindi,Android,12,app,play_store,10,2,865.7,organic,generic,ag3,organic,0
100241,Mon,15,Android,0,1,Male,36.0,Pune,Maharashtra,0,1,0,0,0,0,0,0,2.1,OnePlus,A12,Other,Bengali,Android,12,app,app_store,11,1,169.8,influencer,activation,none,organic,0
100242,Thu,22,Android,0,1,Male,22.0,Jaipur,Delhi,0,0,0,0,0,0,0,0,2.0,Apple,A12,Jio,Bengali,iOS,16,web,app_store,6,1,93.5,organic,brand,ag3,organic,0
100243,Mon,18,Android,1,1,Female,28.0,Pune,Rajasthan,1,0,0,0,0,1,0,1,1.2,OnePlus,Nord,Jio,Hindi,iOS,16,app,app_store,7,2,838.4,organic,none,ag3,none,1
100244,Sat,18,Android,1,1,Male,42.0,Mumbai,MP,0,0,0,0,0,0,0,0,2.1,Apple,Y21,Other,English,Android,13,app,play_store,7,3,1503.5,influencer,generic,ag3,crm,1
100245,Mon,17,Android,1,1,Male,24.0,Unknown,MP,0,0,0,0,0,0,0,0,1.2,OnePlus,A12,Vi,Hindi,iOS,16,app,play_store,7,4,979.4,influencer,generic,ag3,organic,1
100246,Tue,19,Android,0,1,Male,31.0,Delhi,Unknown,0,0,0,0,0,1,0,0,1.0,OnePlus,Y21,Vi,Tamil,Android,16,app,app_store,6,6,173.1,referral,remarketing,none,paid,1
100247,Thu,15,Android,0,1,Male,18.0,Pune,Karnataka,0,0,0,0,0,0,0,0,1.0,Xiaomi,Nord,Airtel,English,Android,17,app,play_store,9,1,365.0,google,none,ag2,none,0
100248,Thu,7,iOS,0,1,Female,18.0,Jaipur,MP,1,0,0,0,0,0,1,0,2.1,Xiaomi,Reno,Airtel,Bengali,Android,12,app,play_store,6,2,222.8,referral,none,ag1,none,0
100249,Sat,0,Android,0,1,Male,31.0,Delhi,Karnataka,1,0,0,1,0,0,0,1,2.1,Oppo,iPhone 13,Vi,Hindi,Android,11,app,app_store,11,2,304.8,google,remarketing,ag3,none,0
100250,Sun,16,Android,0,1,Male,40.0,Jaipur,Rajasthan,0,0,0,0,0,0,0,0,1.1,Samsung,iPhone 13,Jio,Hindi,Android,16,app,play_store,9,3,499.0,meta,remarketing,ag3,crm,0
100251,Tue,11,Android,1,3,Male,19.0,Mumbai,Unknown,0,0,0,0,0,0,0,0,1.0,OnePlus,iPhone 13,Airtel,English,Android,12,app,play_store,2,1,404.0,referral,activation,ag3,paid,0
100252,Wed,20,Web,1,2,Unknown,31.0,Delhi,Maharashtra,1,0,0,0,0,1,0,0,2.0,Apple,Note 10,Jio,Hindi,Android,12,app,play_store,4,3,699.3,referral,brand,ag3,organic,0
100253,Mon,10,Android,0,2,Male,27.0,Bangalore,Rajasthan,1,0,0,0,0,0,0,0,1.0,OnePlus,Y21,Airtel,Tamil,Android,15,app,play_store,7,2,231.6,organic,none,ag2,organic,1
100254,Fri,4,Android,0,3,Female,38.0,Unknown,Karnataka,0,0,0,0,0,0,0,0,1.0,Apple,Nord,Jio,Marathi,Android,11,app,play_store,10,3,450.3,referral,brand,ag3,crm,0
100255,Mon,11,Android,1,1,Male,20.0,Unknown,Karnataka,0,0,0,0,0,0,0,0,2.0,Samsung,Note 10,BSNL,Bengali,Android,11,app,play_store,10,2,240.2,organic,none,ag2,crm,0
100256,Mon,16,iOS,0,2,Female,33.0,Mumbai,Karnataka,0,0,1,1,0,0,0,0,1.0,Apple,iPhone 13,Other,Tamil,Android,11,app,app_store,11,2,359.9,google,none,none,none,0
100257,Wed,5,Web,0,1,Female,25.0,Mumbai,Maharashtra,1,0,0,0,0,1,0,0,1.2,OnePlus,iPhone 13,Vi,Hindi,Android,17,app,play_store,10,3,568.2,referral,activation,ag3,none,1
100258,Mon,0,Android,0,1,Male,32.0,Indore,Unknown,1,0,0,0,0,1,0,0,1.2,Vivo,iPhone 13,BSNL,Marathi,Android,16,app,play_store,4,0,208.1,google,remarketing,ag2,none,0
100259,Tue,4,Android,0,1,Female,31.0,Pune,Unknown,0,0,0,0,0,0,0,1,1.0,Oppo,Reno,Vi,Bengali,Android,16,app,play_store,6,3,95.6,referral,activation,ag3,organic,0
100260,Tue,13,iOS,1,1,Female,28.0,Mumbai,Karnataka,0,0,0,0,0,1,0,0,1.0,Oppo,Nord,Jio,Tamil,Android,14,web,play_store,8,3,285.5,google,remarketing,ag2,organic,1
100261,Thu,4,Android,0,4,Male,34.0,Unknown,Rajasthan,1,1,0,0,0,0,0,0,2.0,Vivo,iPhone 13,Airtel,English,Android,11,web,web,7,4,94.8,referral,brand,ag3,none,0
100262,Sat,21,Android,0,1,Male,30.0,Delhi,Unknown,1,0,1,1,0,0,0,0,1.0,Samsung,Y21,Airtel,Bengali,Android,15,app,app_store,10,6,578.5,meta,remarketing,ag3,organic,0
100263,Sun,23,Android,0,1,Female,29.0,Bangalore,Maharashtra,0,1,0,0,0,1,0,0,2.1,Xiaomi,iPhone 13,Airtel,English,Android,12,app,play_store,8,4,447.9,organic,activation,ag1,organic,1
100264,Fri,0,Android,1,1,Female,27.0,Delhi,Rajasthan,0,0,0,0,0,1,0,0,1.2,Apple,Note 10,Other,Bengali,Android,12,app,play_store,14,1,573.4,meta,generic,ag3,paid,0
100265,Mon,17,Android,1,1,Female,31.0,Unknown,Maharashtra,0,0,0,0,0,0,0,0,1.0,Apple,iPhone 13,Other,Hindi,Android,12,app,play_store,10,2,265.1,organic,activation,ag3,none,0
100266,Mon,15,Android,0,1,Female,32.0,Delhi,Karnataka,0,1,0,0,0,0,0,1,2.1,Xiaomi,Note 10,Vi,Tamil,Android,11,app,play_store,6,1,145.3,referral,generic,none,none,0
100267,Wed,8,Android,0,2,Female,22.0,Bangalore,Unknown,0,0,0,0,0,0,0,0,1.0,Xiaomi,Reno,Airtel,Bengali,iOS,11,app,play_store,7,1,425.5,referral,brand,ag3,organic,0
100268,Sat,18,Web,0,1,Female,27.0,Jaipur,Maharashtra,0,1,0,0,0,0,0,1,1.1,Samsung,A12,BSNL,English,Android,17,app,play_store,9,6,338.8,referral,generic,ag2,paid,1
100269,Tue,21,Android,0,1,Female,22.0,Indore,Delhi,1,0,1,0,0,0,0,0,2.1,OnePlus,Reno,Vi,Bengali,Android,17,app,play_store,7,2,121.4,influencer,remarketing,ag3,organic,0
100270,Fri,4,iOS,1,1,Male,30.0,Unknown,Rajasthan,1,0,0,0,0,0,0,0,1.2,Apple,Nord,Other,Bengali,Android,13,app,play_store,5,1,491.1,influencer,generic,none,none,1
100271,Thu,1,Android,0,1,Unknown,25.0,Pune,Delhi,0,0,0,0,0,0,1,0,1.2,Xiaomi,Y21,Other,Bengali,Android,17,app,play_store,2,0,336.8,referral,activation,ag1,crm,0
100272,Tue,14,Android,0,1,Male,36.0,Unknown,Delhi,1,0,0,1,0,0,0,0,1.1,Apple,iPhone 13,Airtel,Hindi,Android,16,app,play_store,3,0,685.0,google,brand,ag3,paid,0
100273,Sat,6,Android,1,1,Male,35.0,Mumbai,Karnataka,0,1,0,0,1,1,0,0,2.1,OnePlus,iPhone 13,Other,Tamil,iOS,13,app,play_store,6,2,1076.2,organic,remarketing,ag1,crm,1
100274,Sun,3,iOS,0,1,Female,23.0,Pune,Karnataka,0,0,0,0,0,0,0,0,2.1,Vivo,iPhone 13,Jio,Marathi,Android,13,app,app_store,10,2,390.2,organic,activation,ag2,paid,0
100275,Thu,0,iOS,1,1,Male,30.0,Indore,Delhi,1,0,0,0,0,0,0,0,2.0,OnePlus,iPhone 13,Other,Bengali,Android,14,web,play_store,11,4,136.5,meta,generic,ag2,crm,1
100276,Sun,12,Android,0,1,Male,35.0,Jaipur,Maharashtra,0,1,0,0,0,0,0,0,1.0,Xiaomi,Note 10,Airtel,Bengali,iOS,13,app,app_store,3,3,304.5,influencer,remarketing,ag3,paid,0
100277,Wed,19,iOS,0,1,Male,29.0,Bangalore,Karnataka,1,1,0,0,0,1,0,0,2.1,Samsung,Nord,Vi,Hindi,Android,17,app,play_store,8,6,496.5,organic,brand,none,organic,0
100278,Wed,21,Android,1,1,Female,24.0,Pune,Rajasthan,0,0,0,0,1,0,0,0,2.0,Samsung,Note 10,Other,English,Android,15,app,app_store,8,4,226.3,meta,none,ag3,paid,0
100279,Mon,6,Web,0,1,Unknown,21.0,Unknown,Delhi,0,0,0,0,0,0,0,0,1.1,OnePlus,iPhone 13,BSNL,Marathi,Android,11,app,play_store,7,6,87.4,influencer,remarketing,ag3,paid,0
100280,Sun,14,Android,1,1,Female,37.0,Delhi,Rajasthan,0,0,0,0,0,1,0,0,1.1,Apple,Note 10,BSNL,Marathi,Android,16,app,play_store,9,3,466.8,meta,none,ag1,crm,1
100281,Sat,22,iOS,0,1,Male,37.0,Mumbai,Unknown,0,0,0,0,0,0,0,0,1.1,Apple,iPhone 13,Jio,Marathi,Android,14,app,play_store,16,5,274.0,referral,generic,ag3,paid,0
100282,Fri,13,Android,0,1,Male,28.0,Mumbai,Rajasthan,0,1,0,0,0,0,0,0,2.0,OnePlus,A12,Vi,Hindi,Android,15,web,play_store,11,3,168.7,organic,remarketing,ag1,none,0
100283,Thu,22,Android,1,1,Male,36.0,Jaipur,Rajasthan,1,1,0,0,0,0,0,0,1.2,Samsung,Note 10,Jio,Marathi,Android,12,web,play_store,9,10,280.2,referral,none,ag3,none,1
100284,Tue,18,Android,0,1,Male,18.0,Indore,Delhi,0,0,0,0,1,1,0,0,1.1,Apple,Nord,Jio,English,Android,17,app,app_store,7,1,90.1,meta,remarketing,ag1,organic,0
100285,Sat,21,Android,1,1,Male,41.0,Indore,MP,0,0,0,0,0,0,0,0,2.0,Samsung,Reno,Airtel,Tamil,Android,13,app,play_store,7,6,864.3,google,brand,ag3,organic,1
100286,Sat,23,Android,0,1,Male,29.0,Bangalore,Unknown,0,0,0,1,0,1,0,0,2.0,Oppo,A12,Airtel,Marathi,Android,13,app,play_store,3,3,369.7,organic,brand,ag1,organic,0
100287,Wed,19,Android,0,1,Male,31.0,Indore,Karnataka,1,0,0,0,1,0,0,1,1.0,Samsung,Y21,Airtel,Bengali,Android,17,app,play_store,8,2,820.7,referral,generic,ag1,crm,1
100288,Sun,23,Android,0,1,Male,27.0,Pune,Rajasthan,0,0,0,0,0,0,0,0,1.1,OnePlus,Note 10,BSNL,English,Android,11,app,app_store,5,4,152.0,organic,remarketing,none,none,0
100289,Mon,17,Android,0,1,Female,41.0,Mumbai,Delhi,0,0,0,1,0,0,0,0,1.2,OnePlus,Note 10,Other,English,iOS,15,app,play_store,8,1,645.4,meta,remarketing,none,none,0
100290,Mon,9,Android,0,1,Female,22.0,Bangalore,MP,1,0,1,0,0,1,0,0,2.0,Oppo,Reno,Vi,Marathi,Android,15,app,play_store,8,2,157.9,meta,brand,none,crm,0
100291,Thu,8,Android,0,1,Unknown,42.0,Unknown,Delhi,1,0,0,0,1,0,0,0,1.2,Vivo,Y21,Airtel,Bengali,Android,16,app,play_store,6,1,137.8,referral,generic,ag1,paid,0
100292,Wed,7,Web,0,4,Female,33.0,Indore,Karnataka,1,0,0,1,0,0,0,0,1.2,OnePlus,Nord,Vi,English,Android,16,app,play_store,8,2,27.9,influencer,remarketing,ag2,none,0
100293,Sat,9,Android,0,1,Male,35.0,Delhi,Delhi,0,0,0,0,0,0,0,1,1.1,Vivo,A12,Jio,Hindi,Android,16,app,play_store,17,0,720.6,influencer,remarketing,ag3,paid,0
100294,Fri,16,Android,1,4,Female,27.0,Mumbai,Maharashtra,0,1,0,0,1,0,0,0,1.1,Vivo,Y21,Other,Marathi,iOS,16,app,play_store,9,3,243.0,influencer,remarketing,none,crm,0
100295,Wed,1,Android,0,1,Male,20.0,Bangalore,Unknown,1,0,0,0,0,0,0,0,1.0,Xiaomi,Nord,BSNL,Bengali,Android,13,app,play_store,12,2,103.0,google,generic,ag2,none,0
100296,Thu,5,Android,1,1,Female,37.0,Mumbai,Maharashtra,1,0,0,1,0,0,0,1,1.2,Samsung,A12,Vi,Tamil,iOS,13,app,play_store,6,2,674.2,google,activation,ag2,crm,0
100297,Thu,4,Android,0,1,Female,32.0,Pune,Rajasthan,1,0,0,0,0,0,0,0,1.2,Oppo,Nord,Other,English,Android,15,app,app_store,7,4,243.6,google,activation,ag1,crm,1
100298,Wed,8,Android,0,1,Female,41.0,Jaipur,Delhi,0,1,0,1,0,0,1,0,2.0,Oppo,Nord,Vi,Tamil,iOS,17,app,play_store,8,5,564.2,organic,brand,ag3,none,1
100299,Thu,4,Android,1,1,Unknown,28.0,Indore,Delhi,1,1,0,0,0,0,0,0,2.0,Oppo,iPhone 13,Jio,Bengali,Android,15,app,play_store,6,1,211.4,influencer,none,ag1,organic,0
100300,Wed,17,Web,0,1,Female,27.0,Jaipur,Rajasthan,0,0,0,1,0,0,0,0,2.0,OnePlus,Note 10,Airtel,Hindi,Android,12,app,play_store,5,3,178.8,google,generic,ag3,paid,0
100301,Tue,19,Android,0,1,Female,41.0,Unknown,Rajasthan,0,0,0,1,0,0,0,0,1.2,Samsung,A12,Jio,Bengali,iOS,13,app,play_store,2,5,635.3,influencer,none,none,paid,0
100302,Wed,8,Android,0,1,Male,45.0,Indore,Unknown,0,0,0,0,0,0,0,0,1.0,OnePlus,iPhone 13,Vi,Tamil,Android,13,app,play_store,7,4,411.6,referral,activation,ag1,organic,1
100303,Sun,16,Android,0,1,Unknown,30.0,Indore,MP,1,0,0,1,0,0,0,0,2.1,Vivo,A12,BSNL,Bengali,iOS,17,web,play_store,6,5,269.8,google,activation,ag2,paid,0
100304,Wed,16,Android,0,1,Male,24.0,Unknown,Delhi,0,0,0,0,0,0,0,0,2.0,Xiaomi,iPhone 13,Vi,Bengali,Android,17,app,play_store,8,5,295.4,google,brand,ag1,organic,1
100305,Thu,11,iOS,1,2,Unknown,36.0,Delhi,Karnataka,0,0,0,1,0,0,0,0,2.1,Samsung,A12,BSNL,English,iOS,15,app,play_store,13,7,290.2,influencer,remarketing,ag3,crm,0
100306,Sun,6,Android,0,1,Male,28.0,Pune,Karnataka,1,0,0,1,0,1,0,0,1.0,OnePlus,Note 10,BSNL,Bengali,Android,16,app,play_store,9,1,945.5,organic,none,ag2,organic,1
100307,Thu,2,Android,1,1,Male,35.0,Delhi,Karnataka,0,0,0,0,0,0,0,0,1.2,Xiaomi,Reno,Vi,Hindi,iOS,16,app,app_store,5,4,448.5,google,activation,ag2,organic,1
100308,Mon,9,Android,1,1,Female,28.0,Unknown,Rajasthan,0,0,0,0,0,0,0,0,2.1,Xiaomi,Reno,Vi,English,iOS,11,app,app_store,11,2,224.7,referral,activation,none,paid,0
100309,Mon,1,Android,0,1,Male,43.0,Pune,Rajasthan,1,0,0,0,0,1,0,0,1.1,Xiaomi,Nord,BSNL,Hindi,Android,15,app,play_store,12,6,580.1,referral,activation,ag1,crm,1
100310,Sun,2,Android,0,1,Female,24.0,Pune,Rajasthan,1,0,0,0,0,0,0,1,1.2,Samsung,Note 10,Vi,Tamil,Android,13,app,play_store,9,3,386.1,referral,none,ag3,crm,0
100311,Tue,15,iOS,1,1,Male,34.0,Unknown,Karnataka,0,0,0,0,0,1,0,0,1.1,Vivo,A12,Other,Bengali,Android,12,app,play_store,7,8,326.8,influencer,remarketing,none,organic,1
100312,Mon,1,iOS,1,1,Female,26.0,Pune,MP,1,1,0,0,0,0,0,0,1.0,OnePlus,Note 10,BSNL,Marathi,Android,13,app,play_store,5,4,36.7,organic,remarketing,ag1,crm,0
100313,Wed,23,iOS,0,1,Female,28.0,Indore,Unknown,0,0,0,0,0,0,0,0,2.1,Vivo,Reno,BSNL,Bengali,Android,14,app,play_store,7,4,233.4,referral,remarketing,none,paid,0
100314,Thu,9,iOS,0,1,Female,27.0,Unknown,Maharashtra,1,0,1,0,0,0,0,0,2.1,Apple,A12,Vi,Marathi,iOS,17,app,play_store,4,2,829.8,referral,generic,ag1,none,1
100315,Mon,5,Android,0,1,Male,36.0,Indore,Delhi,1,0,0,1,0,0,0,0,1.0,Oppo,Y21,Jio,English,Android,17,app,play_store,7,4,982.5,organic,generic,ag3,none,1
100316,Mon,21,Android,0,2,Male,37.0,Indore,Maharashtra,0,0,0,0,0,0,0,1,1.0,Oppo,Y21,Other,Tamil,Android,16,app,play_store,4,2,378.5,google,activation,ag2,none,0
100317,Tue,10,iOS,0,1,Female,34.0,Delhi,Delhi,1,0,0,0,0,0,0,0,1.2,Vivo,Reno,Vi,Marathi,iOS,13,app,app_store,11,4,887.3,google,activation,ag3,organic,1
100318,Sun,22,iOS,1,1,Male,29.0,Bangalore,Rajasthan,0,0,0,0,0,0,0,0,1.0,Oppo,A12,Airtel,Bengali,Android,13,app,app_store,7,5,65.9,influencer,remarketing,ag1,crm,0
100319,Sun,6,iOS,0,1,Male,31.0,Jaipur,Karnataka,0,1,1,0,0,0,0,0,2.0,Vivo,Y21,Other,Bengali,Android,13,app,app_store,12,3,289.9,google,none,ag3,crm,0
100320,Sat,14,Android,1,2,Female,37.0,Unknown,Maharashtra,1,1,0,1,0,0,0,0,1.1,Xiaomi,Nord,Airtel,Bengali,Android,17,app,app_store,12,6,306.6,influencer,none,ag1,paid,1
100321,Tue,5,Android,0,1,Male,37.0,Unknown,Rajasthan,0,1,0,0,0,1,0,0,1.0,OnePlus,Reno,Other,Tamil,iOS,15,app,web,10,2,591.5,influencer,activation,ag2,paid,1
100322,Wed,19,iOS,0,1,Male,18.0,Unknown,Delhi,0,0,0,0,0,0,0,1,2.0,Apple,A12,BSNL,Marathi,iOS,11,app,play_store,8,6,25.7,meta,generic,ag1,crm,0
100323,Sun,8,iOS,0,3,Male,28.0,Pune,Unknown,0,0,0,0,0,0,0,0,2.1,Oppo,iPhone 13,Other,Marathi,Android,17,app,play_store,8,4,111.0,google,brand,ag3,none,0
100324,Thu,21,Web,1,1,Male,28.0,Unknown,Unknown,0,0,0,0,0,1,0,0,1.0,Xiaomi,Y21,Vi,Tamil,Android,13,app,play_store,11,3,61.4,referral,brand,ag3,paid,0
100325,Tue,19,Android,1,1,Female,35.0,Unknown,Maharashtra,1,0,0,0,1,0,0,0,1.1,Oppo,Reno,Airtel,Hindi,Android,13,app,play_store,8,8,440.4,meta,remarketing,ag2,crm,0
100326,Mon,11,Android,1,1,Male,29.0,Delhi,Maharashtra,1,0,0,0,0,1,0,0,1.1,Apple,Reno,Jio,English,iOS,13,app,play_store,14,4,95.2,organic,activation,ag1,paid,0
100327,Thu,18,Android,0,1,Unknown,36.0,Indore,Maharashtra,0,1,0,0,0,0,0,0,1.2,Samsung,Nord,Airtel,Tamil,Android,13,app,play_store,8,3,303.3,google,generic,none,paid,0
100328,Thu,19,iOS,0,2,Male,21.0,Jaipur,Maharashtra,0,0,0,0,1,1,0,0,2.1,Apple,A12,BSNL,Bengali,Android,17,app,play_store,6,2,671.8,organic,remarketing,none,crm,0
100329,Mon,2,Android,0,1,Male,32.0,Indore,Maharashtra,0,0,0,1,0,0,0,0,2.1,Xiaomi,iPhone 13,BSNL,Hindi,Android,13,app,play_store,6,5,53.1,referral,generic,ag1,crm,1
100330,Tue,14,Android,0,1,Female,37.0,Bangalore,Rajasthan,0,0,0,0,0,0,0,0,1.1,Apple,Nord,Jio,Marathi,Android,12,app,play_store,11,4,231.6,influencer,none,ag1,paid,0
100331,Mon,1,Web,1,1,Male,18.0,Indore,Delhi,0,0,0,0,0,1,0,1,2.0,Xiaomi,Y21,Other,English,Android,16,app,play_store,4,1,278.7,meta,none,none,organic,0
100332,Sat,20,Android,0,1,Female,50.0,Pune,Delhi,0,0,0,0,0,1,0,0,1.1,Apple,Reno,Other,Bengali,Android,15,app,play_store,4,3,350.4,organic,none,ag3,paid,0
100333,Thu,1,iOS,1,1,Female,40.0,Mumbai,MP,0,0,0,1,0,0,0,0,1.0,Oppo,A12,BSNL,Bengali,Android,15,web,play_store,6,5,354.0,organic,activation,ag1,crm,1
100334,Fri,21,Android,0,1,Male,30.0,Unknown,Karnataka,0,0,0,1,0,0,0,0,1.2,OnePlus,Y21,Jio,Bengali,Android,13,app,play_store,8,2,458.8,influencer,remarketing,ag1,crm,0
100335,Fri,2,iOS,1,4,Female,23.0,Jaipur,Unknown,1,0,0,0,0,0,0,0,1.0,Apple,iPhone 13,BSNL,Tamil,Android,16,app,play_store,14,2,264.4,organic,none,ag1,crm,0
100336,Wed,5,Android,1,1,Male,29.0,Unknown,Maharashtra,1,0,0,1,0,0,0,0,2.1,Apple,A12,Airtel,Marathi,Android,17,app,play_store,7,2,377.0,meta,brand,ag2,organic,0
100337,Sun,14,iOS,0,1,Male,31.0,Indore,Unknown,1,0,1,1,0,0,1,0,1.0,Vivo,Nord,Other,Hindi,Android,12,app,play_store,7,3,642.4,google,none,ag1,crm,1
100338,Mon,9,iOS,1,1,Male,34.0,Bangalore,Delhi,0,0,0,0,0,0,0,0,2.1,Apple,Y21,Airtel,English,Android,14,app,play_store,11,2,297.0,influencer,activation,ag2,paid,0
100339,Mon,8,Android,0,1,Unknown,42.0,Jaipur,Karnataka,1,1,0,0,0,0,0,0,1.2,Oppo,Reno,Airtel,Bengali,Android,14,app,play_store,6,2,354.1,referral,activation,none,none,0
100340,Wed,0,Android,0,1,Male,26.0,Mumbai,Karnataka,1,0,0,0,0,0,0,0,2.1,Xiaomi,Note 10,Vi,Tamil,iOS,12,web,app_store,7,2,387.8,influencer,activation,ag1,none,0
100341,Wed,15,Android,1,1,Female,35.0,Jaipur,Rajasthan,1,1,0,0,0,0,1,1,1.2,Samsung,Nord,Other,Tamil,Android,17,app,play_store,9,3,627.6,referral,brand,ag3,organic,1
100342,Wed,5,Android,1,1,Male,20.0,Unknown,Maharashtra,0,0,0,0,0,0,0,0,2.0,Samsung,Y21,BSNL,English,Android,16,app,play_store,6,4,764.0,google,brand,none,none,1
100343,Thu,8,iOS,0,1,Male,27.0,Unknown,MP,0,1,0,0,0,0,0,1,2.0,Samsung,Note 10,BSNL,Hindi,iOS,14,app,play_store,12,3,77.5,referral,generic,ag2,paid,0
100344,Sat,3,Android,0,1,Male,33.0,Pune,Karnataka,0,0,0,1,1,0,0,0,1.2,Samsung,Reno,Airtel,Tamil,Android,15,app,play_store,8,2,427.5,influencer,generic,ag2,organic,0
100345,Mon,1,Android,1,1,Female,36.0,Pune,Rajasthan,0,0,0,0,0,0,0,1,1.1,OnePlus,iPhone 13,Jio,Tamil,Android,17,app,play_store,6,1,357.9,organic,brand,ag1,none,0
100346,Thu,3,Android,1,1,Female,24.0,Pune,Maharashtra,1,0,1,0,0,0,0,1,1.2,Xiaomi,A12,Vi,Marathi,iOS,14,app,play_store,6,2,137.0,google,remarketing,ag2,organic,0
100347,Wed,0,iOS,0,1,Male,26.0,Bangalore,Delhi,0,1,0,0,0,0,0,0,2.1,OnePlus,iPhone 13,Vi,Marathi,iOS,16,app,play_store,10,4,135.8,referral,none,ag3,crm,1
100348,Mon,18,Web,1,1,Female,42.0,Mumbai,MP,0,1,1,0,0,0,0,0,2.0,Xiaomi,iPhone 13,Airtel,Hindi,Android,13,app,app_store,11,3,109.3,organic,generic,none,organic,0
100349,Thu,9,Android,0,1,Male,39.0,Pune,Maharashtra,0,0,0,0,0,0,0,0,2.0,Samsung,A12,Vi,English,Android,16,app,play_store,7,6,218.6,google,brand,ag2,organic,0
100350,Sat,20,Android,0,1,Unknown,32.0,Unknown,Rajasthan,0,0,0,0,0,0,0,0,1.2,Apple,Nord,Vi,Bengali,Android,17,app,play_store,5,1,287.1,referral,brand,ag1,crm,1
100351,Thu,14,Android,0,1,Female,18.0,Indore,Unknown,1,0,0,0,0,0,0,1,1.1,Apple,Y21,Airtel,Tamil,iOS,11,app,play_store,13,1,103.3,google,none,ag3,paid,0
100352,Sat,21,Android,0,4,Female,50.0,Mumbai,Rajasthan,0,0,0,0,0,0,0,0,1.2,OnePlus,iPhone 13,BSNL,Bengali,iOS,12,app,play_store,10,2,716.6,referral,none,ag3,paid,0
100353,Wed,18,Android,1,1,Female,30.0,Pune,Rajasthan,0,0,0,0,0,0,0,0,2.1,Vivo,Nord,Airtel,Bengali,iOS,11,app,play_store,8,1,304.2,referral,remarketing,ag2,none,0
100354,Sat,15,Android,0,1,Male,27.0,Mumbai,Rajasthan,0,0,0,0,0,1,0,0,2.1,Xiaomi,Note 10,Airtel,Bengali,Android,16,app,play_store,7,1,506.2,influencer,remarketing,ag3,organic,1
100355,Mon,20,Android,1,1,Female,26.0,Jaipur,Rajasthan,0,0,0,0,0,0,0,0,1.0,Vivo,iPhone 13,Other,Hindi,iOS,17,app,play_store,8,1,351.4,organic,generic,ag1,crm,0
100356,Wed,23,Android,0,1,Female,33.0,Indore,MP,1,1,0,0,0,0,0,0,1.1,Oppo,Nord,BSNL,English,Android,12,app,app_store,11,5,33.3,google,remarketing,ag2,paid,0
100357,Mon,21,Android,1,1,Male,33.0,Delhi,Karnataka,1,0,0,0,0,0,1,0,2.0,Xiaomi,Nord,Airtel,English,iOS,12,app,play_store,9,2,669.4,meta,brand,none,paid,0
100358,Fri,3,Android,1,1,Female,38.0,Pune,Karnataka,0,0,0,0,0,0,0,1,2.1,Samsung,Reno,Other,Marathi,Android,12,app,app_store,5,1,348.6,meta,brand,ag1,organic,0
100359,Tue,1,Android,1,4,Male,23.0,Indore,Delhi,1,0,0,0,0,0,0,0,2.1,Samsung,Y21,Vi,Bengali,Android,17,app,app_store,6,2,381.5,influencer,generic,none,none,0
100360,Sat,12,iOS,0,3,Male,28.0,Bangalore,Karnataka,0,0,0,1,1,0,0,0,1.1,Vivo,iPhone 13,Jio,Bengali,Android,16,web,play_store,5,5,523.9,google,generic,ag3,crm,0
100361,Tue,0,Android,0,1,Male,46.0,Jaipur,Rajasthan,0,0,0,0,1,0,0,0,1.2,Xiaomi,A12,BSNL,Tamil,Android,15,app,play_store,4,3,393.2,influencer,activation,none,none,0
100362,Tue,16,Android,1,1,Male,32.0,Pune,Karnataka,1,0,1,1,0,0,0,0,1.0,Apple,Y21,Other,Hindi,Android,15,app,app_store,5,6,158.6,meta,brand,ag3,none,0
100363,Sat,12,Android,1,1,Male,29.0,Delhi,Unknown,0,1,0,0,0,0,0,0,2.1,Xiaomi,A12,BSNL,Bengali,iOS,12,app,app_store,8,5,165.0,influencer,remarketing,ag3,organic,0
100364,Wed,3,iOS,0,1,Female,22.0,Jaipur,Unknown,0,0,0,0,0,0,0,0,1.0,Vivo,A12,Other,Hindi,iOS,13,app,play_store,7,2,49.3,meta,generic,ag2,none,0
100365,Fri,6,Web,1,1,Male,34.0,Indore,Karnataka,0,0,0,0,0,0,0,0,2.0,Vivo,Nord,Vi,Marathi,Android,14,app,play_store,12,1,85.3,influencer,activation,none,none,0
100366,Mon,16,Android,0,1,Female,38.0,Jaipur,Rajasthan,1,0,0,0,0,1,0,0,1.0,OnePlus,A12,Vi,Hindi,Android,16,app,play_store,3,4,223.2,referral,brand,ag3,organic,0
100367,Thu,8,Android,0,1,Male,37.0,Indore,MP,1,0,0,1,0,0,0,1,2.1,OnePlus,A12,Jio,English,Android,13,app,play_store,5,3,888.6,google,activation,none,crm,0
100368,Mon,3,Android,1,1,Male,28.0,Mumbai,Rajasthan,0,0,0,0,0,0,1,0,1.2,Samsung,Y21,Vi,Hindi,Android,15,web,play_store,5,5,322.1,influencer,none,none,none,0
100369,Thu,18,Android,0,1,Male,33.0,Pune,Karnataka,0,0,0,0,1,1,0,0,2.1,Samsung,iPhone 13,Vi,Bengali,Android,16,app,play_store,4,1,147.9,influencer,none,ag2,paid,1
100370,Mon,0,Android,1,3,Male,43.0,Delhi,Karnataka,0,0,0,0,0,0,0,0,2.0,Oppo,Y21,Jio,Bengali,Android,16,app,play_store,10,4,382.4,referral,none,none,paid,0
100371,Sat,9,Android,0,3,Female,39.0,Bangalore,Delhi,1,0,0,0,0,0,0,0,1.0,Vivo,Nord,BSNL,Bengali,iOS,12,app,play_store,7,6,179.0,meta,activation,ag3,crm,0
100372,Fri,3,Android,0,1,Female,24.0,Mumbai,Rajasthan,0,1,0,1,0,1,0,0,1.2,Oppo,iPhone 13,Vi,Bengali,Android,15,app,app_store,6,3,526.5,organic,activation,ag3,none,0
100373,Thu,8,Android,0,1,Male,18.0,Pune,Delhi,1,0,0,0,0,0,0,1,1.2,Oppo,Y21,BSNL,Hindi,Android,14,app,play_store,10,1,177.2,referral,activation,ag1,organic,0
100374,Sun,12,Android,0,4,Male,32.0,Delhi,Delhi,1,0,0,1,0,0,0,0,1.0,Samsung,iPhone 13,Jio,Bengali,iOS,11,app,play_store,7,7,280.5,influencer,activation,ag1,crm,0
100375,Wed,13,Android,1,1,Female,36.0,Mumbai,Maharashtra,0,0,0,0,0,0,0,0,1.0,Apple,Note 10,Airtel,English,Android,11,app,play_store,6,4,264.3,influencer,remarketing,none,none,0
100376,Mon,9,Android,0,1,Male,21.0,Delhi,Unknown,0,0,0,0,0,0,0,0,1.0,Samsung,Y21,Vi,Tamil,iOS,13,app,play_store,9,4,299.1,meta,none,ag2,paid,0
100377,Mon,5,Android,0,1,Male,30.0,Jaipur,Delhi,0,0,0,0,0,1,0,0,2.0,Xiaomi,Reno,BSNL,Bengali,iOS,16,app,play_store,10,3,447.2,referral,remarketing,none,none,0
100378,Thu,15,Android,0,2,Female,28.0,Delhi,Unknown,0,0,0,0,0,0,0,0,1.2,Apple,Reno,Other,Marathi,Android,17,app,play_store,4,1,843.6,meta,brand,ag3,none,0
100379,Wed,5,iOS,0,1,Male,31.0,Mumbai,Karnataka,0,0,0,0,0,0,0,0,2.1,OnePlus,iPhone 13,Other,Tamil,Android,12,app,play_store,13,2,371.0,google,remarketing,ag2,crm,0
100380,Wed,16,Android,1,1,Unknown,26.0,Mumbai,Karnataka,0,0,0,0,0,0,0,0,2.0,Vivo,A12,Airtel,Hindi,Android,17,app,app_store,3,5,402.9,google,none,ag3,none,0
100381,Sat,9,Android,0,4,Female,40.0,Pune,Maharashtra,0,0,0,0,0,0,0,0,1.0,Apple,Note 10,Vi,English,Android,17,app,play_store,4,2,115.2,referral,generic,ag2,paid,0
100382,Sun,17,iOS,0,1,Male,31.0,Mumbai,Maharashtra,0,1,0,0,0,0,0,0,1.0,Vivo,A12,Vi,English,Android,15,app,play_store,12,1,436.0,meta,remarketing,none,organic,0
100383,Sat,21,Android,1,2,Male,23.0,Unknown,Rajasthan,1,0,0,0,0,0,0,0,2.1,Vivo,Note 10,Vi,Marathi,Android,13,app,app_store,5,0,281.4,organic,brand,ag1,organic,0
100384,Sat,17,Android,1,1,Female,37.0,Unknown,Maharashtra,1,0,0,1,0,0,0,0,2.1,Oppo,Reno,Other,Bengali,Android,13,app,play_store,9,7,231.5,google,none,ag2,organic,0
100385,Sat,2,Android,1,1,Male,20.0,Jaipur,MP,1,0,0,0,0,1,0,0,2.1,Xiaomi,Nord,Airtel,Marathi,Android,13,app,play_store,12,4,344.1,organic,none,ag2,paid,0
100386,Sat,19,iOS,0,1,Unknown,40.0,Unknown,Karnataka,0,1,0,0,0,0,0,0,1.1,Samsung,iPhone 13,Other,Bengali,Android,14,app,play_store,9,2,131.2,influencer,remarketing,ag3,organic,0
100387,Sat,20,Web,0,1,Female,38.0,Pune,Karnataka,0,1,0,1,0,0,0,0,2.0,Oppo,Note 10,Vi,Bengali,Android,17,app,play_store,5,7,480.2,meta,none,ag2,organic,1
100388,Fri,14,iOS,1,1,Male,41.0,Delhi,Unknown,0,1,0,0,0,0,0,0,1.1,Oppo,iPhone 13,Airtel,English,Android,17,app,app_store,5,4,466.9,organic,generic,none,crm,0
100389,Wed,14,Android,1,1,Female,29.0,Mumbai,Maharashtra,0,0,0,0,0,0,1,0,2.1,Xiaomi,Nord,Other,English,Android,16,app,play_store,9,4,253.9,referral,generic,none,paid,0
100390,Sat,3,Android,0,1,Male,26.0,Pune,Unknown,0,0,0,0,0,0,0,0,1.2,Samsung,Note 10,Vi,Bengali,Android,17,app,app_store,4,4,365.1,google,brand,ag1,none,0
100391,Wed,8,Android,1,2,Male,31.0,Pune,Maharashtra,0,0,0,1,0,0,0,0,2.0,Oppo,iPhone 13,Airtel,English,Android,13,app,play_store,6,2,419.2,referral,remarketing,none,paid,0
100392,Wed,18,Android,0,1,Female,29.0,Bangalore,Karnataka,0,1,0,0,0,0,0,1,1.1,Apple,Reno,Airtel,English,Android,12,app,play_store,8,1,271.2,referral,activation,ag2,organic,0
100393,Tue,23,Android,0,1,Female,25.0,Pune,Maharashtra,0,1,0,0,1,0,0,0,1.0,Samsung,Y21,Jio,English,Android,14,app,web,15,2,458.5,meta,activation,none,crm,0
100394,Fri,16,Android,1,1,Female,26.0,Pune,Rajasthan,0,0,0,0,0,0,0,0,2.0,Xiaomi,iPhone 13,Airtel,Bengali,Android,11,app,app_store,4,5,213.2,referral,brand,none,none,1
100395,Sat,10,iOS,1,1,Male,27.0,Bangalore,Maharashtra,0,0,0,0,0,1,0,0,1.2,Apple,iPhone 13,Jio,Bengali,Android,11,app,play_store,4,4,347.6,organic,brand,ag2,paid,1
100396,Mon,8,Android,0,1,Female,21.0,Indore,Maharashtra,0,0,0,1,1,0,0,0,1.2,Apple,iPhone 13,Vi,Tamil,Android,11,web,play_store,7,1,158.7,referral,none,ag2,crm,0
100397,Thu,9,Android,1,1,Male,35.0,Jaipur,Rajasthan,1,0,0,0,0,0,0,0,2.1,Oppo,A12,Jio,English,Android,16,web,play_store,9,2,139.2,referral,generic,ag2,organic,0
100398,Sun,17,Android,0,1,Female,30.0,Mumbai,Rajasthan,0,1,0,0,0,0,0,1,2.1,Xiaomi,Note 10,Vi,Bengali,Android,17,app,play_store,7,2,148.5,referral,none,ag3,paid,0
100399,Mon,19,iOS,0,1,Female,28.0,Bangalore,Rajasthan,0,0,0,1,0,1,0,1,1.0,Xiaomi,iPhone 13,Vi,English,Android,17,app,app_store,10,4,690.3,referral,generic,ag2,none,0
100400,Fri,12,iOS,1,1,Female,21.0,Unknown,Unknown,0,0,0,0,0,0,0,0,1.2,Oppo,Nord,BSNL,Tamil,Android,12,app,app_store,8,1,198.8,google,remarketing,ag2,none,0
100401,Thu,7,Android,1,1,Female,21.0,Pune,Karnataka,0,0,0,0,0,1,0,0,2.1,OnePlus,iPhone 13,Jio,Tamil,Android,16,app,app_store,7,2,863.2,organic,none,ag3,paid,0
100402,Fri,6,Android,0,1,Female,45.0,Pune,Maharashtra,1,0,0,0,0,1,1,0,1.1,Samsung,iPhone 13,Airtel,Hindi,Android,12,app,play_store,9,2,1229.9,influencer,activation,none,none,0
100403,Wed,16,Android,0,1,Unknown,25.0,Mumbai,Rajasthan,0,0,0,1,0,1,0,0,2.1,Vivo,Y21,Airtel,Bengali,Android,14,app,play_store,14,4,470.4,influencer,remarketing,none,paid,0
100404,Thu,20,iOS,0,1,Unknown,35.0,Jaipur,Rajasthan,1,1,0,0,0,0,0,0,1.0,Oppo,Y21,Vi,Tamil,Android,11,app,play_store,7,2,173.5,organic,brand,none,organic,1
100405,Wed,22,Android,1,1,Female,31.0,Unknown,Karnataka,0,1,0,0,0,0,0,0,1.0,Apple,Y21,Jio,Bengali,Android,14,app,play_store,7,4,255.3,google,none,ag1,crm,1
100406,Mon,14,Android,0,1,Unknown,18.0,Delhi,MP,0,0,0,0,0,1,0,0,1.1,Vivo,A12,Other,Bengali,Android,11,app,play_store,6,3,146.3,organic,activation,ag1,organic,0
100407,Mon,19,Android,1,1,Female,44.0,Bangalore,Maharashtra,1,0,0,1,1,0,0,1,2.0,Samsung,Nord,Airtel,English,Android,11,app,play_store,8,4,237.4,organic,brand,ag3,none,1
100408,Thu,14,Android,1,1,Female,35.0,Indore,MP,1,0,0,0,0,0,0,0,1.2,OnePlus,Note 10,Other,Bengali,Android,16,app,play_store,6,4,130.7,google,remarketing,ag3,crm,0
100409,Thu,0,iOS,1,4,Male,24.0,Mumbai,MP,0,0,0,0,0,0,0,0,1.0,Samsung,Nord,Jio,English,Android,11,app,play_store,6,2,1807.9,influencer,remarketing,ag2,none,1
100410,Sat,13,Android,0,1,Male,30.0,Mumbai,Rajasthan,1,1,0,0,1,0,0,0,1.2,OnePlus,Y21,Airtel,English,Android,16,app,play_store,7,3,523.5,referral,brand,none,crm,1
100411,Fri,4,Android,1,1,Female,21.0,Bangalore,Unknown,0,0,0,1,0,0,0,0,1.1,Samsung,Nord,Other,English,Android,11,app,play_store,6,6,141.4,referral,remarketing,ag1,crm,0
100412,Sat,10,Android,0,1,Male,45.0,Pune,Karnataka,0,0,0,1,0,1,1,0,1.1,Vivo,A12,Airtel,Marathi,Android,17,app,play_store,6,3,244.5,google,none,ag2,organic,0
100413,Fri,15,Android,0,4,Female,23.0,Pune,Maharashtra,0,1,0,0,1,1,1,0,2.0,Oppo,iPhone 13,BSNL,Bengali,iOS,14,app,play_store,4,8,877.9,influencer,remarketing,none,organic,0
100414,Sat,1,iOS,0,1,Male,26.0,Indore,Maharashtra,1,0,0,1,0,0,0,0,1.0,OnePlus,Y21,BSNL,Tamil,Android,16,app,play_store,7,4,606.8,organic,generic,ag1,organic,0
100415,Wed,7,Android,0,1,Male,24.0,Bangalore,Maharashtra,0,0,0,0,0,0,0,0,1.1,Xiaomi,Note 10,Vi,Bengali,Android,17,app,play_store,4,0,287.8,meta,generic,ag2,crm,0
100416,Thu,10,iOS,1,1,Female,31.0,Mumbai,Unknown,1,0,0,0,0,0,0,0,2.1,Oppo,A12,Jio,Hindi,Android,12,app,play_store,14,4,363.4,google,activation,ag2,organic,0
100417,Mon,17,iOS,0,1,Unknown,41.0,Unknown,MP,0,1,0,0,0,0,0,0,1.2,Oppo,Nord,Airtel,Bengali,iOS,11,app,play_store,4,1,219.9,google,activation,none,crm,1
100418,Fri,2,Android,0,1,Male,44.0,Bangalore,Delhi,0,1,0,0,0,0,0,0,1.2,Vivo,Note 10,Other,Marathi,Android,13,app,play_store,10,4,210.9,referral,generic,ag2,paid,0
100419,Fri,0,Android,1,1,Female,27.0,Delhi,Karnataka,1,1,0,1,0,0,0,0,2.1,Apple,Note 10,Airtel,Hindi,Android,15,app,play_store,11,3,379.4,influencer,brand,ag3,none,0
100420,Mon,10,Android,0,1,Female,33.0,Mumbai,Delhi,0,1,0,0,0,1,0,0,1.2,Vivo,Y21,Airtel,Hindi,Android,12,app,play_store,8,3,47.2,meta,activation,ag2,paid,0
100421,Sat,15,iOS,1,1,Male,31.0,Indore,MP,0,0,0,0,0,0,1,1,2.1,Apple,iPhone 13,Other,English,Android,17,app,play_store,8,3,288.0,organic,remarketing,ag1,organic,0
100422,Fri,17,Android,0,1,Male,22.0,Indore,Rajasthan,0,0,0,0,1,0,0,1,1.2,Vivo,A12,Other,Tamil,Android,12,app,play_store,9,2,547.0,referral,none,ag3,organic,0
100423,Sun,15,Android,0,1,Male,49.0,Mumbai,Delhi,1,0,0,0,0,0,0,0,1.1,Apple,Nord,BSNL,Hindi,Android,14,app,app_store,11,2,174.5,referral,none,none,paid,0
100424,Wed,22,Android,1,1,Male,41.0,Pune,Delhi,0,1,0,0,0,0,0,0,2.0,Xiaomi,Nord,Vi,Marathi,iOS,15,app,app_store,5,3,321.3,referral,none,ag2,crm,0
100425,Thu,9,iOS,0,4,Male,32.0,Mumbai,Karnataka,0,0,0,1,0,0,0,0,1.0,OnePlus,A12,Other,Tamil,iOS,14,app,app_store,9,2,284.4,meta,none,none,none,0
100426,Mon,17,Android,0,1,Male,43.0,Mumbai,MP,0,1,0,0,0,0,0,0,1.0,Xiaomi,A12,Airtel,Bengali,Android,12,app,app_store,8,8,205.8,influencer,none,none,paid,0
100427,Thu,5,Android,0,1,Male,40.0,Delhi,Karnataka,1,0,0,0,0,0,0,0,1.0,Samsung,Note 10,BSNL,Marathi,Android,11,app,app_store,4,5,55.5,influencer,remarketing,ag3,none,0
100428,Sun,18,Android,0,1,Female,31.0,Mumbai,Rajasthan,0,1,0,0,0,0,0,0,1.0,Samsung,Reno,Jio,Tamil,Android,16,app,web,7,7,202.5,google,activation,ag2,none,0
100429,Fri,3,Android,0,3,Female,33.0,Jaipur,Unknown,1,0,0,0,0,0,0,0,1.0,Apple,Reno,BSNL,Marathi,Android,16,app,play_store,10,2,165.4,google,generic,ag2,organic,1
100430,Fri,12,iOS,0,1,Female,42.0,Unknown,Unknown,1,0,0,0,0,0,0,0,2.1,Oppo,iPhone 13,BSNL,Hindi,iOS,16,app,play_store,5,1,281.9,google,brand,ag2,organic,0
100431,Sun,23,Android,0,1,Male,22.0,Jaipur,Unknown,0,0,0,1,0,0,0,0,1.1,Samsung,iPhone 13,BSNL,English,iOS,11,app,play_store,8,4,130.0,organic,brand,none,none,0
100432,Mon,13,iOS,1,1,Female,43.0,Bangalore,Maharashtra,0,0,0,0,0,1,1,0,2.0,Vivo,Y21,Airtel,English,Android,14,app,play_store,7,4,491.2,influencer,remarketing,ag3,paid,1
100433,Wed,2,Android,0,1,Female,28.0,Bangalore,Unknown,0,0,0,0,0,1,0,0,1.0,Xiaomi,Reno,Other,Tamil,iOS,12,app,app_store,12,1,96.3,google,generic,ag3,crm,0
100434,Tue,9,Android,0,1,Male,42.0,Unknown,Unknown,0,0,0,0,0,0,0,0,1.2,Samsung,Nord,Vi,English,Android,12,app,web,10,6,228.7,referral,activation,ag3,crm,0
100435,Mon,5,Android,0,1,Unknown,30.0,Indore,MP,0,0,0,1,0,0,0,0,1.2,Samsung,Nord,Jio,Hindi,Android,17,app,play_store,5,2,776.6,influencer,none,ag2,none,0
100436,Tue,0,Android,1,1,Female,33.0,Pune,Unknown,1,0,0,0,0,0,0,1,2.0,Samsung,Reno,Vi,Marathi,Android,16,app,play_store,7,2,159.2,meta,generic,ag2,none,0
100437,Sun,22,Android,1,1,Female,30.0,Indore,Unknown,0,0,0,0,0,0,0,0,1.0,Vivo,Reno,Airtel,English,Android,17,app,play_store,7,2,640.8,referral,generic,ag1,crm,0
100438,Sat,23,Android,1,1,Female,26.0,Delhi,Rajasthan,0,0,0,0,1,0,0,0,1.0,Vivo,A12,Vi,Hindi,Android,12,app,play_store,8,3,208.2,organic,remarketing,ag2,none,0
100439,Tue,13,Android,1,1,Male,28.0,Mumbai,Rajasthan,0,1,0,0,0,0,0,0,1.1,Samsung,Reno,Vi,Marathi,Android,13,app,app_store,10,6,303.8,meta,activation,ag3,none,0
100440,Wed,7,Android,0,1,Male,41.0,Unknown,Delhi,0,0,0,0,0,0,0,0,1.2,Oppo,Y21,Jio,Hindi,Android,16,app,play_store,8,4,413.0,influencer,none,ag2,none,0
100441,Sat,18,Android,0,1,Male,18.0,Indore,Karnataka,0,0,0,1,0,0,0,0,1.2,OnePlus,iPhone 13,BSNL,Tamil,Android,11,app,app_store,8,4,287.5,meta,generic,ag2,paid,1
100442,Tue,13,iOS,0,2,Male,20.0,Mumbai,Delhi,1,1,0,0,0,0,0,0,2.1,OnePlus,Reno,Other,Marathi,Android,14,web,play_store,10,3,357.3,google,none,none,crm,0
100443,Sun,9,Android,0,1,Male,24.0,Indore,Delhi,0,1,0,0,0,0,0,0,1.2,OnePlus,iPhone 13,Other,Marathi,Android,16,app,play_store,9,5,382.6,google,remarketing,none,organic,0
100444,Sat,16,Android,0,1,Female,21.0,Mumbai,Maharashtra,0,1,0,0,0,0,0,1,1.0,Oppo,iPhone 13,Vi,Hindi,iOS,14,app,web,6,2,379.1,meta,activation,none,crm,0
100445,Sun,8,Android,0,2,Male,42.0,Indore,Karnataka,1,1,0,1,0,0,0,0,1.0,Vivo,Y21,Jio,English,Android,11,app,app_store,8,3,293.5,google,remarketing,ag1,organic,0
100446,Tue,5,iOS,1,1,Unknown,40.0,Jaipur,Maharashtra,0,0,0,0,0,0,0,0,1.2,Vivo,Y21,Other,Tamil,Android,14,app,play_store,12,3,208.7,google,activation,ag3,crm,0
100447,Sun,10,iOS,1,1,Female,35.0,Jaipur,Unknown,0,0,0,0,0,0,0,0,2.1,Xiaomi,A12,Other,English,Android,14,app,web,9,3,203.9,organic,activation,none,none,0
100448,Wed,6,Android,0,2,Male,25.0,Jaipur,Rajasthan,0,0,0,0,1,0,0,1,2.0,Oppo,Note 10,Other,Bengali,Android,14,app,play_store,9,7,149.2,meta,remarketing,none,paid,0
100449,Tue,16,iOS,1,1,Male,41.0,Unknown,Unknown,1,0,0,0,0,1,0,1,1.2,OnePlus,Y21,Vi,Tamil,Android,17,app,play_store,9,1,68.5,referral,brand,ag2,crm,0
100450,Tue,0,Android,0,1,Male,18.0,Bangalore,Maharashtra,0,0,0,0,0,0,0,0,2.0,Samsung,iPhone 13,Airtel,Tamil,Android,17,app,play_store,5,2,165.4,meta,none,none,none,0
100451,Tue,21,Android,0,4,Unknown,47.0,Unknown,Rajasthan,0,0,0,0,0,0,0,0,1.2,Apple,Y21,Vi,Hindi,Android,14,app,play_store,13,3,655.0,influencer,remarketing,ag1,paid,0
100452,Mon,4,iOS,0,3,Female,25.0,Unknown,Delhi,0,0,0,0,0,0,0,1,2.0,Xiaomi,Note 10,Vi,Hindi,iOS,16,app,play_store,6,5,77.1,organic,activation,ag2,organic,0
100453,Mon,8,iOS,0,1,Male,28.0,Delhi,Unknown,0,0,1,0,0,0,0,0,1.0,OnePlus,Y21,Airtel,Tamil,Android,17,app,app_store,12,4,137.5,google,generic,ag1,paid,0
100454,Mon,17,Android,0,1,Unknown,27.0,Indore,Maharashtra,1,0,0,0,0,0,0,1,1.0,Xiaomi,iPhone 13,Other,Tamil,Android,14,web,play_store,3,2,103.6,referral,activation,none,organic,0
100455,Wed,23,iOS,1,1,Female,21.0,Bangalore,Unknown,0,0,0,0,0,0,0,1,2.0,OnePlus,A12,Vi,Marathi,Android,12,app,play_store,13,3,207.8,influencer,brand,ag1,none,0
100456,Sat,20,Android,0,1,Male,45.0,Unknown,Karnataka,0,1,0,0,0,1,0,0,1.1,Samsung,Y21,BSNL,English,iOS,13,app,play_store,6,3,576.7,google,activation,ag2,crm,1
100457,Sun,1,iOS,0,1,Female,36.0,Unknown,Maharashtra,0,0,0,0,0,0,0,0,1.0,Samsung,iPhone 13,Other,Hindi,Android,17,app,web,10,0,53.6,google,generic,ag2,crm,0
100458,Fri,10,Android,0,1,Female,40.0,Pune,Rajasthan,0,1,0,0,0,0,0,0,2.1,Vivo,Y21,Other,Marathi,iOS,15,app,play_store,8,3,243.9,meta,remarketing,ag1,crm,0
100459,Tue,5,Android,0,3,Male,20.0,Indore,MP,0,0,0,0,0,1,0,1,2.1,Oppo,A12,Other,Bengali,Android,16,app,app_store,5,6,1070.9,organic,activation,none,none,0
100460,Sun,7,Android,1,2,Female,31.0,Mumbai,Unknown,0,0,0,0,0,0,0,0,2.0,Vivo,Nord,Vi,Tamil,iOS,16,app,web,4,1,206.0,organic,brand,ag2,organic,0
100461,Tue,3,Android,0,1,Male,34.0,Delhi,Unknown,0,0,0,1,0,0,0,0,1.1,Oppo,iPhone 13,Jio,Hindi,Android,12,app,play_store,9,5,202.4,influencer,activation,ag2,crm,1
100462,Wed,17,Android,1,1,Male,32.0,Bangalore,Karnataka,0,0,0,0,0,0,0,0,2.1,Oppo,iPhone 13,Jio,Tamil,Android,12,web,app_store,6,2,805.4,meta,brand,ag1,none,0
100463,Tue,10,Android,1,1,Male,21.0,Bangalore,Rajasthan,1,0,1,0,0,0,0,1,1.0,Apple,Y21,Airtel,Marathi,Android,16,app,play_store,9,3,437.1,meta,activation,ag3,crm,0
100464,Mon,4,Android,0,1,Unknown,39.0,Delhi,Unknown,0,1,0,0,0,1,0,0,1.2,Xiaomi,Nord,Jio,Tamil,Android,12,app,play_store,8,2,276.7,meta,activation,ag1,paid,1
100465,Fri,14,Android,0,1,Female,31.0,Indore,MP,0,0,0,0,0,0,0,0,1.2,Apple,iPhone 13,Other,Tamil,Android,12,web,play_store,10,6,211.3,meta,generic,ag2,paid,1
100466,Thu,17,Android,1,1,Male,22.0,Mumbai,Unknown,0,1,0,0,0,0,0,0,1.0,Samsung,iPhone 13,BSNL,Marathi,Android,14,app,app_store,5,0,269.3,referral,none,none,none,0
100467,Tue,1,Android,1,1,Male,18.0,Pune,Karnataka,1,0,0,1,1,0,0,0,1.1,Apple,Nord,BSNL,English,Android,15,app,play_store,12,2,341.1,referral,remarketing,ag1,none,1
100468,Sun,21,Android,0,2,Male,35.0,Indore,MP,0,0,0,0,0,1,1,0,2.0,Apple,Y21,Other,Marathi,Android,15,app,app_store,3,2,434.2,meta,brand,none,organic,0
100469,Mon,10,iOS,1,1,Female,50.0,Delhi,Delhi,0,0,0,0,0,1,0,1,1.0,Xiaomi,Reno,Vi,Tamil,Android,17,app,play_store,10,3,298.8,meta,none,ag2,none,1
100470,Thu,12,iOS,1,1,Male,22.0,Indore,Delhi,0,0,0,1,0,0,0,1,1.2,Apple,iPhone 13,Vi,English,Android,14,app,play_store,4,3,277.8,referral,none,ag3,paid,0
100471,Fri,3,iOS,0,1,Female,31.0,Unknown,Unknown,0,0,0,0,0,0,1,0,2.0,Xiaomi,iPhone 13,Other,Marathi,Android,16,app,play_store,3,2,709.3,influencer,brand,ag3,organic,0
100472,Thu,21,Android,0,1,Unknown,39.0,Indore,Maharashtra,0,0,0,0,1,0,0,0,1.1,Xiaomi,A12,Other,Marathi,iOS,14,app,play_store,11,1,56.8,meta,activation,ag2,crm,1
100473,Mon,6,iOS,1,3,Female,20.0,Delhi,Maharashtra,0,1,0,0,0,0,0,0,2.1,Xiaomi,Note 10,Airtel,Hindi,Android,15,app,app_store,12,3,631.2,influencer,activation,ag1,organic,1
100474,Sat,10,Android,1,1,Male,26.0,Delhi,Maharashtra,0,0,0,0,0,0,0,0,1.2,Xiaomi,iPhone 13,Vi,Marathi,Android,12,app,play_store,12,1,38.5,influencer,generic,ag1,organic,0
100475,Sat,21,Android,0,1,Male,23.0,Pune,Maharashtra,0,1,1,0,0,0,0,0,1.1,Apple,iPhone 13,Jio,Tamil,Android,17,app,app_store,4,1,195.1,referral,activation,ag1,paid,0
100476,Thu,23,Android,0,1,Male,38.0,Delhi,Unknown,1,0,0,0,1,0,0,0,1.0,Vivo,Reno,Jio,Hindi,iOS,14,app,play_store,9,4,526.4,meta,activation,ag1,crm,1
100477,Wed,3,iOS,0,1,Female,41.0,Delhi,MP,0,0,0,0,0,0,0,0,1.1,Vivo,iPhone 13,Vi,English,Android,12,app,play_store,7,4,911.2,organic,remarketing,ag2,none,0
100478,Sun,14,Android,0,4,Female,31.0,Delhi,Karnataka,0,0,0,0,1,0,0,0,1.1,OnePlus,Reno,BSNL,Hindi,Android,12,app,play_store,2,1,763.1,influencer,remarketing,none,none,0
100479,Sun,0,Android,1,1,Female,23.0,Unknown,Karnataka,0,0,0,0,0,0,0,0,2.0,Samsung,A12,Other,Bengali,Android,16,app,app_store,7,1,343.7,referral,activation,ag3,organic,1
100480,Thu,22,Android,0,1,Male,26.0,Unknown,Maharashtra,1,0,0,0,0,0,0,1,1.2,Xiaomi,Nord,Airtel,English,Android,14,app,play_store,8,0,503.1,influencer,brand,none,none,1
100481,Tue,2,iOS,0,1,Female,25.0,Unknown,Delhi,0,0,0,0,0,1,0,0,1.2,Vivo,Note 10,Airtel,Bengali,Android,14,app,app_store,6,1,150.6,referral,activation,none,paid,0
100482,Tue,13,Android,0,1,Male,22.0,Bangalore,Rajasthan,0,0,0,0,0,0,0,0,1.1,Samsung,A12,Airtel,Tamil,Android,16,app,app_store,7,2,312.4,google,brand,ag1,none,0
100483,Sun,5,Android,0,1,Male,29.0,Delhi,Maharashtra,0,0,0,0,0,0,0,0,1.0,Apple,Note 10,Jio,English,Android,15,app,play_store,16,5,275.1,organic,generic,ag2,organic,0
100484,Sun,17,Android,0,1,Female,35.0,Delhi,Maharashtra,0,0,0,0,0,0,0,0,1.1,OnePlus,Y21,BSNL,English,iOS,14,app,app_store,9,0,632.8,meta,remarketing,ag3,none,0
100485,Sat,0,Android,0,1,Male,34.0,Delhi,Unknown,0,0,0,0,0,0,0,0,1.0,Samsung,iPhone 13,BSNL,Hindi,Android,11,web,app_store,6,4,461.1,organic,generic,ag3,organic,0
100486,Wed,5,Android,0,3,Female,30.0,Pune,Delhi,1,1,0,0,1,0,1,0,2.0,Vivo,Nord,Airtel,Bengali,Android,16,app,play_store,8,3,475.5,influencer,remarketing,ag2,crm,0
100487,Mon,5,Android,0,1,Female,30.0,Unknown,Rajasthan,0,0,0,0,1,0,0,0,1.2,OnePlus,Note 10,Other,Bengali,iOS,12,web,play_store,11,3,375.6,influencer,generic,ag1,none,0
100488,Tue,20,iOS,0,1,Female,29.0,Indore,MP,0,0,0,0,0,1,0,0,1.2,Samsung,Reno,Other,Hindi,Android,12,app,app_store,8,0,900.1,organic,none,none,paid,1
100489,Sun,15,Android,0,2,Male,20.0,Unknown,MP,0,0,0,0,0,1,0,1,1.2,Samsung,Reno,Other,Hindi,Android,16,app,play_store,10,3,337.0,organic,activation,none,organic,0
100490,Sat,4,Android,1,1,Male,31.0,Delhi,Rajasthan,1,0,0,0,0,0,0,0,1.2,OnePlus,iPhone 13,Airtel,Hindi,Android,13,app,web,6,1,266.4,google,activation,ag1,none,0
100491,Fri,16,Android,0,1,Male,25.0,Delhi,Rajasthan,1,0,0,0,0,1,0,1,2.0,OnePlus,Nord,Other,Hindi,Android,12,app,play_store,12,4,287.4,organic,activation,ag2,none,0
100492,Sat,9,Android,0,1,Male,19.0,Pune,MP,0,0,0,0,0,1,1,1,1.1,Samsung,iPhone 13,Vi,Marathi,Android,11,app,play_store,4,2,637.9,organic,remarketing,ag1,crm,0
100493,Tue,20,Android,1,1,Unknown,33.0,Indore,Maharashtra,0,0,1,0,0,0,0,0,1.2,Vivo,Reno,Airtel,Hindi,Android,12,app,play_store,12,3,267.1,organic,remarketing,none,none,0
100494,Tue,17,Android,0,1,Female,25.0,Pune,Maharashtra,1,1,0,0,0,1,0,0,2.1,OnePlus,iPhone 13,BSNL,Hindi,Android,16,app,play_store,7,4,576.0,organic,activation,ag3,paid,1
100495,Sat,6,Android,1,1,Male,32.0,Jaipur,Unknown,0,0,0,0,0,1,0,0,1.0,Xiaomi,Nord,Jio,Hindi,Android,17,app,app_store,4,3,80.2,meta,activation,ag1,paid,0
100496,Mon,2,iOS,0,1,Unknown,37.0,Mumbai,Delhi,0,0,0,0,0,1,0,0,1.0,Apple,iPhone 13,Vi,Marathi,Android,12,app,play_store,6,0,1008.3,referral,generic,ag3,organic,1
100497,Thu,12,Android,0,1,Female,22.0,Mumbai,Rajasthan,1,0,0,0,0,0,0,0,1.2,Xiaomi,Reno,Jio,Tamil,Android,13,app,play_store,9,1,302.1,google,brand,ag3,none,0
100498,Tue,14,Android,1,1,Male,31.0,Mumbai,Maharashtra,0,0,0,0,0,0,0,0,1.0,Oppo,Y21,Vi,Tamil,Android,12,app,play_store,6,7,354.1,meta,activation,ag1,crm,0
100499,Sat,19,iOS,1,1,Male,18.0,Delhi,Maharashtra,0,0,0,0,0,0,0,0,1.0,Xiaomi,A12,Airtel,Hindi,Android,11,app,play_store,7,6,67.8,organic,none,ag1,none,0
100500,Sun,18,Android,0,1,Male,42.0,Pune,Delhi,1,1,0,0,0,1,1,0,2.0,OnePlus,Note 10,BSNL,English,Android,14,app,play_store,11,3,98.0,referral,brand,ag3,paid,0
100501,Sat,2,iOS,0,1,Unknown,19.0,Delhi,Rajasthan,0,0,0,0,0,0,0,0,1.0,Apple,Nord,Vi,Marathi,Android,17,app,play_store,10,5,280.1,google,activation,ag1,none,1
100502,Wed,3,Android,0,1,Male,26.0,Mumbai,Delhi,0,0,0,0,0,1,0,0,2.0,Samsung,A12,Airtel,Hindi,iOS,14,app,play_store,6,3,110.0,influencer,brand,ag2,none,0
100503,Thu,4,Android,1,1,Female,41.0,Indore,Delhi,0,0,0,0,0,0,0,0,1.0,Xiaomi,Note 10,BSNL,Marathi,Android,12,app,play_store,11,2,291.0,meta,none,none,crm,0
100504,Fri,0,iOS,1,1,Male,28.0,Indore,MP,0,0,0,0,0,0,0,0,2.0,Vivo,Nord,Jio,Marathi,Android,16,app,play_store,9,5,140.0,meta,brand,ag1,none,0
100505,Mon,3,Android,0,1,Female,20.0,Jaipur,Delhi,1,0,0,0,0,1,0,1,1.0,OnePlus,Nord,Vi,Tamil,Android,14,app,play_store,12,2,1026.7,meta,brand,ag3,none,0
100506,Fri,11,Android,0,2,Male,36.0,Pune,Rajasthan,1,0,0,0,0,1,0,1,2.1,Oppo,Y21,Airtel,Bengali,Android,15,app,play_store,11,2,252.0,referral,remarketing,none,crm,0
100507,Thu,23,iOS,0,1,Unknown,36.0,Jaipur,Maharashtra,0,1,0,0,0,0,0,0,1.1,Samsung,Nord,Vi,Bengali,iOS,15,app,play_store,6,2,578.5,google,activation,ag1,paid,0
100508,Thu,9,Android,0,1,Unknown,25.0,Unknown,Maharashtra,1,0,0,0,0,1,0,0,2.0,Samsung,Y21,Other,Bengali,Android,11,app,play_store,12,0,302.4,meta,generic,ag2,paid,1
100509,Thu,22,Android,0,1,Male,26.0,Indore,MP,0,0,0,0,0,1,0,0,2.1,Samsung,Note 10,Vi,Hindi,Android,12,app,app_store,7,6,110.9,google,brand,ag2,none,0
100510,Fri,20,Android,0,1,Female,27.0,Mumbai,Rajasthan,0,0,0,0,1,1,0,1,1.1,Xiaomi,iPhone 13,BSNL,Bengali,Android,14,app,app_store,6,1,250.5,referral,none,none,crm,0
100511,Sun,19,iOS,0,1,Female,28.0,Jaipur,Maharashtra,0,1,0,0,0,0,0,1,1.1,Vivo,Reno,Other,Hindi,Android,14,app,app_store,6,2,368.6,google,generic,ag2,crm,0
100512,Thu,23,iOS,1,3,Unknown,18.0,Jaipur,Delhi,0,0,1,0,0,1,1,0,2.1,OnePlus,Y21,BSNL,English,iOS,11,app,play_store,10,4,172.7,referral,remarketing,ag2,none,1
100513,Sat,12,Android,1,4,Male,29.0,Jaipur,Karnataka,0,0,0,0,0,1,0,0,1.2,OnePlus,iPhone 13,Jio,Tamil,Android,15,app,play_store,10,2,514.7,referral,activation,ag2,crm,0
100514,Fri,22,Android,0,1,Male,44.0,Pune,Karnataka,0,0,0,0,0,1,0,0,1.2,Apple,iPhone 13,Other,English,Android,17,web,app_store,8,4,302.6,organic,brand,ag1,organic,0
100515,Thu,13,iOS,0,1,Female,23.0,Unknown,Karnataka,0,0,0,0,0,0,0,0,2.0,Oppo,Nord,Other,Hindi,iOS,17,app,play_store,11,5,647.5,influencer,activation,ag2,organic,0
100516,Sat,22,Android,1,1,Female,25.0,Pune,Karnataka,0,0,0,1,1,0,0,0,1.2,Vivo,A12,BSNL,English,Android,12,app,play_store,11,1,114.9,referral,remarketing,ag3,organic,0
100517,Sun,4,Android,0,1,Male,21.0,Mumbai,Delhi,1,0,0,1,0,1,0,0,2.0,Xiaomi,iPhone 13,Airtel,Bengali,Android,15,app,play_store,7,4,307.0,organic,brand,ag1,crm,0
100518,Wed,3,Android,1,1,Female,35.0,Mumbai,Maharashtra,1,0,0,0,0,0,0,0,2.1,Oppo,A12,Vi,English,Android,11,app,play_store,12,3,377.1,influencer,remarketing,ag1,crm,0
100519,Sun,13,iOS,0,3,Male,40.0,Mumbai,MP,1,1,0,0,0,1,1,0,1.2,Vivo,Y21,Jio,Marathi,Android,12,app,play_store,7,3,257.3,organic,none,ag2,none,0
100520,Thu,9,iOS,0,4,Female,39.0,Jaipur,Delhi,0,0,0,0,0,1,0,0,1.2,Apple,iPhone 13,Jio,Marathi,Android,11,app,app_store,8,5,1059.9,referral,remarketing,ag2,none,0
100521,Fri,16,Android,0,3,Male,20.0,Mumbai,Maharashtra,0,0,0,0,0,1,1,0,1.0,Apple,iPhone 13,Airtel,Tamil,Android,11,app,play_store,9,7,145.7,organic,none,ag1,none,0
100522,Tue,9,Android,0,1,Male,34.0,Unknown,Rajasthan,0,0,0,0,0,0,0,1,1.0,Samsung,iPhone 13,BSNL,English,iOS,17,app,play_store,7,1,141.8,organic,none,ag2,organic,0
100523,Thu,6,Android,1,1,Male,41.0,Pune,Maharashtra,0,0,0,0,0,0,0,0,1.1,Samsung,A12,Jio,Hindi,iOS,14,app,play_store,6,5,604.0,organic,remarketing,none,none,0
100524,Tue,15,Android,0,1,Male,34.0,Indore,Maharashtra,0,0,0,0,0,0,0,1,1.0,Apple,Y21,Vi,Tamil,Android,15,app,play_store,8,5,272.5,google,remarketing,ag3,none,0
100525,Sat,0,Android,0,1,Male,34.0,Mumbai,Maharashtra,0,0,0,0,0,0,0,0,2.1,Samsung,A12,Airtel,Bengali,Android,11,app,web,5,3,476.9,organic,brand,none,none,0
100526,Wed,16,iOS,0,1,Male,26.0,Bangalore,Delhi,0,0,0,1,0,0,0,0,2.0,Samsung,Note 10,Other,Bengali,iOS,16,app,play_store,7,3,167.7,meta,activation,ag1,crm,0
100527,Mon,20,Android,1,1,Male,32.0,Pune,Maharashtra,1,1,0,0,0,0,0,0,2.0,Apple,Note 10,Vi,Marathi,iOS,11,app,play_store,10,1,223.9,google,activation,ag3,crm,0
100528,Sun,8,iOS,0,1,Male,40.0,Delhi,Maharashtra,0,1,0,1,0,0,0,0,1.0,Oppo,Reno,BSNL,Tamil,Android,16,app,play_store,8,4,280.4,google,none,ag3,organic,0
100529,Wed,5,Android,0,1,Female,33.0,Indore,Rajasthan,0,0,0,0,0,1,0,0,1.0,OnePlus,Nord,BSNL,Bengali,Android,12,app,play_store,7,3,65.7,google,generic,ag2,paid,0
100530,Thu,18,Android,0,1,Male,20.0,Pune,Rajasthan,0,0,0,0,1,0,0,0,2.0,Apple,iPhone 13,Airtel,English,Android,12,web,app_store,4,3,59.4,referral,remarketing,ag3,organic,0
100531,Tue,12,Android,0,1,Male,26.0,Mumbai,Karnataka,0,0,0,0,1,0,0,0,1.1,Samsung,Note 10,Other,Tamil,Android,15,app,play_store,3,5,228.3,meta,remarketing,ag1,none,0
100532,Sun,2,Android,0,1,Female,40.0,Jaipur,Unknown,0,0,0,0,0,0,0,0,1.2,Oppo,Note 10,Other,English,iOS,15,app,play_store,7,3,181.7,influencer,brand,ag2,none,0
100533,Tue,6,Android,1,1,Unknown,33.0,Unknown,Delhi,0,1,0,0,0,0,0,0,1.1,Samsung,Reno,Airtel,English,Android,16,app,play_store,10,3,174.4,influencer,generic,ag1,organic,0
100534,Fri,21,Web,0,1,Female,31.0,Bangalore,Maharashtra,1,0,0,0,0,0,1,0,2.1,Xiaomi,A12,Airtel,English,iOS,17,app,app_store,10,3,315.3,referral,brand,ag3,none,0
100535,Tue,8,iOS,0,1,Male,26.0,Delhi,Karnataka,0,0,1,0,0,0,0,0,2.1,Samsung,Y21,Airtel,Tamil,Android,15,app,play_store,8,3,219.2,google,generic,ag3,organic,0
100536,Fri,21,Android,1,1,Female,40.0,Indore,Karnataka,0,0,0,0,0,0,0,1,1.2,Vivo,iPhone 13,Other,Tamil,Android,17,app,play_store,9,4,146.6,meta,generic,ag2,crm,1
100537,Sat,4,Android,0,1,Unknown,43.0,Mumbai,Delhi,0,0,0,0,0,0,0,0,1.2,Vivo,iPhone 13,BSNL,Marathi,Android,16,app,play_store,4,3,361.2,google,brand,ag3,paid,0
100538,Sun,9,iOS,0,1,Male,40.0,Pune,Unknown,0,0,0,0,1,1,0,0,1.1,OnePlus,Nord,BSNL,Tamil,Android,17,app,play_store,3,4,95.2,google,remarketing,none,organic,1
100539,Sun,22,Android,0,1,Unknown,42.0,Pune,Karnataka,0,0,0,1,0,0,0,0,2.0,OnePlus,Y21,Vi,Hindi,iOS,16,app,play_store,3,1,313.8,referral,none,ag2,crm,0
100540,Mon,16,Android,0,2,Male,27.0,Indore,Karnataka,0,1,0,1,0,1,0,0,1.2,OnePlus,iPhone 13,BSNL,Tamil,Android,14,app,play_store,11,5,548.9,meta,none,ag3,paid,0
100541,Thu,11,Android,1,3,Male,26.0,Bangalore,Delhi,0,0,0,0,0,0,0,0,1.1,OnePlus,A12,Airtel,Marathi,iOS,14,app,play_store,5,4,832.6,organic,generic,none,organic,1
100542,Fri,22,Web,0,1,Male,29.0,Jaipur,MP,1,0,0,0,0,1,0,0,1.1,OnePlus,iPhone 13,Vi,Tamil,Android,11,app,play_store,9,1,327.8,influencer,brand,ag3,organic,1
100543,Mon,15,Android,0,1,Female,30.0,Unknown,Karnataka,0,1,0,0,0,0,0,0,2.0,Samsung,Note 10,Jio,Hindi,Android,12,web,play_store,7,1,283.0,influencer,none,ag1,crm,0
100544,Tue,2,Android,1,2,Male,41.0,Mumbai,Rajasthan,0,0,0,0,0,0,0,0,1.1,Samsung,iPhone 13,Other,Tamil,Android,17,app,play_store,8,1,405.8,influencer,brand,ag3,organic,0
100545,Tue,21,iOS,0,1,Male,39.0,Indore,Karnataka,0,1,0,0,1,1,0,0,2.1,Xiaomi,Note 10,Vi,Marathi,Android,14,app,play_store,13,0,256.8,google,brand,ag3,paid,0
100546,Mon,8,Android,0,1,Male,34.0,Indore,Delhi,0,0,0,0,1,0,0,1,2.0,Oppo,Y21,Jio,Hindi,Android,13,app,play_store,8,8,48.6,organic,brand,ag3,organic,0
100547,Sun,14,Android,0,3,Male,19.0,Pune,Delhi,0,1,0,0,0,0,0,0,1.0,Oppo,Note 10,Airtel,Marathi,iOS,15,app,app_store,8,8,51.0,organic,brand,ag2,crm,0
100548,Tue,4,Android,0,1,Male,18.0,Indore,Unknown,0,0,0,1,0,0,1,1,1.1,Xiaomi,Y21,BSNL,Bengali,Android,12,app,play_store,4,1,67.1,google,brand,ag2,organic,1
100549,Sat,22,iOS,1,3,Female,32.0,Delhi,MP,1,0,0,0,0,0,0,0,1.2,Apple,Reno,BSNL,English,Android,16,app,play_store,7,1,951.2,google,none,none,none,1
100550,Sat,12,Android,1,1,Male,37.0,Delhi,MP,0,1,0,1,0,0,0,0,1.2,Samsung,Nord,Vi,Marathi,Android,11,app,play_store,6,6,284.6,meta,generic,ag3,paid,0
100551,Mon,13,Web,0,1,Unknown,29.0,Mumbai,Unknown,0,1,0,0,0,1,0,0,2.0,Samsung,Note 10,Jio,Bengali,Android,12,app,play_store,5,4,636.0,influencer,generic,ag2,crm,1
100552,Fri,19,Android,0,2,Male,45.0,Indore,Unknown,0,0,0,0,0,0,0,0,1.2,Vivo,Y21,BSNL,Tamil,iOS,12,app,app_store,14,4,319.5,influencer,generic,ag2,none,1
100553,Fri,14,Android,0,1,Male,21.0,Pune,Rajasthan,0,0,0,1,0,0,0,1,1.2,Vivo,A12,Airtel,Hindi,iOS,11,web,play_store,5,2,313.0,organic,activation,ag3,none,0
100554,Mon,15,Web,0,1,Male,20.0,Jaipur,Rajasthan,0,1,0,1,0,0,0,0,1.0,Apple,Y21,Jio,Marathi,Android,14,app,play_store,8,3,209.6,influencer,brand,none,organic,0
100555,Fri,22,Android,0,1,Male,25.0,Mumbai,Karnataka,0,0,0,0,0,0,1,0,1.2,Oppo,Nord,Jio,Hindi,iOS,13,app,app_store,8,1,345.1,influencer,activation,ag1,organic,0
100556,Sun,12,Android,0,1,Male,24.0,Bangalore,MP,0,0,0,0,0,0,0,0,2.0,Oppo,Note 10,BSNL,Bengali,Android,16,app,play_store,11,8,1319.9,meta,remarketing,ag1,none,1
100557,Sun,16,Android,1,1,Female,34.0,Pune,Rajasthan,0,0,0,1,0,0,0,0,2.0,OnePlus,A12,Vi,Marathi,Android,14,app,app_store,8,5,91.5,google,generic,ag3,paid,0
100558,Fri,22,Android,1,1,Female,27.0,Bangalore,Karnataka,0,0,0,0,0,0,0,0,2.1,OnePlus,Y21,Vi,Tamil,Android,16,app,play_store,12,2,252.6,google,remarketing,ag2,paid,0
100559,Sat,7,Android,0,1,Male,18.0,Mumbai,Maharashtra,0,0,0,0,1,0,0,0,1.1,Oppo,Note 10,Vi,Tamil,Android,15,app,web,6,2,849.3,referral,remarketing,ag1,crm,0
100560,Fri,20,Android,0,1,Male,37.0,Delhi,Karnataka,0,1,0,0,0,0,0,0,1.1,Samsung,Nord,BSNL,Tamil,iOS,16,app,play_store,6,5,380.2,organic,remarketing,none,crm,0
100561,Sun,1,Android,0,1,Male,18.0,Pune,Rajasthan,1,0,0,0,0,0,0,0,1.1,Vivo,iPhone 13,Other,English,iOS,13,app,play_store,6,2,105.5,referral,generic,ag3,paid,0
100562,Wed,4,iOS,1,1,Female,21.0,Jaipur,Karnataka,0,1,0,0,0,0,0,1,2.0,OnePlus,Reno,Airtel,Tamil,Android,13,app,play_store,5,5,639.9,meta,generic,ag3,paid,0
100563,Thu,5,Android,1,2,Female,18.0,Pune,Maharashtra,0,0,0,0,1,1,0,1,1.2,OnePlus,Nord,Airtel,English,Android,14,app,play_store,6,1,137.1,google,remarketing,ag1,none,0
100564,Tue,11,Web,1,1,Male,32.0,Mumbai,Rajasthan,0,0,0,0,0,0,0,0,1.1,Samsung,Nord,Vi,Marathi,iOS,14,app,app_store,10,2,192.8,meta,generic,ag2,crm,1
100565,Wed,17,Android,0,1,Male,31.0,Pune,Karnataka,0,0,0,0,0,0,0,1,1.2,Apple,Note 10,Vi,Marathi,iOS,15,app,play_store,12,3,290.3,google,activation,ag3,crm,0
100566,Fri,21,Android,1,1,Unknown,45.0,Pune,Rajasthan,0,0,0,1,0,1,0,1,1.2,Xiaomi,Note 10,Airtel,Bengali,Android,15,app,play_store,7,5,524.9,referral,generic,ag1,crm,1
100567,Sat,21,Android,0,3,Male,37.0,Mumbai,Unknown,1,0,0,0,0,0,0,0,2.1,Xiaomi,Reno,BSNL,Bengali,Android,16,app,play_store,8,2,122.4,referral,none,none,none,0
100568,Mon,0,Android,0,1,Male,42.0,Unknown,Unknown,0,0,0,1,0,0,0,0,1.1,Oppo,Y21,Jio,Hindi,iOS,12,app,app_store,10,4,159.7,organic,brand,ag2,none,0
100569,Fri,16,Android,0,1,Male,32.0,Indore,Karnataka,0,0,0,1,0,1,0,0,2.0,Vivo,A12,Airtel,Marathi,Android,11,app,play_store,8,3,153.0,referral,activation,ag3,organic,0
100570,Sat,10,iOS,0,1,Female,22.0,Mumbai,Delhi,0,0,0,0,0,0,0,0,2.0,Apple,Nord,Airtel,Hindi,iOS,14,app,play_store,8,1,806.0,organic,activation,ag3,crm,0
100571,Thu,9,iOS,0,1,Unknown,31.0,Pune,Rajasthan,1,0,0,0,0,1,0,0,2.1,Samsung,Note 10,Jio,Bengali,Android,16,web,play_store,7,3,197.9,meta,brand,none,crm,0
100572,Fri,18,Web,0,1,Unknown,35.0,Jaipur,Rajasthan,0,1,0,0,0,0,0,0,1.1,Apple,Note 10,Jio,Hindi,iOS,11,app,play_store,8,2,222.8,influencer,none,ag3,paid,0
100573,Sun,13,Android,0,1,Female,36.0,Jaipur,Unknown,0,0,0,0,0,1,0,0,1.2,Apple,Nord,Other,Bengali,Android,14,app,play_store,9,2,438.9,organic,generic,ag2,paid,0
100574,Mon,9,iOS,0,1,Male,26.0,Mumbai,Unknown,0,1,1,0,0,0,0,0,1.1,Apple,Y21,Airtel,English,iOS,17,app,app_store,9,3,475.6,referral,generic,ag2,paid,0
100575,Sat,14,Android,0,1,Male,34.0,Pune,Rajasthan,0,1,0,0,0,1,0,0,2.0,Vivo,Note 10,Jio,Bengali,Android,17,app,app_store,6,1,96.0,influencer,none,ag3,paid,1
100576,Sat,18,Android,0,2,Male,23.0,Bangalore,Rajasthan,0,0,0,1,0,1,1,0,2.0,Apple,iPhone 13,Airtel,Marathi,iOS,13,app,app_store,7,1,639.4,meta,activation,ag1,paid,0
100577,Sat,3,iOS,0,2,Unknown,22.0,Bangalore,Unknown,0,0,0,0,0,0,0,0,2.0,Xiaomi,iPhone 13,Jio,Marathi,Android,16,app,app_store,13,1,540.0,referral,brand,ag1,paid,0
100578,Thu,1,Android,0,1,Female,21.0,Delhi,Karnataka,1,0,0,0,0,0,0,0,1.2,Oppo,A12,Vi,English,Android,15,app,play_store,10,2,136.2,meta,brand,ag3,none,1
100579,Fri,8,Android,0,1,Male,30.0,Unknown,MP,1,0,0,0,0,0,0,1,2.0,OnePlus,Y21,Vi,English,iOS,13,app,play_store,8,3,328.6,referral,remarketing,ag1,crm,0
100580,Thu,9,Android,1,1,Male,21.0,Mumbai,Karnataka,1,1,0,0,0,0,0,1,1.1,OnePlus,Nord,Vi,Bengali,iOS,14,app,play_store,9,4,107.5,organic,brand,ag1,paid,1
100581,Tue,10,Android,0,1,Male,27.0,Mumbai,Maharashtra,0,0,0,0,0,0,0,0,1.2,Apple,Nord,Airtel,Marathi,iOS,16,app,play_store,8,3,461.7,influencer,generic,ag2,paid,0
100582,Tue,13,iOS,0,1,Unknown,37.0,Bangalore,Delhi,1,0,0,0,1,0,0,0,1.1,Samsung,Nord,Airtel,Bengali,Android,15,app,play_store,8,3,559.6,referral,brand,ag3,none,1
100583,Fri,6,Android,0,3,Male,22.0,Bangalore,Karnataka,0,0,0,0,0,1,0,0,1.0,Xiaomi,iPhone 13,Airtel,Bengali,Android,12,app,play_store,13,2,234.3,referral,none,ag2,crm,0
100584,Sun,22,Web,1,1,Male,26.0,Bangalore,Karnataka,0,0,0,1,0,1,0,0,1.0,Apple,Nord,BSNL,English,Android,17,app,play_store,4,0,636.8,referral,generic,ag1,organic,1
100585,Thu,14,Android,1,1,Male,31.0,Jaipur,Rajasthan,0,0,0,0,0,0,0,0,1.2,Vivo,Reno,Vi,Bengali,iOS,15,app,play_store,6,3,85.3,organic,remarketing,ag1,none,0
100586,Mon,21,Android,0,1,Male,32.0,Jaipur,Maharashtra,0,0,0,0,0,0,0,0,2.0,Apple,A12,Jio,Bengali,Android,15,app,play_store,6,5,208.8,google,remarketing,ag3,paid,0
100587,Sat,18,Android,0,1,Unknown,26.0,Delhi,Rajasthan,0,0,0,0,0,0,0,0,2.0,Oppo,iPhone 13,Other,English,Android,16,app,play_store,7,2,159.0,referral,generic,ag1,paid,0
100588,Sat,21,Android,1,1,Unknown,36.0,Delhi,Unknown,0,0,0,0,0,0,0,0,1.2,OnePlus,Note 10,BSNL,English,Android,14,app,app_store,7,6,113.8,influencer,none,ag1,crm,0
100589,Fri,14,Android,1,1,Unknown,35.0,Indore,Rajasthan,0,1,0,0,0,0,0,0,1.1,Xiaomi,Y21,Airtel,Tamil,Android,11,app,play_store,5,3,37.5,influencer,generic,ag1,organic,0
100590,Sun,23,iOS,1,1,Female,39.0,Jaipur,MP,0,1,0,1,0,1,0,1,1.0,Oppo,Reno,Vi,Bengali,iOS,15,app,play_store,9,3,386.8,referral,brand,ag1,none,0
100591,Tue,7,iOS,1,1,Female,29.0,Mumbai,Delhi,1,1,0,0,0,0,0,0,2.0,Oppo,Note 10,BSNL,Tamil,Android,14,app,play_store,12,4,500.4,influencer,remarketing,ag1,crm,1
100592,Tue,10,iOS,1,1,Female,26.0,Delhi,MP,0,0,0,0,0,0,0,0,2.0,Vivo,Note 10,Vi,English,Android,16,app,play_store,6,3,222.9,referral,activation,ag1,none,0
100593,Sat,8,iOS,0,1,Male,25.0,Pune,Rajasthan,0,0,0,0,0,0,0,0,1.0,OnePlus,Y21,Jio,Marathi,iOS,15,app,play_store,6,3,335.9,meta,remarketing,ag3,crm,0
100594,Fri,14,iOS,0,2,Female,32.0,Mumbai,Delhi,1,0,0,0,0,0,0,1,1.2,Apple,Y21,Other,Tamil,Android,14,app,play_store,7,3,79.2,referral,none,ag3,paid,0
100595,Thu,0,Android,0,4,Male,27.0,Indore,Karnataka,0,0,0,0,0,0,0,0,1.2,Oppo,Nord,BSNL,Hindi,Android,13,app,play_store,8,4,211.6,referral,remarketing,ag1,none,1
100596,Tue,0,iOS,1,1,Female,25.0,Bangalore,Maharashtra,1,0,0,1,0,1,0,0,1.2,Xiaomi,Nord,Other,Hindi,Android,17,app,app_store,8,2,82.9,referral,generic,none,crm,0
100597,Thu,18,Android,0,1,Male,26.0,Indore,MP,1,0,0,1,0,0,0,1,2.0,Apple,A12,BSNL,Tamil,iOS,16,app,app_store,8,6,569.0,google,activation,ag3,crm,0
100598,Sun,2,Android,1,4,Male,25.0,Mumbai,Maharashtra,0,0,0,0,0,0,0,0,1.1,Oppo,Y21,Vi,Hindi,Android,17,app,play_store,8,7,241.2,google,activation,ag2,none,0
100599,Tue,9,Android,0,1,Female,32.0,Bangalore,Rajasthan,0,0,0,0,0,0,0,0,2.1,OnePlus,Y21,Airtel,Marathi,iOS,14,app,play_store,9,3,166.0,referral,brand,ag1,paid,0
100600,Tue,7,Android,0,1,Unknown,19.0,Indore,Delhi,1,0,0,0,0,0,1,0,1.2,Samsung,Note 10,Vi,Bengali,iOS,13,app,play_store,10,2,627.4,influencer,remarketing,ag1,none,0
100601,Wed,14,Android,1,1,Male,32.0,Indore,Unknown,1,0,0,0,0,0,0,0,2.1,OnePlus,Nord,Airtel,Marathi,iOS,13,web,play_store,14,3,63.6,google,generic,none,paid,1
100602,Tue,9,Web,0,1,Male,35.0,Mumbai,Karnataka,0,1,0,0,0,0,0,0,1.1,OnePlus,A12,Airtel,Hindi,Android,11,app,play_store,5,3,297.8,referral,none,ag2,none,0
100603,Mon,0,Android,0,1,Unknown,25.0,Delhi,Delhi,0,0,0,0,0,0,0,0,2.0,Samsung,Nord,Airtel,Bengali,Android,17,app,play_store,7,1,119.5,meta,remarketing,none,crm,0
100604,Fri,17,Android,0,1,Female,45.0,Pune,Unknown,0,1,1,0,0,1,0,0,2.1,Samsung,Y21,Vi,Hindi,Android,13,app,play_store,3,3,517.2,influencer,generic,ag3,organic,0
100605,Fri,1,Android,0,3,Male,30.0,Indore,Maharashtra,0,0,0,0,0,1,0,0,1.2,Oppo,A12,Vi,Tamil,Android,14,app,play_store,9,0,392.2,influencer,generic,none,organic,1
100606,Thu,18,Android,0,1,Female,18.0,Pune,Maharashtra,1,1,0,0,0,0,0,0,2.1,Vivo,Nord,Other,Marathi,Android,11,app,play_store,6,2,200.5,organic,brand,none,organic,1
100607,Sun,12,Android,0,1,Male,28.0,Jaipur,Karnataka,1,0,0,0,1,1,0,0,1.0,Oppo,Note 10,BSNL,Bengali,Android,17,app,web,13,1,665.4,referral,remarketing,ag2,organic,0
100608,Tue,21,Android,0,2,Male,31.0,Jaipur,Unknown,0,0,0,0,0,0,0,0,1.1,Xiaomi,Nord,Airtel,English,Android,11,app,play_store,4,5,219.4,influencer,brand,none,paid,0
100609,Mon,0,Android,1,1,Female,34.0,Mumbai,Unknown,0,0,0,0,0,1,0,1,1.0,OnePlus,Nord,Jio,Marathi,Android,11,app,app_store,4,1,328.0,google,generic,ag3,crm,1
100610,Thu,1,Android,1,2,Male,28.0,Unknown,Karnataka,0,1,0,0,0,0,0,0,1.1,OnePlus,A12,Jio,English,Android,17,app,play_store,6,1,1036.8,referral,brand,ag1,paid,1
100611,Wed,15,iOS,0,4,Male,22.0,Mumbai,Delhi,0,0,0,0,1,0,0,1,1.1,Samsung,Reno,Airtel,Tamil,Android,13,app,play_store,7,4,179.4,meta,activation,ag1,crm,0
100612,Thu,14,iOS,1,1,Male,21.0,Unknown,MP,0,0,0,0,0,1,0,1,2.0,OnePlus,A12,BSNL,Hindi,Android,14,web,app_store,6,0,255.0,influencer,activation,ag1,none,0
100613,Thu,12,Android,0,4,Male,25.0,Unknown,Delhi,0,0,0,1,0,0,0,0,1.1,Oppo,iPhone 13,Vi,Tamil,Android,15,app,play_store,7,6,334.8,meta,none,ag3,none,0
100614,Tue,15,Android,0,1,Male,26.0,Unknown,Maharashtra,0,0,0,1,0,0,0,0,1.1,Samsung,Reno,Other,English,Android,17,app,play_store,5,2,309.8,influencer,brand,none,none,0
100615,Wed,16,Android,0,1,Male,21.0,Delhi,Delhi,1,0,0,0,0,0,0,0,1.2,Xiaomi,Y21,Jio,Bengali,iOS,15,app,play_store,7,3,435.4,meta,brand,ag3,crm,0
100616,Thu,20,iOS,1,1,Male,24.0,Unknown,Rajasthan,1,1,0,0,0,0,0,0,1.0,Vivo,Note 10,BSNL,Tamil,Android,11,app,play_store,7,7,43.7,referral,brand,ag3,paid,0
100617,Mon,6,Android,1,1,Male,35.0,Bangalore,Delhi,0,0,0,0,0,0,0,0,2.1,Vivo,Nord,Vi,Hindi,Android,12,web,play_store,4,3,75.0,meta,remarketing,ag1,paid,0
100618,Mon,23,Android,0,3,Male,43.0,Pune,Delhi,0,0,0,0,0,0,1,0,2.0,Vivo,A12,Airtel,Bengali,Android,17,app,app_store,10,5,402.8,google,brand,ag1,paid,0
100619,Fri,16,iOS,0,1,Male,36.0,Indore,Unknown,0,0,0,0,0,0,0,0,1.1,Samsung,Nord,Vi,Bengali,Android,16,web,play_store,8,5,599.5,organic,generic,ag1,crm,0
100620,Wed,6,Android,0,1,Female,40.0,Bangalore,Rajasthan,0,0,0,0,1,0,0,0,1.2,Oppo,Reno,Vi,Hindi,Android,16,web,play_store,6,5,316.2,organic,brand,ag1,crm,0
100621,Wed,12,Android,0,1,Female,38.0,Jaipur,Maharashtra,1,0,0,0,0,0,0,0,1.1,Apple,Reno,Vi,Bengali,Android,15,app,play_store,3,3,312.3,google,remarketing,ag1,paid,0
100622,Fri,4,Android,0,1,Male,37.0,Jaipur,Karnataka,0,0,0,0,0,0,0,0,2.0,Xiaomi,Nord,Other,Marathi,Android,14,app,play_store,9,2,33.5,referral,generic,ag1,crm,0
100623,Thu,16,iOS,0,1,Female,27.0,Pune,Delhi,1,0,0,0,0,1,0,0,1.0,Samsung,Nord,Jio,Bengali,Android,11,app,play_store,11,2,409.9,meta,activation,ag1,none,1
100624,Wed,2,iOS,1,1,Unknown,31.0,Pune,MP,0,0,0,0,0,0,0,0,2.1,Xiaomi,Nord,Jio,English,Android,12,app,play_store,6,2,355.9,meta,generic,ag1,paid,1
100625,Mon,6,Android,0,1,Unknown,27.0,Unknown,Unknown,0,0,0,0,0,0,0,0,1.2,Samsung,Note 10,Other,Marathi,Android,17,app,play_store,5,3,323.7,google,activation,none,none,1
100626,Mon,16,Android,1,1,Male,28.0,Bangalore,Unknown,0,0,0,1,0,1,0,0,2.0,Vivo,Reno,BSNL,Tamil,Android,14,app,play_store,10,0,176.9,organic,none,ag1,paid,0
100627,Tue,6,Android,1,1,Female,31.0,Bangalore,Karnataka,0,1,0,0,0,0,0,0,2.0,Xiaomi,Note 10,Vi,Bengali,Android,16,app,app_store,11,5,385.3,organic,brand,ag2,none,1
100628,Wed,20,Web,0,1,Male,36.0,Delhi,MP,0,0,0,0,0,1,0,0,1.1,Apple,Reno,Airtel,Hindi,Android,12,app,play_store,3,3,625.5,referral,activation,none,none,0
100629,Thu,0,Web,1,1,Male,33.0,Indore,Delhi,0,0,0,0,0,0,0,0,1.2,Vivo,Note 10,Other,Marathi,iOS,17,app,play_store,8,4,23.5,meta,activation,ag2,crm,1
100630,Fri,16,Android,1,1,Male,29.0,Indore,MP,0,0,0,0,0,0,0,0,2.1,Vivo,Reno,Vi,Bengali,Android,15,app,play_store,2,5,722.7,google,remarketing,ag2,crm,0
100631,Fri,16,iOS,0,1,Male,30.0,Indore,Unknown,1,0,0,0,1,0,0,1,2.0,Apple,Note 10,Vi,English,Android,12,app,app_store,5,2,288.9,meta,none,none,none,1
100632,Thu,10,Android,0,1,Male,33.0,Unknown,Karnataka,0,0,1,0,0,1,0,0,2.1,Apple,Reno,Jio,Bengali,Android,13,app,app_store,12,2,142.6,google,generic,ag3,crm,1
100633,Sun,2,Android,1,1,Female,35.0,Jaipur,MP,0,0,0,0,0,0,0,0,1.0,Vivo,iPhone 13,Other,Bengali,Android,13,app,play_store,9,1,851.3,organic,none,ag1,paid,1
100634,Sat,14,Android,0,1,Female,18.0,Jaipur,MP,0,0,0,0,0,0,0,0,1.1,Apple,A12,Airtel,Marathi,iOS,17,app,play_store,9,3,363.0,referral,brand,none,organic,0
100635,Tue,20,Android,0,1,Male,21.0,Bangalore,Karnataka,0,1,0,0,0,0,0,1,2.1,OnePlus,Y21,Other,English,Android,11,app,play_store,13,2,430.9,referral,brand,ag2,none,1
100636,Fri,10,iOS,0,1,Male,39.0,Delhi,Karnataka,0,0,0,0,0,0,0,0,2.0,Vivo,Y21,Airtel,Bengali,Android,17,app,play_store,7,1,456.1,organic,brand,none,crm,1
100637,Wed,15,Android,1,1,Male,30.0,Mumbai,Karnataka,0,1,1,0,0,0,0,0,2.0,Oppo,A12,Vi,Marathi,Android,16,app,play_store,8,2,167.8,organic,activation,ag3,crm,0
100638,Tue,21,Android,1,1,Male,27.0,Delhi,Unknown,0,1,0,0,0,1,1,0,2.0,Samsung,Y21,Airtel,Hindi,Android,17,app,web,4,4,357.0,meta,generic,ag2,crm,0
100639,Wed,8,iOS,1,2,Unknown,28.0,Jaipur,Karnataka,0,0,0,0,0,1,0,0,2.0,OnePlus,iPhone 13,Vi,Bengali,Android,13,app,app_store,7,0,125.8,influencer,generic,ag3,paid,0
100640,Sun,23,iOS,0,1,Female,28.0,Unknown,Rajasthan,0,0,0,0,0,1,0,0,1.2,Oppo,A12,Airtel,Tamil,Android,12,app,app_store,5,5,245.4,referral,remarketing,ag3,paid,0
100641,Mon,23,Android,0,1,Unknown,34.0,Bangalore,Delhi,0,0,0,0,0,1,0,0,1.1,Samsung,Y21,Jio,Hindi,iOS,13,app,app_store,9,4,62.1,referral,none,ag1,crm,0
100642,Tue,0,Android,0,1,Female,21.0,Delhi,Unknown,1,0,0,0,0,1,0,1,1.2,Samsung,Nord,Other,Bengali,Android,16,app,app_store,7,3,95.9,influencer,generic,none,crm,0
100643,Fri,21,Android,1,1,Male,30.0,Bangalore,Karnataka,1,1,0,0,0,1,0,0,1.2,Oppo,Reno,Jio,Hindi,Android,11,app,app_store,10,4,660.0,influencer,remarketing,ag3,crm,0
100644,Tue,15,Android,0,1,Male,32.0,Pune,Maharashtra,1,0,1,0,1,1,0,0,1.1,Samsung,iPhone 13,BSNL,Tamil,Android,15,app,play_store,8,2,178.8,influencer,generic,ag3,paid,0
100645,Tue,8,Web,0,2,Male,33.0,Pune,MP,0,0,0,0,0,1,0,0,2.0,Samsung,Y21,Other,Hindi,Android,17,app,play_store,14,1,404.1,organic,brand,ag2,none,1
100646,Tue,18,iOS,0,3,Male,32.0,Mumbai,Karnataka,1,0,0,0,0,0,0,0,1.0,OnePlus,Reno,Other,Bengali,Android,11,app,play_store,12,5,151.1,organic,brand,none,crm,0
100647,Sat,11,Android,0,2,Female,34.0,Jaipur,Karnataka,1,0,0,0,0,0,0,1,1.2,OnePlus,iPhone 13,Airtel,Tamil,Android,11,app,play_store,9,1,96.8,influencer,remarketing,none,crm,0
100648,Tue,18,Android,1,2,Male,25.0,Unknown,Delhi,0,0,0,0,0,0,0,0,2.1,Vivo,Reno,Vi,English,Android,17,app,app_store,8,0,86.4,google,remarketing,ag3,crm,0
100649,Wed,21,Android,1,1,Male,22.0,Pune,Karnataka,0,0,1,0,0,0,0,0,1.2,Samsung,A12,Airtel,Marathi,Android,12,app,play_store,9,2,11.4,referral,activation,ag3,none,0
100650,Mon,8,iOS,1,1,Female,50.0,Mumbai,Unknown,0,0,0,0,0,0,0,0,1.1,Apple,A12,Other,Marathi,Android,16,app,app_store,10,2,419.1,influencer,generic,ag3,crm,1
100651,Sun,6,Android,0,1,Female,28.0,Indore,Rajasthan,1,0,0,1,0,0,1,0,1.2,Samsung,A12,Jio,Bengali,iOS,16,app,play_store,8,4,345.1,meta,remarketing,none,none,0
100652,Thu,13,Android,1,1,Male,29.0,Bangalore,Maharashtra,1,0,0,1,0,0,0,1,2.1,Xiaomi,Y21,Vi,Marathi,Android,12,app,play_store,12,1,200.9,referral,brand,ag3,crm,0
100653,Tue,18,Android,1,1,Female,35.0,Unknown,Maharashtra,0,0,0,0,0,0,0,0,1.2,Vivo,Note 10,Airtel,Marathi,Android,14,app,app_store,9,2,688.8,google,brand,none,crm,1
100654,Fri,18,Android,0,1,Male,43.0,Indore,Karnataka,0,0,0,0,0,1,0,0,1.0,Vivo,iPhone 13,Jio,Bengali,Android,16,app,play_store,9,5,546.4,influencer,generic,ag1,crm,0
100655,Tue,1,Android,1,1,Male,26.0,Indore,Delhi,0,0,0,1,0,0,0,1,1.2,Samsung,Reno,Airtel,Bengali,Android,13,app,play_store,13,2,473.1,google,none,ag3,paid,0
100656,Fri,8,Android,0,2,Male,22.0,Mumbai,Unknown,0,1,0,0,0,0,1,0,2.1,Xiaomi,Y21,Other,Hindi,Android,15,app,play_store,9,1,218.9,referral,generic,ag3,crm,0
100657,Wed,12,iOS,1,1,Male,20.0,Bangalore,Unknown,1,1,1,1,0,0,0,0,2.0,OnePlus,iPhone 13,Airtel,Marathi,Android,14,app,play_store,5,4,551.6,referral,none,ag3,organic,0
100658,Fri,14,iOS,1,1,Female,43.0,Mumbai,Karnataka,0,0,0,1,0,0,0,0,1.0,Xiaomi,Nord,Jio,Hindi,Android,12,app,play_store,10,4,578.0,influencer,remarketing,ag2,organic,1
100659,Thu,2,iOS,1,4,Male,22.0,Delhi,MP,0,0,0,1,0,0,0,1,2.0,Vivo,A12,Jio,Marathi,Android,15,app,play_store,5,2,24.7,google,brand,ag3,none,0
100660,Mon,10,Android,0,1,Female,30.0,Indore,Unknown,1,1,0,0,0,0,0,0,1.2,Oppo,A12,Jio,Marathi,iOS,12,app,play_store,10,5,743.3,referral,remarketing,ag1,organic,0
100661,Fri,20,Android,0,4,Female,22.0,Bangalore,Unknown,0,0,0,0,0,0,0,0,2.1,Xiaomi,Reno,Airtel,English,Android,17,app,play_store,6,2,606.2,organic,activation,none,none,0
100662,Fri,13,Android,0,1,Male,18.0,Indore,Unknown,0,0,0,0,0,1,0,0,1.1,Samsung,Note 10,Other,Marathi,Android,13,app,play_store,9,1,213.1,influencer,activation,none,none,0
100663,Mon,7,Android,0,1,Female,28.0,Delhi,Maharashtra,1,0,0,0,0,0,0,0,1.0,OnePlus,A12,BSNL,Bengali,iOS,11,app,app_store,6,2,771.7,influencer,activation,ag2,organic,1
100664,Thu,17,iOS,1,2,Male,22.0,Jaipur,Unknown,0,1,0,0,0,0,0,0,2.1,Apple,Nord,BSNL,Marathi,Android,15,app,play_store,9,3,241.9,organic,activation,ag3,paid,0
100665,Tue,18,Android,1,1,Male,24.0,Delhi,MP,0,0,0,0,0,1,0,0,1.1,Oppo,iPhone 13,BSNL,Tamil,Android,15,app,play_store,11,2,565.3,google,remarketing,ag3,organic,0
100666,Fri,15,Android,1,1,Female,46.0,Jaipur,Rajasthan,0,0,0,0,0,0,0,0,1.0,Samsung,Y21,Vi,English,Android,14,app,app_store,10,4,284.4,referral,activation,ag3,paid,0
100667,Mon,1,iOS,0,1,Female,33.0,Bangalore,Maharashtra,1,0,1,0,0,0,0,0,1.0,Samsung,A12,Other,Hindi,Android,15,app,play_store,7,6,185.7,meta,remarketing,ag3,organic,1
100668,Wed,7,Web,1,1,Male,37.0,Bangalore,Maharashtra,1,0,0,0,0,0,0,0,1.2,OnePlus,Y21,Other,Marathi,Android,17,app,play_store,7,2,183.9,organic,generic,ag3,paid,0
100669,Mon,21,Android,1,1,Unknown,37.0,Unknown,Rajasthan,0,0,0,0,0,1,0,0,1.1,Oppo,Note 10,Vi,Marathi,Android,15,app,play_store,6,5,200.6,organic,none,ag2,paid,0
100670,Wed,5,Android,1,1,Male,29.0,Delhi,MP,0,1,0,0,0,0,1,0,1.0,OnePlus,A12,BSNL,Hindi,Android,12,app,play_store,10,4,218.8,organic,activation,ag3,none,0
100671,Thu,11,Android,0,1,Unknown,26.0,Indore,Karnataka,1,0,0,0,0,0,0,0,1.0,Apple,Note 10,BSNL,English,Android,13,app,play_store,10,2,488.2,organic,brand,ag3,none,1
100672,Tue,14,Android,0,1,Male,32.0,Pune,Delhi,0,0,0,0,0,0,0,0,1.2,Oppo,iPhone 13,Vi,Hindi,Android,14,app,app_store,4,2,416.7,meta,activation,none,crm,0
100673,Mon,7,Android,0,1,Male,31.0,Indore,MP,0,0,0,1,0,1,0,0,1.2,Vivo,iPhone 13,Jio,Marathi,Android,12,web,play_store,7,5,529.2,google,none,ag3,crm,1
100674,Sun,3,Android,0,1,Male,25.0,Pune,Rajasthan,0,1,0,0,0,0,0,0,2.0,Samsung,Nord,Other,Hindi,Android,14,app,app_store,8,2,313.8,referral,activation,ag2,crm,0
100675,Sun,14,Web,0,1,Male,31.0,Mumbai,Unknown,0,0,0,1,0,1,0,0,2.0,Vivo,A12,BSNL,Hindi,Android,14,app,play_store,5,0,229.5,influencer,generic,none,crm,0
100676,Sat,19,Android,1,1,Female,24.0,Bangalore,Unknown,0,0,0,1,0,0,0,0,2.0,Vivo,Y21,BSNL,Marathi,Android,13,app,play_store,10,4,187.4,organic,brand,ag1,organic,0
100677,Fri,16,Android,0,3,Female,29.0,Delhi,Rajasthan,0,1,0,0,0,0,0,1,2.0,Vivo,A12,Vi,English,Android,13,app,play_store,8,1,364.8,referral,activation,ag1,crm,0
100678,Thu,12,Android,0,1,Male,27.0,Mumbai,Unknown,0,1,0,0,0,0,1,0,1.1,Apple,iPhone 13,Airtel,Bengali,Android,16,app,play_store,3,3,429.5,organic,generic,ag3,crm,0
100679,Mon,17,Android,0,2,Male,20.0,Indore,Rajasthan,1,0,0,0,0,0,0,0,1.1,OnePlus,Note 10,Other,English,Android,17,app,play_store,11,0,330.0,referral,remarketing,none,none,0
100680,Sun,1,iOS,1,1,Male,18.0,Pune,Maharashtra,0,0,0,1,0,0,1,0,2.1,Samsung,Nord,Other,Bengali,iOS,11,app,play_store,11,1,424.0,google,remarketing,none,paid,0
100681,Fri,12,Android,1,1,Male,22.0,Jaipur,Karnataka,0,0,0,0,0,0,0,0,2.1,Vivo,Y21,Other,Marathi,Android,12,web,app_store,9,6,532.0,meta,none,ag2,paid,0
100682,Sun,12,Android,1,1,Female,44.0,Bangalore,Maharashtra,0,1,0,0,0,0,0,0,2.0,Vivo,Note 10,Jio,Marathi,Android,13,web,play_store,4,3,57.8,meta,brand,ag1,organic,0
100683,Mon,21,Android,0,1,Female,28.0,Pune,Maharashtra,0,1,0,0,1,0,0,0,2.0,Vivo,Y21,Airtel,Bengali,Android,14,app,play_store,7,3,352.7,influencer,remarketing,ag2,paid,1
100684,Wed,14,iOS,0,1,Unknown,36.0,Indore,Maharashtra,1,0,0,1,0,0,0,0,1.1,Xiaomi,Nord,Other,Marathi,Android,14,web,app_store,4,5,98.8,meta,activation,none,none,0
100685,Mon,19,Android,1,1,Male,18.0,Unknown,Rajasthan,1,0,0,1,0,0,0,0,2.0,Samsung,Reno,Jio,Marathi,Android,14,app,web,7,5,245.3,google,activation,ag3,none,0
100686,Sat,9,iOS,0,1,Male,22.0,Indore,MP,1,1,0,0,0,0,0,0,2.0,Vivo,Nord,Jio,Bengali,Android,17,app,play_store,10,5,195.3,influencer,none,none,crm,0
100687,Mon,2,Android,0,1,Female,19.0,Delhi,Delhi,1,0,0,0,0,0,0,0,1.1,Apple,Y21,Jio,Hindi,Android,12,app,play_store,9,1,341.3,organic,generic,none,paid,1
100688,Mon,18,Android,0,1,Unknown,28.0,Mumbai,Delhi,1,0,0,0,0,0,0,0,1.0,Xiaomi,iPhone 13,Other,English,Android,16,app,play_store,13,3,464.9,meta,generic,ag3,organic,0
100689,Sat,2,Android,0,1,Female,49.0,Bangalore,Karnataka,0,0,0,0,0,0,0,0,1.1,Xiaomi,Note 10,Other,English,Android,15,app,play_store,10,5,361.1,referral,brand,ag1,crm,1
100690,Thu,21,Web,1,1,Male,34.0,Delhi,Karnataka,0,1,0,0,0,0,0,0,2.0,OnePlus,Note 10,Vi,Tamil,Android,11,app,play_store,11,0,554.2,organic,remarketing,ag2,paid,0
100691,Mon,13,iOS,0,1,Male,44.0,Pune,Rajasthan,0,0,0,0,0,0,0,0,1.1,Oppo,A12,Vi,Marathi,Android,14,app,play_store,13,4,146.6,organic,generic,ag1,none,0
100692,Sat,7,Android,0,4,Female,28.0,Unknown,Delhi,0,0,0,0,0,0,0,0,2.1,Apple,Note 10,Airtel,Hindi,Android,11,app,play_store,12,4,276.5,influencer,generic,ag2,organic,1
100693,Fri,22,Android,0,1,Female,41.0,Mumbai,MP,0,0,1,1,0,1,0,0,1.0,Oppo,iPhone 13,Vi,Hindi,Android,15,app,app_store,5,0,130.5,google,generic,ag2,none,0
100694,Wed,3,Android,0,1,Female,47.0,Bangalore,Rajasthan,0,0,1,0,0,0,0,0,1.0,Xiaomi,iPhone 13,Other,Marathi,iOS,11,app,web,9,4,588.5,meta,generic,ag2,organic,0
100695,Wed,19,Android,0,1,Male,29.0,Pune,Karnataka,0,0,1,1,0,1,0,1,1.0,Oppo,Y21,Vi,English,Android,12,app,app_store,4,3,277.9,influencer,generic,ag3,none,0
100696,Mon,10,Android,1,1,Unknown,26.0,Bangalore,Rajasthan,0,0,0,0,0,0,0,0,1.1,OnePlus,A12,Airtel,Tamil,iOS,12,app,play_store,5,4,283.9,referral,activation,ag1,paid,0
100697,Thu,10,iOS,0,1,Male,19.0,Bangalore,Karnataka,0,0,0,0,0,0,0,1,2.1,Oppo,Note 10,Other,Tamil,Android,16,app,play_store,6,6,81.8,referral,remarketing,ag2,crm,0
100698,Thu,10,iOS,0,1,Unknown,28.0,Jaipur,Delhi,0,0,0,0,0,0,0,0,1.2,Oppo,Note 10,BSNL,Tamil,iOS,16,app,play_store,5,4,273.2,meta,brand,ag3,paid,0
100699,Fri,1,Android,0,2,Female,31.0,Jaipur,Rajasthan,1,0,0,1,0,0,0,0,2.1,Vivo,Nord,BSNL,Bengali,Android,14,app,play_store,11,2,312.9,meta,activation,ag3,crm,0
100700,Mon,16,Android,0,1,Female,46.0,Unknown,Maharashtra,0,0,0,0,0,0,0,0,2.1,Xiaomi,Y21,BSNL,Bengali,Android,11,app,play_store,8,1,823.4,meta,activation,ag1,paid,0
100701,Wed,8,iOS,0,1,Female,20.0,Mumbai,Unknown,1,0,0,0,1,1,0,1,2.0,Oppo,Reno,Airtel,Marathi,Android,13,app,app_store,10,0,246.4,organic,remarketing,ag1,paid,0
100702,Thu,1,iOS,0,1,Male,30.0,Jaipur,Karnataka,1,0,0,0,0,0,0,0,2.1,OnePlus,A12,Airtel,Tamil,Android,15,app,play_store,18,5,172.3,organic,brand,ag2,organic,0
100703,Mon,23,Android,1,1,Male,18.0,Pune,Maharashtra,0,0,1,1,0,0,0,0,1.1,Apple,iPhone 13,Other,Hindi,Android,12,app,app_store,7,1,188.9,referral,none,ag3,none,0
100704,Sun,14,Android,1,3,Male,27.0,Jaipur,Karnataka,0,0,0,1,0,0,0,0,1.0,Vivo,Note 10,BSNL,Bengali,iOS,12,app,play_store,9,2,260.0,organic,remarketing,ag2,paid,0
100705,Thu,15,Android,0,2,Male,32.0,Unknown,Maharashtra,0,0,0,0,0,0,0,1,2.1,Xiaomi,Note 10,Jio,Bengali,Android,15,app,play_store,6,4,699.2,referral,brand,none,crm,0
100706,Sat,3,Android,0,1,Male,34.0,Unknown,Delhi,1,0,1,0,0,1,0,0,2.1,Xiaomi,Reno,Vi,Marathi,Android,13,app,play_store,13,3,168.7,influencer,generic,ag1,organic,1
100707,Sun,7,Android,1,1,Male,35.0,Delhi,Delhi,0,0,0,1,1,0,0,1,1.2,Samsung,Nord,BSNL,Bengali,iOS,13,app,play_store,7,3,242.3,referral,none,ag1,organic,0
100708,Thu,8,Android,1,1,Female,33.0,Delhi,MP,0,0,0,0,0,1,0,1,1.2,Xiaomi,Nord,BSNL,Marathi,Android,14,app,play_store,9,1,135.5,referral,activation,ag2,none,0
100709,Wed,4,Android,0,1,Male,35.0,Delhi,MP,0,0,0,0,0,0,0,0,2.0,Oppo,Note 10,BSNL,Hindi,Android,15,app,web,6,1,256.8,google,activation,ag3,none,0
100710,Tue,15,Android,1,1,Female,30.0,Unknown,MP,0,0,0,0,0,0,0,0,1.2,Samsung,Note 10,BSNL,Marathi,iOS,16,app,play_store,7,1,598.8,organic,activation,ag1,paid,0
100711,Sun,12,Android,1,4,Female,22.0,Bangalore,Rajasthan,1,0,0,0,0,0,0,0,2.0,Xiaomi,Nord,Other,Tamil,Android,13,app,play_store,12,2,159.0,google,brand,ag2,crm,0
100712,Fri,6,Android,1,1,Male,18.0,Indore,Karnataka,0,0,0,0,0,0,0,0,1.1,Vivo,iPhone 13,Vi,Bengali,Android,13,app,play_store,8,1,136.2,organic,activation,ag1,crm,0
100713,Fri,19,iOS,0,1,Male,26.0,Mumbai,Rajasthan,0,0,0,0,1,0,0,0,1.0,Xiaomi,Note 10,BSNL,English,Android,12,app,play_store,5,1,1597.5,organic,generic,none,none,1
100714,Wed,16,iOS,0,2,Male,29.0,Delhi,MP,0,1,0,0,0,0,0,0,1.2,OnePlus,Y21,Other,Marathi,Android,11,app,play_store,11,3,439.6,referral,brand,ag3,none,0
100715,Thu,2,Android,0,1,Female,40.0,Mumbai,Karnataka,0,0,0,0,0,1,0,0,1.1,OnePlus,Note 10,BSNL,Hindi,Android,15,app,play_store,7,4,358.7,referral,none,none,organic,0
100716,Mon,4,Android,1,4,Female,29.0,Jaipur,Rajasthan,0,0,0,1,0,0,1,0,1.0,Vivo,Y21,Jio,Tamil,iOS,15,app,app_store,8,0,597.4,google,brand,ag2,none,0
100717,Thu,18,Web,0,1,Male,28.0,Bangalore,Delhi,0,1,0,0,0,0,1,0,1.1,Xiaomi,Nord,Other,Marathi,iOS,12,app,play_store,9,3,352.5,influencer,brand,ag2,crm,0
100718,Wed,11,Android,0,3,Female,33.0,Mumbai,Karnataka,0,0,0,0,0,0,0,0,1.1,Xiaomi,Reno,Jio,Tamil,Android,17,app,app_store,4,3,1058.6,organic,remarketing,ag3,organic,1
100719,Fri,6,Android,1,1,Male,28.0,Delhi,MP,0,0,0,1,0,0,0,0,1.1,Oppo,Reno,BSNL,Hindi,iOS,14,app,play_store,8,8,307.3,referral,remarketing,ag1,paid,0
100720,Thu,8,Android,1,1,Female,36.0,Delhi,Delhi,0,0,0,0,0,0,0,0,1.1,Xiaomi,iPhone 13,Vi,Tamil,Android,12,app,play_store,8,4,109.4,organic,none,ag2,organic,1
100721,Fri,5,Android,1,1,Male,46.0,Unknown,Karnataka,1,0,0,0,0,0,0,0,1.2,Oppo,A12,Other,Hindi,Android,17,web,play_store,6,0,942.6,meta,remarketing,ag1,paid,1
100722,Sun,16,Android,1,1,Female,48.0,Bangalore,Rajasthan,0,0,0,1,0,0,0,0,2.1,Samsung,A12,Jio,Bengali,Android,14,app,play_store,7,3,422.1,influencer,remarketing,ag3,organic,0
100723,Mon,15,iOS,1,1,Unknown,31.0,Bangalore,Unknown,0,0,0,0,0,0,0,0,1.1,Xiaomi,A12,Jio,Tamil,Android,17,app,play_store,13,2,720.6,referral,none,ag2,crm,0
100724,Sun,22,Android,0,4,Female,33.0,Pune,Unknown,0,0,0,0,0,0,0,1,1.0,OnePlus,Nord,Vi,English,Android,11,app,app_store,9,2,163.2,influencer,remarketing,none,paid,0
100725,Fri,2,Android,1,2,Male,43.0,Bangalore,MP,0,0,0,1,0,0,0,0,1.2,Oppo,Nord,Other,English,iOS,12,app,web,8,1,232.5,influencer,activation,ag3,organic,0
100726,Fri,20,iOS,1,1,Male,29.0,Indore,Rajasthan,0,0,0,0,1,0,0,0,1.2,Vivo,Note 10,Airtel,English,Android,15,app,app_store,5,4,118.7,influencer,none,none,organic,0
100727,Tue,3,Android,0,1,Female,35.0,Indore,Delhi,0,1,0,0,0,0,1,0,1.1,Samsung,iPhone 13,Jio,Marathi,Android,17,app,app_store,9,3,429.9,google,remarketing,ag1,paid,0
100728,Tue,9,Android,0,1,Male,21.0,Delhi,Delhi,0,0,0,0,0,0,0,1,1.1,Samsung,iPhone 13,Other,Bengali,iOS,13,app,web,4,3,163.4,organic,remarketing,ag1,paid,0
100729,Sun,4,Android,1,1,Male,28.0,Jaipur,Delhi,1,0,0,0,0,0,0,0,1.0,Vivo,Note 10,Airtel,Bengali,Android,11,app,play_store,13,5,113.8,meta,brand,ag2,paid,0
100730,Sat,20,Android,0,1,Female,39.0,Bangalore,Karnataka,0,1,0,1,0,0,0,0,2.1,Samsung,iPhone 13,Other,Hindi,Android,12,app,web,13,3,283.8,google,remarketing,ag2,paid,0
100731,Sun,21,Android,1,3,Male,24.0,Indore,MP,0,1,0,0,0,0,0,0,1.2,Vivo,iPhone 13,BSNL,Hindi,Android,16,app,play_store,2,0,91.5,influencer,activation,ag3,crm,0
100732,Tue,9,Android,0,1,Male,29.0,Unknown,Unknown,0,1,0,0,0,0,0,0,1.1,Apple,Note 10,Jio,Marathi,Android,16,app,play_store,5,3,692.7,meta,generic,ag2,paid,1
100733,Fri,11,Android,0,1,Unknown,18.0,Indore,Delhi,0,0,0,0,0,0,0,0,2.0,Oppo,Reno,Airtel,Tamil,iOS,15,app,play_store,15,2,613.7,organic,generic,ag2,none,1
100734,Wed,9,Android,0,1,Male,46.0,Unknown,Rajasthan,0,1,0,0,0,0,0,0,2.0,Xiaomi,Nord,Vi,Marathi,Android,15,app,play_store,9,0,43.7,influencer,activation,none,crm,0
100735,Sun,12,Android,0,1,Male,40.0,Pune,MP,0,0,0,0,0,1,0,0,1.1,Samsung,A12,Vi,English,Android,17,app,web,17,0,132.7,meta,generic,ag2,organic,0
100736,Fri,10,Android,1,1,Female,32.0,Jaipur,Unknown,0,0,0,0,1,1,0,1,2.0,Apple,Reno,BSNL,Bengali,iOS,16,app,app_store,2,0,164.3,influencer,none,none,organic,0
100737,Wed,21,Android,0,1,Female,34.0,Unknown,Rajasthan,0,1,0,1,0,0,0,0,1.0,Vivo,Reno,BSNL,Hindi,Android,15,app,play_store,7,4,352.5,google,remarketing,ag2,crm,0
100738,Wed,15,Android,0,1,Male,33.0,Jaipur,Rajasthan,0,0,0,1,0,0,0,0,2.1,Xiaomi,Note 10,Airtel,Hindi,Android,13,app,play_store,9,3,255.8,referral,activation,ag2,crm,1
100739,Tue,7,Android,0,1,Female,41.0,Bangalore,Delhi,0,0,0,0,0,0,0,0,2.0,Vivo,Note 10,Jio,Bengali,Android,15,app,app_store,8,1,286.5,google,brand,ag2,organic,0
100740,Sun,7,Web,0,1,Female,26.0,Pune,MP,1,0,0,0,0,0,0,0,1.0,Vivo,A12,Jio,English,Android,13,app,play_store,7,3,126.9,influencer,brand,ag1,none,0
100741,Thu,7,Android,0,1,Male,36.0,Jaipur,Maharashtra,0,0,0,0,0,0,0,0,2.0,Vivo,A12,Vi,English,Android,12,app,play_store,9,2,30.8,referral,remarketing,ag3,paid,0
100742,Mon,12,Android,1,1,Male,39.0,Jaipur,Karnataka,0,0,0,1,0,1,0,0,1.0,Samsung,Y21,BSNL,English,iOS,17,app,play_store,10,3,532.1,referral,remarketing,ag2,organic,0
100743,Tue,1,iOS,0,1,Male,40.0,Unknown,Maharashtra,0,0,0,0,0,0,0,0,1.0,Apple,Y21,Vi,Bengali,Android,14,app,play_store,5,1,122.2,referral,activation,ag1,paid,0
100744,Tue,11,Android,0,2,Female,18.0,Mumbai,Karnataka,0,0,0,1,0,0,0,0,1.1,Samsung,Y21,Airtel,Marathi,Android,11,app,app_store,10,2,281.8,referral,activation,ag3,none,0
100745,Thu,9,Android,0,1,Female,25.0,Pune,MP,1,0,0,1,0,0,0,1,1.2,Xiaomi,Nord,Vi,English,iOS,11,app,play_store,10,4,433.3,organic,none,ag2,paid,1
100746,Mon,11,iOS,0,1,Male,22.0,Jaipur,Unknown,0,0,0,0,0,0,0,0,1.0,Apple,Note 10,Vi,Marathi,Android,12,app,play_store,9,0,54.5,influencer,activation,none,crm,0
100747,Fri,10,iOS,0,1,Female,31.0,Mumbai,Delhi,0,0,0,0,0,1,0,0,2.0,Xiaomi,Y21,BSNL,Tamil,Android,12,app,play_store,10,6,68.8,google,brand,ag2,none,0
100748,Sat,14,Android,0,1,Female,18.0,Mumbai,MP,0,0,0,0,0,0,0,0,1.1,Samsung,Nord,BSNL,Hindi,Android,15,app,play_store,13,2,151.4,organic,none,ag3,organic,1
100749,Sun,15,Android,1,1,Male,18.0,Jaipur,Maharashtra,0,0,0,1,0,0,1,0,1.2,OnePlus,A12,Jio,Marathi,iOS,15,app,web,6,0,209.5,referral,generic,ag2,paid,0
100750,Sat,16,Android,1,1,Female,47.0,Unknown,Rajasthan,0,0,0,0,0,0,0,1,2.1,Oppo,Y21,Jio,Tamil,Android,12,app,play_store,4,2,325.1,meta,activation,none,crm,0
100751,Fri,1,iOS,1,1,Male,35.0,Bangalore,Karnataka,0,1,0,1,0,0,0,0,1.0,Oppo,Note 10,Jio,Bengali,Android,11,app,play_store,9,2,180.4,meta,none,ag3,none,0
100752,Tue,17,Android,0,2,Unknown,31.0,Mumbai,Karnataka,0,0,0,1,1,0,0,0,1.0,Apple,Reno,Vi,Tamil,Android,12,app,play_store,9,3,241.7,referral,remarketing,ag1,paid,0
100753,Mon,11,Android,0,3,Female,33.0,Mumbai,Maharashtra,0,1,0,0,0,0,0,1,1.2,Oppo,iPhone 13,Vi,Tamil,Android,17,app,play_store,6,3,190.3,google,activation,ag1,none,1
100754,Tue,18,iOS,0,1,Female,31.0,Pune,Delhi,1,0,0,0,0,0,0,0,1.1,Vivo,Nord,Other,Hindi,Android,15,app,play_store,5,1,86.6,organic,generic,ag1,none,0
100755,Wed,22,Android,1,1,Female,38.0,Bangalore,MP,0,0,1,0,0,0,0,0,2.1,Oppo,Reno,Airtel,Tamil,Android,12,app,play_store,10,4,693.3,google,none,ag2,none,1
100756,Tue,17,iOS,1,4,Female,25.0,Unknown,Maharashtra,0,0,0,0,0,0,0,0,1.2,Oppo,Nord,Other,Tamil,iOS,15,web,play_store,11,6,375.1,influencer,brand,ag2,organic,0
100757,Tue,16,Android,0,1,Female,31.0,Bangalore,MP,0,1,0,0,0,0,0,0,2.1,Vivo,A12,Airtel,Hindi,Android,11,app,app_store,9,3,408.5,organic,activation,ag2,paid,0
100758,Fri,5,Android,0,1,Female,32.0,Mumbai,Delhi,1,0,0,0,0,0,0,0,1.2,Vivo,A12,BSNL,Bengali,iOS,17,app,play_store,7,3,173.6,referral,brand,none,none,0
100759,Fri,14,Android,1,4,Unknown,22.0,Unknown,Rajasthan,0,0,0,1,0,1,0,0,1.1,Xiaomi,A12,Vi,English,Android,16,app,play_store,8,2,158.9,organic,remarketing,ag2,none,0
100760,Fri,2,iOS,1,4,Female,40.0,Pune,MP,1,0,0,1,0,0,0,1,2.0,Samsung,Reno,Other,Marathi,iOS,17,app,app_store,15,1,364.3,organic,remarketing,ag1,crm,0
100761,Sat,5,Android,1,1,Male,26.0,Pune,Delhi,0,0,0,0,0,1,0,0,1.2,Apple,Y21,Vi,Marathi,Android,17,app,play_store,10,6,254.2,organic,none,ag1,paid,0
100762,Wed,2,Android,1,1,Unknown,38.0,Pune,Maharashtra,0,0,0,0,0,0,0,0,2.0,Vivo,A12,Other,Tamil,iOS,17,app,play_store,5,2,238.3,google,generic,ag1,paid,0
100763,Fri,0,Android,1,1,Female,31.0,Pune,Unknown,1,0,0,0,0,0,0,0,1.2,Apple,iPhone 13,Jio,English,Android,14,app,play_store,7,5,289.8,google,remarketing,ag3,organic,1
100764,Mon,12,Android,0,2,Female,43.0,Delhi,Rajasthan,1,0,0,0,0,0,0,1,1.0,Xiaomi,Nord,Airtel,English,Android,17,app,play_store,10,2,62.5,referral,generic,none,crm,0
100765,Sat,20,Web,1,3,Unknown,22.0,Unknown,Rajasthan,0,0,0,0,0,0,0,0,1.1,Oppo,Reno,Jio,Tamil,iOS,11,app,play_store,9,3,425.0,google,activation,ag2,organic,0
100766,Thu,13,Android,1,1,Male,21.0,Jaipur,Rajasthan,0,1,0,0,0,0,0,0,1.0,Samsung,Nord,Vi,Marathi,Android,16,app,play_store,11,1,369.2,influencer,brand,none,crm,0
100767,Mon,12,Android,1,1,Male,23.0,Mumbai,Karnataka,0,0,0,0,0,0,0,1,2.1,Samsung,A12,BSNL,Marathi,Android,13,app,play_store,6,2,181.1,google,activation,ag1,none,1
100768,Sun,3,Web,0,1,Male,31.0,Mumbai,Unknown,0,0,0,0,0,0,0,0,2.0,Vivo,Note 10,BSNL,English,Android,15,app,app_store,10,4,453.6,referral,brand,ag3,organic,0
100769,Sun,6,Android,0,1,Female,42.0,Mumbai,Delhi,1,0,0,1,0,0,0,0,2.1,Oppo,Nord,Jio,English,Android,12,app,app_store,4,2,182.1,meta,none,ag3,organic,0
100770,Mon,21,Android,0,2,Female,43.0,Bangalore,MP,0,0,0,0,0,1,0,0,2.0,Samsung,Y21,Other,Tamil,Android,12,app,play_store,9,5,114.2,influencer,generic,none,paid,0
100771,Fri,9,Android,0,1,Unknown,18.0,Unknown,Maharashtra,0,0,0,1,0,0,0,0,2.0,Apple,Note 10,Jio,Marathi,Android,15,app,play_store,5,4,495.4,referral,generic,ag1,organic,0
100772,Thu,6,iOS,1,1,Male,32.0,Bangalore,Rajasthan,0,1,0,0,0,1,0,0,1.1,Oppo,Note 10,BSNL,Marathi,Android,13,app,play_store,9,5,757.9,referral,remarketing,ag3,organic,1
100773,Thu,20,Android,0,1,Female,18.0,Pune,Rajasthan,0,1,1,0,1,0,0,0,2.1,OnePlus,iPhone 13,Jio,Tamil,iOS,15,app,app_store,7,2,484.7,meta,remarketing,ag3,none,1
100774,Sat,14,Android,0,1,Unknown,36.0,Jaipur,Rajasthan,0,0,0,0,0,0,0,1,1.0,Vivo,Reno,Airtel,Tamil,iOS,12,app,app_store,6,2,255.3,google,remarketing,ag2,paid,1
100775,Thu,14,Android,1,1,Female,39.0,Unknown,Delhi,0,0,0,0,0,0,0,0,1.0,Apple,A12,Jio,Bengali,Android,14,app,play_store,5,3,236.3,organic,activation,ag3,organic,0
100776,Sun,3,Android,0,1,Male,30.0,Bangalore,Maharashtra,0,0,0,0,0,0,0,0,2.0,Samsung,Y21,Other,English,iOS,13,app,play_store,6,0,304.8,meta,generic,ag2,crm,0
100777,Wed,22,Android,0,1,Female,31.0,Indore,Delhi,1,0,0,0,0,0,0,1,2.0,Apple,Note 10,Vi,English,Android,12,app,app_store,8,4,671.7,google,generic,ag3,crm,0
100778,Fri,22,Android,0,1,Unknown,31.0,Unknown,Maharashtra,0,0,1,0,0,0,0,0,2.0,Oppo,Note 10,Jio,English,Android,17,app,play_store,6,4,141.3,meta,none,ag2,crm,1
100779,Thu,5,Android,0,3,Unknown,24.0,Mumbai,MP,0,0,0,0,0,0,0,0,2.1,Apple,A12,Airtel,Hindi,Android,17,app,play_store,7,5,280.5,influencer,remarketing,ag2,organic,0
100780,Sat,23,Android,0,1,Female,33.0,Mumbai,Karnataka,0,0,1,0,0,0,0,0,2.1,Vivo,Y21,Other,Hindi,Android,11,app,play_store,11,3,332.6,google,activation,ag3,paid,1
100781,Sun,19,Android,1,1,Female,28.0,Delhi,Maharashtra,0,0,0,0,1,0,0,0,1.2,Samsung,A12,Airtel,Tamil,Android,17,app,play_store,5,2,138.1,influencer,generic,ag2,crm,0
100782,Wed,4,iOS,0,1,Male,37.0,Delhi,Unknown,0,0,0,0,0,1,0,0,1.0,Apple,Reno,Other,Bengali,iOS,13,app,play_store,6,9,91.7,referral,brand,ag3,paid,0
100783,Tue,19,iOS,1,3,Male,29.0,Indore,Delhi,1,1,0,0,0,0,0,0,2.0,Apple,Y21,BSNL,Hindi,Android,15,app,play_store,13,2,307.6,referral,none,none,paid,1
100784,Tue,11,iOS,0,1,Unknown,23.0,Delhi,Delhi,1,1,0,0,0,1,0,0,2.1,Xiaomi,A12,BSNL,English,iOS,17,web,play_store,11,2,294.9,meta,activation,ag3,paid,1
100785,Wed,0,Android,0,1,Male,18.0,Jaipur,Delhi,1,0,0,0,0,0,0,0,1.2,Oppo,A12,Vi,Bengali,Android,11,app,play_store,6,6,79.7,influencer,none,ag2,crm,1
100786,Sun,7,Android,0,1,Male,18.0,Pune,Karnataka,0,0,1,1,0,0,0,0,2.0,Vivo,A12,Vi,Marathi,Android,16,app,play_store,5,3,845.3,google,activation,none,organic,0
100787,Sat,0,Android,0,1,Male,41.0,Pune,Maharashtra,1,0,0,0,0,0,0,0,1.0,Samsung,iPhone 13,Other,Tamil,Android,16,app,play_store,5,2,475.3,organic,remarketing,ag1,none,0
100788,Wed,4,iOS,0,4,Female,26.0,Unknown,Maharashtra,0,0,0,0,0,0,0,0,2.1,Apple,A12,Airtel,Hindi,Android,14,app,web,6,2,338.9,google,activation,ag3,crm,1
100789,Fri,21,iOS,0,2,Female,33.0,Mumbai,Maharashtra,0,0,0,0,1,0,0,0,2.0,Xiaomi,Reno,Airtel,Bengali,iOS,14,app,play_store,8,2,353.0,influencer,none,ag1,none,0
100790,Fri,5,iOS,0,1,Male,44.0,Pune,Maharashtra,0,0,0,0,1,0,0,0,1.1,Oppo,Reno,Jio,Hindi,Android,15,app,play_store,7,2,200.7,influencer,activation,ag2,crm,1
100791,Tue,20,Android,0,1,Unknown,25.0,Delhi,Rajasthan,0,0,0,0,0,0,0,0,1.1,Vivo,Reno,BSNL,Hindi,Android,17,app,play_store,15,1,548.7,referral,brand,ag1,organic,1
100792,Thu,2,Android,0,1,Unknown,25.0,Indore,Rajasthan,0,0,0,0,0,0,0,0,1.0,Xiaomi,Note 10,Jio,Tamil,Android,16,app,play_store,8,0,255.0,google,none,ag2,crm,0
100793,Sat,14,Android,0,1,Male,29.0,Jaipur,Unknown,0,1,0,0,0,0,0,0,1.2,Oppo,iPhone 13,Vi,Hindi,Android,16,app,play_store,16,6,464.6,meta,generic,ag1,crm,0
100794,Tue,4,Android,1,2,Male,30.0,Pune,Delhi,0,0,0,0,0,1,0,0,1.2,OnePlus,Reno,BSNL,Tamil,iOS,17,app,play_store,13,5,137.3,meta,activation,ag3,none,1
100795,Thu,23,Android,1,4,Female,45.0,Mumbai,Rajasthan,0,0,0,0,0,0,0,0,1.1,Samsung,A12,Airtel,Tamil,Android,17,app,app_store,7,2,225.6,influencer,generic,none,crm,0
100796,Thu,13,Web,0,1,Female,43.0,Mumbai,Maharashtra,0,0,0,0,0,0,0,0,1.0,Vivo,Y21,BSNL,Marathi,Android,15,app,play_store,7,6,48.4,organic,generic,none,crm,1
100797,Fri,17,Android,0,1,Male,35.0,Jaipur,Maharashtra,1,0,0,0,1,0,0,0,1.1,Samsung,Nord,Vi,English,iOS,11,app,play_store,4,3,549.2,referral,generic,ag3,none,0
100798,Sun,15,Android,1,1,Male,42.0,Delhi,Rajasthan,1,0,0,0,0,0,0,0,2.0,Oppo,iPhone 13,BSNL,Marathi,Android,12,app,play_store,10,3,567.0,referral,brand,ag3,organic,1
100799,Mon,5,Android,0,1,Male,29.0,Pune,MP,0,1,0,1,0,1,0,0,2.1,Apple,Reno,Vi,Hindi,Android,17,app,play_store,8,5,172.9,meta,brand,ag1,none,0
100800,Sun,23,iOS,1,1,Male,32.0,Delhi,Unknown,0,0,0,0,0,0,0,0,1.2,Apple,Y21,Airtel,Marathi,iOS,13,app,play_store,8,5,109.8,google,generic,ag3,organic,0
100801,Mon,13,Android,0,1,Male,28.0,Mumbai,Delhi,0,1,0,0,0,0,0,1,2.1,OnePlus,Reno,Other,Bengali,iOS,13,app,play_store,6,4,666.6,google,remarketing,ag1,paid,0
100802,Wed,23,Android,1,1,Female,20.0,Indore,Karnataka,0,0,0,0,0,1,0,0,1.0,Apple,Reno,BSNL,Marathi,Android,11,app,play_store,11,1,172.6,influencer,remarketing,ag1,paid,0
100803,Fri,7,iOS,0,1,Female,40.0,Pune,Unknown,1,0,0,0,0,0,0,0,1.0,Samsung,iPhone 13,Other,Marathi,Android,15,app,play_store,6,3,161.8,referral,remarketing,ag1,paid,0
100804,Thu,6,Android,1,1,Female,34.0,Unknown,Delhi,0,1,1,0,0,1,0,0,1.1,Samsung,Y21,Vi,Marathi,Android,15,app,play_store,5,5,209.7,google,activation,ag2,paid,1
100805,Sat,7,Android,0,1,Male,30.0,Indore,Delhi,1,1,0,1,1,0,0,1,1.0,Samsung,Reno,BSNL,Tamil,Android,12,app,app_store,8,2,502.5,organic,activation,none,crm,0
100806,Mon,12,Android,1,1,Female,30.0,Jaipur,Delhi,0,1,0,0,0,0,0,0,2.1,Apple,Note 10,Airtel,English,iOS,14,web,play_store,7,4,90.6,google,activation,none,organic,0
100807,Sun,5,Android,0,1,Male,18.0,Pune,Unknown,0,0,0,0,0,0,0,1,1.2,Oppo,Y21,BSNL,Marathi,Android,17,app,play_store,10,3,64.9,referral,brand,none,crm,0
100808,Thu,17,iOS,0,2,Male,22.0,Mumbai,Unknown,1,0,0,0,0,0,0,0,1.1,OnePlus,Note 10,Airtel,Marathi,Android,14,app,app_store,7,3,353.0,google,none,ag3,paid,0
100809,Mon,1,iOS,1,1,Female,33.0,Pune,Rajasthan,0,0,0,1,0,0,0,1,1.0,Apple,Y21,Vi,English,iOS,11,app,play_store,14,1,300.2,referral,brand,none,organic,0
100810,Mon,7,Android,0,2,Female,26.0,Mumbai,Delhi,0,0,0,0,0,1,0,1,2.0,Oppo,Reno,Other,Marathi,Android,17,app,play_store,3,8,250.0,referral,none,ag1,crm,1
100811,Mon,10,Android,1,2,Male,28.0,Bangalore,Maharashtra,1,0,0,0,0,0,0,0,1.0,Oppo,iPhone 13,Jio,English,Android,11,app,app_store,2,4,134.0,referral,none,ag3,paid,1
100812,Sat,0,Android,0,1,Female,29.0,Mumbai,Delhi,0,0,0,0,0,0,0,0,1.2,Oppo,Nord,Jio,Marathi,Android,14,app,play_store,3,2,227.7,influencer,brand,ag1,crm,0
100813,Fri,21,Android,1,1,Unknown,25.0,Mumbai,Maharashtra,0,1,0,1,0,0,1,0,1.1,Vivo,iPhone 13,BSNL,Marathi,iOS,17,app,play_store,7,3,138.4,referral,generic,ag2,paid,0
100814,Sat,5,Android,0,3,Female,22.0,Jaipur,Rajasthan,0,0,0,0,1,1,0,0,1.2,Samsung,Reno,Other,Bengali,iOS,16,app,play_store,8,4,447.3,meta,remarketing,ag3,paid,1
100815,Tue,15,Android,1,1,Female,18.0,Pune,Rajasthan,1,0,0,0,0,1,0,0,2.1,Oppo,Note 10,Airtel,Bengali,iOS,12,app,web,12,4,115.6,influencer,brand,ag3,crm,1
100816,Thu,19,Android,1,3,Unknown,29.0,Indore,Delhi,0,0,0,0,0,0,0,1,2.1,Oppo,Y21,Jio,Bengali,Android,12,app,play_store,7,3,364.0,referral,brand,ag2,crm,0
100817,Fri,11,iOS,0,1,Female,35.0,Mumbai,Unknown,1,0,1,0,0,1,0,1,1.0,Oppo,Reno,Other,Tamil,Android,11,app,play_store,9,1,344.6,referral,generic,ag1,crm,0
100818,Fri,10,Android,1,1,Female,18.0,Pune,Maharashtra,0,1,0,0,0,1,0,1,2.0,OnePlus,Y21,Other,Hindi,Android,13,app,web,5,5,436.0,influencer,generic,ag3,organic,0
100819,Fri,9,Android,1,1,Male,30.0,Mumbai,Maharashtra,0,0,0,1,0,0,0,1,2.0,Samsung,Y21,Vi,Bengali,Android,13,app,play_store,9,4,646.0,influencer,generic,ag2,organic,1
100820,Sun,2,Android,0,1,Male,32.0,Delhi,Maharashtra,0,1,0,0,0,0,0,0,1.1,Vivo,Nord,Jio,Hindi,Android,14,app,play_store,9,3,39.7,organic,brand,ag1,crm,0
100821,Fri,12,iOS,0,4,Female,22.0,Delhi,Maharashtra,0,1,0,0,1,0,0,0,1.0,Samsung,Reno,Vi,English,iOS,15,web,play_store,7,4,375.4,organic,remarketing,none,none,0
100822,Sat,2,Android,0,1,Female,41.0,Delhi,Karnataka,0,1,0,0,0,0,0,0,1.2,Apple,iPhone 13,Other,Hindi,Android,17,app,app_store,8,0,53.0,organic,brand,ag2,crm,0
100823,Fri,14,Android,1,1,Male,27.0,Delhi,Rajasthan,1,0,0,1,0,0,1,0,1.0,Samsung,iPhone 13,Jio,English,Android,15,app,play_store,7,4,209.5,referral,brand,none,paid,0
100824,Wed,15,Android,0,1,Unknown,29.0,Indore,Maharashtra,0,0,0,0,0,1,0,0,2.0,Samsung,Reno,Airtel,Hindi,Android,13,app,play_store,5,5,45.9,organic,none,ag1,paid,0
100825,Thu,12,iOS,0,1,Male,29.0,Jaipur,Karnataka,1,0,0,0,0,0,0,0,1.2,OnePlus,Y21,BSNL,English,Android,12,web,play_store,9,2,469.1,google,remarketing,ag2,paid,1
100826,Fri,16,Android,0,1,Female,18.0,Mumbai,Karnataka,0,0,0,0,0,1,0,0,1.2,Xiaomi,Y21,Other,Bengali,iOS,14,app,play_store,5,3,131.3,influencer,none,none,organic,1
100827,Thu,2,iOS,0,1,Male,38.0,Delhi,Rajasthan,0,0,0,1,0,1,0,0,2.0,OnePlus,Y21,Airtel,Bengali,Android,17,app,app_store,4,3,627.1,influencer,remarketing,ag2,crm,1
100828,Wed,19,Web,1,1,Male,22.0,Pune,MP,0,1,0,0,0,1,0,0,1.1,Xiaomi,iPhone 13,BSNL,Bengali,Android,17,app,play_store,7,2,182.7,organic,activation,ag1,crm,1
100829,Wed,10,iOS,1,1,Female,28.0,Delhi,Delhi,0,0,0,0,0,0,0,1,1.0,Vivo,Nord,Jio,English,Android,17,app,play_store,6,3,122.7,influencer,activation,ag1,paid,0
100830,Thu,20,Android,0,1,Male,35.0,Bangalore,Rajasthan,0,0,0,0,1,0,0,0,2.0,Samsung,Reno,Airtel,Tamil,Android,11,app,app_store,6,1,253.0,google,activation,ag2,paid,0
100831,Mon,18,Android,0,1,Male,42.0,Bangalore,MP,0,0,1,0,0,1,0,0,1.0,Xiaomi,Y21,Airtel,Hindi,iOS,17,app,app_store,12,2,324.3,influencer,brand,none,none,0
100832,Tue,21,Android,1,2,Male,21.0,Jaipur,Unknown,1,0,0,0,0,0,0,0,1.0,Samsung,Y21,BSNL,English,Android,15,app,play_store,7,2,964.8,meta,activation,ag3,none,0
100833,Sun,10,Web,0,1,Male,26.0,Indore,Delhi,0,0,0,0,0,0,0,0,1.1,Oppo,Nord,Airtel,Bengali,Android,13,app,play_store,4,1,91.7,google,activation,ag1,organic,0
100834,Mon,15,Android,0,1,Female,41.0,Unknown,Delhi,0,0,1,1,0,0,0,0,1.2,Xiaomi,Reno,Jio,Hindi,Android,17,app,play_store,7,3,327.0,referral,remarketing,none,crm,0
100835,Mon,20,Android,0,1,Unknown,34.0,Bangalore,Delhi,1,0,0,0,0,0,0,0,2.0,Xiaomi,Reno,Jio,Bengali,Android,15,app,play_store,10,0,844.6,organic,none,none,none,0
100836,Sat,2,Android,0,1,Male,35.0,Pune,Karnataka,1,0,0,1,0,0,0,1,1.2,Xiaomi,Nord,Other,Tamil,Android,16,web,play_store,7,1,375.0,influencer,generic,ag1,crm,0
100837,Sun,21,Android,0,1,Female,22.0,Delhi,Maharashtra,1,0,0,0,0,0,0,1,2.1,Samsung,Y21,BSNL,Marathi,Android,12,app,app_store,9,5,250.1,organic,brand,ag2,paid,0
100838,Sun,5,Android,1,1,Female,27.0,Bangalore,Delhi,1,0,0,0,0,1,0,0,2.0,Oppo,Reno,Vi,Bengali,iOS,12,app,play_store,6,2,204.0,organic,none,ag2,crm,0
100839,Mon,13,Android,0,2,Unknown,29.0,Bangalore,Maharashtra,0,0,0,1,0,0,0,0,1.0,Samsung,Note 10,Jio,Marathi,Android,15,app,play_store,8,4,154.6,organic,brand,ag3,crm,1
100840,Fri,23,Android,1,1,Unknown,23.0,Indore,Delhi,1,0,0,0,0,0,0,0,2.0,Xiaomi,Nord,Vi,Tamil,iOS,12,web,play_store,9,3,418.2,influencer,activation,ag1,paid,1
100841,Sat,17,iOS,0,2,Female,18.0,Bangalore,Karnataka,0,1,0,0,0,0,0,0,1.2,Oppo,Nord,Airtel,Marathi,Android,11,app,app_store,4,2,276.0,influencer,brand,ag3,paid,1
100842,Sat,16,Android,0,1,Male,26.0,Delhi,Unknown,1,0,0,1,0,0,0,0,2.1,OnePlus,iPhone 13,BSNL,Bengali,Android,11,app,app_store,0,3,601.8,organic,remarketing,ag1,crm,0
100843,Wed,3,Android,1,1,Male,41.0,Jaipur,Delhi,0,0,0,1,1,0,0,0,1.1,Xiaomi,A12,BSNL,Tamil,Android,13,app,play_store,7,4,295.4,referral,remarketing,ag2,none,0
100844,Sun,22,Android,0,4,Male,30.0,Unknown,Rajasthan,1,1,1,0,0,0,0,0,2.0,OnePlus,Y21,Jio,Hindi,Android,14,app,app_store,11,2,381.3,organic,brand,ag1,crm,0
100845,Mon,14,Android,0,1,Female,41.0,Jaipur,MP,0,0,0,0,0,0,0,0,1.1,Vivo,A12,Jio,Marathi,Android,12,web,play_store,8,3,392.4,organic,brand,ag3,organic,0
100846,Wed,10,iOS,0,1,Female,31.0,Jaipur,Delhi,0,0,0,0,0,0,0,0,2.1,Oppo,A12,BSNL,Marathi,Android,16,app,play_store,5,4,441.0,organic,remarketing,ag1,paid,0
100847,Thu,2,Android,0,1,Female,24.0,Unknown,MP,0,0,0,0,0,1,0,0,1.2,Vivo,Y21,Vi,English,Android,14,web,play_store,7,5,178.2,influencer,activation,none,organic,0
100848,Tue,2,Android,1,1,Female,40.0,Mumbai,MP,1,0,0,0,0,0,0,0,2.1,Apple,iPhone 13,BSNL,Bengali,iOS,17,app,play_store,7,5,205.4,meta,generic,none,crm,0
100849,Sat,15,Android,0,1,Male,32.0,Delhi,Karnataka,0,0,1,0,0,0,0,0,2.0,Xiaomi,Nord,Other,Bengali,Android,15,app,play_store,5,3,46.7,referral,activation,none,crm,0
100850,Thu,4,iOS,1,1,Female,38.0,Bangalore,Unknown,1,0,0,1,0,0,0,0,1.0,Apple,iPhone 13,BSNL,Marathi,Android,17,app,play_store,7,4,173.9,influencer,none,ag2,organic,0
100851,Thu,20,Android,0,1,Male,21.0,Bangalore,MP,0,0,0,0,0,0,0,0,1.2,Samsung,iPhone 13,Vi,Marathi,Android,13,app,play_store,8,2,56.7,influencer,remarketing,none,crm,0
100852,Fri,9,iOS,0,1,Male,38.0,Unknown,Karnataka,0,0,0,0,1,1,0,0,2.0,Vivo,Y21,Airtel,Marathi,Android,12,app,play_store,12,2,467.5,organic,none,ag1,crm,0
100853,Tue,18,Android,1,3,Male,39.0,Bangalore,Unknown,0,0,0,0,0,0,0,0,1.2,OnePlus,Note 10,Vi,Bengali,iOS,16,app,play_store,11,1,851.9,referral,generic,ag3,organic,0
100854,Thu,3,Android,1,1,Female,32.0,Indore,Delhi,0,0,0,0,0,0,0,0,1.2,Apple,Reno,BSNL,English,Android,11,app,play_store,2,7,308.7,referral,none,none,organic,1
100855,Thu,18,Android,0,1,Male,24.0,Pune,Maharashtra,0,0,0,0,0,0,0,0,2.0,Apple,Reno,BSNL,Marathi,iOS,15,app,app_store,5,0,164.7,meta,brand,ag3,none,1
100856,Tue,10,iOS,0,1,Female,30.0,Delhi,Karnataka,0,0,0,0,0,0,0,0,1.0,Xiaomi,Reno,Airtel,Bengali,Android,17,app,play_store,4,2,252.4,google,brand,ag1,organic,0
100857,Tue,1,Android,0,1,Male,35.0,Jaipur,MP,0,0,0,0,1,0,0,0,1.0,Oppo,Nord,Other,Bengali,Android,17,app,play_store,5,3,66.4,google,remarketing,none,paid,1
100858,Thu,9,iOS,1,1,Male,32.0,Bangalore,MP,0,0,0,0,1,0,0,0,2.0,Xiaomi,Reno,Jio,English,Android,11,web,app_store,7,4,373.3,meta,remarketing,ag1,organic,0
100859,Tue,10,Android,1,1,Unknown,35.0,Unknown,Delhi,0,0,0,1,0,0,0,0,1.2,Xiaomi,Reno,Vi,English,Android,15,app,play_store,4,1,168.1,organic,generic,none,organic,0
100860,Thu,19,Android,1,1,Female,38.0,Mumbai,Karnataka,1,0,0,1,0,0,1,0,1.2,Samsung,Nord,Vi,English,Android,16,app,play_store,6,3,634.4,referral,activation,none,none,1
100861,Thu,15,Android,0,1,Male,25.0,Indore,Delhi,0,0,0,0,0,0,0,0,2.0,Vivo,Y21,BSNL,Hindi,Android,16,web,app_store,8,5,121.5,organic,remarketing,none,none,0
100862,Fri,18,iOS,1,1,Male,21.0,Pune,Karnataka,0,0,0,1,1,0,0,0,2.0,OnePlus,Reno,Vi,Hindi,Android,17,app,app_store,11,3,497.8,google,none,ag3,crm,0
100863,Mon,22,Android,0,3,Unknown,30.0,Bangalore,Maharashtra,0,1,0,0,0,0,0,0,2.1,Samsung,Note 10,Airtel,Marathi,Android,11,app,play_store,7,2,331.2,organic,generic,none,paid,1
100864,Thu,23,iOS,0,1,Male,27.0,Jaipur,Rajasthan,1,0,0,0,0,0,0,0,1.0,OnePlus,Note 10,Other,Bengali,Android,16,app,app_store,7,2,769.2,meta,activation,ag3,crm,0
100865,Wed,10,iOS,0,1,Female,36.0,Delhi,Delhi,0,0,0,1,0,0,0,0,1.2,Oppo,Reno,BSNL,English,Android,11,app,play_store,8,1,117.7,referral,none,ag1,organic,0
100866,Sat,13,Web,1,1,Male,21.0,Mumbai,MP,0,0,0,1,0,0,0,0,1.2,Apple,A12,Jio,Hindi,Android,13,app,app_store,8,1,1121.6,organic,generic,ag3,none,1
100867,Sun,1,Android,1,1,Male,38.0,Jaipur,Delhi,0,0,0,0,0,0,0,0,1.2,Vivo,A12,Airtel,Marathi,Android,13,app,play_store,9,2,413.5,google,remarketing,ag1,organic,1
100868,Mon,22,Android,0,2,Male,41.0,Indore,Karnataka,1,0,0,0,0,1,0,0,1.2,Samsung,Reno,Jio,Bengali,Android,12,app,play_store,9,3,816.8,google,brand,none,paid,0
100869,Mon,4,iOS,0,1,Female,30.0,Delhi,Delhi,0,1,0,0,0,1,0,0,2.0,Samsung,iPhone 13,Vi,English,iOS,11,app,play_store,9,3,510.2,meta,remarketing,ag1,crm,0
100870,Mon,4,Android,1,1,Female,30.0,Unknown,Maharashtra,0,0,0,0,0,1,0,0,1.0,Oppo,Reno,Vi,Hindi,Android,14,app,play_store,8,2,271.8,influencer,brand,ag3,paid,1
100871,Fri,18,Android,0,1,Male,24.0,Delhi,Karnataka,0,1,0,0,0,0,0,0,2.1,Apple,Nord,Other,Hindi,Android,15,app,play_store,10,4,112.4,referral,generic,ag1,paid,0
100872,Thu,20,Android,0,1,Female,26.0,Indore,Unknown,1,0,0,0,0,1,0,0,2.0,Apple,Nord,Jio,Bengali,Android,16,app,app_store,8,2,408.7,influencer,none,none,none,0
100873,Fri,11,Android,1,4,Female,27.0,Unknown,MP,0,0,0,1,0,0,0,1,1.2,Vivo,Nord,Airtel,Hindi,Android,12,web,play_store,12,2,518.9,influencer,generic,ag3,paid,0
100874,Thu,17,Android,1,1,Unknown,42.0,Delhi,MP,0,1,0,1,0,0,0,0,1.0,Vivo,iPhone 13,Jio,Bengali,Android,17,app,web,7,3,375.9,referral,remarketing,none,paid,1
100875,Fri,3,Android,0,2,Male,29.0,Unknown,Karnataka,0,0,0,0,0,1,0,0,1.0,Xiaomi,Reno,Jio,English,Android,13,app,app_store,9,4,397.5,influencer,activation,ag1,crm,0
100876,Fri,21,Android,0,1,Male,19.0,Unknown,Unknown,1,0,0,0,0,1,0,0,1.1,Oppo,Reno,Jio,Bengali,Android,15,app,web,6,8,146.8,referral,activation,ag3,crm,0
100877,Sat,16,Android,0,1,Female,32.0,Mumbai,Maharashtra,0,0,0,0,0,1,0,0,2.0,Vivo,Note 10,Jio,English,Android,15,app,play_store,7,6,370.6,influencer,activation,ag3,paid,0
100878,Wed,9,Android,0,1,Male,37.0,Mumbai,Delhi,0,1,0,0,1,1,0,0,1.0,Oppo,Note 10,Vi,Tamil,Android,16,app,play_store,10,4,205.4,meta,none,none,organic,0
100879,Fri,19,Android,1,1,Male,30.0,Unknown,Rajasthan,0,0,1,0,0,0,0,0,2.0,OnePlus,Nord,Other,Hindi,iOS,17,app,app_store,2,1,9.0,referral,none,ag2,none,0
100880,Sat,5,Android,0,1,Female,42.0,Delhi,MP,0,0,0,0,1,1,0,0,1.0,OnePlus,Reno,Airtel,Tamil,Android,13,app,play_store,12,3,613.9,influencer,none,ag2,paid,0
100881,Tue,13,Android,1,1,Male,36.0,Bangalore,Maharashtra,0,0,0,1,0,0,0,0,1.0,Vivo,Note 10,BSNL,Bengali,Android,12,app,play_store,4,5,449.9,organic,brand,ag3,paid,1
100882,Wed,10,Android,0,1,Male,22.0,Delhi,Maharashtra,0,0,0,0,0,1,0,0,2.1,OnePlus,Nord,Vi,English,Android,14,app,play_store,7,3,392.5,google,activation,none,organic,1
100883,Fri,10,Android,0,1,Male,26.0,Bangalore,Maharashtra,1,0,0,0,0,0,0,0,1.1,Oppo,Note 10,Vi,Hindi,Android,14,app,play_store,10,3,582.3,meta,activation,ag1,crm,1
100884,Sun,17,Android,0,1,Female,32.0,Delhi,Delhi,0,0,0,0,0,0,0,0,2.0,OnePlus,Reno,Airtel,Marathi,iOS,13,app,play_store,6,3,518.8,google,brand,ag3,none,0
100885,Mon,22,iOS,1,3,Male,18.0,Jaipur,Maharashtra,0,0,0,0,1,0,0,0,1.2,Xiaomi,Reno,Airtel,Hindi,Android,15,app,play_store,7,6,781.1,influencer,remarketing,ag2,paid,0
100886,Tue,21,Android,0,1,Female,33.0,Pune,Maharashtra,1,1,0,0,0,0,0,0,2.1,Samsung,Y21,Other,Marathi,Android,13,app,play_store,8,4,210.2,organic,remarketing,ag1,none,0
100887,Tue,17,iOS,0,1,Female,18.0,Mumbai,Karnataka,0,0,0,0,0,0,0,0,1.2,Samsung,A12,BSNL,Hindi,Android,15,app,play_store,5,5,290.0,referral,none,ag2,organic,0
100888,Sat,23,Android,0,1,Male,38.0,Delhi,Karnataka,1,1,0,0,0,0,0,1,2.1,Apple,Y21,Vi,English,Android,11,app,play_store,4,2,268.8,google,none,ag3,crm,0
100889,Tue,22,Android,0,3,Male,37.0,Mumbai,Maharashtra,0,0,0,0,0,0,0,0,1.0,Xiaomi,A12,Other,Bengali,iOS,17,web,play_store,15,1,102.7,influencer,remarketing,ag3,organic,0
100890,Wed,10,Android,0,1,Male,34.0,Indore,Maharashtra,1,0,0,0,1,0,1,0,1.1,Samsung,Note 10,Vi,English,Android,16,app,play_store,6,4,441.9,meta,activation,none,crm,0
100891,Fri,20,Android,0,1,Female,25.0,Pune,Karnataka,1,1,0,0,0,0,0,0,2.0,Xiaomi,Y21,Other,Hindi,Android,15,app,web,9,4,363.0,meta,brand,ag3,none,0
100892,Fri,11,Android,0,1,Male,31.0,Bangalore,Delhi,0,0,0,0,0,1,0,0,1.0,Vivo,Nord,Other,Marathi,Android,11,app,play_store,4,3,264.0,meta,generic,ag3,organic,0
100893,Sun,4,Android,0,1,Unknown,26.0,Indore,Karnataka,0,0,1,0,0,0,0,0,1.2,Apple,Y21,BSNL,English,iOS,15,app,play_store,11,3,24.1,influencer,activation,ag3,paid,1
100894,Mon,22,Android,0,1,Male,22.0,Pune,Karnataka,0,0,0,0,0,1,0,0,1.1,OnePlus,Note 10,Jio,English,Android,11,app,play_store,11,4,126.2,meta,activation,ag2,organic,0
100895,Sat,8,Android,0,4,Male,27.0,Indore,Karnataka,1,0,0,0,0,1,0,0,1.2,OnePlus,Note 10,Vi,Marathi,Android,16,app,web,13,0,42.6,referral,none,ag3,organic,0
100896,Mon,8,Android,0,1,Male,36.0,Mumbai,Karnataka,0,1,0,1,0,0,0,0,2.0,Xiaomi,A12,Other,Tamil,Android,12,app,play_store,8,3,284.7,organic,generic,ag1,none,0
100897,Tue,21,iOS,0,1,Female,30.0,Jaipur,Rajasthan,1,0,0,0,0,0,0,1,1.2,Vivo,Y21,Other,Hindi,Android,17,app,play_store,5,9,226.5,google,generic,ag2,organic,0
100898,Sun,9,Android,0,4,Male,42.0,Pune,MP,0,1,0,0,0,0,0,0,1.1,Vivo,Note 10,Airtel,English,Android,14,app,play_store,8,6,723.3,organic,generic,ag3,crm,1
100899,Mon,21,Android,1,1,Male,36.0,Indore,Delhi,0,1,0,0,0,1,0,0,2.0,Apple,Y21,Jio,English,Android,11,app,app_store,12,2,517.6,google,generic,ag3,crm,1
100900,Wed,18,Android,0,2,Female,35.0,Bangalore,Unknown,0,0,0,0,1,1,0,0,1.0,OnePlus,iPhone 13,Airtel,Hindi,Android,15,app,play_store,4,2,385.1,referral,generic,ag2,crm,0
100901,Fri,0,Android,0,3,Female,18.0,Pune,Delhi,0,0,0,0,0,0,0,0,1.0,OnePlus,Note 10,Jio,Marathi,Android,11,app,app_store,12,5,230.4,meta,activation,ag1,none,0
100902,Tue,6,iOS,0,1,Female,28.0,Pune,Maharashtra,1,0,0,0,0,0,1,1,1.1,Oppo,A12,BSNL,Hindi,Android,15,app,play_store,8,2,305.2,referral,none,ag2,crm,0
100903,Sun,3,Android,1,1,Female,21.0,Indore,Rajasthan,1,0,0,0,1,1,0,0,1.1,OnePlus,A12,BSNL,Bengali,Android,14,app,app_store,3,2,328.1,influencer,remarketing,ag1,none,1
100904,Mon,0,Android,1,1,Female,29.0,Jaipur,Maharashtra,0,1,0,0,0,0,0,0,1.1,OnePlus,Nord,Airtel,Bengali,Android,12,web,play_store,7,5,257.3,organic,none,ag2,organic,0
100905,Sat,14,iOS,1,1,Male,24.0,Unknown,Delhi,0,0,0,0,0,0,0,0,1.2,Apple,Note 10,Airtel,English,Android,11,app,web,3,2,175.8,referral,activation,ag2,none,1
100906,Wed,7,Android,0,2,Male,27.0,Unknown,Delhi,0,0,0,0,0,1,0,0,1.0,OnePlus,Reno,Jio,Bengali,Android,15,app,play_store,3,2,187.5,meta,generic,none,organic,0
100907,Wed,11,Android,0,2,Female,38.0,Unknown,Unknown,1,0,0,0,0,1,0,0,1.0,OnePlus,Reno,Jio,Hindi,Android,17,app,play_store,13,9,123.3,referral,none,ag1,none,0
100908,Mon,21,Web,1,1,Male,34.0,Unknown,Unknown,1,0,0,0,0,0,1,0,1.0,Vivo,Reno,Airtel,English,Android,14,web,app_store,8,2,351.8,google,brand,ag3,paid,0
100909,Fri,21,Android,1,1,Female,38.0,Delhi,Maharashtra,0,0,0,1,0,0,0,0,2.0,Xiaomi,Nord,Airtel,Bengali,Android,16,app,play_store,7,2,367.1,meta,generic,none,none,0
100910,Mon,17,Android,0,1,Male,18.0,Bangalore,MP,0,0,1,0,0,1,0,0,2.1,Samsung,Reno,Other,Marathi,Android,13,app,play_store,6,2,563.0,referral,activation,ag3,none,0
100911,Tue,14,Android,1,1,Male,30.0,Bangalore,Maharashtra,0,0,0,1,0,0,0,0,1.1,Samsung,A12,Vi,Bengali,Android,16,web,web,6,1,199.8,influencer,activation,none,organic,0
100912,Mon,16,Android,1,1,Male,38.0,Unknown,MP,1,1,0,1,1,1,0,0,2.0,Vivo,Note 10,Airtel,Marathi,Android,13,app,play_store,7,1,326.0,meta,generic,none,crm,1
100913,Wed,13,Android,0,3,Male,42.0,Indore,MP,0,0,1,0,0,1,0,0,2.1,Xiaomi,iPhone 13,Jio,Bengali,Android,11,app,play_store,8,1,539.9,organic,none,none,organic,0
100914,Sun,13,iOS,0,1,Female,18.0,Jaipur,Karnataka,1,0,0,0,0,0,0,0,1.1,Apple,Y21,Other,Marathi,Android,16,app,play_store,11,3,264.8,meta,generic,ag3,organic,0
100915,Mon,17,Android,0,2,Male,27.0,Mumbai,Delhi,1,0,0,1,0,0,0,1,2.1,Samsung,Reno,BSNL,Hindi,Android,16,web,play_store,7,3,181.1,google,none,ag1,none,0
100916,Fri,19,iOS,0,1,Male,38.0,Mumbai,Karnataka,0,0,0,0,0,0,0,0,1.0,Vivo,Note 10,BSNL,Hindi,Android,16,app,play_store,6,5,41.4,meta,activation,ag1,paid,0
100917,Sun,17,iOS,1,1,Unknown,28.0,Unknown,Delhi,1,0,0,0,0,0,0,0,2.1,Oppo,Nord,BSNL,Tamil,Android,14,app,play_store,6,1,301.2,organic,generic,ag1,none,0
100918,Sat,15,Android,0,1,Male,23.0,Delhi,Karnataka,0,1,0,0,0,0,0,0,1.1,Samsung,Note 10,Other,Hindi,Android,16,app,play_store,8,2,57.0,influencer,none,ag1,paid,0
100919,Thu,0,Android,1,3,Female,18.0,Delhi,MP,0,0,0,0,1,0,0,0,2.0,Samsung,A12,Airtel,Bengali,Android,11,app,play_store,6,0,283.7,influencer,brand,ag3,crm,0
100920,Mon,22,Android,1,1,Unknown,22.0,Indore,Karnataka,1,0,0,0,0,0,0,0,1.1,OnePlus,A12,Vi,English,Android,15,app,play_store,7,3,375.7,organic,remarketing,ag1,none,1
100921,Fri,10,iOS,0,1,Unknown,18.0,Jaipur,Rajasthan,0,0,0,1,0,0,0,1,2.1,Vivo,Reno,BSNL,Marathi,Android,15,app,play_store,4,5,464.2,referral,brand,ag2,paid,0
100922,Sun,14,iOS,0,1,Female,30.0,Mumbai,Karnataka,0,0,0,0,0,0,0,0,2.1,Oppo,A12,Airtel,Hindi,Android,13,app,play_store,5,0,311.1,google,none,ag2,none,1
100923,Fri,11,Android,1,1,Male,37.0,Bangalore,Unknown,0,0,0,1,0,0,0,0,1.1,Vivo,Y21,BSNL,English,Android,15,app,play_store,6,2,207.0,google,activation,ag1,organic,0
100924,Sat,7,Android,1,1,Unknown,20.0,Jaipur,Unknown,0,0,0,0,0,0,0,0,1.0,Samsung,Note 10,BSNL,Marathi,Android,16,app,app_store,7,2,17.3,organic,remarketing,none,none,0
100925,Wed,21,Android,1,1,Female,32.0,Mumbai,Karnataka,1,0,0,0,0,1,0,0,1.1,Vivo,A12,BSNL,Marathi,Android,15,app,play_store,8,4,718.6,meta,none,none,paid,0
100926,Fri,19,iOS,0,1,Female,37.0,Jaipur,Karnataka,1,1,0,0,1,0,0,0,1.1,Samsung,A12,Jio,Marathi,iOS,11,app,app_store,10,3,968.3,influencer,none,ag1,organic,0
100927,Sun,5,Android,0,1,Male,30.0,Indore,Rajasthan,0,0,0,0,0,1,0,0,2.1,Xiaomi,iPhone 13,Other,Hindi,Android,13,app,play_store,10,3,334.5,influencer,none,none,organic,1
100928,Fri,2,Android,0,1,Unknown,18.0,Mumbai,Delhi,0,0,0,1,0,0,0,0,1.2,OnePlus,A12,Other,Marathi,Android,12,app,play_store,3,5,380.8,influencer,remarketing,ag3,organic,0
100929,Fri,23,iOS,1,1,Female,33.0,Pune,Karnataka,1,1,1,0,0,0,0,0,2.1,OnePlus,Nord,Jio,Tamil,Android,17,app,play_store,14,4,492.1,referral,brand,ag2,crm,1
100930,Fri,12,Android,0,1,Female,30.0,Unknown,Delhi,0,0,1,0,0,0,0,0,2.1,OnePlus,A12,BSNL,Hindi,Android,15,app,play_store,7,2,115.7,influencer,brand,none,paid,0
100931,Tue,12,Android,1,1,Male,29.0,Indore,Unknown,0,0,0,1,0,1,0,0,2.1,Vivo,Nord,Other,English,iOS,13,app,app_store,8,5,171.6,referral,activation,ag1,paid,0
100932,Tue,1,Android,0,1,Male,26.0,Pune,Maharashtra,1,0,0,0,1,1,0,0,2.1,OnePlus,Reno,Other,Tamil,Android,17,app,play_store,10,2,662.2,organic,remarketing,ag2,none,0
100933,Wed,4,Android,1,1,Unknown,31.0,Jaipur,MP,1,0,0,0,0,1,0,0,1.0,Apple,Y21,Other,Tamil,iOS,16,app,app_store,7,3,302.2,meta,generic,none,paid,1
100934,Mon,16,Android,1,1,Male,34.0,Indore,Maharashtra,0,1,0,0,0,0,1,0,2.0,Vivo,Reno,BSNL,Hindi,Android,12,app,play_store,7,4,407.8,influencer,activation,ag1,paid,0
100935,Fri,5,Web,0,1,Male,49.0,Bangalore,Rajasthan,1,0,0,0,1,0,0,1,1.1,Xiaomi,Y21,BSNL,Marathi,iOS,12,app,play_store,9,5,92.8,organic,none,ag2,crm,0
100936,Sat,1,Android,0,1,Female,31.0,Indore,Rajasthan,0,0,0,0,0,0,0,0,1.1,Samsung,Note 10,Other,Tamil,Android,16,app,app_store,10,2,197.9,referral,generic,ag2,organic,0
100937,Mon,3,Android,0,1,Male,42.0,Indore,Delhi,0,0,0,0,0,1,0,0,1.2,Xiaomi,iPhone 13,Vi,Bengali,iOS,13,app,play_store,4,5,300.2,google,brand,none,organic,0
100938,Sat,21,Android,0,1,Male,33.0,Unknown,Delhi,0,0,0,0,0,0,0,0,1.0,Xiaomi,Note 10,Airtel,English,Android,11,app,play_store,3,4,143.5,google,generic,ag2,paid,0
100939,Mon,10,Android,0,1,Male,29.0,Indore,Karnataka,0,0,0,0,1,1,0,0,1.2,Vivo,A12,Airtel,Bengali,iOS,13,app,play_store,6,1,228.6,referral,generic,ag2,paid,0
100940,Wed,7,Android,0,4,Male,31.0,Indore,Maharashtra,0,0,0,0,0,0,0,0,1.1,Apple,Y21,BSNL,Hindi,Android,12,web,play_store,6,2,415.2,influencer,brand,ag1,paid,1
100941,Fri,11,iOS,0,4,Male,20.0,Delhi,Delhi,1,0,0,0,1,1,0,0,1.2,Apple,Nord,Vi,Tamil,Android,12,app,play_store,5,2,584.6,referral,none,none,paid,0
100942,Fri,7,iOS,1,1,Male,32.0,Pune,Unknown,1,1,0,0,0,0,0,0,2.1,Vivo,Note 10,Vi,Marathi,Android,12,app,play_store,5,4,1039.6,referral,none,ag1,organic,1
100943,Thu,10,Android,0,1,Male,18.0,Indore,Delhi,0,0,0,0,0,1,0,0,2.1,Apple,Y21,Vi,Marathi,Android,16,app,app_store,12,2,97.0,influencer,generic,ag3,crm,0
100944,Sat,21,Android,0,1,Female,23.0,Indore,Unknown,1,0,0,0,0,0,0,0,1.1,OnePlus,Nord,Jio,Tamil,Android,13,app,app_store,9,3,174.0,organic,remarketing,none,crm,0
100945,Mon,19,Android,1,1,Unknown,31.0,Jaipur,Delhi,0,0,0,1,0,0,0,0,1.2,Apple,Nord,Jio,Tamil,Android,17,app,app_store,8,3,447.5,meta,generic,ag3,crm,0
100946,Mon,7,Web,0,1,Male,40.0,Delhi,MP,0,0,0,1,0,0,0,0,2.1,OnePlus,A12,Other,Marathi,Android,15,app,play_store,6,3,787.7,google,generic,none,crm,0
100947,Tue,7,Android,1,4,Male,41.0,Mumbai,Delhi,0,0,0,0,0,1,0,0,1.0,Apple,Note 10,Vi,English,Android,12,app,play_store,10,1,162.8,organic,activation,ag3,paid,0
100948,Thu,16,iOS,1,1,Male,28.0,Jaipur,MP,0,1,0,0,0,0,0,0,1.0,Oppo,Reno,Airtel,Hindi,iOS,13,app,play_store,7,3,70.7,influencer,brand,ag3,none,1
100949,Sun,19,Android,0,1,Female,31.0,Jaipur,Rajasthan,0,1,0,0,0,1,0,0,1.1,OnePlus,Nord,Jio,English,Android,11,app,app_store,7,0,403.2,google,activation,ag1,none,1
100950,Sun,19,iOS,0,2,Unknown,38.0,Unknown,Karnataka,1,1,0,0,0,0,0,0,2.0,Xiaomi,Y21,BSNL,Marathi,Android,15,app,app_store,8,5,309.6,organic,none,ag3,crm,0
100951,Tue,22,Android,0,1,Male,19.0,Unknown,Maharashtra,0,0,1,0,0,0,0,0,2.0,OnePlus,Note 10,BSNL,Hindi,Android,14,app,play_store,11,6,362.0,google,none,ag3,none,0
100952,Tue,15,iOS,0,1,Male,33.0,Delhi,Delhi,0,0,0,0,0,0,0,0,1.2,OnePlus,A12,Vi,Hindi,Android,11,app,play_store,7,5,595.9,influencer,none,none,crm,0
100953,Tue,13,Android,0,1,Female,23.0,Delhi,MP,1,1,0,0,0,1,0,0,1.1,OnePlus,A12,Other,Marathi,iOS,15,app,play_store,7,4,134.1,referral,brand,ag3,none,0
100954,Sat,10,Android,0,1,Female,29.0,Unknown,Delhi,0,1,0,0,0,0,0,0,1.1,Samsung,Y21,Vi,Marathi,Android,16,app,play_store,5,0,218.2,organic,none,ag2,none,0
100955,Sat,6,Android,0,1,Male,26.0,Delhi,Delhi,0,0,0,0,0,0,0,0,2.1,OnePlus,Reno,BSNL,Tamil,Android,11,app,app_store,8,1,286.7,referral,remarketing,none,none,0
100956,Wed,15,iOS,0,1,Female,33.0,Jaipur,MP,0,1,0,0,0,0,0,0,2.1,Oppo,Nord,BSNL,Tamil,Android,14,app,play_store,10,3,458.0,meta,remarketing,ag1,paid,0
100957,Wed,12,Android,0,1,Female,34.0,Jaipur,Delhi,0,1,0,0,0,0,0,0,1.0,Samsung,A12,Other,Tamil,Android,12,web,app_store,9,3,233.1,organic,remarketing,ag1,organic,0
100958,Tue,14,Web,0,4,Unknown,37.0,Unknown,Maharashtra,1,0,0,0,0,0,0,0,1.0,Vivo,A12,Jio,Marathi,Android,11,app,app_store,4,3,322.4,google,remarketing,ag3,paid,0
100959,Thu,23,iOS,1,1,Male,33.0,Indore,Unknown,0,0,0,0,0,0,0,0,1.1,OnePlus,Nord,Other,English,iOS,11,app,play_store,10,1,198.2,meta,none,ag3,paid,0
100960,Mon,15,Android,0,1,Unknown,31.0,Delhi,Unknown,0,0,0,0,0,0,0,0,2.1,OnePlus,Nord,Airtel,Hindi,Android,17,app,play_store,7,3,568.4,google,activation,ag2,organic,0
100961,Sat,20,iOS,0,1,Male,45.0,Delhi,Unknown,0,1,0,0,1,0,0,0,2.1,Oppo,Nord,BSNL,English,Android,16,app,play_store,7,3,675.5,referral,generic,ag3,paid,0
100962,Thu,22,Android,0,2,Female,18.0,Unknown,Unknown,0,0,0,0,0,0,0,0,1.1,Xiaomi,iPhone 13,Airtel,Bengali,Android,16,app,play_store,7,2,1060.3,meta,remarketing,ag3,organic,0
100963,Fri,23,Android,0,1,Female,44.0,Jaipur,Rajasthan,0,0,0,0,0,1,0,0,1.0,OnePlus,iPhone 13,BSNL,English,Android,15,app,play_store,8,2,70.0,organic,brand,ag1,crm,0
100964,Sat,8,Android,0,1,Male,28.0,Jaipur,Karnataka,0,0,0,0,0,1,0,0,2.1,Samsung,Nord,BSNL,Bengali,Android,16,web,play_store,12,3,163.3,google,activation,ag3,paid,0
100965,Sat,2,Android,0,1,Female,35.0,Delhi,Delhi,0,0,1,0,0,0,0,0,2.0,Oppo,Nord,Vi,Bengali,Android,13,app,play_store,8,4,911.8,organic,activation,ag2,paid,0
100966,Wed,18,iOS,0,1,Male,27.0,Indore,MP,0,0,0,0,0,0,0,1,1.2,Vivo,Y21,BSNL,Hindi,iOS,15,app,play_store,10,3,591.5,referral,activation,ag1,paid,0
100967,Mon,19,Android,0,1,Male,24.0,Bangalore,Maharashtra,0,0,0,0,0,0,0,0,1.0,OnePlus,A12,BSNL,Hindi,Android,13,app,play_store,5,6,712.7,influencer,remarketing,ag3,organic,0
100968,Mon,4,Android,0,1,Male,34.0,Bangalore,Delhi,1,1,0,1,0,0,0,0,2.0,Samsung,Note 10,BSNL,Bengali,iOS,14,app,app_store,5,3,105.0,google,remarketing,ag1,paid,0
100969,Sun,9,Android,0,3,Male,38.0,Mumbai,Rajasthan,1,0,0,0,0,1,0,0,1.1,Xiaomi,Reno,BSNL,Marathi,Android,15,app,play_store,11,3,277.3,organic,none,ag1,organic,0
100970,Sun,16,Android,0,2,Male,34.0,Indore,Rajasthan,0,1,0,0,0,1,0,0,1.1,Xiaomi,iPhone 13,Vi,Bengali,Android,16,app,play_store,11,3,384.6,referral,activation,ag3,organic,1
100971,Sun,14,Android,0,4,Unknown,26.0,Jaipur,MP,0,0,0,1,0,0,0,0,1.2,Samsung,Reno,Vi,Tamil,Android,11,app,play_store,10,5,384.5,referral,activation,ag3,crm,0
100972,Sun,22,iOS,1,1,Male,59.0,Delhi,Delhi,0,0,0,0,0,0,0,0,2.1,OnePlus,iPhone 13,Airtel,Hindi,Android,14,app,play_store,9,3,40.7,meta,remarketing,ag1,organic,0
100973,Fri,7,Android,1,4,Male,40.0,Unknown,Unknown,0,1,0,0,0,1,0,0,2.0,Xiaomi,Nord,Airtel,English,Android,15,app,app_store,8,2,396.1,referral,brand,none,none,0
100974,Fri,14,Android,0,2,Male,37.0,Delhi,Delhi,0,0,0,0,0,0,0,0,2.1,Samsung,Nord,Airtel,Hindi,Android,12,app,play_store,5,5,396.8,meta,none,ag3,paid,0
100975,Sat,20,Android,0,1,Male,27.0,Delhi,Delhi,0,0,0,1,0,0,0,0,2.0,Vivo,Nord,Other,Marathi,Android,14,app,web,7,7,230.3,google,activation,ag3,organic,0
100976,Tue,13,Android,0,1,Male,25.0,Bangalore,Rajasthan,0,0,0,0,0,0,0,0,1.1,OnePlus,Note 10,Vi,Tamil,iOS,17,app,play_store,5,8,634.5,organic,brand,ag2,crm,0
100977,Wed,19,iOS,1,1,Male,28.0,Unknown,Delhi,0,0,0,0,0,1,0,0,1.1,OnePlus,iPhone 13,Vi,Marathi,Android,12,app,play_store,10,2,388.9,meta,generic,ag1,paid,0
100978,Wed,6,Android,0,1,Male,39.0,Jaipur,Unknown,1,0,0,0,0,0,0,0,2.1,Samsung,Reno,Jio,English,Android,15,app,play_store,10,3,291.6,meta,remarketing,ag3,none,0
100979,Sun,20,iOS,1,1,Male,22.0,Unknown,Delhi,0,0,0,0,0,0,0,1,2.1,Samsung,Note 10,Jio,Hindi,Android,15,web,play_store,6,2,49.1,organic,remarketing,none,organic,0
100980,Sat,22,Android,1,1,Female,21.0,Delhi,Delhi,0,0,0,0,1,0,1,0,2.0,Samsung,A12,Jio,English,iOS,15,app,play_store,9,0,307.5,referral,activation,none,none,0
100981,Thu,11,Android,1,1,Female,34.0,Delhi,Delhi,1,0,0,0,0,0,0,0,1.2,Samsung,Note 10,Airtel,Tamil,Android,13,app,play_store,6,2,90.7,influencer,generic,ag1,organic,1
100982,Tue,16,Web,0,1,Male,33.0,Bangalore,Unknown,0,1,0,1,0,0,0,0,1.1,Oppo,Y21,BSNL,English,Android,14,app,play_store,6,4,850.6,referral,none,ag1,none,0
100983,Sat,16,iOS,0,1,Male,24.0,Delhi,Unknown,1,0,0,0,0,0,0,1,2.0,Xiaomi,iPhone 13,Other,Bengali,iOS,14,app,play_store,12,3,175.2,google,generic,ag3,crm,1
100984,Tue,9,Android,0,1,Female,21.0,Unknown,MP,0,0,0,1,0,0,0,0,1.0,Xiaomi,Note 10,Vi,Tamil,Android,16,app,play_store,8,4,304.3,google,activation,ag1,organic,0
100985,Tue,18,Android,0,2,Male,42.0,Mumbai,Rajasthan,1,0,1,0,1,0,0,0,2.1,Apple,Reno,Airtel,Marathi,iOS,12,app,app_store,5,1,684.4,organic,activation,none,none,0
100986,Tue,13,Android,0,4,Unknown,33.0,Jaipur,Karnataka,1,1,0,0,0,0,0,0,1.1,Oppo,iPhone 13,Other,Marathi,Android,16,app,play_store,9,2,209.7,referral,brand,ag1,organic,1
100987,Sat,10,Android,1,1,Male,19.0,Unknown,MP,0,1,0,0,0,1,0,0,1.2,Xiaomi,Nord,Vi,English,Android,16,app,play_store,8,3,324.7,google,none,ag2,organic,0
100988,Sun,1,iOS,0,1,Male,20.0,Pune,Unknown,1,0,0,0,0,0,1,0,1.2,Oppo,Note 10,Other,Tamil,Android,12,app,play_store,4,2,325.9,influencer,brand,ag2,paid,0
100989,Wed,17,iOS,0,1,Female,27.0,Unknown,Delhi,0,0,0,0,0,1,0,0,1.0,Samsung,iPhone 13,Other,English,Android,16,app,play_store,12,4,211.3,influencer,brand,none,paid,0
100990,Wed,6,Android,0,1,Female,36.0,Unknown,Karnataka,0,0,0,1,0,0,0,0,2.1,Samsung,Note 10,Vi,Bengali,Android,12,app,app_store,10,2,204.0,referral,none,none,none,0
100991,Sun,11,iOS,1,1,Male,35.0,Mumbai,Maharashtra,0,1,0,1,0,0,0,0,2.1,Xiaomi,Note 10,Other,Tamil,Android,14,app,play_store,10,3,343.2,google,remarketing,none,paid,0
100992,Tue,1,Android,1,1,Male,39.0,Indore,Karnataka,0,0,0,0,0,0,0,1,2.0,Vivo,Note 10,Jio,Hindi,Android,16,app,app_store,6,2,319.4,referral,brand,ag2,organic,0
100993,Thu,19,Android,0,4,Male,18.0,Unknown,MP,0,1,0,0,1,0,0,1,1.0,Xiaomi,Y21,Jio,Marathi,iOS,12,app,play_store,9,3,161.2,meta,remarketing,ag1,crm,0
100994,Mon,17,Android,0,1,Unknown,32.0,Mumbai,Rajasthan,0,0,0,0,0,0,1,0,1.2,Vivo,Y21,Other,English,Android,11,app,app_store,8,1,496.5,google,none,none,none,0
100995,Sat,5,Android,0,1,Female,41.0,Mumbai,MP,1,0,0,0,0,0,0,0,1.2,Samsung,Note 10,Airtel,Bengali,Android,16,web,play_store,7,3,205.3,meta,brand,ag1,crm,0
100996,Mon,23,Android,0,1,Male,41.0,Unknown,Rajasthan,0,0,0,0,0,0,0,0,1.0,OnePlus,Note 10,BSNL,Marathi,Android,15,app,play_store,8,3,330.0,organic,activation,ag1,none,0
100997,Sun,9,Android,0,1,Male,33.0,Unknown,Rajasthan,1,1,0,1,1,1,0,0,1.0,Apple,iPhone 13,Vi,Tamil,iOS,16,app,play_store,9,2,670.1,meta,brand,ag1,organic,1
100998,Thu,19,Android,1,1,Male,49.0,Bangalore,Unknown,0,0,0,0,0,1,0,0,1.2,Samsung,Nord,Airtel,Marathi,Android,12,app,play_store,14,3,553.0,google,none,ag3,none,0
100999,Sat,14,Android,0,1,Male,35.0,Indore,Rajasthan,0,0,0,0,0,0,0,0,1.0,Oppo,A12,BSNL,Marathi,iOS,11,app,web,11,4,343.0,google,remarketing,ag2,organic,0
101000,Sun,4,iOS,0,1,Male,38.0,Unknown,Maharashtra,0,1,0,0,0,0,0,1,1.0,Samsung,Nord,Vi,Hindi,Android,12,app,web,6,4,53.7,organic,brand,ag3,paid,0
101001,Tue,19,Android,0,1,Female,30.0,Jaipur,Karnataka,1,0,0,1,0,0,0,0,2.1,Samsung,iPhone 13,BSNL,Hindi,Android,17,app,play_store,11,1,609.3,influencer,none,ag1,none,1
101002,Wed,2,Android,1,1,Male,24.0,Unknown,MP,1,0,0,0,0,0,0,0,1.0,Oppo,Y21,Vi,Bengali,Android,16,app,play_store,7,1,253.0,organic,none,ag2,none,0
101003,Mon,4,iOS,0,1,Male,23.0,Jaipur,MP,0,0,0,0,0,1,0,0,1.2,Samsung,iPhone 13,Jio,Bengali,Android,15,app,play_store,8,4,851.9,google,remarketing,ag2,organic,1
101004,Fri,7,iOS,0,1,Female,31.0,Mumbai,Rajasthan,0,0,0,0,0,0,0,0,1.1,OnePlus,iPhone 13,Airtel,English,Android,11,app,play_store,10,3,599.1,google,remarketing,ag2,none,0
101005,Fri,7,Web,1,1,Male,28.0,Pune,Unknown,0,0,0,0,0,1,0,0,1.2,Xiaomi,A12,BSNL,Hindi,iOS,15,app,play_store,9,0,220.5,google,none,ag2,none,1
101006,Thu,7,Android,0,1,Male,18.0,Mumbai,Maharashtra,0,0,0,0,0,1,0,0,2.1,Samsung,Reno,Jio,Tamil,Android,16,app,play_store,8,4,745.3,meta,generic,ag3,none,1
101007,Tue,11,Android,1,1,Male,22.0,Delhi,Maharashtra,0,0,0,0,0,1,0,0,1.0,OnePlus,Nord,Airtel,English,iOS,17,app,web,7,3,171.9,google,activation,ag3,crm,1
101008,Mon,23,Android,0,1,Male,27.0,Bangalore,Delhi,0,0,1,0,0,0,0,0,1.2,Oppo,Y21,Other,Tamil,Android,13,app,play_store,5,4,1045.1,organic,none,ag3,organic,0
101009,Tue,22,Android,1,1,Female,36.0,Delhi,Maharashtra,0,1,0,0,0,0,0,0,2.0,Samsung,iPhone 13,Airtel,Hindi,iOS,16,app,play_store,12,4,376.7,meta,activation,ag3,none,1
101010,Mon,7,iOS,0,1,Female,30.0,Indore,Rajasthan,1,1,0,0,0,0,0,0,1.1,Oppo,A12,Airtel,Tamil,Android,15,app,app_store,6,2,395.3,organic,remarketing,ag3,paid,0
101011,Thu,10,Android,0,1,Male,29.0,Indore,Rajasthan,0,1,0,1,0,0,0,0,1.2,Vivo,iPhone 13,Jio,Tamil,Android,14,app,app_store,9,2,57.6,influencer,brand,none,crm,0
101012,Thu,13,Android,1,1,Male,22.0,Bangalore,Karnataka,0,1,0,0,0,0,0,0,1.0,Oppo,iPhone 13,Jio,Hindi,Android,15,app,play_store,10,2,135.1,google,brand,none,paid,0
101013,Fri,7,Android,0,1,Male,30.0,Mumbai,Rajasthan,0,1,1,0,0,0,0,0,2.1,Apple,Nord,BSNL,Hindi,iOS,13,app,app_store,8,3,111.7,organic,none,none,none,1
101014,Tue,23,Android,0,1,Female,41.0,Indore,Karnataka,0,1,0,0,0,1,0,1,1.1,Xiaomi,Nord,BSNL,Marathi,Android,12,app,app_store,11,4,336.1,influencer,remarketing,ag1,crm,0
101015,Sat,9,iOS,0,2,Male,31.0,Pune,Maharashtra,0,1,0,0,0,1,0,0,2.0,Samsung,A12,Other,Tamil,Android,17,app,app_store,12,6,499.6,influencer,remarketing,ag2,paid,0
101016,Fri,6,Android,0,1,Male,18.0,Unknown,Delhi,1,0,0,0,0,0,0,0,2.0,Xiaomi,iPhone 13,Jio,English,Android,14,app,play_store,6,4,184.7,google,brand,none,organic,0
101017,Tue,16,Android,0,1,Male,20.0,Bangalore,Unknown,0,0,0,1,0,0,0,0,1.0,OnePlus,iPhone 13,Jio,Bengali,iOS,16,app,play_store,5,2,359.4,referral,activation,ag3,organic,0
101018,Fri,3,Android,1,1,Male,35.0,Delhi,MP,1,0,0,0,1,1,0,0,2.0,Samsung,iPhone 13,Airtel,Marathi,Android,13,app,play_store,11,1,151.2,influencer,remarketing,ag2,organic,0
101019,Sat,12,Android,1,1,Female,28.0,Pune,Rajasthan,0,1,0,0,0,1,0,0,1.1,OnePlus,Note 10,Airtel,Bengali,iOS,15,app,app_store,13,3,495.4,meta,brand,none,none,1
101020,Wed,3,Android,0,1,Female,29.0,Unknown,Maharashtra,1,0,0,0,0,0,1,0,2.0,OnePlus,Note 10,Other,English,Android,13,app,play_store,12,5,352.2,google,generic,none,crm,1
101021,Wed,4,Android,0,1,Unknown,25.0,Unknown,Rajasthan,0,1,0,1,1,1,0,0,1.0,Vivo,iPhone 13,Airtel,English,Android,12,app,app_store,9,2,769.8,meta,brand,none,none,1
101022,Wed,21,Android,0,1,Male,34.0,Jaipur,Karnataka,1,0,0,0,0,0,0,0,2.0,Xiaomi,Nord,Airtel,Hindi,Android,14,app,play_store,3,4,877.2,referral,generic,ag2,none,0
101023,Wed,3,Android,1,2,Female,28.0,Bangalore,Maharashtra,0,1,0,0,0,0,0,0,2.1,Samsung,A12,BSNL,Tamil,iOS,11,app,play_store,9,4,275.1,google,activation,ag2,paid,0
101024,Sun,17,iOS,0,1,Female,29.0,Pune,MP,0,0,0,0,0,0,0,0,1.1,Vivo,Reno,Other,Hindi,Android,13,app,play_store,12,3,555.4,meta,activation,ag2,crm,1
101025,Mon,5,iOS,0,1,Unknown,23.0,Unknown,Karnataka,0,0,0,0,0,0,0,0,1.0,Apple,Reno,BSNL,Tamil,Android,17,app,play_store,10,6,220.9,google,generic,none,none,0
101026,Sun,23,Web,0,1,Male,37.0,Bangalore,Maharashtra,0,1,0,1,0,0,0,0,1.0,OnePlus,Nord,Other,Marathi,Android,17,app,play_store,14,2,639.3,referral,none,ag2,paid,0
101027,Sun,23,Android,0,1,Female,28.0,Delhi,Unknown,0,0,0,0,0,1,0,1,2.1,Samsung,A12,BSNL,Hindi,Android,16,app,play_store,6,2,559.4,influencer,generic,ag2,none,1
101028,Sun,22,Android,0,3,Male,35.0,Mumbai,Unknown,1,0,0,0,0,0,0,0,1.0,Vivo,Y21,BSNL,Hindi,Android,16,app,app_store,4,5,84.8,influencer,brand,ag2,none,0
101029,Wed,21,Android,0,1,Female,20.0,Bangalore,MP,0,0,0,0,1,1,0,0,1.2,OnePlus,Reno,Other,English,Android,13,app,play_store,17,6,590.1,referral,generic,none,crm,1
101030,Sat,1,iOS,1,4,Male,44.0,Indore,Unknown,0,0,0,0,0,0,0,1,1.0,Apple,iPhone 13,Airtel,Tamil,iOS,17,app,app_store,4,3,258.5,organic,remarketing,ag2,organic,0
101031,Thu,22,Web,0,1,Female,40.0,Delhi,Karnataka,1,0,0,1,0,0,0,0,2.0,Apple,iPhone 13,Vi,English,Android,17,app,web,8,2,427.8,referral,brand,none,crm,0
101032,Thu,10,iOS,0,1,Female,18.0,Delhi,MP,0,0,0,0,0,1,0,0,1.0,Apple,Note 10,Jio,Hindi,iOS,15,app,app_store,5,3,148.8,influencer,none,ag1,paid,0
101033,Mon,13,Android,0,1,Male,24.0,Pune,Maharashtra,0,1,0,0,0,0,0,0,1.1,Samsung,Y21,Other,Tamil,Android,14,web,play_store,11,3,106.3,meta,brand,ag1,crm,0
101034,Wed,4,Web,0,1,Male,34.0,Indore,Karnataka,1,0,0,0,0,0,0,0,1.0,Vivo,Reno,Vi,Tamil,Android,11,app,play_store,7,6,66.5,google,activation,ag3,none,1
101035,Wed,5,Android,0,1,Male,19.0,Pune,Unknown,0,0,0,0,0,0,0,0,1.1,Samsung,Reno,BSNL,Marathi,Android,13,app,app_store,7,3,289.3,meta,none,none,crm,0
101036,Wed,9,Android,0,1,Male,29.0,Jaipur,Delhi,0,1,0,1,1,0,0,0,2.1,Oppo,Note 10,Airtel,English,Android,11,app,play_store,5,1,134.9,referral,brand,ag3,none,0
101037,Fri,7,Android,1,1,Male,33.0,Delhi,Rajasthan,1,0,0,0,0,0,0,0,1.2,OnePlus,Nord,BSNL,Marathi,Android,11,app,play_store,8,2,182.3,meta,remarketing,ag3,crm,0
101038,Tue,13,Android,0,1,Male,29.0,Bangalore,Unknown,0,0,0,0,0,0,0,0,2.0,Xiaomi,Reno,Other,English,Android,12,app,play_store,10,3,265.7,influencer,activation,none,crm,0
101039,Fri,23,Android,0,1,Female,34.0,Jaipur,Delhi,0,0,0,0,0,0,0,0,1.2,Vivo,Note 10,Vi,English,Android,15,app,web,15,4,181.1,google,activation,ag2,organic,0
101040,Tue,2,Android,0,1,Male,24.0,Indore,MP,0,0,0,0,0,1,0,0,1.2,OnePlus,A12,BSNL,Tamil,Android,17,app,play_store,2,2,1050.6,organic,remarketing,ag1,paid,1
101041,Wed,11,Android,1,1,Female,18.0,Delhi,Maharashtra,0,0,0,0,0,0,0,1,2.1,OnePlus,iPhone 13,Airtel,Tamil,Android,11,app,app_store,8,0,194.5,organic,generic,ag3,organic,1
101042,Wed,15,Android,1,1,Female,38.0,Unknown,Rajasthan,0,1,0,0,0,0,0,1,1.0,Vivo,Nord,Other,Bengali,Android,15,app,play_store,2,2,450.4,influencer,generic,ag2,organic,0
101043,Fri,22,iOS,1,1,Unknown,38.0,Indore,Maharashtra,1,0,0,0,0,0,0,0,1.2,Samsung,Y21,Other,Hindi,Android,12,app,web,9,3,316.1,referral,none,ag3,crm,1
101044,Fri,16,Android,0,1,Female,50.0,Jaipur,MP,1,0,0,1,0,0,0,1,2.0,Oppo,iPhone 13,BSNL,Marathi,Android,11,app,play_store,12,2,81.5,influencer,none,ag1,crm,1
101045,Tue,0,Android,1,4,Male,18.0,Bangalore,Maharashtra,0,0,0,0,0,0,0,0,1.1,Vivo,Nord,Airtel,Bengali,iOS,15,app,app_store,6,2,118.5,referral,none,ag3,organic,0
101046,Thu,22,iOS,0,1,Female,36.0,Mumbai,Karnataka,0,0,0,0,0,0,0,0,2.1,Oppo,Y21,Other,Marathi,Android,17,app,play_store,9,5,654.2,meta,activation,ag2,organic,0
101047,Tue,9,iOS,0,1,Male,18.0,Pune,Karnataka,0,0,1,0,0,0,0,0,2.1,Xiaomi,A12,Other,Marathi,Android,14,app,play_store,10,6,427.4,referral,activation,none,none,1
101048,Fri,22,Android,1,1,Unknown,44.0,Unknown,Unknown,0,0,0,0,0,0,0,0,1.2,Vivo,A12,BSNL,Hindi,Android,15,app,play_store,5,1,465.4,organic,activation,none,paid,0
101049,Sat,9,Android,1,1,Female,34.0,Pune,Unknown,1,0,0,0,1,0,0,0,1.0,OnePlus,Y21,Vi,Marathi,Android,14,app,play_store,6,4,173.1,meta,remarketing,ag3,none,0
101050,Fri,20,Android,0,1,Female,22.0,Jaipur,Unknown,1,0,1,0,0,0,0,0,1.2,OnePlus,Reno,Jio,Marathi,Android,12,app,play_store,8,2,389.6,referral,generic,none,organic,0
101051,Sat,23,Android,0,1,Male,36.0,Delhi,Unknown,1,1,0,0,0,0,0,0,1.1,Oppo,iPhone 13,Airtel,Tamil,iOS,12,app,play_store,8,0,394.1,organic,brand,none,crm,0
101052,Mon,1,Android,0,1,Female,26.0,Delhi,MP,0,0,0,0,0,0,0,0,1.2,Oppo,A12,Other,Tamil,Android,16,app,play_store,3,2,334.0,influencer,none,ag3,organic,0
101053,Fri,8,iOS,0,1,Female,32.0,Bangalore,Maharashtra,0,1,0,0,0,0,0,0,1.0,Oppo,Nord,Other,Tamil,Android,14,app,play_store,6,3,578.5,referral,none,ag3,organic,1
101054,Mon,21,Android,0,1,Female,32.0,Delhi,Unknown,0,0,0,0,0,0,0,0,2.1,Oppo,iPhone 13,Other,Hindi,Android,13,app,play_store,7,3,302.6,google,brand,none,paid,0
101055,Thu,12,iOS,1,4,Male,44.0,Delhi,MP,0,0,0,0,0,0,0,0,2.0,OnePlus,Y21,Vi,Tamil,Android,11,app,web,5,4,377.2,organic,brand,ag3,crm,0
101056,Tue,15,iOS,1,1,Unknown,45.0,Delhi,Rajasthan,0,0,0,0,0,0,0,0,2.1,Samsung,A12,Jio,Bengali,Android,11,app,app_store,11,3,253.6,referral,brand,none,none,0
101057,Sat,17,iOS,1,1,Male,25.0,Indore,Unknown,1,1,0,0,0,1,0,0,1.0,Vivo,A12,BSNL,Bengali,Android,14,app,app_store,10,7,333.5,google,activation,ag3,none,1
101058,Tue,18,Android,1,1,Female,38.0,Indore,Maharashtra,0,0,0,0,0,0,0,0,2.1,Samsung,Note 10,Airtel,Bengali,Android,11,app,play_store,8,6,157.1,google,remarketing,ag3,crm,0
101059,Mon,11,iOS,0,1,Female,33.0,Mumbai,Karnataka,0,0,0,0,0,0,0,0,1.2,Oppo,Note 10,Vi,Hindi,iOS,12,app,play_store,8,2,160.1,meta,brand,none,crm,0
101060,Sat,7,Android,1,1,Male,19.0,Indore,Delhi,0,0,0,0,0,0,0,1,1.2,Apple,iPhone 13,Other,English,Android,16,app,play_store,6,6,634.7,organic,generic,none,none,0
101061,Tue,16,Android,0,1,Male,24.0,Unknown,Karnataka,1,1,0,0,0,0,0,0,1.2,Vivo,iPhone 13,Jio,English,Android,16,app,play_store,7,1,404.1,referral,generic,ag1,organic,0
101062,Fri,14,Android,0,1,Female,49.0,Unknown,Maharashtra,1,0,0,0,0,0,0,0,1.2,Samsung,Y21,Jio,Bengali,iOS,13,app,app_store,9,1,798.8,influencer,generic,ag1,organic,1
101063,Wed,9,Android,0,4,Male,33.0,Pune,Maharashtra,0,0,0,0,0,0,0,0,1.0,Oppo,Y21,Jio,English,iOS,14,app,play_store,6,2,63.7,meta,activation,ag3,none,0
101064,Mon,14,iOS,0,1,Male,38.0,Unknown,Maharashtra,1,0,0,0,0,0,0,0,1.1,Oppo,Y21,BSNL,Marathi,Android,12,app,app_store,9,2,176.4,meta,none,none,organic,0
101065,Tue,14,Android,1,1,Female,28.0,Jaipur,Maharashtra,0,0,0,0,0,0,0,0,1.2,Vivo,Note 10,Airtel,Hindi,iOS,12,app,play_store,7,3,759.8,meta,none,ag2,none,0
101066,Mon,22,Android,1,1,Female,26.0,Mumbai,Unknown,0,0,0,0,0,0,0,0,2.1,Xiaomi,A12,Other,Bengali,Android,17,app,play_store,4,0,389.0,meta,brand,ag1,organic,0
101067,Sun,6,Android,0,1,Female,30.0,Delhi,Rajasthan,0,0,0,0,0,1,0,1,1.0,Vivo,A12,Vi,Bengali,Android,17,app,play_store,5,3,136.6,organic,activation,ag3,crm,1
101068,Mon,12,Android,1,1,Male,28.0,Pune,Delhi,0,0,0,0,0,0,0,0,1.0,Samsung,Y21,Vi,Bengali,Android,14,app,play_store,7,5,758.0,influencer,remarketing,ag1,organic,1
101069,Sat,16,Android,0,1,Male,18.0,Mumbai,Unknown,0,0,0,0,0,0,1,0,2.0,Xiaomi,Note 10,Vi,Marathi,Android,14,app,play_store,10,3,643.8,meta,brand,ag1,none,1
101070,Sun,8,iOS,1,2,Female,22.0,Jaipur,Karnataka,0,0,0,1,0,0,0,1,1.2,Vivo,Y21,Vi,Tamil,Android,17,app,play_store,6,2,411.8,referral,none,ag2,none,0
101071,Sat,7,Android,0,1,Female,36.0,Mumbai,Rajasthan,0,0,1,0,0,1,0,0,2.1,OnePlus,Nord,Other,Bengali,Android,15,app,play_store,8,2,617.8,organic,none,ag1,organic,0
101072,Wed,19,Android,0,1,Female,27.0,Pune,MP,0,0,0,0,0,1,0,1,1.1,Vivo,iPhone 13,Airtel,English,Android,12,app,play_store,3,3,512.6,organic,brand,none,none,1
101073,Sun,20,Android,0,1,Female,30.0,Mumbai,Maharashtra,0,0,0,0,0,0,0,0,1.1,Vivo,Note 10,Other,Tamil,Android,11,app,play_store,6,1,107.9,google,brand,none,organic,0
101074,Fri,17,Android,0,1,Male,32.0,Pune,Karnataka,1,0,0,0,0,0,0,0,2.1,OnePlus,A12,Vi,Marathi,Android,16,app,play_store,8,1,407.8,referral,generic,none,crm,0
101075,Mon,12,Android,0,1,Male,33.0,Mumbai,MP,0,1,0,0,0,0,0,1,1.0,OnePlus,Nord,Airtel,Bengali,Android,13,app,play_store,4,2,682.4,referral,remarketing,ag2,none,1
101076,Tue,15,Android,1,1,Unknown,39.0,Mumbai,Delhi,0,0,0,0,0,0,0,0,2.1,Apple,iPhone 13,BSNL,Tamil,Android,15,app,play_store,5,1,486.8,google,generic,ag3,none,0
101077,Thu,8,Web,0,2,Male,21.0,Unknown,Karnataka,0,0,0,0,0,0,0,1,2.0,OnePlus,iPhone 13,Airtel,Bengali,Android,12,app,play_store,5,2,309.2,influencer,brand,ag2,organic,0
101078,Mon,11,Android,1,1,Female,35.0,Mumbai,Rajasthan,0,0,1,0,0,0,0,0,1.0,Vivo,iPhone 13,BSNL,Bengali,Android,17,app,app_store,8,3,546.2,meta,remarketing,ag1,organic,1
101079,Mon,11,Android,1,1,Unknown,36.0,Pune,Unknown,0,1,1,0,0,1,0,0,2.0,Samsung,Note 10,Other,Marathi,iOS,14,web,app_store,11,3,207.3,meta,brand,ag3,none,0
101080,Wed,5,Android,0,1,Unknown,38.0,Mumbai,MP,0,1,0,0,0,1,0,0,1.1,Oppo,Note 10,BSNL,English,Android,16,web,play_store,12,4,343.6,referral,activation,ag1,paid,0
101081,Fri,18,iOS,0,1,Female,19.0,Unknown,Karnataka,0,0,0,0,0,0,0,0,1.2,Samsung,Note 10,BSNL,Marathi,Android,13,app,play_store,8,2,295.0,referral,brand,none,paid,0
101082,Thu,6,Android,1,1,Male,32.0,Jaipur,Unknown,1,0,0,0,1,0,0,0,2.0,Vivo,A12,Airtel,Marathi,Android,13,app,play_store,7,1,122.4,influencer,activation,ag3,paid,0
101083,Sun,2,Android,0,1,Unknown,44.0,Jaipur,Unknown,0,0,0,0,0,0,0,0,2.1,Xiaomi,A12,Other,English,iOS,12,app,play_store,11,4,170.4,influencer,generic,none,organic,0
101084,Sun,15,iOS,1,1,Female,29.0,Indore,Unknown,1,0,0,0,0,0,0,0,1.2,Apple,A12,Airtel,Tamil,iOS,11,app,play_store,7,2,193.3,meta,brand,ag2,crm,0
101085,Sun,17,Android,0,1,Male,34.0,Indore,Rajasthan,0,1,0,0,0,0,0,0,1.1,Apple,Nord,Jio,Marathi,iOS,13,app,play_store,6,3,119.0,google,remarketing,ag1,organic,0
101086,Sat,15,Android,0,1,Female,36.0,Indore,Maharashtra,0,0,0,0,0,0,0,1,2.1,OnePlus,Nord,BSNL,Bengali,Android,12,app,play_store,11,3,573.0,google,remarketing,ag1,crm,1
101087,Sat,22,Android,1,1,Male,22.0,Indore,Karnataka,0,0,0,1,0,0,0,1,2.0,Apple,Reno,Airtel,Marathi,Android,17,app,play_store,6,1,53.0,meta,none,ag2,paid,0
101088,Tue,6,Android,0,1,Female,45.0,Indore,Unknown,0,0,1,0,0,1,0,0,2.1,OnePlus,Y21,Other,English,iOS,13,app,play_store,6,2,571.5,organic,remarketing,none,none,1
101089,Thu,3,Android,0,1,Male,34.0,Jaipur,Maharashtra,0,0,0,0,0,0,1,0,1.2,Xiaomi,Reno,Airtel,Tamil,Android,11,app,app_store,7,4,223.7,google,remarketing,none,paid,1
101090,Sun,7,Android,0,1,Female,34.0,Delhi,Unknown,0,1,0,1,0,0,0,0,2.1,Xiaomi,Y21,Jio,English,Android,15,app,play_store,9,6,34.0,meta,activation,none,organic,0
101091,Sat,12,Android,1,1,Female,18.0,Mumbai,MP,0,0,0,0,0,0,0,0,2.0,Xiaomi,iPhone 13,BSNL,Bengali,iOS,17,app,app_store,6,6,439.9,organic,generic,none,crm,0
101092,Tue,12,Android,1,1,Female,36.0,Jaipur,MP,0,0,0,0,0,0,0,0,1.0,Xiaomi,iPhone 13,Jio,Tamil,Android,12,app,play_store,8,4,520.7,referral,activation,ag3,none,0
101093,Fri,16,Android,0,1,Female,34.0,Jaipur,MP,0,0,0,0,0,0,0,0,1.1,Samsung,Note 10,Jio,Marathi,iOS,12,app,play_store,10,2,737.9,influencer,generic,ag3,crm,0
101094,Tue,16,Web,0,1,Female,43.0,Bangalore,Maharashtra,0,0,0,1,1,1,0,0,1.1,Oppo,iPhone 13,BSNL,Tamil,Android,15,web,play_store,6,2,1267.0,referral,activation,ag1,none,1
101095,Sat,4,iOS,0,1,Male,28.0,Delhi,Maharashtra,0,0,0,0,0,0,1,0,1.2,Xiaomi,iPhone 13,Jio,Marathi,Android,17,app,app_store,6,3,74.0,google,generic,ag2,crm,0
101096,Wed,5,iOS,0,1,Male,22.0,Pune,Unknown,0,0,0,0,0,1,0,0,2.1,OnePlus,Nord,BSNL,Marathi,Android,16,app,play_store,5,3,190.0,meta,activation,ag3,paid,0
101097,Wed,18,Android,0,1,Female,25.0,Unknown,Rajasthan,1,0,0,0,0,0,0,0,2.1,Oppo,A12,BSNL,Hindi,Android,16,app,play_store,9,1,337.2,influencer,generic,ag1,crm,0
101098,Sun,12,Android,1,1,Male,26.0,Delhi,Karnataka,0,1,0,0,1,0,0,0,2.0,Vivo,iPhone 13,Vi,Marathi,Android,14,app,play_store,8,4,559.4,referral,activation,none,paid,0
101099,Wed,13,Android,0,2,Male,21.0,Bangalore,Rajasthan,0,0,0,0,0,0,1,0,1.1,Oppo,Y21,Other,Marathi,iOS,12,web,web,6,0,177.4,meta,none,none,crm,0
101100,Sun,21,Android,0,1,Male,40.0,Jaipur,Maharashtra,0,0,1,0,0,1,0,1,1.1,Vivo,Y21,Airtel,Marathi,Android,16,app,play_store,10,3,131.7,meta,none,ag2,paid,0
101101,Sun,3,Web,1,1,Male,41.0,Delhi,Karnataka,0,1,0,0,0,0,1,0,1.2,Apple,iPhone 13,Airtel,Hindi,iOS,14,app,play_store,12,3,481.8,google,remarketing,none,none,0
101102,Sat,6,Android,0,2,Female,28.0,Mumbai,MP,0,0,0,0,0,0,0,0,1.1,Vivo,Note 10,Other,Tamil,Android,12,app,play_store,8,4,1291.3,influencer,brand,ag1,none,1
101103,Wed,7,Android,0,1,Female,27.0,Indore,Rajasthan,0,1,0,0,0,1,0,0,2.0,Samsung,Y21,Jio,Hindi,Android,17,web,play_store,10,4,645.4,google,brand,ag2,none,1
101104,Sun,12,Android,0,1,Male,18.0,Mumbai,Rajasthan,1,0,0,1,0,0,0,0,2.0,Vivo,iPhone 13,Other,English,Android,17,app,app_store,10,8,228.1,meta,activation,ag3,crm,0
101105,Thu,5,Android,0,1,Female,36.0,Delhi,Rajasthan,0,0,1,0,0,1,0,0,1.1,Apple,Y21,BSNL,Marathi,iOS,17,app,play_store,6,0,148.9,organic,none,ag3,crm,1
101106,Fri,5,Android,1,1,Male,43.0,Jaipur,Maharashtra,0,0,0,1,0,0,0,0,1.2,Apple,iPhone 13,BSNL,Hindi,Android,16,app,play_store,4,1,715.6,organic,brand,ag1,crm,1
101107,Tue,23,Android,0,1,Female,25.0,Jaipur,Karnataka,0,0,0,0,0,0,0,0,2.0,OnePlus,Nord,Airtel,Hindi,iOS,13,app,play_store,7,2,146.1,google,none,none,none,0
101108,Tue,20,Android,0,1,Male,29.0,Bangalore,MP,0,0,0,0,0,0,0,0,1.2,Oppo,Y21,Vi,Tamil,Android,11,app,app_store,5,2,467.4,referral,activation,none,organic,1
101109,Sat,2,iOS,0,1,Female,33.0,Pune,Maharashtra,0,0,0,1,0,0,0,0,2.1,Oppo,iPhone 13,Jio,Tamil,Android,13,app,play_store,6,1,390.5,meta,none,ag3,none,0
101110,Wed,2,Android,1,2,Male,44.0,Mumbai,MP,0,1,0,0,0,1,0,0,1.1,OnePlus,Nord,Other,Tamil,Android,12,app,web,5,4,418.7,influencer,generic,ag2,paid,0
101111,Wed,12,iOS,0,1,Male,32.0,Bangalore,Delhi,0,0,0,1,0,0,0,0,2.1,Apple,iPhone 13,BSNL,Bengali,Android,17,web,play_store,9,0,476.3,influencer,remarketing,ag3,paid,0
101112,Sun,21,iOS,0,1,Female,32.0,Pune,Delhi,0,0,0,0,0,0,0,0,2.1,Vivo,iPhone 13,BSNL,Tamil,Android,14,app,play_store,5,3,265.1,referral,remarketing,ag3,paid,0
101113,Mon,1,Android,1,1,Male,31.0,Indore,MP,0,0,0,1,0,0,0,1,1.1,OnePlus,Note 10,Vi,Marathi,Android,14,app,play_store,10,2,226.7,influencer,activation,ag3,none,0
101114,Sun,15,iOS,0,1,Unknown,19.0,Mumbai,Delhi,0,0,0,0,0,0,0,0,2.1,Vivo,iPhone 13,BSNL,Hindi,Android,15,app,play_store,6,5,594.9,google,none,ag3,organic,0
101115,Fri,21,Android,1,1,Female,18.0,Jaipur,Karnataka,0,0,0,0,0,0,0,0,1.1,Xiaomi,Y21,Other,English,Android,15,app,play_store,6,5,228.5,influencer,none,ag3,organic,0
101116,Thu,5,Web,0,1,Male,24.0,Mumbai,Karnataka,1,0,0,1,0,0,0,0,1.2,OnePlus,A12,Airtel,English,Android,16,web,play_store,3,3,267.6,meta,remarketing,ag3,organic,0
101117,Tue,7,Android,1,1,Female,38.0,Jaipur,Maharashtra,0,0,0,0,0,0,0,0,2.1,Samsung,iPhone 13,Airtel,English,Android,17,app,play_store,11,3,1025.5,google,remarketing,ag3,organic,0
101118,Sun,22,Android,0,1,Male,27.0,Jaipur,MP,0,1,0,0,0,1,0,1,2.1,Vivo,Y21,Jio,Marathi,Android,15,app,web,9,4,188.6,organic,generic,none,crm,0
101119,Mon,7,Android,0,1,Male,26.0,Indore,Maharashtra,0,1,0,0,0,0,0,1,2.0,OnePlus,iPhone 13,Other,Hindi,Android,16,app,web,9,2,398.4,organic,activation,ag3,none,0
101120,Mon,5,Android,1,1,Unknown,26.0,Indore,Karnataka,1,1,0,1,0,1,0,0,2.1,OnePlus,A12,BSNL,Bengali,Android,11,app,play_store,5,0,631.7,influencer,activation,none,crm,1
101121,Sun,13,Web,0,1,Male,29.0,Delhi,Karnataka,0,0,0,0,0,1,0,0,1.0,Apple,A12,BSNL,Bengali,Android,16,app,play_store,7,3,858.0,referral,activation,ag3,organic,0
101122,Sat,2,Android,0,1,Female,44.0,Pune,Karnataka,0,0,0,0,0,1,1,0,2.1,Samsung,iPhone 13,Other,Tamil,iOS,15,app,play_store,10,6,223.0,organic,brand,ag3,paid,1
101123,Tue,9,Android,0,1,Male,29.0,Bangalore,Rajasthan,0,1,0,0,0,0,0,0,2.1,Oppo,Y21,Airtel,Bengali,Android,14,app,play_store,8,5,168.8,organic,remarketing,ag3,paid,0
101124,Sat,2,Android,0,2,Female,24.0,Unknown,Delhi,0,0,0,0,0,1,0,0,2.0,Apple,Nord,BSNL,Hindi,Android,16,app,play_store,9,1,188.6,meta,brand,ag3,paid,1
101125,Thu,11,Web,1,1,Male,30.0,Unknown,Maharashtra,0,0,0,0,0,0,0,0,1.0,Apple,Note 10,BSNL,Tamil,Android,17,app,play_store,6,2,306.2,referral,none,ag3,organic,1
101126,Mon,16,Android,0,1,Male,44.0,Indore,Maharashtra,0,1,0,1,0,0,0,0,1.2,Oppo,iPhone 13,Other,Marathi,iOS,13,app,play_store,4,3,37.5,organic,activation,ag1,none,0
101127,Mon,4,Android,1,1,Unknown,26.0,Delhi,Karnataka,0,1,1,0,0,1,0,0,1.1,Vivo,Y21,Jio,English,Android,12,app,play_store,6,4,207.3,google,none,ag3,crm,0
101128,Fri,19,Android,0,1,Male,21.0,Pune,Rajasthan,1,0,1,0,0,0,0,0,2.1,Oppo,A12,Other,English,Android,15,app,app_store,6,4,825.9,meta,remarketing,ag2,none,1
101129,Thu,8,Android,0,1,Female,26.0,Pune,Maharashtra,1,0,0,0,0,0,0,0,1.2,Apple,Y21,BSNL,Tamil,Android,11,app,play_store,8,4,901.0,google,none,ag1,paid,0
101130,Mon,20,Android,0,1,Female,31.0,Mumbai,Unknown,1,0,0,0,0,0,0,0,1.2,Vivo,iPhone 13,Other,Tamil,Android,13,app,app_store,10,5,77.7,meta,remarketing,ag3,crm,0
101131,Thu,19,Android,1,1,Female,36.0,Delhi,Maharashtra,0,0,0,1,1,0,0,0,1.1,OnePlus,Y21,Other,Tamil,Android,17,app,play_store,8,6,1099.9,meta,activation,ag3,none,1
101132,Tue,6,Android,1,1,Female,38.0,Delhi,Rajasthan,1,0,0,0,0,0,0,0,1.1,OnePlus,Y21,Jio,Hindi,iOS,16,web,play_store,6,4,1311.6,meta,remarketing,ag1,organic,1
101133,Wed,21,iOS,0,1,Male,22.0,Mumbai,Karnataka,1,0,0,0,0,1,0,1,1.2,Oppo,iPhone 13,Airtel,Tamil,Android,14,app,play_store,11,2,1290.5,meta,none,ag2,crm,1
101134,Mon,3,Android,1,1,Male,22.0,Unknown,Rajasthan,1,0,0,0,0,0,0,0,1.0,Vivo,iPhone 13,Other,Hindi,Android,11,app,play_store,10,3,339.8,influencer,activation,ag3,organic,0
101135,Fri,12,Android,0,1,Unknown,27.0,Bangalore,Delhi,0,0,0,0,0,0,0,1,2.0,OnePlus,Nord,Other,Tamil,Android,12,app,play_store,7,1,139.0,meta,brand,ag3,crm,0
101136,Tue,12,Android,0,1,Female,35.0,Unknown,Maharashtra,0,0,0,0,0,0,0,0,1.2,Samsung,iPhone 13,Jio,Hindi,Android,17,app,web,5,1,24.7,referral,generic,ag3,organic,0
101137,Sun,9,iOS,1,1,Male,20.0,Indore,Delhi,0,0,0,0,0,0,0,0,1.1,Vivo,Reno,BSNL,Hindi,iOS,16,app,app_store,7,1,298.5,influencer,generic,none,crm,0
101138,Thu,17,Web,1,1,Male,25.0,Jaipur,Maharashtra,1,0,0,0,0,0,1,0,2.0,OnePlus,A12,Vi,Bengali,Android,16,app,app_store,13,7,45.8,referral,brand,ag3,crm,0
101139,Sun,16,Android,1,3,Female,25.0,Mumbai,Delhi,0,0,0,1,0,0,0,0,1.1,OnePlus,Y21,Vi,Bengali,Android,16,app,app_store,6,3,317.2,influencer,brand,none,paid,0
101140,Sat,19,Android,0,1,Unknown,38.0,Indore,Maharashtra,0,0,0,0,0,0,0,0,1.2,OnePlus,A12,BSNL,Tamil,Android,15,app,app_store,8,2,72.8,meta,none,none,crm,0
101141,Tue,19,Android,0,4,Unknown,34.0,Jaipur,Unknown,0,1,0,0,0,0,0,0,2.0,Apple,Reno,BSNL,Tamil,Android,12,app,app_store,9,3,397.6,google,brand,none,none,0
101142,Sun,12,Android,0,1,Female,37.0,Delhi,Karnataka,0,0,0,0,0,0,1,0,1.1,Oppo,Note 10,BSNL,Hindi,Android,12,app,app_store,8,2,83.9,meta,remarketing,ag2,crm,0
101143,Mon,16,Android,0,1,Male,41.0,Unknown,Unknown,1,1,0,0,0,0,1,0,1.1,Vivo,Note 10,Airtel,Hindi,Android,14,app,play_store,3,2,383.9,influencer,generic,ag2,crm,0
101144,Thu,21,Android,1,1,Unknown,28.0,Mumbai,MP,0,1,0,0,0,1,0,1,1.0,Xiaomi,iPhone 13,Airtel,Bengali,iOS,13,app,play_store,13,4,311.7,meta,generic,none,organic,0
101145,Wed,3,Android,0,1,Female,21.0,Jaipur,Rajasthan,0,0,0,0,0,0,1,0,1.1,Oppo,Y21,Jio,Marathi,Android,15,app,play_store,1,4,414.2,google,generic,ag3,paid,0
101146,Tue,0,Web,1,1,Male,21.0,Bangalore,Maharashtra,1,1,0,1,0,0,0,0,2.1,Oppo,iPhone 13,BSNL,English,Android,14,app,play_store,5,2,115.3,influencer,remarketing,none,organic,0
101147,Mon,0,Android,0,1,Male,18.0,Indore,Rajasthan,0,0,0,1,0,1,0,0,1.2,Xiaomi,Nord,Other,English,iOS,13,app,play_store,5,8,207.1,meta,generic,ag1,organic,0
101148,Fri,14,Android,0,1,Male,26.0,Unknown,Maharashtra,1,0,0,0,0,0,0,0,2.1,Vivo,A12,BSNL,Marathi,Android,13,app,app_store,10,2,137.2,organic,generic,ag1,paid,0
101149,Sat,12,Android,1,1,Female,27.0,Indore,MP,0,0,0,0,0,1,0,0,1.2,Samsung,iPhone 13,BSNL,Marathi,Android,11,app,play_store,6,1,349.9,referral,generic,ag1,paid,0
101150,Thu,16,Android,0,1,Male,36.0,Indore,Karnataka,0,0,0,0,0,0,0,0,1.0,Apple,Nord,Other,English,Android,17,app,play_store,8,2,203.3,organic,activation,ag1,none,0
101151,Tue,23,Android,1,1,Male,30.0,Delhi,Karnataka,0,0,0,0,0,0,0,0,1.2,Samsung,A12,Jio,Bengali,iOS,17,app,play_store,9,4,183.0,google,generic,none,paid,0
101152,Tue,7,Android,0,1,Male,26.0,Unknown,Rajasthan,0,0,1,1,0,0,0,0,1.0,Apple,iPhone 13,BSNL,English,Android,17,app,app_store,8,3,1058.7,influencer,activation,ag2,paid,1
101153,Wed,17,Android,1,1,Male,29.0,Jaipur,Unknown,0,0,0,0,0,0,0,0,2.0,Apple,iPhone 13,Other,Marathi,Android,14,app,app_store,12,1,323.6,referral,activation,none,none,0
101154,Wed,12,Android,0,1,Male,22.0,Indore,MP,1,0,0,0,0,0,0,0,2.1,Oppo,iPhone 13,Vi,English,Android,14,app,play_store,7,4,340.0,referral,none,ag2,none,0
101155,Fri,22,Web,0,1,Female,38.0,Pune,Rajasthan,0,0,0,0,0,0,0,0,2.1,Apple,Nord,Vi,English,Android,13,app,play_store,11,7,287.0,influencer,generic,ag1,paid,0
101156,Sat,13,Android,1,1,Male,24.0,Unknown,Karnataka,0,0,0,0,0,0,0,0,1.0,Oppo,Reno,Other,Marathi,Android,15,app,play_store,6,4,285.7,referral,none,ag2,paid,1
101157,Fri,7,Android,1,1,Unknown,21.0,Indore,Delhi,1,0,0,0,0,0,0,0,2.1,Xiaomi,A12,BSNL,Bengali,Android,11,app,app_store,9,0,714.9,organic,brand,ag2,none,1
101158,Mon,7,Android,0,1,Female,37.0,Delhi,Rajasthan,0,0,0,0,0,0,0,0,2.1,Apple,Reno,Airtel,English,iOS,16,web,play_store,6,3,377.3,google,remarketing,ag3,none,0
101159,Mon,14,Android,0,1,Unknown,35.0,Mumbai,Maharashtra,0,0,0,0,0,0,0,0,1.0,Xiaomi,Reno,Airtel,Tamil,Android,17,app,play_store,5,4,120.8,organic,generic,ag2,organic,0
101160,Fri,12,Android,0,1,Female,18.0,Indore,Karnataka,0,0,0,1,1,0,0,0,1.0,Samsung,Y21,BSNL,Tamil,Android,16,app,play_store,7,2,718.9,organic,none,none,crm,0
101161,Sat,6,iOS,0,1,Male,37.0,Indore,Maharashtra,0,0,0,0,0,0,0,0,1.1,Oppo,Nord,Other,English,Android,16,app,play_store,10,3,85.1,meta,none,ag3,crm,1
101162,Fri,4,Web,1,1,Male,24.0,Mumbai,MP,0,0,1,0,0,0,0,0,2.1,Oppo,Nord,Jio,Marathi,Android,17,app,play_store,5,0,120.7,organic,brand,ag1,crm,0
101163,Sat,16,Web,1,1,Male,27.0,Jaipur,Unknown,1,1,0,0,0,0,0,0,2.1,Vivo,Nord,Airtel,Tamil,Android,15,app,app_store,11,3,521.3,google,none,ag1,organic,1
101164,Sat,15,Android,0,1,Unknown,31.0,Jaipur,Unknown,0,0,0,0,0,1,0,0,2.0,Apple,A12,Vi,English,Android,12,app,play_store,6,4,162.2,referral,brand,ag1,organic,0
101165,Sun,22,iOS,0,1,Male,35.0,Pune,Karnataka,0,1,0,0,0,0,0,0,2.1,Vivo,Reno,Jio,Marathi,Android,13,app,web,6,2,273.8,google,none,ag1,crm,0
101166,Thu,1,Android,1,1,Female,34.0,Delhi,Karnataka,0,1,0,0,0,0,0,1,1.0,Vivo,Note 10,Vi,Tamil,Android,16,app,play_store,8,5,143.1,organic,brand,ag1,crm,0
101167,Sat,21,Android,0,1,Female,30.0,Mumbai,Unknown,0,0,0,1,0,0,0,0,1.2,Xiaomi,Reno,BSNL,Bengali,Android,16,app,app_store,1,4,318.2,google,brand,ag2,none,0
101168,Wed,17,Android,0,3,Unknown,27.0,Delhi,Rajasthan,1,1,0,0,0,0,0,1,1.1,Oppo,Y21,Jio,Marathi,Android,12,app,play_store,8,2,100.9,influencer,none,ag3,crm,0
101169,Sat,16,iOS,0,1,Female,33.0,Jaipur,Unknown,0,0,0,0,0,1,0,0,1.0,OnePlus,Y21,BSNL,Tamil,Android,15,app,play_store,13,3,185.6,influencer,generic,ag1,crm,0
101170,Sat,6,Android,0,1,Female,29.0,Mumbai,Unknown,1,1,0,0,0,0,0,0,1.2,Xiaomi,Y21,Airtel,Hindi,Android,16,app,play_store,9,3,101.4,meta,remarketing,none,paid,0
101171,Sat,12,Android,0,4,Male,44.0,Bangalore,Rajasthan,0,0,0,0,0,0,0,0,2.1,OnePlus,Note 10,BSNL,Hindi,Android,17,app,play_store,6,2,486.1,organic,brand,none,paid,0
101172,Sun,17,Android,1,1,Female,35.0,Pune,Maharashtra,0,0,0,0,1,1,0,0,1.0,Oppo,Nord,Airtel,Marathi,iOS,11,app,app_store,8,3,105.8,influencer,brand,ag1,organic,0
101173,Sun,13,Android,0,4,Male,23.0,Bangalore,Rajasthan,1,1,1,1,0,0,0,0,2.1,Oppo,Note 10,Airtel,Tamil,Android,13,app,play_store,8,3,171.6,organic,none,ag1,paid,0
101174,Mon,17,Android,0,1,Female,26.0,Jaipur,Delhi,0,0,0,0,0,0,0,0,2.0,Vivo,Y21,Other,Bengali,iOS,17,app,play_store,7,2,2093.2,meta,remarketing,none,none,1
101175,Sun,12,iOS,1,1,Male,30.0,Unknown,Karnataka,0,1,0,0,0,0,0,0,2.0,Xiaomi,Nord,BSNL,Marathi,iOS,13,app,app_store,13,4,100.9,meta,brand,ag1,none,0
101176,Wed,10,Android,0,1,Male,40.0,Mumbai,Unknown,1,0,0,0,1,0,0,0,1.1,Xiaomi,A12,Jio,Marathi,Android,16,app,play_store,10,2,502.6,referral,generic,none,crm,0
101177,Wed,20,Android,0,1,Unknown,41.0,Jaipur,MP,0,0,0,0,0,0,1,1,1.2,OnePlus,Y21,Jio,Bengali,Android,11,app,play_store,8,5,284.3,influencer,none,ag1,crm,0
101178,Sun,20,Android,0,1,Male,27.0,Mumbai,Karnataka,0,0,0,0,1,0,0,0,1.0,Oppo,Nord,Other,English,iOS,16,app,play_store,4,3,608.0,influencer,none,ag3,paid,0
101179,Fri,15,Android,0,1,Female,23.0,Delhi,Unknown,0,1,0,0,0,0,0,1,1.1,Xiaomi,A12,BSNL,English,iOS,17,app,play_store,7,2,680.0,meta,remarketing,ag2,none,0
101180,Thu,22,Android,1,1,Female,22.0,Mumbai,Maharashtra,1,0,0,0,0,0,0,0,2.1,Apple,Note 10,Other,Bengali,Android,16,app,play_store,10,3,57.6,influencer,brand,ag2,paid,0
101181,Sun,16,Android,1,1,Female,32.0,Jaipur,Unknown,0,0,0,0,0,1,0,0,1.0,Xiaomi,Reno,Airtel,Bengali,iOS,14,app,app_store,10,7,223.0,meta,activation,ag2,organic,0
101182,Sat,7,Android,0,1,Male,48.0,Delhi,Rajasthan,1,0,0,0,0,0,0,0,1.0,Samsung,Nord,BSNL,Tamil,Android,16,app,play_store,10,7,170.9,influencer,generic,ag3,paid,0
101183,Tue,18,Android,1,1,Male,34.0,Delhi,Karnataka,0,1,0,1,1,0,1,0,2.1,Xiaomi,Nord,Jio,Bengali,Android,15,app,play_store,5,5,186.2,influencer,brand,none,crm,0
101184,Thu,19,Android,0,4,Female,18.0,Mumbai,Rajasthan,1,0,0,1,0,0,0,1,1.1,Apple,Note 10,Airtel,Hindi,Android,13,app,app_store,9,2,282.0,organic,generic,ag2,crm,0
101185,Thu,14,Android,1,1,Female,24.0,Delhi,Unknown,0,0,0,0,0,0,0,0,1.1,OnePlus,A12,Other,Hindi,Android,17,app,play_store,11,3,102.1,meta,brand,ag2,paid,0
101186,Wed,8,Android,0,1,Male,25.0,Jaipur,Maharashtra,0,0,0,0,0,0,0,0,2.0,Xiaomi,Reno,Other,English,iOS,13,app,app_store,11,3,349.1,organic,activation,ag1,none,0
101187,Thu,19,Android,0,1,Male,23.0,Unknown,Rajasthan,0,0,0,0,0,0,0,1,1.0,Apple,Note 10,Other,Hindi,iOS,12,app,play_store,11,1,212.0,influencer,remarketing,none,organic,0
101188,Sun,9,Web,0,1,Male,27.0,Pune,MP,0,1,0,0,0,0,0,0,1.1,Samsung,Y21,BSNL,Hindi,Android,12,app,play_store,12,5,467.2,organic,remarketing,none,none,1
101189,Sat,11,Android,0,1,Unknown,33.0,Bangalore,Unknown,0,0,0,1,0,1,0,0,1.0,OnePlus,iPhone 13,Other,Tamil,Android,11,app,app_store,8,3,377.3,referral,remarketing,none,none,0
101190,Sat,20,Android,0,1,Male,35.0,Mumbai,Maharashtra,0,0,0,0,0,0,0,0,2.0,Vivo,Note 10,Airtel,English,Android,11,app,play_store,8,5,240.5,google,brand,ag2,paid,0
101191,Mon,22,Android,0,1,Male,39.0,Delhi,Karnataka,1,0,0,0,0,0,0,0,1.2,Oppo,Y21,BSNL,Tamil,Android,17,app,play_store,7,2,122.4,google,brand,ag1,none,0
101192,Sat,19,Android,1,1,Female,34.0,Delhi,Karnataka,0,0,0,0,0,0,0,0,1.2,Oppo,Nord,BSNL,Marathi,Android,16,app,app_store,6,5,250.5,organic,generic,none,organic,0
101193,Sat,0,Web,0,1,Male,18.0,Jaipur,MP,1,0,0,0,0,0,0,1,2.0,Oppo,Reno,Airtel,Hindi,Android,14,app,play_store,10,1,654.0,meta,remarketing,ag3,organic,0
101194,Wed,19,Android,1,1,Unknown,22.0,Delhi,Delhi,0,1,0,0,0,0,0,1,1.0,Samsung,Y21,Jio,Hindi,iOS,16,app,app_store,8,6,277.8,meta,activation,ag1,organic,0
101195,Sat,8,Android,0,1,Male,29.0,Delhi,Rajasthan,0,0,0,0,0,0,0,0,1.1,Samsung,Nord,BSNL,Tamil,Android,13,app,web,5,5,413.7,google,brand,none,crm,0
101196,Mon,21,Android,1,1,Male,31.0,Pune,Unknown,1,0,1,1,0,0,0,0,1.1,Apple,iPhone 13,Airtel,Marathi,Android,15,app,app_store,9,3,14.2,referral,brand,none,none,0
101197,Tue,14,Android,1,2,Male,37.0,Unknown,Karnataka,1,0,0,0,0,0,0,0,2.1,Samsung,iPhone 13,BSNL,Hindi,Android,14,app,play_store,6,6,325.3,organic,brand,none,crm,0
101198,Sun,0,iOS,1,2,Male,30.0,Mumbai,Unknown,0,1,1,0,0,0,0,0,1.1,Vivo,Note 10,Jio,Bengali,Android,15,app,app_store,6,4,262.4,influencer,brand,ag3,paid,0
101199,Wed,11,Android,1,1,Male,30.0,Mumbai,MP,0,0,0,1,0,0,0,0,1.0,Apple,Reno,Jio,Tamil,Android,15,app,play_store,4,5,198.5,referral,brand,ag3,organic,0
101200,Tue,2,Android,1,1,Male,32.0,Jaipur,Rajasthan,0,1,0,1,0,1,0,0,1.0,Vivo,iPhone 13,Vi,English,iOS,16,app,play_store,5,2,689.2,meta,remarketing,none,crm,0
101201,Wed,10,Android,0,4,Male,28.0,Pune,Maharashtra,0,0,0,0,0,0,0,0,2.0,Vivo,Reno,BSNL,Marathi,Android,16,app,play_store,8,4,764.0,google,generic,ag3,paid,1
101202,Fri,1,Android,0,1,Female,31.0,Pune,Unknown,1,0,0,0,0,0,1,0,2.1,OnePlus,Note 10,BSNL,Hindi,iOS,13,web,play_store,7,1,76.9,referral,generic,ag3,paid,0
101203,Thu,15,iOS,0,1,Male,39.0,Pune,MP,0,0,0,0,0,1,0,0,1.1,Xiaomi,A12,Airtel,Hindi,Android,11,app,web,5,7,348.7,influencer,generic,ag3,organic,0
101204,Fri,8,Android,0,1,Unknown,29.0,Mumbai,Maharashtra,0,0,0,0,0,0,0,0,1.0,Oppo,Reno,Airtel,English,Android,11,app,play_store,8,5,425.8,organic,brand,none,paid,0
101205,Sat,14,Android,0,4,Female,30.0,Unknown,Maharashtra,0,1,0,0,1,0,0,0,1.0,Vivo,Nord,Vi,Hindi,Android,11,app,play_store,9,2,107.3,influencer,generic,ag2,paid,0
101206,Tue,11,Android,1,1,Male,30.0,Indore,Maharashtra,0,0,0,0,0,0,0,0,1.2,Oppo,Note 10,Airtel,Bengali,Android,15,app,play_store,5,4,217.5,referral,activation,ag1,paid,0
101207,Sat,0,Android,0,1,Male,40.0,Jaipur,Rajasthan,0,0,0,0,0,0,0,0,1.0,Apple,Reno,Jio,Bengali,Android,17,web,play_store,4,4,284.4,organic,remarketing,ag1,organic,0
101208,Thu,12,Android,0,1,Male,21.0,Jaipur,Delhi,1,0,0,0,0,1,0,0,2.1,Oppo,Reno,Other,Marathi,Android,17,app,play_store,10,1,664.2,organic,remarketing,none,none,0
101209,Wed,13,Android,0,1,Male,44.0,Bangalore,Unknown,0,0,0,0,0,0,0,1,1.1,Samsung,iPhone 13,BSNL,Bengali,Android,17,app,play_store,9,5,382.2,meta,none,ag3,crm,0
101210,Thu,7,Android,1,1,Male,21.0,Pune,Maharashtra,0,1,0,0,0,0,0,0,1.2,Oppo,Reno,Vi,Marathi,Android,16,app,play_store,6,5,194.2,meta,remarketing,ag3,crm,0
101211,Mon,7,Android,0,1,Male,25.0,Pune,Karnataka,1,1,0,0,0,1,0,0,1.0,Samsung,iPhone 13,BSNL,Marathi,Android,14,app,play_store,8,2,252.1,google,remarketing,none,paid,1
101212,Thu,11,Android,0,1,Female,36.0,Mumbai,Rajasthan,0,0,0,0,0,0,0,0,2.1,Xiaomi,Reno,Vi,Tamil,Android,11,app,play_store,7,2,229.9,influencer,remarketing,none,none,0
101213,Mon,0,Web,0,1,Female,38.0,Unknown,Rajasthan,1,0,0,0,0,1,0,0,2.0,Xiaomi,Nord,Other,Hindi,Android,16,app,app_store,6,4,419.7,organic,brand,ag2,paid,0
101214,Thu,10,Android,1,1,Male,19.0,Jaipur,Maharashtra,0,0,0,0,0,0,0,0,1.1,Vivo,Nord,Vi,Hindi,Android,13,app,app_store,6,1,924.1,influencer,brand,ag2,paid,0
101215,Sun,7,Android,1,1,Male,21.0,Mumbai,Karnataka,0,1,0,0,0,1,0,1,2.0,Samsung,Reno,Vi,Bengali,iOS,17,app,play_store,11,2,447.0,referral,generic,ag1,paid,1
101216,Mon,9,Android,1,1,Female,32.0,Unknown,MP,0,1,0,0,1,0,0,1,2.1,Samsung,A12,Other,Hindi,Android,16,app,play_store,11,2,226.7,influencer,remarketing,none,paid,1
101217,Tue,18,Android,1,1,Male,49.0,Bangalore,Rajasthan,1,1,1,0,0,0,0,0,2.0,Oppo,A12,Airtel,Marathi,Android,12,app,play_store,13,1,57.6,referral,activation,ag2,none,0
101218,Sat,10,Android,0,1,Female,40.0,Delhi,Maharashtra,1,0,0,0,0,0,0,0,1.1,Xiaomi,iPhone 13,Jio,Marathi,Android,16,app,play_store,12,3,184.5,organic,generic,ag2,paid,0
101219,Sat,6,iOS,1,1,Female,28.0,Mumbai,Unknown,0,0,0,0,1,0,0,0,2.1,Samsung,Nord,Vi,English,iOS,12,app,play_store,7,2,314.2,organic,brand,ag2,paid,0
101220,Fri,10,Android,0,1,Unknown,18.0,Unknown,Maharashtra,0,0,0,1,0,0,0,0,1.0,Apple,Note 10,Jio,Hindi,Android,17,app,play_store,4,3,813.7,organic,generic,ag2,none,0
101221,Sat,16,Android,0,3,Male,31.0,Unknown,Unknown,0,0,0,0,0,0,0,0,2.0,Xiaomi,Reno,Vi,Hindi,Android,14,app,play_store,10,0,19.8,google,remarketing,ag2,crm,0
101222,Wed,0,Android,0,1,Unknown,33.0,Bangalore,Unknown,0,0,0,1,0,0,0,0,1.2,Vivo,Reno,Other,Bengali,Android,12,app,play_store,9,4,323.8,influencer,brand,ag1,none,1
101223,Sun,20,Android,0,1,Female,27.0,Unknown,Delhi,1,0,0,0,1,1,0,0,2.0,Vivo,Note 10,Jio,Bengali,Android,12,app,play_store,11,2,850.8,influencer,none,ag1,none,1
101224,Thu,20,Android,1,1,Female,23.0,Mumbai,Delhi,0,0,0,0,0,1,0,0,2.1,OnePlus,Nord,BSNL,Tamil,iOS,12,app,app_store,4,1,290.0,meta,remarketing,none,none,0
101225,Fri,7,Android,0,1,Male,31.0,Mumbai,MP,0,0,0,0,0,0,0,0,1.2,Xiaomi,Y21,Jio,Bengali,Android,12,app,app_store,10,7,93.3,referral,remarketing,ag3,crm,0
101226,Wed,22,Android,1,3,Male,22.0,Mumbai,MP,0,0,0,0,0,0,0,0,2.1,Samsung,A12,Other,Marathi,Android,16,app,app_store,6,6,1314.0,referral,brand,ag2,paid,0
101227,Wed,23,Android,0,1,Unknown,45.0,Indore,Unknown,0,0,0,0,0,0,0,0,2.1,Vivo,Y21,Airtel,Marathi,Android,17,app,app_store,8,1,179.7,google,generic,ag1,paid,0
101228,Mon,5,Android,0,1,Female,42.0,Unknown,MP,1,0,0,0,0,0,0,0,1.2,Xiaomi,Note 10,Airtel,Hindi,Android,12,web,web,7,3,515.1,google,brand,ag3,none,0
101229,Sat,21,Android,0,4,Male,35.0,Indore,MP,0,0,0,0,0,0,1,0,2.1,Oppo,Nord,Jio,English,Android,17,app,app_store,12,2,168.4,referral,activation,ag1,paid,0
101230,Tue,17,Android,1,1,Male,31.0,Pune,Maharashtra,0,0,0,1,1,0,0,1,1.2,Samsung,Note 10,Other,Hindi,iOS,17,app,app_store,8,6,60.3,influencer,brand,ag2,none,0
101231,Tue,5,Android,1,1,Male,25.0,Indore,Maharashtra,0,0,0,0,0,1,0,0,1.0,Xiaomi,A12,Airtel,English,Android,11,app,app_store,6,4,101.4,referral,generic,ag3,organic,0
101232,Fri,4,Android,0,1,Female,30.0,Bangalore,Maharashtra,0,1,1,1,0,1,0,1,2.1,Oppo,Note 10,Airtel,Bengali,Android,15,app,play_store,6,5,798.3,google,activation,ag1,crm,0
101233,Sun,12,Android,0,1,Female,43.0,Mumbai,Karnataka,0,0,0,0,0,1,0,0,1.0,Apple,Reno,Airtel,Tamil,Android,13,web,play_store,7,3,600.4,referral,activation,ag1,crm,0
101234,Tue,18,Android,0,4,Male,37.0,Indore,Unknown,1,0,0,0,0,0,0,0,1.1,Vivo,Reno,Jio,Tamil,iOS,13,app,web,6,6,954.6,influencer,generic,ag1,organic,0
101235,Thu,21,Android,0,1,Male,32.0,Jaipur,MP,0,0,0,0,0,1,0,0,2.0,Xiaomi,Nord,Airtel,Tamil,Android,13,app,play_store,4,3,232.6,meta,generic,ag1,none,0
101236,Tue,7,Android,1,3,Male,37.0,Mumbai,Karnataka,0,1,0,0,0,0,0,0,1.0,OnePlus,Nord,Other,Bengali,Android,12,app,app_store,8,3,494.5,influencer,generic,ag2,paid,0
101237,Fri,8,Android,0,4,Male,34.0,Delhi,Rajasthan,1,0,0,0,0,1,0,0,2.0,Samsung,Nord,Other,English,Android,14,app,app_store,6,5,463.0,google,brand,ag2,organic,0
101238,Tue,16,Android,1,1,Male,33.0,Pune,Unknown,0,0,0,0,0,0,0,0,1.2,Oppo,A12,BSNL,Hindi,iOS,17,app,play_store,6,3,213.1,referral,brand,ag3,crm,0
101239,Thu,2,Android,0,1,Male,38.0,Indore,Rajasthan,0,1,0,0,0,0,0,0,1.1,Xiaomi,Note 10,Airtel,Tamil,Android,15,app,app_store,8,5,418.6,referral,brand,ag3,organic,0
101240,Mon,18,Android,0,1,Male,34.0,Jaipur,Maharashtra,0,0,0,0,0,0,0,0,1.2,Xiaomi,A12,BSNL,Hindi,Android,13,app,play_store,6,5,317.8,meta,brand,none,organic,0
101241,Sun,10,iOS,1,1,Unknown,37.0,Unknown,Rajasthan,0,0,0,0,0,0,0,0,2.1,Oppo,A12,BSNL,Tamil,Android,13,app,play_store,11,5,103.8,influencer,generic,ag1,organic,0
101242,Fri,23,Android,0,1,Female,31.0,Jaipur,Maharashtra,0,1,0,1,0,0,0,0,2.0,OnePlus,Note 10,Airtel,English,Android,11,app,play_store,6,5,58.8,organic,brand,ag3,none,0
101243,Mon,16,Android,0,1,Unknown,28.0,Mumbai,Unknown,0,1,0,1,0,0,0,0,1.2,Xiaomi,Y21,BSNL,Bengali,Android,16,app,play_store,5,5,182.1,referral,generic,ag1,crm,0
101244,Mon,20,Android,0,1,Male,26.0,Delhi,Unknown,0,0,0,0,0,1,0,1,2.0,Samsung,Note 10,Airtel,English,Android,13,app,play_store,6,1,493.3,google,brand,ag1,crm,0
101245,Mon,18,Android,0,3,Female,25.0,Pune,MP,0,1,0,0,0,1,0,0,2.1,Vivo,Reno,Vi,English,iOS,15,app,play_store,6,1,34.8,google,activation,ag3,paid,0
101246,Wed,1,Android,1,1,Female,18.0,Pune,Karnataka,0,0,0,0,0,0,0,0,2.1,Samsung,A12,Other,Marathi,Android,16,app,app_store,7,1,130.3,referral,remarketing,ag1,none,0
101247,Sun,7,Android,0,1,Male,23.0,Delhi,Maharashtra,0,0,0,0,0,1,0,1,2.0,Samsung,iPhone 13,Vi,Tamil,Android,16,app,play_store,8,1,234.8,meta,none,none,paid,0
101248,Sat,18,Android,1,2,Male,22.0,Indore,Delhi,0,0,0,0,0,1,0,1,1.1,Vivo,Y21,Jio,English,Android,14,web,app_store,7,2,435.8,google,generic,ag2,none,0
101249,Sun,6,Android,0,1,Female,26.0,Indore,Delhi,1,0,0,0,0,0,0,0,2.0,OnePlus,Y21,Jio,Marathi,Android,11,web,play_store,6,2,688.4,google,brand,none,none,0
101250,Wed,16,Android,0,1,Unknown,42.0,Mumbai,MP,1,0,0,0,0,0,0,0,2.0,Xiaomi,iPhone 13,BSNL,Hindi,Android,15,app,app_store,6,2,147.8,meta,none,none,none,0
101251,Sat,5,Android,0,1,Male,29.0,Bangalore,Karnataka,0,1,0,0,0,1,0,0,1.2,Oppo,Y21,Vi,English,Android,13,app,app_store,3,5,213.0,meta,none,ag2,organic,0
101252,Sun,18,Android,0,1,Male,32.0,Mumbai,Maharashtra,1,0,0,1,0,1,0,0,2.0,Oppo,Note 10,Vi,Bengali,iOS,11,app,web,8,4,178.2,organic,remarketing,ag1,crm,1
101253,Mon,23,Android,1,1,Female,32.0,Mumbai,MP,0,0,0,0,0,0,0,1,1.1,Apple,iPhone 13,Airtel,Marathi,Android,14,app,app_store,8,5,669.5,referral,remarketing,none,crm,1
101254,Fri,5,Android,1,1,Unknown,43.0,Unknown,Karnataka,1,0,0,0,0,0,0,0,1.1,Samsung,iPhone 13,BSNL,Bengali,Android,15,app,play_store,10,0,149.6,organic,brand,ag3,none,1
101255,Sat,1,Android,0,1,Female,25.0,Mumbai,Delhi,0,0,0,1,0,1,0,0,2.0,Vivo,iPhone 13,Other,Marathi,Android,14,app,play_store,11,5,179.8,influencer,brand,ag1,crm,1
101256,Thu,5,Android,1,4,Male,28.0,Unknown,Maharashtra,0,0,0,0,0,0,0,1,1.0,Oppo,Note 10,Vi,Tamil,iOS,14,app,play_store,12,5,91.4,google,activation,none,crm,0
101257,Thu,22,Android,1,1,Male,29.0,Delhi,Karnataka,1,0,0,0,0,0,1,0,2.0,Vivo,Y21,Vi,Hindi,Android,12,app,play_store,7,5,244.4,google,brand,ag3,organic,1
101258,Tue,4,Android,0,1,Male,39.0,Pune,Rajasthan,1,1,1,1,0,0,0,0,1.2,Oppo,Y21,Airtel,Bengali,Android,15,app,play_store,10,3,315.3,organic,brand,ag1,crm,0
101259,Sat,18,Android,1,1,Female,41.0,Pune,Maharashtra,0,1,0,0,0,0,0,0,1.0,Vivo,Reno,Airtel,English,iOS,16,app,play_store,9,3,536.2,organic,generic,ag3,organic,1
101260,Fri,19,iOS,0,1,Female,34.0,Bangalore,Rajasthan,1,0,0,0,0,0,0,0,2.1,Samsung,Nord,Other,Hindi,Android,13,app,play_store,11,4,42.9,google,brand,ag3,paid,0
101261,Wed,3,Web,0,1,Female,40.0,Indore,Unknown,0,0,0,0,0,0,0,0,2.1,Apple,Note 10,BSNL,Hindi,Android,11,app,app_store,10,1,907.4,referral,remarketing,none,paid,1
101262,Mon,21,Android,0,3,Male,31.0,Mumbai,Unknown,0,0,0,1,0,0,0,0,1.0,Apple,Y21,Airtel,English,Android,15,app,play_store,4,3,59.0,meta,none,ag1,organic,0
101263,Tue,16,Android,0,1,Unknown,29.0,Delhi,Unknown,0,0,0,0,0,0,0,0,2.0,Samsung,Nord,Jio,Bengali,iOS,17,app,app_store,5,4,301.1,meta,brand,ag3,organic,0
101264,Thu,10,Android,0,1,Female,39.0,Delhi,MP,0,0,0,0,0,0,0,0,2.1,OnePlus,Nord,Vi,Bengali,Android,15,app,play_store,4,3,327.1,meta,none,ag1,organic,1
101265,Wed,3,Android,0,1,Unknown,34.0,Mumbai,Karnataka,1,0,0,0,1,1,0,0,1.2,OnePlus,Reno,Jio,Tamil,Android,11,app,play_store,9,2,56.9,influencer,generic,none,none,0
101266,Wed,12,Android,0,1,Female,24.0,Delhi,Unknown,1,0,0,0,0,0,0,1,2.1,Xiaomi,A12,Jio,Marathi,Android,15,app,play_store,9,4,685.4,referral,none,none,none,1
101267,Mon,19,Android,1,1,Female,38.0,Delhi,Karnataka,0,0,1,0,0,1,0,0,1.2,Xiaomi,Note 10,Vi,Hindi,Android,15,app,play_store,7,1,366.2,meta,none,ag2,none,0
101268,Sat,16,iOS,1,1,Female,28.0,Unknown,Karnataka,0,1,0,1,0,0,1,0,1.0,Vivo,Nord,Vi,Hindi,Android,11,app,play_store,5,3,226.4,referral,none,ag2,crm,0
101269,Thu,8,Android,1,1,Male,27.0,Mumbai,Karnataka,1,0,0,1,0,0,0,0,1.2,Samsung,iPhone 13,Airtel,Tamil,Android,15,app,play_store,10,2,72.3,meta,activation,ag2,none,0
101270,Fri,3,Android,0,1,Unknown,37.0,Bangalore,Maharashtra,0,0,0,0,0,0,1,0,1.1,Samsung,iPhone 13,BSNL,Marathi,Android,16,app,play_store,4,2,430.0,google,activation,ag2,none,0
101271,Wed,22,Android,0,1,Male,29.0,Delhi,Rajasthan,0,0,0,1,0,0,0,1,1.1,Vivo,A12,Vi,Marathi,Android,11,app,play_store,10,4,149.3,organic,remarketing,ag1,crm,0
101272,Mon,13,iOS,0,1,Female,33.0,Pune,Rajasthan,0,0,0,1,0,0,0,0,1.1,Vivo,Reno,BSNL,Marathi,Android,11,app,app_store,9,4,63.0,organic,brand,ag1,paid,0
101273,Fri,18,Android,0,1,Unknown,35.0,Jaipur,MP,0,0,0,0,0,0,0,0,1.1,Oppo,Nord,Vi,English,Android,13,app,play_store,15,4,857.1,referral,activation,ag3,crm,1
101274,Sat,2,Android,0,4,Male,24.0,Pune,Unknown,1,0,0,1,0,0,0,0,1.0,Apple,iPhone 13,Jio,Tamil,Android,15,app,app_store,11,8,106.8,organic,brand,ag1,none,0
101275,Thu,13,Android,0,1,Female,33.0,Unknown,MP,0,0,0,1,1,0,0,0,1.2,Oppo,Nord,Jio,English,Android,13,app,app_store,14,2,314.1,referral,generic,ag3,none,0
101276,Sat,7,iOS,1,1,Female,41.0,Unknown,Karnataka,0,1,0,0,0,1,1,1,2.0,Vivo,iPhone 13,Other,Marathi,Android,13,app,play_store,19,3,489.0,google,none,ag1,organic,0
101277,Wed,23,Android,1,1,Female,22.0,Jaipur,Delhi,1,1,0,0,0,0,0,0,1.1,Vivo,Note 10,Airtel,English,iOS,17,web,play_store,7,1,48.9,organic,remarketing,ag3,crm,0
101278,Fri,0,iOS,0,1,Female,34.0,Jaipur,Delhi,0,0,0,0,0,0,0,0,1.1,Vivo,Y21,Airtel,Hindi,Android,13,app,play_store,7,4,194.2,google,none,ag1,paid,0
101279,Fri,9,Android,0,1,Female,23.0,Pune,Karnataka,0,0,0,0,0,1,0,1,2.1,Oppo,iPhone 13,Vi,English,Android,12,app,play_store,12,3,1195.3,google,remarketing,ag2,paid,1
101280,Fri,17,Android,1,1,Female,38.0,Mumbai,Unknown,0,0,0,0,0,0,0,0,1.1,Apple,Note 10,Vi,English,Android,14,app,app_store,5,4,27.8,google,remarketing,none,paid,0
101281,Wed,15,Android,0,1,Male,38.0,Jaipur,Rajasthan,0,0,0,0,0,0,0,1,2.0,Vivo,Y21,Airtel,Bengali,Android,16,web,app_store,10,1,234.5,organic,brand,ag2,paid,0
101282,Wed,7,Android,0,1,Male,27.0,Pune,MP,1,0,0,1,0,0,0,0,2.0,Xiaomi,A12,Other,Tamil,Android,15,app,play_store,7,4,278.4,influencer,brand,ag3,paid,0
101283,Sat,0,Android,0,2,Male,48.0,Indore,Maharashtra,0,0,0,0,0,0,0,0,2.1,Apple,Y21,Vi,Marathi,Android,13,app,play_store,11,5,613.2,google,generic,ag1,none,0
101284,Tue,11,iOS,0,1,Female,39.0,Delhi,Delhi,1,0,0,1,0,1,0,0,1.0,Xiaomi,Note 10,BSNL,Tamil,Android,16,app,app_store,10,3,300.6,google,none,none,paid,0
101285,Sat,7,Android,0,1,Male,36.0,Unknown,MP,0,0,0,1,1,0,0,0,1.0,Xiaomi,Reno,Vi,Hindi,Android,12,app,app_store,7,2,251.3,referral,generic,none,paid,0
101286,Thu,23,Android,1,1,Female,35.0,Bangalore,Delhi,0,0,0,0,0,0,0,0,1.2,Apple,iPhone 13,BSNL,Marathi,iOS,12,app,app_store,6,5,826.4,referral,brand,none,organic,1
101287,Mon,15,Android,1,2,Male,38.0,Jaipur,Rajasthan,0,0,0,0,0,0,0,0,2.0,Xiaomi,Reno,BSNL,Hindi,Android,15,app,app_store,8,6,255.5,influencer,brand,ag3,paid,0
101288,Fri,17,Android,0,1,Female,22.0,Pune,Rajasthan,1,1,0,0,0,0,0,1,2.0,Samsung,A12,Jio,English,iOS,15,app,play_store,3,8,191.1,influencer,none,ag3,crm,0
101289,Tue,3,Android,0,1,Male,32.0,Mumbai,Karnataka,0,1,1,0,0,0,0,0,1.1,Oppo,Nord,Jio,Bengali,iOS,14,app,play_store,6,1,413.2,referral,generic,ag2,none,0
101290,Mon,5,Android,1,2,Female,33.0,Unknown,Karnataka,0,0,0,0,0,0,0,1,1.1,Vivo,Reno,Other,Marathi,Android,14,app,play_store,5,5,540.3,influencer,generic,ag2,none,1
101291,Tue,11,Android,0,1,Female,27.0,Jaipur,Delhi,0,0,0,0,0,0,0,0,1.1,Samsung,A12,Jio,Hindi,Android,12,app,play_store,6,2,391.5,organic,generic,none,none,0
101292,Sun,8,Android,0,1,Unknown,34.0,Bangalore,Delhi,0,0,0,0,0,0,0,0,1.2,Vivo,Y21,BSNL,English,Android,11,app,play_store,9,0,474.7,referral,generic,none,crm,0
101293,Sat,14,Web,0,1,Female,40.0,Unknown,MP,0,0,0,0,0,0,0,1,2.0,Vivo,Note 10,Other,Marathi,Android,13,app,app_store,8,3,185.4,referral,brand,none,organic,0
101294,Wed,15,Android,0,2,Female,27.0,Mumbai,Karnataka,0,0,0,1,0,0,0,0,1.1,Samsung,A12,Jio,Marathi,Android,15,web,play_store,7,1,210.0,meta,activation,none,organic,0
101295,Fri,23,iOS,1,3,Unknown,30.0,Bangalore,Rajasthan,1,0,1,0,0,0,0,0,1.1,Vivo,A12,Jio,Tamil,Android,17,web,play_store,8,3,455.7,influencer,remarketing,none,none,0
101296,Sat,11,Android,1,3,Female,23.0,Bangalore,Unknown,1,0,0,0,1,0,0,0,2.0,Apple,iPhone 13,BSNL,Marathi,iOS,15,app,play_store,6,3,780.8,google,activation,ag2,organic,1
101297,Mon,23,Android,0,1,Male,18.0,Delhi,MP,0,0,0,0,0,0,1,0,1.1,Oppo,Y21,Vi,Hindi,iOS,14,app,play_store,2,5,410.7,google,activation,ag2,organic,0
101298,Sun,22,Android,0,3,Female,36.0,Jaipur,MP,0,1,0,0,0,0,0,0,2.1,Vivo,iPhone 13,Other,Bengali,Android,13,app,web,9,3,66.2,referral,none,ag1,organic,0
101299,Sun,13,Android,0,1,Female,30.0,Jaipur,Maharashtra,0,0,0,1,0,0,0,0,2.1,Oppo,Reno,Jio,Marathi,Android,15,app,play_store,6,2,216.4,google,generic,none,none,0
101300,Sun,12,iOS,0,1,Male,30.0,Jaipur,Unknown,0,0,0,0,0,0,0,0,1.0,OnePlus,iPhone 13,BSNL,Hindi,iOS,14,app,play_store,7,5,232.7,influencer,generic,ag1,crm,0
101301,Mon,1,Android,1,1,Female,22.0,Bangalore,Rajasthan,0,0,0,0,0,1,0,1,2.0,Xiaomi,Y21,Jio,English,Android,11,app,app_store,9,2,58.0,google,activation,none,paid,0
101302,Mon,2,Android,1,1,Female,29.0,Indore,MP,0,0,0,0,0,1,0,0,2.1,Vivo,A12,Vi,English,Android,13,app,play_store,6,3,372.3,referral,activation,ag3,crm,0
101303,Mon,23,iOS,0,1,Unknown,39.0,Indore,Unknown,1,0,0,0,0,0,0,0,2.0,Xiaomi,Note 10,Airtel,Marathi,Android,13,app,play_store,8,5,470.2,referral,brand,ag1,crm,0
101304,Mon,21,Android,1,1,Unknown,30.0,Unknown,Maharashtra,0,1,0,0,0,0,0,0,1.2,Oppo,Note 10,Other,Bengali,Android,14,app,play_store,12,1,392.7,referral,brand,ag3,paid,1
101305,Sun,9,Android,1,3,Male,30.0,Indore,Unknown,0,1,0,0,1,0,0,0,2.0,Samsung,Y21,Other,Marathi,iOS,17,app,play_store,5,3,67.6,referral,remarketing,ag2,none,1
101306,Sun,8,Android,1,1,Male,32.0,Unknown,Karnataka,1,0,0,0,0,0,0,0,1.0,Oppo,Y21,BSNL,Tamil,Android,14,app,app_store,10,5,163.4,influencer,generic,ag1,organic,0
101307,Tue,19,iOS,0,1,Male,20.0,Mumbai,Rajasthan,1,0,0,0,0,0,0,0,1.0,Apple,Note 10,BSNL,Marathi,Android,12,app,app_store,4,4,487.4,organic,activation,ag3,organic,0
101308,Sat,7,Android,0,3,Male,35.0,Delhi,Karnataka,0,0,0,0,0,0,0,0,1.2,Apple,Note 10,Jio,Tamil,Android,15,app,web,9,1,41.5,influencer,remarketing,none,none,0
101309,Fri,9,Android,1,1,Female,20.0,Mumbai,Maharashtra,0,1,0,1,0,1,0,0,2.0,Oppo,Reno,Other,Tamil,Android,11,app,play_store,12,5,120.6,meta,remarketing,ag3,paid,0
101310,Wed,18,Android,0,1,Male,22.0,Jaipur,Rajasthan,0,1,0,0,0,0,0,0,2.0,Oppo,Nord,Jio,Tamil,Android,14,app,play_store,9,2,87.2,organic,none,ag2,crm,0
101311,Sun,2,Web,1,1,Female,22.0,Jaipur,Delhi,0,0,0,0,1,0,0,0,2.1,Xiaomi,Y21,Airtel,Tamil,Android,12,app,web,8,2,430.2,meta,generic,ag2,paid,0
101312,Wed,23,Android,1,1,Female,29.0,Pune,Delhi,1,1,0,0,0,1,0,1,2.1,Xiaomi,Reno,Other,Tamil,Android,15,app,play_store,9,6,109.2,influencer,generic,ag1,crm,0
101313,Sat,4,Android,1,1,Female,27.0,Jaipur,Delhi,1,0,0,0,1,0,0,0,1.0,Vivo,iPhone 13,Airtel,English,Android,13,app,app_store,7,3,82.2,google,none,ag1,none,0
101314,Sat,2,Android,0,1,Male,30.0,Indore,Unknown,1,0,0,0,0,0,1,0,2.0,Xiaomi,A12,Jio,Marathi,Android,13,app,play_store,8,3,462.7,organic,brand,none,crm,0
101315,Wed,15,iOS,1,2,Male,23.0,Delhi,MP,0,0,0,1,0,0,0,1,1.1,OnePlus,A12,Vi,Marathi,Android,12,app,play_store,9,1,348.0,organic,generic,ag3,crm,0
101316,Sun,16,iOS,0,1,Male,38.0,Indore,Unknown,0,0,0,0,0,0,0,1,2.1,Samsung,Nord,Airtel,Tamil,Android,11,app,app_store,8,4,543.1,influencer,activation,ag2,crm,0
101317,Wed,14,Web,1,1,Male,37.0,Delhi,Unknown,0,1,0,0,0,0,0,0,2.0,Samsung,Reno,Vi,Tamil,iOS,15,app,play_store,3,5,304.3,google,none,ag3,organic,0
101318,Tue,2,Android,0,1,Unknown,29.0,Mumbai,Unknown,0,0,0,0,0,0,0,0,1.2,OnePlus,Y21,Other,Tamil,iOS,12,app,app_store,7,4,332.2,referral,none,none,crm,0
101319,Thu,11,Android,0,1,Female,26.0,Jaipur,Unknown,0,1,0,0,0,0,0,1,2.1,Xiaomi,A12,Vi,Marathi,Android,13,app,play_store,6,3,190.3,influencer,remarketing,ag1,paid,0
101320,Sun,8,Android,1,1,Male,25.0,Mumbai,Delhi,0,1,0,0,0,0,0,0,1.0,OnePlus,A12,Vi,Tamil,Android,14,app,play_store,3,3,927.1,influencer,remarketing,ag1,paid,1
101321,Sun,20,iOS,0,3,Female,28.0,Indore,MP,0,1,0,0,0,0,0,0,1.0,Oppo,A12,Jio,Tamil,Android,13,app,play_store,7,0,11.6,referral,none,ag2,crm,0
101322,Fri,11,Android,0,1,Male,19.0,Bangalore,MP,0,0,0,1,0,0,0,1,1.0,Oppo,Note 10,Jio,Bengali,Android,11,app,app_store,5,0,258.7,referral,remarketing,ag1,crm,0
101323,Mon,14,Android,1,1,Female,22.0,Delhi,Maharashtra,0,0,0,0,0,0,0,0,1.0,Samsung,Nord,Jio,Marathi,Android,13,app,play_store,11,4,130.8,google,generic,none,organic,0
101324,Thu,1,iOS,0,3,Male,37.0,Jaipur,Delhi,0,0,0,0,0,0,1,0,2.0,Oppo,Reno,Jio,Bengali,iOS,11,app,play_store,11,2,357.4,organic,none,ag1,crm,0
101325,Sat,22,Android,0,1,Female,32.0,Pune,Rajasthan,0,1,0,0,0,0,0,0,2.0,Apple,iPhone 13,Other,Hindi,iOS,13,app,play_store,5,4,400.6,influencer,remarketing,none,organic,0
101326,Sun,17,Android,0,1,Male,43.0,Unknown,Unknown,0,0,0,0,0,1,0,1,2.1,Oppo,Note 10,Jio,Bengali,Android,13,app,play_store,10,4,37.9,meta,activation,ag1,none,0
101327,Wed,19,Android,1,1,Male,28.0,Bangalore,MP,0,0,0,0,0,0,0,0,1.1,Samsung,Y21,Other,Bengali,Android,11,app,play_store,7,1,355.2,referral,brand,none,crm,0
101328,Thu,11,Android,0,1,Male,27.0,Mumbai,Maharashtra,1,1,1,0,0,0,0,0,1.0,Vivo,Nord,Other,Hindi,Android,11,web,app_store,12,3,468.5,organic,generic,ag2,paid,1
101329,Fri,22,iOS,0,2,Male,27.0,Delhi,MP,0,1,0,0,0,0,0,0,1.1,Xiaomi,Note 10,Vi,Bengali,Android,17,app,play_store,11,2,495.6,google,remarketing,ag1,organic,0
101330,Sat,3,Android,0,1,Female,27.0,Bangalore,Rajasthan,1,1,0,1,0,1,0,0,1.0,Xiaomi,Note 10,Other,Bengali,Android,11,app,app_store,15,3,812.4,google,brand,none,crm,0
101331,Mon,22,Android,0,1,Male,25.0,Unknown,Rajasthan,1,0,0,1,0,0,0,0,2.1,Vivo,Nord,Jio,Tamil,Android,13,app,play_store,8,3,125.6,organic,brand,ag2,organic,0
101332,Mon,15,Android,0,1,Female,32.0,Pune,Delhi,0,0,0,0,0,0,0,0,1.2,Apple,Reno,BSNL,Hindi,Android,11,app,play_store,7,5,178.5,meta,brand,ag3,crm,0
101333,Fri,22,Android,0,3,Female,30.0,Bangalore,MP,0,0,0,0,0,1,0,0,1.0,Apple,Y21,Vi,Tamil,Android,16,web,web,5,3,527.7,referral,remarketing,none,paid,1
101334,Fri,15,Android,0,2,Female,26.0,Pune,Rajasthan,0,0,0,1,0,0,0,0,1.2,Vivo,Nord,Other,English,Android,15,app,play_store,9,1,190.4,organic,brand,none,organic,0
101335,Wed,0,Android,0,1,Female,40.0,Mumbai,Karnataka,0,0,0,0,0,1,0,0,1.0,Oppo,Nord,Vi,Marathi,Android,17,app,app_store,11,4,389.7,google,activation,ag2,none,0
101336,Sun,21,Android,0,1,Male,45.0,Delhi,Rajasthan,0,0,0,0,0,0,0,0,1.1,Samsung,Y21,Other,Bengali,Android,14,app,play_store,13,3,208.7,influencer,remarketing,none,organic,1
101337,Mon,1,Android,1,1,Female,39.0,Mumbai,Rajasthan,1,1,0,0,0,1,0,1,1.0,Apple,Note 10,Other,English,Android,17,app,play_store,5,6,206.7,referral,generic,ag2,crm,1
101338,Sat,2,Android,0,1,Unknown,34.0,Delhi,MP,0,1,0,0,0,0,0,0,1.1,Apple,Y21,Vi,Hindi,Android,17,app,play_store,5,2,485.2,referral,remarketing,ag3,paid,0
101339,Thu,20,Android,0,3,Female,36.0,Bangalore,Unknown,1,0,0,0,0,0,0,0,1.2,Vivo,iPhone 13,Vi,English,Android,12,app,app_store,3,4,247.9,google,brand,ag2,none,0
101340,Sat,19,iOS,0,3,Female,45.0,Mumbai,Rajasthan,1,0,0,1,0,0,0,0,2.0,OnePlus,Y21,Airtel,Hindi,iOS,13,app,play_store,10,2,644.1,google,brand,ag2,organic,1
101341,Tue,16,Android,0,2,Female,36.0,Delhi,Maharashtra,0,0,0,0,0,1,0,1,1.2,Vivo,iPhone 13,Airtel,Hindi,Android,11,app,play_store,5,4,186.1,influencer,brand,ag2,paid,0
101342,Tue,19,iOS,1,1,Male,25.0,Jaipur,Unknown,0,0,0,0,0,0,0,0,2.0,Apple,Nord,Jio,Hindi,iOS,11,app,play_store,4,3,244.3,referral,none,ag2,crm,0
101343,Fri,21,Android,1,2,Female,33.0,Pune,Rajasthan,0,1,0,0,1,0,0,1,2.1,Oppo,A12,Other,Bengali,Android,17,app,play_store,4,1,25.7,referral,none,ag2,paid,1
101344,Wed,20,Android,0,3,Unknown,35.0,Delhi,Karnataka,0,0,0,0,0,0,0,0,2.1,OnePlus,Nord,Vi,Hindi,iOS,15,app,play_store,3,4,477.9,google,brand,none,organic,0
101345,Tue,0,Android,0,1,Male,22.0,Jaipur,Rajasthan,0,0,0,1,0,1,0,1,2.1,Xiaomi,iPhone 13,BSNL,Bengali,Android,13,app,app_store,7,9,376.2,meta,none,ag1,organic,0
101346,Mon,19,Android,0,1,Female,28.0,Mumbai,Delhi,1,0,0,0,0,0,0,0,2.1,Xiaomi,Y21,Vi,English,Android,12,app,app_store,9,2,280.1,google,remarketing,none,none,1
101347,Sat,5,Android,0,1,Male,39.0,Mumbai,MP,0,1,0,0,0,0,0,1,1.0,Xiaomi,iPhone 13,Airtel,English,iOS,13,app,play_store,10,1,180.2,influencer,none,none,paid,1
101348,Sat,14,Android,1,1,Male,18.0,Bangalore,Karnataka,0,1,0,0,0,0,0,1,1.2,OnePlus,A12,Vi,Bengali,Android,16,app,app_store,11,2,763.8,meta,none,ag3,organic,1
101349,Fri,13,Web,0,4,Female,20.0,Pune,Maharashtra,1,1,0,0,0,0,0,0,1.1,Xiaomi,Nord,BSNL,English,Android,14,app,play_store,8,3,204.1,meta,remarketing,ag3,none,1
101350,Sun,19,Android,0,1,Female,29.0,Delhi,Rajasthan,0,0,0,1,0,0,0,0,1.0,Apple,iPhone 13,Vi,Tamil,iOS,13,app,play_store,10,3,96.5,influencer,none,ag1,none,0
101351,Sun,14,Android,0,1,Female,33.0,Mumbai,Rajasthan,0,0,0,0,0,0,0,0,1.0,Apple,Note 10,Vi,English,iOS,12,app,play_store,8,1,565.3,organic,brand,ag1,organic,0
101352,Thu,13,iOS,0,1,Unknown,19.0,Delhi,Maharashtra,0,0,0,0,0,1,1,0,2.1,Xiaomi,Nord,BSNL,Tamil,Android,14,app,app_store,12,9,73.0,meta,remarketing,none,paid,0
101353,Fri,20,Android,1,1,Male,29.0,Indore,Rajasthan,0,0,0,1,0,0,0,0,1.0,Xiaomi,Nord,Airtel,English,Android,16,app,play_store,7,4,80.5,influencer,activation,ag2,organic,0
101354,Thu,23,iOS,0,2,Female,39.0,Pune,Delhi,1,0,0,0,1,1,0,0,1.1,Oppo,iPhone 13,Vi,English,iOS,14,app,play_store,6,1,287.2,google,generic,none,none,0
101355,Sun,4,Android,1,1,Male,31.0,Pune,Unknown,1,1,0,0,0,0,0,0,1.2,Oppo,iPhone 13,Airtel,Hindi,Android,12,app,play_store,11,2,349.7,influencer,generic,ag3,crm,0
101356,Fri,5,Web,0,1,Male,38.0,Jaipur,Unknown,0,0,0,0,1,0,1,1,2.1,OnePlus,A12,BSNL,Tamil,Android,15,app,app_store,8,7,284.8,organic,activation,ag1,crm,0
101357,Fri,16,Android,0,1,Male,25.0,Indore,Karnataka,0,0,0,0,0,0,0,0,2.1,Oppo,Reno,Vi,Bengali,iOS,11,app,play_store,12,4,1095.6,influencer,activation,none,organic,1
101358,Fri,10,Android,0,1,Female,24.0,Pune,Rajasthan,0,1,0,0,0,1,0,0,1.1,Samsung,Note 10,Vi,Hindi,Android,15,app,app_store,14,2,537.5,google,remarketing,none,none,1
101359,Sun,15,Android,1,1,Male,37.0,Indore,Maharashtra,1,0,0,0,1,0,0,0,1.0,Oppo,iPhone 13,Other,Tamil,Android,14,app,web,4,3,608.3,organic,brand,ag2,none,0
101360,Thu,11,Android,0,3,Female,33.0,Delhi,Maharashtra,0,0,0,0,0,0,0,1,1.1,Oppo,A12,Jio,Hindi,Android,12,app,play_store,5,3,176.5,referral,remarketing,none,organic,0
101361,Thu,14,Android,0,1,Female,21.0,Unknown,Karnataka,0,0,0,1,0,1,0,1,2.0,Apple,iPhone 13,BSNL,Marathi,Android,15,app,app_store,6,2,417.4,organic,none,ag3,organic,0
101362,Fri,22,Android,1,1,Male,24.0,Indore,Delhi,0,1,0,0,0,0,0,0,1.2,Xiaomi,Nord,Airtel,Hindi,Android,15,app,play_store,16,2,147.5,influencer,remarketing,ag2,organic,1
101363,Tue,3,Android,0,1,Female,43.0,Bangalore,Karnataka,1,0,0,1,0,0,0,0,1.2,OnePlus,Reno,BSNL,Bengali,Android,11,app,app_store,7,4,437.9,google,generic,none,organic,1
101364,Wed,17,Android,1,1,Male,23.0,Jaipur,Rajasthan,0,0,0,0,1,0,0,1,1.1,Oppo,Reno,Other,Marathi,iOS,15,app,app_store,12,2,690.9,referral,none,ag1,crm,0
101365,Sun,20,iOS,0,4,Male,37.0,Indore,Unknown,0,1,0,0,0,0,0,0,1.2,Oppo,Nord,BSNL,Bengali,Android,13,app,play_store,7,3,87.5,meta,activation,none,crm,0
101366,Wed,2,iOS,1,1,Female,26.0,Delhi,Delhi,1,0,0,0,1,0,0,0,1.2,Oppo,Nord,Jio,Bengali,iOS,16,app,play_store,8,4,210.9,google,none,ag3,paid,1
101367,Wed,21,Android,0,1,Male,30.0,Pune,Delhi,0,1,0,0,0,0,0,0,1.0,Apple,Reno,BSNL,Tamil,Android,17,app,play_store,9,2,493.8,meta,remarketing,ag2,organic,0
101368,Thu,7,Android,1,1,Female,32.0,Bangalore,Maharashtra,0,0,0,1,0,0,0,1,2.1,Samsung,Nord,Airtel,English,Android,12,app,play_store,4,2,345.1,meta,remarketing,ag1,none,0
101369,Thu,22,iOS,1,1,Female,18.0,Indore,Delhi,0,0,0,0,0,1,0,0,2.1,Vivo,Y21,Airtel,Hindi,iOS,17,app,app_store,9,4,55.7,google,activation,ag1,crm,0
101370,Tue,2,Android,0,1,Female,18.0,Jaipur,Rajasthan,1,0,0,0,0,0,0,0,2.1,OnePlus,Nord,Jio,Bengali,Android,15,app,play_store,11,7,161.9,organic,brand,ag1,none,0
101371,Wed,7,iOS,1,1,Female,31.0,Jaipur,Rajasthan,0,0,0,0,0,0,0,0,1.1,OnePlus,Note 10,Other,Marathi,Android,11,app,play_store,10,1,361.6,google,activation,ag3,crm,0
101372,Wed,17,iOS,1,1,Male,24.0,Delhi,Rajasthan,0,0,0,0,0,0,0,1,1.1,Xiaomi,Nord,Vi,Tamil,Android,14,app,play_store,9,4,321.2,referral,activation,none,crm,1
101373,Fri,9,Android,0,2,Male,38.0,Bangalore,Unknown,0,0,0,0,0,0,0,1,2.1,Apple,Y21,Vi,Hindi,Android,13,app,play_store,6,5,524.7,google,activation,ag1,none,0
101374,Thu,19,iOS,0,1,Male,18.0,Bangalore,MP,1,0,0,1,0,0,0,0,2.0,Apple,iPhone 13,Jio,Hindi,iOS,13,app,play_store,9,3,431.0,meta,generic,ag3,paid,0
101375,Wed,16,Android,0,1,Male,35.0,Bangalore,Delhi,0,0,0,0,0,0,0,0,2.0,OnePlus,iPhone 13,Jio,Tamil,Android,11,app,play_store,3,4,150.3,organic,brand,ag3,crm,1
101376,Sat,7,Android,1,3,Male,19.0,Indore,Delhi,0,0,0,0,0,0,0,0,1.0,Apple,Y21,Airtel,Hindi,Android,14,app,play_store,8,5,9.9,referral,none,none,paid,0
101377,Tue,22,Android,1,4,Unknown,27.0,Delhi,Rajasthan,0,1,0,0,0,0,0,0,1.1,Oppo,Nord,Jio,English,iOS,15,app,play_store,5,1,107.2,referral,activation,ag2,paid,0
101378,Sat,10,Android,0,1,Male,21.0,Delhi,Maharashtra,0,0,0,0,0,0,0,0,2.1,Apple,A12,Airtel,English,Android,13,web,play_store,7,2,327.2,meta,activation,ag2,none,0
101379,Sat,4,iOS,0,1,Female,45.0,Delhi,Unknown,1,0,0,1,0,0,0,1,2.0,Vivo,Note 10,BSNL,Hindi,iOS,12,app,play_store,15,1,719.5,meta,brand,ag3,crm,0
101380,Sun,12,Android,0,1,Male,19.0,Unknown,Delhi,0,0,0,0,0,0,0,0,2.1,Apple,Nord,Airtel,Hindi,Android,13,app,app_store,11,3,305.3,meta,remarketing,ag1,organic,0
101381,Sun,20,Android,0,1,Male,29.0,Mumbai,MP,1,0,0,0,0,0,1,0,1.2,Samsung,Y21,Airtel,Tamil,Android,13,app,app_store,7,4,358.3,organic,brand,none,none,0
101382,Tue,22,Android,0,1,Male,18.0,Pune,Delhi,1,1,0,0,0,0,0,0,2.0,Xiaomi,Reno,BSNL,Marathi,Android,13,app,play_store,5,7,181.9,referral,remarketing,ag1,paid,0
101383,Sat,4,Android,0,1,Female,43.0,Delhi,Karnataka,1,1,0,0,0,0,0,1,2.1,OnePlus,Nord,Airtel,Bengali,Android,13,app,play_store,10,2,52.1,organic,brand,ag2,none,0
101384,Wed,23,iOS,0,1,Male,33.0,Mumbai,MP,0,1,1,0,0,0,0,0,1.1,Oppo,Y21,Vi,Bengali,Android,17,app,play_store,9,1,724.0,influencer,brand,ag1,none,1
101385,Thu,12,Android,0,1,Male,31.0,Mumbai,Maharashtra,0,0,1,0,0,1,1,0,1.1,Xiaomi,Nord,Airtel,Marathi,Android,14,web,play_store,10,5,625.5,influencer,remarketing,ag2,none,0
101386,Tue,5,Android,1,1,Female,42.0,Bangalore,MP,0,0,0,1,0,0,0,0,1.2,OnePlus,A12,Jio,Hindi,Android,11,app,play_store,2,5,575.2,organic,generic,ag1,paid,1
101387,Fri,4,Android,1,1,Female,31.0,Pune,MP,1,0,1,0,0,0,0,0,1.2,Xiaomi,Reno,Airtel,Bengali,Android,13,app,app_store,5,1,390.0,influencer,remarketing,none,crm,0
101388,Sat,8,Android,1,1,Male,32.0,Bangalore,Delhi,1,0,0,1,0,0,0,0,1.0,OnePlus,A12,BSNL,English,Android,15,app,app_store,12,1,175.4,organic,generic,ag1,crm,1
101389,Tue,15,Android,1,1,Female,31.0,Pune,MP,0,1,0,0,0,0,0,0,2.1,OnePlus,Note 10,Jio,Tamil,Android,11,app,play_store,10,6,213.1,influencer,generic,ag3,none,0
101390,Mon,1,Android,0,1,Female,35.0,Unknown,Rajasthan,1,1,1,0,0,0,0,0,2.0,Apple,Note 10,BSNL,Marathi,Android,13,app,play_store,9,2,151.8,organic,generic,ag1,none,0
101391,Mon,0,Android,0,1,Female,26.0,Bangalore,Unknown,1,0,0,0,0,0,0,0,2.0,Apple,Y21,BSNL,Bengali,iOS,13,app,play_store,8,2,257.6,google,remarketing,ag2,none,0
101392,Sun,7,Android,0,1,Male,28.0,Jaipur,MP,1,0,0,1,0,0,0,0,2.0,OnePlus,A12,Vi,Marathi,Android,17,web,play_store,8,2,87.3,referral,generic,ag2,paid,0
101393,Thu,18,iOS,1,1,Male,36.0,Indore,Delhi,0,0,0,0,0,0,0,0,1.0,Oppo,Note 10,Other,Hindi,Android,16,app,play_store,9,4,204.8,organic,generic,ag2,crm,0
101394,Wed,10,Android,1,1,Male,32.0,Pune,Rajasthan,1,1,0,0,0,0,0,1,2.1,Oppo,Y21,Vi,Bengali,Android,12,app,play_store,6,1,225.7,google,generic,ag3,none,0
101395,Thu,11,Android,1,1,Unknown,29.0,Jaipur,Maharashtra,1,0,0,1,0,0,0,1,1.2,Xiaomi,Reno,BSNL,Marathi,Android,14,app,play_store,10,4,167.1,google,none,ag2,none,0
101396,Thu,11,Android,1,1,Male,19.0,Mumbai,Karnataka,0,0,1,0,0,0,1,0,1.0,OnePlus,Note 10,BSNL,Bengali,Android,11,web,web,13,2,277.2,google,brand,ag3,paid,0
101397,Thu,6,iOS,0,1,Unknown,42.0,Mumbai,MP,1,1,1,0,0,0,0,0,1.2,Oppo,Reno,BSNL,Bengali,Android,13,app,play_store,6,0,355.9,organic,activation,ag2,organic,0
101398,Thu,12,iOS,0,1,Male,25.0,Pune,Rajasthan,0,0,0,0,0,0,0,0,1.0,Apple,A12,BSNL,Bengali,Android,11,app,web,9,3,99.8,influencer,none,none,organic,0
101399,Fri,7,iOS,0,1,Male,38.0,Bangalore,Rajasthan,0,0,0,0,0,0,0,0,1.0,Vivo,Reno,BSNL,Marathi,Android,17,app,play_store,8,4,172.5,organic,remarketing,ag2,organic,0
101400,Fri,21,Android,0,1,Male,31.0,Unknown,Maharashtra,1,0,0,0,0,0,0,0,2.0,Apple,Nord,Vi,Tamil,Android,17,app,play_store,10,1,325.4,influencer,brand,ag3,organic,0
101401,Sun,8,Web,0,1,Male,20.0,Indore,Maharashtra,0,1,0,0,0,0,0,0,1.0,Xiaomi,iPhone 13,Other,Tamil,Android,14,app,play_store,6,5,59.2,meta,none,ag1,none,0
101402,Tue,6,Android,1,1,Unknown,40.0,Indore,Karnataka,1,0,1,0,0,0,0,0,2.0,OnePlus,A12,BSNL,Marathi,Android,17,app,play_store,6,5,573.0,organic,none,ag1,crm,0
101403,Mon,20,Android,0,1,Female,32.0,Delhi,Karnataka,0,0,0,0,0,0,0,0,2.0,Apple,Reno,Other,English,Android,11,app,play_store,7,9,1018.1,organic,generic,ag2,crm,0
101404,Thu,23,Web,0,2,Female,41.0,Pune,Delhi,0,0,0,0,0,0,0,0,2.0,OnePlus,Note 10,Jio,Hindi,Android,12,app,play_store,9,4,362.5,referral,none,ag1,crm,0
101405,Sun,14,Android,0,1,Female,29.0,Indore,Karnataka,0,1,0,1,0,0,0,0,1.1,Samsung,iPhone 13,Airtel,Marathi,Android,11,app,play_store,11,3,183.3,meta,none,none,paid,0
101406,Tue,1,Android,0,1,Female,36.0,Bangalore,Karnataka,0,1,1,0,0,1,1,0,2.0,Vivo,A12,BSNL,English,Android,11,app,play_store,5,1,529.4,meta,remarketing,ag3,none,0
101407,Mon,22,Android,0,1,Unknown,18.0,Bangalore,Rajasthan,1,1,0,1,0,1,0,0,2.1,Vivo,Note 10,BSNL,Marathi,iOS,12,app,play_store,8,4,934.2,google,generic,ag3,organic,1
101408,Sat,19,Android,0,1,Male,26.0,Mumbai,MP,0,0,0,0,0,0,0,0,2.1,Apple,A12,BSNL,Hindi,iOS,14,app,play_store,5,5,64.4,referral,generic,ag3,crm,0
101409,Wed,11,iOS,0,1,Female,20.0,Indore,MP,0,0,0,0,0,0,0,0,1.0,Oppo,Reno,Airtel,Marathi,Android,17,app,play_store,8,3,296.4,referral,activation,none,organic,0
101410,Fri,0,Android,1,1,Female,27.0,Indore,Unknown,0,0,0,0,0,1,0,0,1.2,Xiaomi,Reno,Other,Bengali,Android,15,app,play_store,5,7,250.9,influencer,none,ag1,paid,0
101411,Sat,22,Android,0,1,Unknown,34.0,Bangalore,Karnataka,1,1,0,0,0,0,0,0,2.1,Oppo,Reno,Vi,Marathi,Android,14,app,play_store,6,5,711.5,organic,activation,ag2,paid,1
101412,Mon,21,Android,0,1,Female,25.0,Mumbai,Unknown,0,0,0,0,0,0,0,1,1.2,Apple,Y21,BSNL,English,Android,13,app,play_store,6,3,154.4,referral,none,ag2,paid,0
101413,Sat,7,Android,1,1,Unknown,37.0,Indore,Unknown,0,0,0,1,0,0,0,0,2.0,Xiaomi,Note 10,Airtel,Marathi,Android,13,app,app_store,5,5,542.3,influencer,activation,ag2,paid,0
101414,Wed,4,Android,1,1,Female,23.0,Unknown,Delhi,0,0,0,0,1,0,1,0,1.2,OnePlus,iPhone 13,Jio,Tamil,iOS,12,web,app_store,13,2,504.0,organic,remarketing,ag1,crm,0
101415,Sun,14,Android,1,1,Male,37.0,Unknown,Delhi,0,1,0,1,0,0,0,0,2.0,Vivo,A12,Airtel,Marathi,Android,11,web,app_store,16,3,617.4,google,remarketing,ag1,organic,1
101416,Mon,0,Android,0,1,Male,40.0,Bangalore,MP,1,1,0,0,0,0,0,0,1.1,Xiaomi,Note 10,BSNL,English,Android,12,web,play_store,9,0,365.2,meta,none,ag1,paid,1
101417,Sat,0,Android,0,1,Female,38.0,Mumbai,Maharashtra,0,1,1,1,0,0,0,1,1.0,Samsung,Reno,Other,Marathi,Android,11,app,web,5,2,562.6,influencer,brand,ag3,none,0
101418,Fri,9,iOS,0,1,Female,27.0,Mumbai,Rajasthan,0,0,0,0,0,0,0,0,1.2,Apple,Nord,Other,Tamil,Android,16,app,play_store,6,2,404.7,meta,brand,ag3,paid,0
101419,Fri,21,Android,0,1,Male,18.0,Bangalore,Karnataka,1,1,0,0,1,0,0,1,1.2,Apple,Note 10,Jio,Marathi,Android,13,app,play_store,5,3,77.7,organic,activation,none,crm,0
101420,Tue,9,Android,1,1,Male,35.0,Mumbai,Rajasthan,0,0,1,1,0,0,0,0,1.2,Oppo,A12,BSNL,Hindi,Android,16,app,web,10,5,204.6,referral,activation,ag1,crm,0
101421,Sat,20,Android,0,1,Male,29.0,Jaipur,Karnataka,1,1,0,1,0,1,0,0,1.0,OnePlus,Nord,Jio,Tamil,Android,13,app,play_store,6,2,552.9,organic,generic,ag1,paid,0
101422,Thu,14,Android,0,1,Female,22.0,Jaipur,Karnataka,1,0,0,0,1,0,0,0,1.1,Samsung,iPhone 13,Jio,Hindi,Android,11,app,play_store,13,5,245.4,meta,generic,ag1,paid,0
101423,Sat,16,iOS,0,1,Male,26.0,Mumbai,Unknown,0,0,0,0,0,0,0,0,1.0,Oppo,Nord,BSNL,Tamil,Android,15,app,app_store,8,0,614.5,referral,generic,ag2,organic,0
101424,Sun,21,Web,0,4,Female,41.0,Delhi,MP,0,0,0,0,0,0,0,0,2.1,Samsung,A12,Other,English,iOS,16,app,play_store,9,2,170.7,meta,none,ag2,none,0
101425,Mon,5,Android,0,1,Male,21.0,Mumbai,Rajasthan,0,0,0,0,0,0,0,0,1.0,Vivo,Nord,Other,Marathi,Android,16,web,play_store,9,2,1555.6,referral,activation,none,organic,1
101426,Mon,2,iOS,1,1,Male,34.0,Unknown,Rajasthan,1,0,0,0,0,0,0,0,2.1,Xiaomi,Reno,Other,Marathi,iOS,17,app,app_store,6,2,73.8,organic,brand,none,organic,0
101427,Sun,12,Android,1,1,Unknown,32.0,Indore,Maharashtra,1,0,1,0,0,0,0,0,1.2,Vivo,A12,Other,Hindi,Android,15,app,play_store,10,3,318.6,influencer,generic,ag3,organic,0
101428,Sat,15,Android,1,3,Male,27.0,Mumbai,Maharashtra,0,0,0,0,0,0,0,0,1.1,Xiaomi,Nord,Other,Tamil,Android,13,app,play_store,8,1,148.4,referral,none,none,organic,0
101429,Sun,7,Android,0,4,Male,35.0,Indore,Rajasthan,0,0,0,0,0,0,0,0,2.0,Oppo,Y21,Jio,English,iOS,14,app,app_store,11,6,482.1,influencer,remarketing,none,organic,0
101430,Wed,14,Android,0,1,Male,43.0,Bangalore,Maharashtra,0,0,0,0,0,0,0,1,1.1,Samsung,iPhone 13,Vi,Tamil,Android,12,app,play_store,9,1,241.9,influencer,brand,ag1,crm,0
101431,Sun,16,Android,0,1,Male,28.0,Mumbai,Maharashtra,0,1,0,0,0,1,0,0,2.1,Xiaomi,iPhone 13,BSNL,Bengali,iOS,12,app,play_store,3,4,187.5,influencer,generic,none,crm,0
101432,Fri,16,iOS,0,1,Female,28.0,Bangalore,Karnataka,0,1,0,0,0,0,0,1,1.1,OnePlus,iPhone 13,Vi,Hindi,Android,14,app,play_store,8,8,257.5,organic,remarketing,ag3,organic,0
101433,Sun,21,Android,1,1,Male,35.0,Pune,MP,1,1,0,0,0,0,0,1,1.2,Vivo,Y21,Jio,Tamil,Android,12,app,play_store,7,4,310.9,meta,remarketing,none,none,0
101434,Mon,12,iOS,0,1,Female,37.0,Unknown,Karnataka,1,0,0,0,0,0,0,0,1.0,Apple,iPhone 13,BSNL,Hindi,Android,16,app,play_store,7,1,147.7,google,generic,ag2,crm,0
101435,Fri,16,iOS,1,2,Male,29.0,Jaipur,Unknown,1,1,0,0,1,1,0,1,2.1,Apple,Nord,Jio,Bengali,Android,11,app,app_store,6,1,311.6,meta,remarketing,ag1,none,0
101436,Mon,5,Android,0,1,Female,28.0,Mumbai,Maharashtra,0,1,0,0,1,0,0,0,2.1,Apple,Reno,BSNL,Tamil,iOS,17,app,app_store,6,5,271.6,influencer,generic,none,paid,0
101437,Tue,16,Android,0,1,Female,18.0,Bangalore,Karnataka,1,0,0,0,0,1,0,0,2.1,Oppo,Note 10,Airtel,Tamil,iOS,11,app,app_store,7,4,355.2,referral,generic,ag1,none,0
101438,Thu,15,Android,0,1,Unknown,24.0,Pune,Karnataka,1,0,0,0,0,0,0,0,1.2,Vivo,Reno,Jio,Hindi,Android,15,app,play_store,9,3,286.9,influencer,none,ag1,organic,0
101439,Mon,13,Web,0,1,Unknown,21.0,Indore,Delhi,0,0,0,0,0,0,0,0,1.1,Xiaomi,Y21,Jio,Bengali,iOS,11,app,play_store,5,1,258.5,referral,none,none,crm,0
101440,Fri,12,Android,1,1,Male,35.0,Indore,Karnataka,0,0,0,0,0,1,0,0,2.1,Vivo,Y21,Airtel,English,Android,14,app,play_store,7,2,660.5,google,activation,ag2,paid,0
101441,Tue,5,Android,0,1,Male,28.0,Jaipur,Karnataka,0,1,0,0,0,0,0,0,2.0,Vivo,A12,Other,Marathi,Android,16,app,play_store,7,2,755.9,referral,none,none,none,0
101442,Mon,2,Android,1,1,Female,28.0,Jaipur,MP,1,0,0,0,0,0,0,0,2.1,Oppo,Y21,Airtel,Hindi,Android,12,app,play_store,7,4,403.8,organic,brand,none,organic,0
101443,Wed,13,Android,1,1,Male,30.0,Unknown,Rajasthan,0,0,0,0,0,0,0,0,1.1,Xiaomi,iPhone 13,Airtel,Hindi,Android,17,app,play_store,5,4,292.2,referral,activation,ag3,crm,0
101444,Sun,13,Android,0,1,Male,23.0,Unknown,Delhi,0,0,0,0,0,0,0,0,1.1,Xiaomi,Y21,Vi,Marathi,Android,11,app,play_store,9,3,417.5,referral,none,ag1,crm,0
101445,Thu,14,Android,1,2,Male,42.0,Indore,Delhi,0,0,0,0,0,0,0,0,2.0,Vivo,Y21,Vi,Tamil,Android,12,app,play_store,7,3,95.0,meta,remarketing,ag2,organic,1
101446,Mon,7,Android,0,1,Male,40.0,Indore,Delhi,1,0,1,0,0,0,0,0,1.0,Vivo,Nord,Other,Hindi,Android,11,app,play_store,5,9,605.4,meta,generic,none,none,0
101447,Tue,14,Android,1,1,Female,43.0,Indore,Unknown,1,0,0,0,0,1,0,0,2.1,OnePlus,Nord,Vi,English,Android,15,app,play_store,6,3,229.2,organic,none,ag1,none,1
101448,Wed,21,Android,1,1,Male,35.0,Delhi,Delhi,0,0,0,0,0,0,0,0,1.1,OnePlus,Reno,Other,Bengali,Android,15,web,play_store,5,0,229.0,meta,brand,ag3,organic,1
101449,Sat,12,Android,1,1,Male,30.0,Unknown,MP,0,0,0,0,0,0,0,0,2.0,OnePlus,Y21,Airtel,Tamil,Android,16,app,play_store,8,4,648.4,referral,activation,ag3,none,0
101450,Tue,16,Android,0,4,Female,43.0,Jaipur,Rajasthan,1,0,0,1,0,1,1,0,2.0,Apple,iPhone 13,Vi,Hindi,Android,11,app,play_store,7,4,77.5,referral,remarketing,ag2,crm,0
101451,Sun,20,Android,0,2,Male,25.0,Bangalore,Unknown,1,1,0,0,0,0,0,0,1.2,Vivo,Nord,Other,English,Android,17,app,play_store,12,4,293.2,influencer,none,ag2,paid,0
101452,Tue,23,Android,0,1,Unknown,23.0,Pune,MP,1,1,0,0,0,0,0,0,1.1,Samsung,Note 10,Other,Marathi,Android,12,web,play_store,5,2,347.2,referral,brand,ag2,crm,0
101453,Wed,2,Android,0,1,Male,25.0,Pune,Delhi,1,0,0,1,1,0,0,0,1.1,Apple,Nord,Vi,Tamil,Android,13,app,play_store,8,1,64.9,google,none,none,paid,0
101454,Tue,5,Android,1,1,Female,34.0,Mumbai,Rajasthan,0,0,0,0,0,0,0,0,1.1,Samsung,A12,BSNL,English,Android,12,app,play_store,6,2,307.7,influencer,remarketing,none,crm,0
101455,Wed,4,Android,1,4,Male,24.0,Bangalore,MP,1,0,0,0,0,0,0,0,1.2,Vivo,A12,Vi,Hindi,Android,15,app,app_store,6,3,129.3,referral,activation,ag1,none,0
101456,Mon,21,Android,0,1,Male,29.0,Jaipur,Rajasthan,0,0,0,0,0,1,0,0,2.0,Vivo,Y21,Other,Marathi,Android,15,app,play_store,8,3,235.2,referral,generic,ag2,crm,0
101457,Wed,16,Android,0,1,Male,18.0,Delhi,Unknown,1,0,1,1,0,0,0,0,2.0,Oppo,Y21,BSNL,Hindi,Android,15,web,play_store,11,4,198.9,meta,activation,ag1,none,1
101458,Wed,22,Android,0,1,Male,34.0,Delhi,MP,0,0,0,1,0,0,0,0,1.0,OnePlus,iPhone 13,Vi,Bengali,Android,12,app,play_store,6,3,52.2,influencer,activation,ag3,crm,0
101459,Thu,1,iOS,0,2,Female,18.0,Bangalore,Rajasthan,1,1,0,0,0,1,0,0,2.0,Vivo,Reno,Airtel,Hindi,Android,17,app,play_store,7,4,541.0,influencer,none,ag1,organic,1
101460,Wed,14,iOS,0,1,Female,23.0,Indore,MP,1,0,0,0,0,0,0,0,1.1,Oppo,Reno,Jio,Marathi,iOS,13,app,app_store,7,2,34.6,organic,none,ag1,crm,0
101461,Wed,4,iOS,0,1,Male,40.0,Indore,Delhi,0,1,0,0,0,0,0,1,1.2,OnePlus,Note 10,Vi,Bengali,Android,15,app,play_store,6,3,452.2,influencer,brand,none,none,1
101462,Sat,19,Android,1,1,Male,39.0,Bangalore,Delhi,0,0,0,1,0,0,0,0,1.0,OnePlus,iPhone 13,Vi,Bengali,iOS,13,app,play_store,5,3,435.0,organic,activation,ag2,crm,0
101463,Mon,5,Android,0,3,Male,33.0,Jaipur,Delhi,0,0,0,0,0,0,0,1,2.0,Oppo,iPhone 13,Jio,Tamil,Android,17,app,play_store,11,0,337.7,meta,remarketing,none,crm,1
101464,Sun,5,Android,0,1,Male,32.0,Pune,Unknown,1,0,0,1,0,1,0,0,1.2,Xiaomi,Reno,BSNL,Hindi,Android,17,app,play_store,10,3,499.2,google,activation,none,organic,1
101465,Thu,17,Android,1,3,Male,26.0,Indore,MP,1,0,0,0,1,0,0,1,2.1,Oppo,A12,Jio,Tamil,Android,11,app,web,7,1,80.4,referral,generic,ag2,paid,0
101466,Sat,17,Android,0,1,Unknown,24.0,Mumbai,Rajasthan,1,0,0,0,0,1,0,0,2.0,Xiaomi,Reno,BSNL,Marathi,Android,12,app,web,16,3,670.5,google,generic,none,paid,0
101467,Fri,3,Android,0,1,Male,27.0,Jaipur,Rajasthan,0,1,0,0,0,1,0,0,1.2,Xiaomi,Reno,Other,Tamil,Android,15,web,play_store,11,4,169.3,organic,brand,ag2,paid,0
101468,Mon,16,iOS,1,4,Female,18.0,Jaipur,Maharashtra,0,0,0,0,0,0,0,0,1.1,Apple,Note 10,BSNL,Tamil,iOS,11,app,play_store,16,1,816.8,referral,brand,ag2,crm,0
101469,Mon,13,Android,1,4,Female,32.0,Delhi,Karnataka,0,0,0,0,0,1,0,0,2.1,Xiaomi,Reno,Airtel,Marathi,Android,14,app,app_store,10,1,296.6,influencer,brand,ag1,paid,0
101470,Fri,13,Android,0,1,Female,30.0,Unknown,Delhi,0,1,0,0,0,0,0,0,1.0,OnePlus,Note 10,Jio,Bengali,Android,13,web,web,5,2,330.9,referral,remarketing,none,organic,0
101471,Sun,12,Android,0,1,Male,23.0,Indore,Delhi,0,0,0,0,0,1,1,0,1.0,Apple,Nord,Airtel,Hindi,iOS,15,app,play_store,2,5,431.3,organic,remarketing,ag2,none,0
101472,Wed,6,Android,1,1,Female,43.0,Pune,Delhi,1,0,0,0,0,0,0,0,1.1,Apple,Y21,Airtel,Tamil,Android,13,app,app_store,10,1,227.8,influencer,brand,ag1,crm,1
101473,Sat,11,Android,1,1,Female,35.0,Jaipur,Maharashtra,0,0,0,0,0,0,0,0,1.2,Apple,Y21,Jio,English,Android,11,app,play_store,5,1,289.4,organic,remarketing,ag3,paid,0
101474,Tue,22,iOS,0,1,Male,36.0,Indore,Maharashtra,1,0,0,0,1,0,0,0,2.1,OnePlus,A12,BSNL,Bengali,iOS,15,app,play_store,10,5,164.5,referral,generic,none,crm,0
101475,Thu,14,Android,0,1,Male,26.0,Indore,Maharashtra,0,0,1,0,0,0,0,0,2.0,Vivo,A12,Airtel,Tamil,Android,12,app,app_store,2,2,195.2,organic,generic,none,paid,0
101476,Tue,18,iOS,0,1,Unknown,30.0,Delhi,Delhi,0,0,0,1,0,0,0,0,1.1,Oppo,Nord,Airtel,English,Android,17,app,app_store,6,4,186.3,influencer,brand,ag2,none,0
101477,Fri,10,Android,0,1,Female,35.0,Mumbai,Rajasthan,0,0,0,0,0,0,0,1,1.1,OnePlus,Nord,BSNL,Marathi,Android,11,app,play_store,10,4,686.2,google,none,ag3,crm,0
101478,Mon,14,iOS,0,1,Male,31.0,Jaipur,Delhi,0,0,0,0,0,0,0,0,1.1,Oppo,iPhone 13,Airtel,Tamil,Android,14,web,app_store,5,5,499.6,referral,activation,none,crm,0
101479,Sun,11,Android,0,1,Female,43.0,Unknown,Maharashtra,1,1,0,0,0,0,0,0,1.1,Samsung,Y21,Vi,Hindi,Android,15,app,play_store,11,4,233.7,google,none,none,crm,0
101480,Mon,2,Android,0,1,Male,28.0,Mumbai,Maharashtra,0,0,0,0,0,0,0,0,2.0,Samsung,Nord,Jio,Bengali,Android,16,app,play_store,9,3,599.8,google,activation,ag1,crm,0
101481,Thu,16,Android,1,1,Male,26.0,Pune,Karnataka,0,0,0,0,0,0,1,0,1.1,Vivo,Note 10,BSNL,Tamil,Android,17,app,play_store,8,2,170.4,referral,none,ag3,organic,0
101482,Mon,2,iOS,0,1,Male,35.0,Unknown,MP,1,0,1,0,0,0,0,0,1.0,Xiaomi,iPhone 13,Vi,Hindi,Android,15,app,play_store,14,2,899.3,meta,generic,none,paid,1
101483,Mon,18,Web,1,1,Male,20.0,Bangalore,Karnataka,1,0,1,0,0,0,0,0,1.0,OnePlus,iPhone 13,Vi,Tamil,Android,17,app,play_store,14,1,527.1,organic,none,ag3,none,0
101484,Thu,19,Android,1,1,Female,37.0,Bangalore,Karnataka,0,0,0,0,0,0,0,0,1.1,Samsung,Y21,BSNL,English,Android,11,app,play_store,9,3,226.7,organic,generic,none,crm,1
101485,Sat,3,Android,0,1,Female,20.0,Unknown,Delhi,0,0,0,1,0,0,0,0,1.2,OnePlus,Y21,Other,Bengali,Android,13,app,app_store,9,4,228.9,influencer,generic,ag2,organic,0
101486,Sat,2,iOS,1,1,Female,35.0,Bangalore,MP,0,1,0,0,0,0,0,0,1.0,OnePlus,Y21,Airtel,Hindi,iOS,17,web,app_store,8,3,619.9,influencer,brand,none,none,0
101487,Thu,15,Android,1,1,Male,25.0,Pune,MP,0,0,1,0,1,0,0,0,2.1,Samsung,A12,Airtel,Hindi,Android,14,app,play_store,9,4,141.5,referral,none,ag2,crm,0
101488,Sun,11,Android,0,1,Female,34.0,Jaipur,Delhi,0,0,0,1,0,1,1,0,1.2,OnePlus,Y21,Other,Marathi,Android,14,app,play_store,11,8,746.0,meta,brand,ag1,none,1
101489,Fri,7,Android,0,1,Male,37.0,Indore,Rajasthan,1,1,0,0,0,1,0,0,1.1,Apple,A12,Other,Bengali,Android,15,app,play_store,11,0,421.1,google,remarketing,none,none,0
101490,Mon,23,Android,0,1,Male,31.0,Mumbai,Unknown,0,0,0,0,0,1,0,0,2.0,OnePlus,Nord,Other,Tamil,Android,12,app,play_store,6,3,336.1,google,generic,ag3,crm,0
101491,Sun,16,iOS,1,4,Unknown,20.0,Mumbai,Delhi,0,1,0,1,0,0,0,0,1.2,OnePlus,Note 10,Airtel,English,Android,15,app,play_store,2,3,499.6,google,activation,none,paid,0
101492,Mon,6,iOS,0,1,Male,23.0,Indore,Rajasthan,0,0,0,0,0,0,0,0,2.1,Samsung,Note 10,Jio,Tamil,Android,12,app,play_store,4,5,309.0,referral,brand,none,paid,1
101493,Fri,10,Android,0,2,Male,24.0,Jaipur,Rajasthan,1,1,0,0,0,1,0,1,1.2,OnePlus,iPhone 13,Airtel,English,Android,12,web,play_store,9,4,129.6,meta,brand,ag1,none,0
101494,Sat,17,Android,1,1,Male,18.0,Unknown,MP,0,0,0,1,0,0,0,0,1.0,Oppo,iPhone 13,Jio,Marathi,iOS,15,app,play_store,7,0,39.3,organic,brand,ag1,crm,0
101495,Sun,0,iOS,0,1,Male,39.0,Mumbai,Delhi,0,1,0,0,0,0,0,0,1.0,Apple,iPhone 13,Airtel,Hindi,Android,11,app,web,11,7,139.8,influencer,generic,none,organic,0
101496,Wed,2,Android,0,1,Female,31.0,Jaipur,Delhi,0,0,0,0,0,1,0,0,2.0,Vivo,Note 10,Jio,English,iOS,12,app,web,9,5,175.3,google,none,ag1,paid,0
101497,Wed,3,iOS,1,1,Unknown,21.0,Unknown,MP,0,0,0,1,0,0,0,0,1.2,Vivo,iPhone 13,Jio,Hindi,Android,11,app,play_store,18,6,95.7,referral,activation,ag3,none,0
101498,Wed,12,Android,0,3,Female,42.0,Unknown,Karnataka,0,0,0,0,0,0,0,0,2.0,Vivo,A12,Vi,Hindi,Android,11,app,play_store,12,7,580.5,referral,brand,none,paid,0
101499,Sat,5,Android,1,1,Female,24.0,Unknown,Delhi,0,1,0,0,0,0,0,0,1.2,Apple,iPhone 13,Airtel,Tamil,Android,16,app,play_store,9,4,245.0,meta,brand,ag1,crm,1
101500,Sat,13,iOS,1,1,Female,32.0,Mumbai,Unknown,0,0,0,0,0,0,0,0,1.1,Samsung,Nord,Jio,English,Android,11,app,play_store,8,4,280.1,meta,generic,ag3,organic,1
101501,Fri,4,Android,0,1,Female,23.0,Bangalore,Unknown,0,0,0,0,0,0,0,0,1.2,Samsung,iPhone 13,Vi,English,Android,14,app,play_store,9,2,284.9,organic,remarketing,ag1,none,0
101502,Mon,15,Android,0,1,Male,18.0,Bangalore,Maharashtra,0,1,0,1,0,0,0,0,1.2,Oppo,A12,Airtel,Hindi,iOS,15,web,web,11,4,128.2,google,brand,ag2,crm,0
101503,Fri,14,Android,1,1,Unknown,19.0,Delhi,Maharashtra,1,0,0,0,0,1,0,0,1.1,Apple,Reno,Jio,English,Android,17,app,play_store,2,5,928.2,meta,brand,none,crm,1
101504,Fri,14,Android,1,1,Male,26.0,Delhi,Delhi,0,0,0,0,0,0,0,0,2.1,Apple,Note 10,Vi,Bengali,Android,16,app,app_store,8,4,527.3,organic,generic,ag2,crm,1
101505,Sat,3,Android,0,2,Unknown,37.0,Mumbai,Rajasthan,1,1,0,0,0,0,0,0,1.0,Oppo,Reno,Other,Marathi,Android,13,app,play_store,2,0,519.0,referral,remarketing,ag1,paid,1
101506,Wed,7,Web,0,1,Male,33.0,Bangalore,Unknown,0,0,0,0,0,0,0,0,1.2,Samsung,Note 10,Jio,Bengali,iOS,17,app,play_store,8,6,145.4,meta,generic,ag1,crm,1
101507,Tue,15,iOS,0,1,Female,31.0,Jaipur,Unknown,1,1,0,1,0,0,0,0,2.0,Samsung,Note 10,Vi,Tamil,Android,11,app,play_store,9,6,373.9,influencer,generic,none,none,1
101508,Mon,15,Android,1,1,Female,18.0,Delhi,MP,0,0,0,1,0,0,0,0,1.1,Xiaomi,A12,Jio,Tamil,iOS,14,web,play_store,10,8,556.6,referral,generic,none,none,0
101509,Sat,3,Android,1,1,Unknown,40.0,Delhi,Unknown,0,0,0,0,1,0,0,1,2.1,Xiaomi,Note 10,Airtel,Bengali,Android,12,app,play_store,9,3,167.8,meta,remarketing,ag3,paid,0
101510,Wed,12,Android,0,1,Female,32.0,Bangalore,Rajasthan,1,0,0,0,0,1,0,1,1.0,OnePlus,Y21,Vi,Marathi,Android,16,app,app_store,7,5,127.8,referral,none,ag1,none,0
101511,Sun,12,Android,1,4,Male,29.0,Jaipur,Maharashtra,1,1,0,0,1,1,0,0,1.0,Xiaomi,iPhone 13,Airtel,English,Android,15,app,play_store,5,4,743.5,google,none,ag1,organic,1
101512,Tue,1,Android,0,1,Female,39.0,Delhi,Maharashtra,1,1,0,0,0,0,0,0,2.0,Xiaomi,A12,Vi,Marathi,Android,17,app,play_store,8,3,929.9,influencer,none,ag3,paid,0
101513,Tue,2,iOS,1,1,Male,40.0,Indore,MP,1,0,0,0,0,1,0,1,2.1,OnePlus,iPhone 13,Jio,Marathi,Android,16,app,play_store,9,2,207.5,referral,none,ag1,organic,1
101514,Sat,21,Android,0,2,Male,39.0,Unknown,Maharashtra,0,0,0,0,0,0,0,0,2.0,Samsung,Nord,Airtel,English,iOS,13,app,web,4,6,189.1,google,activation,ag1,organic,0
101515,Thu,7,iOS,0,1,Male,28.0,Jaipur,Karnataka,0,0,0,0,0,1,0,0,1.0,Vivo,iPhone 13,BSNL,English,Android,11,app,play_store,11,4,201.7,referral,activation,ag1,paid,0
101516,Mon,23,Android,0,1,Male,22.0,Indore,Maharashtra,0,0,0,0,0,0,0,0,1.2,Apple,A12,BSNL,English,iOS,14,app,play_store,12,3,817.3,organic,remarketing,ag2,paid,1
101517,Tue,14,Android,0,1,Male,38.0,Bangalore,Unknown,0,0,0,0,0,0,0,0,1.1,Xiaomi,Y21,BSNL,English,Android,15,app,play_store,8,4,200.8,influencer,none,ag2,paid,0
101518,Sat,10,Android,1,2,Unknown,19.0,Bangalore,Rajasthan,1,0,0,0,0,0,0,1,1.1,Vivo,Y21,BSNL,Hindi,Android,13,app,play_store,10,3,435.2,google,brand,ag3,crm,0
101519,Sat,8,Android,0,1,Unknown,46.0,Delhi,Rajasthan,0,1,0,0,1,0,0,0,2.0,Xiaomi,Note 10,Vi,Bengali,iOS,17,app,play_store,9,2,140.6,google,none,none,paid,1
101520,Wed,6,Android,0,1,Male,30.0,Mumbai,Karnataka,1,1,0,0,0,0,0,0,1.2,Oppo,Y21,Airtel,Hindi,Android,16,app,play_store,13,3,826.5,google,none,ag3,crm,1
101521,Sun,12,Web,0,1,Male,22.0,Pune,Rajasthan,0,0,0,0,0,0,1,0,1.0,Xiaomi,Nord,Vi,Bengali,Android,16,app,app_store,5,1,170.5,organic,remarketing,ag2,paid,0
101522,Thu,1,Android,0,1,Male,20.0,Indore,Rajasthan,0,1,0,0,0,0,0,0,1.1,Oppo,Nord,Airtel,Bengali,Android,15,app,play_store,8,5,610.4,organic,none,none,crm,0
101523,Mon,7,iOS,1,1,Male,20.0,Indore,Rajasthan,0,1,0,1,0,0,0,0,1.1,OnePlus,iPhone 13,BSNL,Bengali,Android,13,app,web,7,3,114.6,meta,brand,ag2,paid,1
101524,Fri,6,Android,1,1,Male,31.0,Jaipur,Delhi,0,1,0,0,0,0,1,0,2.0,Apple,Nord,Other,Marathi,Android,13,app,app_store,11,3,88.0,organic,none,ag2,organic,0
101525,Sun,23,Web,0,1,Male,30.0,Jaipur,Karnataka,1,0,0,0,0,1,0,0,2.1,Xiaomi,A12,Jio,Bengali,Android,15,app,play_store,10,6,568.0,referral,remarketing,none,paid,0
101526,Sun,11,Android,0,3,Female,20.0,Bangalore,Karnataka,1,0,0,0,0,1,0,0,1.1,Oppo,Note 10,BSNL,English,Android,17,app,play_store,6,4,393.3,organic,remarketing,none,crm,0
101527,Wed,18,iOS,0,1,Female,27.0,Unknown,Maharashtra,0,1,0,0,0,0,0,0,2.0,Apple,Nord,BSNL,Marathi,Android,17,app,play_store,3,3,56.1,organic,activation,none,organic,0
101528,Tue,6,Android,1,1,Male,19.0,Mumbai,Unknown,1,0,0,0,0,1,0,0,1.0,Xiaomi,Note 10,Other,Marathi,iOS,17,app,play_store,4,1,117.7,meta,remarketing,ag1,organic,0
101529,Tue,9,iOS,1,2,Male,35.0,Bangalore,Karnataka,0,0,0,0,0,0,0,0,1.1,OnePlus,Reno,Vi,Hindi,Android,15,app,play_store,10,1,94.2,meta,none,ag1,crm,0
101530,Wed,15,iOS,1,1,Female,30.0,Delhi,MP,1,0,0,0,0,0,0,0,2.0,Xiaomi,Note 10,Vi,Tamil,Android,13,app,play_store,9,2,147.3,influencer,generic,ag3,crm,0
101531,Sat,2,Android,1,3,Female,27.0,Mumbai,Karnataka,0,0,0,1,0,0,0,0,2.1,OnePlus,iPhone 13,Airtel,Marathi,Android,16,app,play_store,7,4,574.5,organic,brand,none,organic,0
101532,Tue,9,Android,1,1,Male,20.0,Delhi,MP,0,0,0,0,0,1,0,0,1.2,Samsung,A12,Jio,English,Android,12,app,play_store,9,6,384.4,meta,remarketing,ag2,crm,0
101533,Thu,5,Android,1,1,Male,28.0,Indore,Rajasthan,0,1,0,0,0,0,0,0,1.1,Vivo,Reno,Airtel,Marathi,Android,11,app,play_store,10,4,60.4,google,remarketing,ag1,none,0
101534,Mon,17,iOS,0,1,Male,27.0,Bangalore,Unknown,0,0,0,0,0,0,0,0,2.0,Vivo,iPhone 13,BSNL,Hindi,Android,11,app,play_store,2,1,183.0,referral,none,ag2,paid,0
101535,Sun,17,Android,0,1,Male,33.0,Jaipur,MP,0,0,0,0,0,0,0,0,1.2,Apple,Nord,Vi,Marathi,iOS,14,app,play_store,15,4,351.7,organic,activation,ag3,paid,0
101536,Sun,4,Android,0,1,Male,31.0,Bangalore,Unknown,0,0,0,0,0,0,0,0,2.1,Oppo,Reno,BSNL,Tamil,Android,16,app,play_store,10,6,255.6,google,generic,none,crm,1
101537,Thu,20,Android,0,1,Male,36.0,Pune,Unknown,0,0,0,0,1,1,0,0,1.1,Vivo,Reno,BSNL,Bengali,Android,17,app,play_store,6,4,170.0,meta,remarketing,ag1,none,1
101538,Tue,6,Android,0,1,Male,26.0,Mumbai,Delhi,0,0,1,0,0,0,0,0,2.0,Oppo,Nord,Vi,Marathi,Android,17,app,play_store,5,3,79.0,meta,remarketing,ag3,crm,0
101539,Sun,1,iOS,0,1,Male,18.0,Unknown,Unknown,1,1,0,0,0,0,0,0,1.2,Oppo,Note 10,BSNL,Hindi,Android,15,app,app_store,6,2,1343.2,organic,brand,none,organic,1
101540,Fri,10,Android,0,1,Female,38.0,Indore,Rajasthan,0,0,0,0,0,1,0,0,1.0,Vivo,Reno,BSNL,Tamil,iOS,13,app,play_store,9,1,88.6,referral,activation,ag1,paid,0
101541,Mon,12,Android,0,1,Male,23.0,Pune,MP,1,0,0,0,0,0,0,0,1.0,Vivo,Y21,Jio,Bengali,Android,16,app,play_store,7,3,488.4,meta,activation,ag1,none,1
101542,Mon,22,iOS,0,1,Female,21.0,Pune,Unknown,0,1,0,1,0,0,0,0,2.0,Oppo,Note 10,Airtel,Marathi,Android,13,app,play_store,10,3,236.5,organic,none,ag1,organic,0
101543,Sun,4,Android,0,1,Male,30.0,Bangalore,Rajasthan,0,0,0,1,1,0,0,0,1.2,Oppo,A12,Jio,English,Android,13,app,app_store,9,2,200.4,google,remarketing,ag1,crm,0
101544,Wed,5,Android,1,1,Male,32.0,Mumbai,Delhi,0,0,0,0,0,1,0,0,1.0,Xiaomi,Y21,Other,Marathi,Android,16,app,app_store,10,1,462.0,referral,remarketing,ag2,crm,0
101545,Sun,23,Android,1,1,Female,26.0,Bangalore,Rajasthan,0,0,0,0,0,0,0,0,1.1,Xiaomi,Y21,Jio,English,iOS,11,app,app_store,5,2,283.3,influencer,brand,ag1,none,0
101546,Wed,13,Android,1,1,Female,26.0,Mumbai,Rajasthan,0,0,0,0,0,1,0,0,2.0,Oppo,Y21,Airtel,Hindi,Android,14,app,play_store,6,0,513.6,google,remarketing,none,crm,1
101547,Sun,11,Android,0,1,Male,27.0,Pune,Karnataka,0,0,1,0,0,0,0,0,2.1,Vivo,Nord,Jio,Bengali,Android,14,app,play_store,4,2,368.7,referral,activation,ag1,crm,0
101548,Fri,3,iOS,0,1,Female,41.0,Delhi,Maharashtra,0,1,0,0,0,0,0,0,1.1,Xiaomi,A12,Other,Marathi,iOS,13,app,app_store,7,3,455.6,influencer,activation,ag3,none,1
101549,Sat,22,Android,0,2,Female,30.0,Indore,MP,0,0,0,0,0,0,0,1,2.0,Oppo,Nord,BSNL,Bengali,iOS,13,app,play_store,12,5,391.3,google,brand,ag1,crm,0
101550,Mon,5,Android,1,1,Male,22.0,Pune,Maharashtra,0,0,0,1,0,0,0,0,1.0,OnePlus,Note 10,BSNL,English,Android,13,app,app_store,6,0,379.2,organic,activation,ag2,crm,1
101551,Sun,9,Android,0,1,Male,22.0,Bangalore,Delhi,1,0,0,0,0,0,0,0,2.1,Oppo,Reno,Jio,Tamil,Android,13,web,play_store,5,7,107.3,google,brand,none,none,0
101552,Fri,17,Android,0,4,Female,28.0,Unknown,Delhi,1,0,0,0,0,0,0,0,1.1,Apple,Note 10,Other,Hindi,iOS,14,app,app_store,14,2,109.6,meta,remarketing,ag3,paid,0
101553,Wed,14,iOS,1,1,Male,32.0,Unknown,Rajasthan,0,1,0,0,0,0,0,0,1.2,Apple,Note 10,Airtel,Marathi,Android,17,app,play_store,14,2,117.6,influencer,none,ag1,paid,0
101554,Wed,7,Android,0,1,Male,34.0,Indore,Maharashtra,0,0,0,0,0,0,0,0,2.1,Oppo,Note 10,Other,Tamil,Android,15,app,play_store,7,0,346.5,google,generic,ag1,organic,0
101555,Mon,8,Android,0,1,Male,31.0,Pune,MP,1,0,0,1,0,0,0,0,1.0,Oppo,Nord,Jio,Hindi,Android,14,app,app_store,7,1,126.2,influencer,none,ag3,crm,1
101556,Thu,4,Android,0,1,Female,23.0,Mumbai,MP,1,0,0,0,0,0,0,0,2.1,Oppo,Y21,Vi,English,Android,13,app,app_store,8,4,463.2,referral,activation,ag3,paid,1
101557,Sun,9,Android,0,1,Unknown,27.0,Unknown,Rajasthan,1,1,0,0,0,0,0,0,1.0,Xiaomi,A12,Vi,Hindi,Android,12,app,play_store,11,1,67.8,organic,brand,ag1,paid,0
101558,Tue,19,Android,0,1,Female,36.0,Bangalore,MP,0,0,0,0,0,0,1,0,2.0,Samsung,iPhone 13,Other,Bengali,Android,15,app,play_store,7,3,191.3,google,generic,none,none,0
101559,Wed,5,Android,0,1,Female,21.0,Unknown,Karnataka,0,0,0,0,0,0,0,0,1.1,Xiaomi,Reno,Jio,English,Android,12,app,play_store,4,3,395.5,influencer,generic,ag2,crm,0
101560,Sat,15,Android,1,1,Unknown,26.0,Pune,Maharashtra,0,0,0,1,0,0,0,0,2.0,Oppo,iPhone 13,Other,Hindi,Android,17,app,play_store,10,6,417.3,google,none,ag1,none,0
101561,Sat,23,iOS,1,1,Female,35.0,Mumbai,Delhi,1,1,0,0,0,0,0,1,2.1,Xiaomi,Note 10,Jio,Bengali,Android,11,app,play_store,6,3,115.8,organic,remarketing,ag1,paid,0
101562,Wed,2,Android,0,1,Female,37.0,Mumbai,MP,1,0,0,0,0,0,0,0,2.0,Samsung,Reno,Airtel,Bengali,Android,13,app,app_store,9,1,243.9,referral,generic,ag1,organic,1
101563,Thu,9,iOS,1,1,Unknown,28.0,Mumbai,MP,0,0,0,0,0,1,0,0,1.1,Samsung,Nord,Vi,Marathi,Android,16,app,web,12,3,135.9,meta,brand,ag1,paid,0
101564,Thu,10,iOS,0,1,Male,27.0,Unknown,MP,0,0,0,0,0,0,0,0,2.1,Samsung,Note 10,BSNL,Marathi,Android,12,app,play_store,9,1,150.9,meta,none,ag3,paid,0
101565,Fri,10,Android,0,1,Female,19.0,Indore,Rajasthan,0,0,0,0,0,0,0,0,2.0,OnePlus,Reno,Vi,Hindi,Android,13,app,web,10,6,177.1,meta,brand,ag1,organic,0
101566,Sat,16,Android,0,1,Female,34.0,Bangalore,Delhi,1,0,0,0,0,0,0,0,2.0,Oppo,Nord,BSNL,Bengali,Android,13,app,play_store,11,1,1530.5,influencer,none,ag3,crm,1
101567,Fri,3,Android,0,1,Unknown,41.0,Mumbai,Maharashtra,1,0,0,0,0,0,0,0,2.0,Vivo,Reno,Jio,Tamil,Android,11,app,play_store,13,4,376.2,influencer,brand,none,none,0
101568,Sat,3,Android,0,1,Female,51.0,Pune,MP,0,0,1,0,0,0,0,0,1.2,Vivo,Y21,BSNL,Bengali,iOS,15,app,play_store,9,2,281.5,referral,none,ag1,none,0
101569,Sun,16,Android,0,1,Female,33.0,Mumbai,Karnataka,0,1,0,0,1,0,0,0,2.1,Vivo,A12,Airtel,English,Android,13,app,app_store,7,6,145.3,meta,activation,ag2,none,0
101570,Sun,8,Android,1,1,Unknown,30.0,Bangalore,Unknown,0,1,0,1,0,0,0,0,1.1,Apple,Note 10,Jio,Hindi,Android,15,app,play_store,7,2,452.7,organic,generic,none,crm,1
101571,Tue,18,Android,0,1,Male,23.0,Jaipur,Rajasthan,1,0,0,0,0,0,0,1,2.1,Vivo,A12,Vi,Hindi,Android,14,app,play_store,10,1,732.4,referral,remarketing,ag3,none,0
101572,Sun,4,Android,0,1,Male,18.0,Jaipur,Maharashtra,1,1,0,0,0,1,0,1,2.1,Oppo,Y21,Vi,Marathi,Android,11,web,web,10,3,538.3,meta,generic,ag2,paid,1
101573,Tue,21,Android,1,1,Male,31.0,Indore,MP,0,0,0,0,0,0,0,0,2.0,Oppo,iPhone 13,Other,Bengali,Android,14,app,play_store,8,3,578.1,meta,remarketing,ag3,paid,0
101574,Sun,23,Android,0,1,Male,49.0,Mumbai,Maharashtra,0,0,1,0,0,0,0,0,1.0,Apple,Reno,BSNL,Marathi,Android,11,app,play_store,4,2,346.0,referral,activation,ag2,crm,0
101575,Mon,5,Android,0,1,Male,40.0,Pune,Rajasthan,0,0,0,1,0,0,0,0,2.0,OnePlus,Note 10,Jio,Bengali,iOS,12,app,app_store,4,4,893.5,influencer,generic,ag3,crm,1
101576,Sun,2,Android,1,1,Male,39.0,Bangalore,Unknown,0,0,1,1,0,0,0,0,1.0,Oppo,Reno,BSNL,Hindi,iOS,12,app,app_store,5,6,217.5,meta,remarketing,ag1,crm,0
101577,Fri,21,Android,0,2,Male,32.0,Unknown,Karnataka,0,0,0,0,0,0,0,0,1.2,OnePlus,iPhone 13,Airtel,English,iOS,13,web,web,8,6,167.5,google,brand,ag1,paid,0
101578,Wed,0,Android,0,1,Unknown,33.0,Mumbai,MP,0,0,0,0,0,0,0,1,1.2,Oppo,A12,Airtel,English,Android,15,app,play_store,8,3,193.6,organic,activation,ag2,organic,0
101579,Fri,19,Android,0,1,Male,18.0,Unknown,Karnataka,1,0,0,0,0,0,0,0,1.0,Apple,Reno,Other,English,Android,17,app,play_store,8,1,252.6,meta,generic,ag2,organic,1
101580,Wed,21,Android,0,4,Female,36.0,Indore,Rajasthan,1,0,0,0,0,0,0,0,2.0,OnePlus,Reno,Jio,Hindi,Android,16,app,play_store,11,3,224.6,google,none,ag3,organic,0
101581,Thu,15,Android,0,1,Unknown,25.0,Delhi,Karnataka,0,0,0,0,0,1,0,1,2.0,OnePlus,A12,Jio,Marathi,Android,15,web,play_store,6,5,288.3,meta,activation,none,none,0
101582,Fri,22,Android,0,2,Male,24.0,Jaipur,Rajasthan,0,1,0,0,0,0,0,1,2.1,OnePlus,iPhone 13,BSNL,Bengali,Android,15,app,app_store,8,2,504.9,influencer,remarketing,ag2,none,0
101583,Thu,10,iOS,1,1,Male,27.0,Pune,Unknown,0,1,0,0,0,0,0,0,2.1,Apple,Y21,Other,Marathi,iOS,16,web,play_store,7,1,149.4,meta,none,ag1,crm,1
101584,Tue,12,iOS,1,1,Female,27.0,Jaipur,Karnataka,1,1,0,0,0,1,0,0,1.2,Apple,A12,Vi,Hindi,Android,15,app,play_store,9,3,104.4,meta,generic,ag2,none,0
101585,Tue,9,Android,0,1,Female,24.0,Mumbai,Maharashtra,1,1,0,0,0,1,0,0,2.1,Oppo,Reno,Jio,Marathi,iOS,11,app,play_store,10,1,355.0,influencer,remarketing,none,paid,0
101586,Mon,2,Android,1,1,Male,30.0,Mumbai,Maharashtra,0,1,0,0,0,0,0,0,2.1,Apple,Nord,Jio,Tamil,Android,17,app,app_store,7,3,147.9,organic,brand,ag1,none,0
101587,Sun,8,Android,1,1,Male,26.0,Delhi,Rajasthan,0,0,1,0,0,0,0,0,2.1,OnePlus,A12,Jio,Bengali,Android,17,app,play_store,4,1,133.9,organic,generic,ag3,organic,1
101588,Fri,11,iOS,0,1,Male,31.0,Bangalore,Maharashtra,0,1,0,0,0,0,0,0,1.2,Samsung,A12,Other,Hindi,Android,16,app,play_store,11,2,644.1,meta,none,ag3,crm,0
101589,Thu,22,Android,0,1,Male,18.0,Unknown,Unknown,0,0,0,0,0,0,0,0,2.1,Xiaomi,Nord,Airtel,Tamil,Android,13,web,play_store,10,2,221.4,organic,brand,none,crm,0
101590,Wed,13,Web,0,1,Male,28.0,Unknown,Karnataka,0,1,0,0,0,0,0,0,1.0,Apple,Reno,Vi,Marathi,Android,17,app,play_store,11,1,191.1,organic,generic,ag1,organic,0
101591,Tue,0,Android,1,1,Male,21.0,Unknown,Karnataka,0,0,0,0,0,0,0,0,1.1,OnePlus,A12,Airtel,English,Android,15,app,play_store,10,1,95.0,meta,activation,ag3,organic,0
101592,Sun,17,Android,0,1,Female,25.0,Delhi,MP,0,0,1,0,0,0,1,0,1.1,Apple,Y21,BSNL,Marathi,iOS,13,app,play_store,15,2,108.6,organic,activation,ag3,paid,0
101593,Tue,16,iOS,1,1,Unknown,31.0,Unknown,Rajasthan,0,1,0,0,0,0,0,0,2.1,Apple,Nord,Jio,Hindi,Android,13,app,play_store,9,6,332.9,organic,activation,none,none,1
101594,Wed,8,Android,0,1,Female,18.0,Bangalore,Maharashtra,1,0,0,0,0,1,0,0,2.1,OnePlus,A12,BSNL,English,Android,15,app,play_store,6,1,13.7,influencer,generic,ag1,none,0
101595,Sun,8,Android,0,1,Unknown,23.0,Mumbai,Unknown,0,0,0,0,0,0,0,0,2.1,OnePlus,Nord,BSNL,Marathi,Android,17,app,play_store,8,6,87.2,organic,activation,ag2,none,1
101596,Sun,22,Android,0,2,Female,35.0,Delhi,Rajasthan,1,0,0,0,0,1,0,1,1.0,Apple,A12,Jio,Hindi,Android,13,app,play_store,8,3,202.8,organic,generic,ag1,organic,0
101597,Thu,9,Android,0,1,Female,19.0,Jaipur,Maharashtra,0,0,0,0,0,0,0,0,1.2,Xiaomi,A12,Other,Tamil,Android,16,app,app_store,5,0,517.6,meta,remarketing,none,organic,1
101598,Thu,18,Android,1,1,Male,44.0,Unknown,MP,0,1,0,0,0,0,0,0,1.1,Oppo,Note 10,BSNL,Tamil,iOS,11,app,play_store,7,2,275.9,google,activation,none,paid,0
101599,Fri,14,Android,1,1,Male,40.0,Jaipur,Karnataka,0,0,0,0,0,0,0,0,2.0,Vivo,A12,Other,English,Android,17,web,web,12,0,414.5,organic,remarketing,none,paid,1
101600,Fri,4,iOS,0,3,Female,26.0,Unknown,Karnataka,0,0,0,0,0,0,0,0,2.1,Samsung,Note 10,Airtel,Marathi,Android,17,app,play_store,12,4,1371.5,influencer,remarketing,none,paid,1
101601,Sat,14,Android,1,1,Unknown,24.0,Mumbai,Unknown,0,1,1,0,0,0,0,0,2.0,Oppo,A12,Vi,Tamil,Android,13,app,play_store,5,3,364.8,meta,none,none,organic,0
101602,Sat,19,iOS,1,1,Male,32.0,Delhi,Delhi,0,1,0,0,0,1,0,0,1.0,Apple,Reno,Vi,Marathi,iOS,17,app,play_store,11,0,560.8,referral,remarketing,none,crm,0
101603,Mon,22,Android,0,1,Male,18.0,Mumbai,Rajasthan,0,0,1,0,0,0,0,0,1.2,OnePlus,Reno,Vi,Tamil,iOS,15,web,play_store,6,5,281.5,google,remarketing,none,paid,0
101604,Tue,1,Android,1,1,Female,18.0,Jaipur,Maharashtra,1,1,0,0,0,1,0,0,2.0,Oppo,Y21,Vi,Hindi,Android,17,app,play_store,8,2,424.1,google,brand,ag1,crm,1
101605,Fri,12,Android,0,1,Male,26.0,Jaipur,Delhi,0,0,0,0,0,0,0,0,2.1,OnePlus,iPhone 13,Other,English,Android,16,web,play_store,8,4,1245.6,referral,activation,none,paid,1
101606,Thu,23,Android,0,4,Male,29.0,Mumbai,Rajasthan,0,0,0,0,0,0,0,0,2.1,Samsung,Note 10,Airtel,English,Android,16,app,play_store,10,3,802.5,meta,brand,ag2,paid,1
101607,Wed,15,Android,0,3,Female,31.0,Unknown,Maharashtra,1,1,0,0,0,0,0,0,1.0,Oppo,iPhone 13,Other,Bengali,Android,13,app,play_store,7,1,926.7,referral,generic,none,none,1
101608,Thu,14,Web,1,1,Male,25.0,Mumbai,MP,1,1,0,0,0,0,0,0,2.1,Oppo,iPhone 13,BSNL,Tamil,Android,13,app,play_store,5,1,353.7,google,none,ag3,paid,1
101609,Tue,9,Android,0,1,Female,40.0,Indore,Rajasthan,0,0,0,1,0,0,0,1,2.0,OnePlus,Y21,Jio,Tamil,iOS,15,app,app_store,9,4,620.9,meta,activation,ag1,organic,0
101610,Sat,13,Android,1,4,Unknown,18.0,Delhi,Maharashtra,0,0,0,0,0,0,0,0,1.2,Apple,Y21,BSNL,Bengali,Android,11,app,play_store,5,2,378.8,referral,remarketing,none,crm,0
101611,Thu,9,Android,1,1,Male,21.0,Indore,Karnataka,0,0,0,1,0,0,0,0,2.1,OnePlus,Y21,Other,Marathi,Android,15,app,app_store,6,2,693.2,influencer,none,none,organic,0
101612,Mon,13,Android,0,1,Male,34.0,Mumbai,Rajasthan,0,1,0,0,0,0,0,1,2.1,Xiaomi,iPhone 13,BSNL,English,Android,12,app,play_store,9,4,462.8,organic,brand,none,none,0
101613,Tue,22,iOS,0,1,Male,21.0,Pune,Maharashtra,0,1,0,1,0,0,0,1,2.0,OnePlus,A12,BSNL,English,Android,12,app,web,10,1,424.7,google,generic,ag1,organic,0
101614,Sat,8,Android,0,1,Male,20.0,Jaipur,Unknown,0,0,0,0,0,1,0,0,1.2,Vivo,Nord,BSNL,English,iOS,13,app,play_store,9,3,449.9,referral,remarketing,ag1,crm,0
101615,Wed,13,Android,0,1,Female,31.0,Bangalore,Karnataka,1,0,1,1,0,0,0,0,2.0,Oppo,Y21,Airtel,Hindi,Android,14,app,play_store,7,4,118.2,meta,generic,ag2,paid,0
101616,Sat,2,Android,0,2,Male,22.0,Delhi,Karnataka,0,0,0,1,1,0,0,0,1.0,Xiaomi,Reno,Airtel,Marathi,Android,17,web,play_store,11,1,42.3,google,none,ag2,none,0
101617,Sun,19,Android,0,1,Male,29.0,Delhi,Delhi,0,1,0,1,0,0,0,1,2.1,OnePlus,Note 10,Jio,Bengali,iOS,12,app,web,12,1,98.1,meta,none,ag1,crm,1
101618,Mon,15,Android,0,1,Male,24.0,Jaipur,Maharashtra,0,0,0,0,0,0,0,0,1.1,Vivo,A12,Vi,English,Android,12,app,play_store,4,0,271.2,influencer,remarketing,none,crm,1
101619,Tue,1,Android,0,1,Male,23.0,Bangalore,Delhi,0,0,1,0,0,0,0,0,1.0,Samsung,Y21,Other,Tamil,Android,17,app,play_store,9,2,163.7,google,activation,none,organic,0
101620,Wed,9,Android,0,1,Male,18.0,Indore,Unknown,0,0,0,0,0,1,0,0,1.1,Samsung,Reno,Other,Tamil,Android,12,app,web,6,2,840.7,organic,none,none,none,0
101621,Mon,2,Android,0,1,Female,31.0,Bangalore,Delhi,0,0,0,1,1,1,1,0,2.0,Oppo,Y21,Airtel,Marathi,Android,14,app,app_store,10,4,644.7,organic,none,ag1,paid,0
101622,Sat,10,Android,1,1,Male,20.0,Pune,MP,0,0,0,0,0,1,0,0,1.1,Vivo,Reno,Airtel,Hindi,Android,14,app,web,11,3,70.0,referral,generic,ag2,organic,1
101623,Mon,10,Web,1,1,Male,29.0,Mumbai,Delhi,1,0,0,0,0,0,0,0,1.2,Samsung,Y21,Jio,Bengali,iOS,17,app,play_store,7,6,147.2,google,activation,ag3,organic,1
101624,Tue,20,iOS,0,2,Male,26.0,Bangalore,Delhi,0,0,0,0,0,1,0,0,2.1,Apple,Nord,Other,English,Android,11,app,app_store,9,2,703.9,influencer,activation,none,crm,0
101625,Fri,20,Android,0,1,Unknown,28.0,Unknown,MP,0,1,0,0,0,0,0,0,1.2,Xiaomi,A12,Other,Bengali,iOS,14,app,play_store,11,0,438.6,influencer,generic,ag2,paid,0
101626,Mon,21,Android,0,1,Male,29.0,Bangalore,MP,1,0,0,0,0,1,1,0,1.2,Oppo,Y21,Jio,Bengali,iOS,17,app,play_store,7,1,910.2,google,brand,ag3,organic,0
101627,Sun,12,Android,0,1,Female,32.0,Mumbai,Rajasthan,1,0,0,1,0,0,0,0,2.0,OnePlus,A12,Jio,Tamil,Android,11,app,play_store,5,2,144.4,referral,generic,ag3,none,0
101628,Mon,6,Android,0,1,Female,24.0,Jaipur,Delhi,0,0,0,1,0,0,0,0,1.2,OnePlus,A12,BSNL,Hindi,Android,15,app,play_store,6,1,98.3,google,activation,none,crm,0
101629,Sat,22,iOS,0,1,Female,40.0,Delhi,Karnataka,1,0,0,0,0,0,1,0,1.1,Samsung,iPhone 13,Jio,English,iOS,16,web,play_store,11,4,409.4,referral,none,ag3,none,0
101630,Sat,16,Android,1,1,Male,18.0,Jaipur,MP,0,0,0,0,0,0,0,0,1.0,OnePlus,A12,BSNL,Tamil,Android,16,app,play_store,9,4,216.7,organic,none,ag3,organic,0
101631,Wed,1,iOS,0,1,Unknown,28.0,Unknown,Maharashtra,0,0,0,0,0,0,0,0,1.0,Xiaomi,Nord,Other,Tamil,Android,11,app,play_store,7,5,245.9,referral,activation,ag2,none,0
101632,Sat,11,Web,1,1,Female,37.0,Pune,Rajasthan,0,1,0,0,0,0,0,1,1.0,Apple,Nord,BSNL,Tamil,iOS,11,app,web,7,1,127.8,google,brand,ag1,crm,0
101633,Thu,9,Android,0,1,Female,34.0,Jaipur,Rajasthan,0,1,1,1,0,0,0,0,1.1,OnePlus,Nord,Vi,Tamil,Android,12,app,web,6,2,347.7,referral,generic,ag1,paid,0
101634,Tue,17,Android,0,1,Male,22.0,Bangalore,Delhi,0,1,0,0,0,0,0,0,2.1,Oppo,Nord,Airtel,Bengali,Android,13,app,play_store,9,5,498.4,influencer,none,none,organic,0
101635,Tue,21,Android,0,1,Female,24.0,Bangalore,Unknown,0,0,0,0,0,0,0,0,1.1,Oppo,Y21,BSNL,Hindi,Android,12,app,play_store,13,2,291.2,influencer,generic,ag2,organic,0
101636,Fri,10,Android,0,1,Female,22.0,Delhi,Karnataka,1,1,0,0,0,0,0,0,1.0,Samsung,A12,Vi,Bengali,Android,12,app,play_store,9,5,512.9,meta,activation,ag3,crm,0
101637,Fri,15,Android,0,1,Male,35.0,Pune,Unknown,0,0,0,0,0,0,0,0,2.1,Oppo,iPhone 13,Jio,Hindi,Android,15,app,play_store,14,2,942.8,google,activation,ag2,crm,1
101638,Tue,16,Android,0,1,Male,24.0,Mumbai,Unknown,0,0,0,0,0,0,0,0,2.0,Xiaomi,Y21,Jio,Hindi,Android,16,app,app_store,6,2,123.2,referral,activation,ag2,none,0
101639,Sun,18,iOS,0,1,Female,32.0,Mumbai,MP,0,0,0,0,0,0,0,0,1.1,Vivo,Note 10,Jio,English,Android,11,app,web,11,5,100.2,influencer,brand,none,crm,0
101640,Fri,17,Android,0,1,Male,32.0,Indore,Maharashtra,1,0,0,1,0,1,0,0,1.2,Xiaomi,Y21,Jio,Bengali,Android,11,app,play_store,9,3,823.3,google,brand,ag2,crm,1
101641,Wed,2,Android,1,1,Female,49.0,Pune,Delhi,1,0,0,0,0,0,0,0,1.2,Apple,Y21,Vi,Marathi,Android,17,app,play_store,9,4,748.0,google,none,ag2,none,0
101642,Sat,20,Android,1,1,Male,33.0,Pune,Karnataka,0,1,0,0,0,0,1,0,1.2,OnePlus,Y21,Airtel,Hindi,Android,12,app,play_store,6,3,76.8,meta,remarketing,ag1,crm,1
101643,Tue,15,Android,0,1,Male,24.0,Bangalore,Delhi,1,0,0,0,0,0,0,0,1.1,Oppo,Y21,BSNL,Marathi,Android,16,app,play_store,12,2,299.7,meta,activation,ag1,crm,1
101644,Fri,5,Android,0,1,Female,18.0,Indore,Delhi,1,0,0,1,0,1,0,0,2.0,Apple,iPhone 13,Airtel,Tamil,Android,14,app,app_store,6,9,291.0,meta,none,ag3,none,1
101645,Tue,11,iOS,0,1,Male,28.0,Mumbai,Rajasthan,1,0,0,0,0,0,0,1,2.1,Apple,Nord,BSNL,Hindi,iOS,13,app,play_store,6,3,454.6,meta,none,none,organic,0
101646,Thu,10,Android,1,2,Unknown,29.0,Unknown,Unknown,0,0,0,1,0,0,0,0,1.1,Oppo,A12,Airtel,Hindi,Android,12,app,play_store,5,4,234.6,organic,generic,ag3,crm,1
101647,Mon,14,Android,0,1,Female,18.0,Pune,Maharashtra,0,1,0,0,0,0,0,0,1.1,Vivo,Reno,Vi,Bengali,Android,13,app,play_store,9,0,250.0,google,activation,ag2,none,0
101648,Sat,14,Android,0,4,Female,24.0,Pune,Maharashtra,0,0,0,1,0,0,0,0,1.1,Xiaomi,Nord,Vi,Hindi,Android,12,app,play_store,10,5,782.8,meta,remarketing,none,paid,1
101649,Tue,15,Android,0,1,Female,32.0,Delhi,Maharashtra,1,0,1,0,0,0,0,0,2.1,Apple,iPhone 13,Jio,Marathi,Android,12,app,play_store,6,1,480.7,influencer,none,ag1,paid,1
101650,Mon,9,iOS,0,4,Female,26.0,Mumbai,Maharashtra,1,0,0,0,0,0,0,0,2.0,Xiaomi,iPhone 13,Other,Hindi,Android,15,app,app_store,11,5,191.7,referral,brand,none,crm,1
101651,Fri,11,Android,0,1,Male,38.0,Delhi,MP,1,1,0,0,0,0,0,0,1.1,Apple,Y21,Vi,English,iOS,17,app,play_store,7,6,236.9,meta,brand,ag2,none,0
101652,Mon,12,iOS,1,1,Female,18.0,Indore,MP,0,0,0,1,0,0,0,0,1.0,Oppo,Reno,Vi,English,Android,12,app,app_store,7,2,43.6,influencer,remarketing,none,paid,0
101653,Sat,3,Android,1,1,Male,35.0,Pune,Maharashtra,0,1,0,0,0,1,0,0,2.1,Oppo,Y21,Jio,Bengali,iOS,14,app,play_store,9,1,224.1,organic,none,ag3,paid,0
101654,Tue,6,Android,0,1,Male,37.0,Indore,Karnataka,0,0,0,0,0,0,0,0,2.0,Oppo,A12,Other,English,Android,14,app,play_store,4,1,176.4,meta,remarketing,ag1,crm,0
101655,Thu,21,Android,0,2,Female,38.0,Jaipur,MP,0,0,0,0,0,0,0,0,1.0,Oppo,Y21,Vi,Hindi,Android,16,app,web,5,4,209.1,meta,activation,none,paid,0
101656,Sun,1,Android,0,1,Female,18.0,Delhi,MP,0,0,0,0,0,0,0,0,1.1,Oppo,A12,Vi,English,Android,17,app,app_store,11,7,257.7,google,generic,none,none,1
101657,Fri,14,Android,0,4,Male,33.0,Mumbai,Karnataka,0,0,1,0,0,0,0,0,1.0,Xiaomi,iPhone 13,Airtel,Tamil,iOS,11,app,play_store,3,6,1434.1,influencer,remarketing,none,none,1
101658,Tue,7,iOS,1,1,Male,25.0,Pune,Maharashtra,1,0,0,0,0,0,0,1,1.2,Apple,Reno,BSNL,Bengali,Android,16,app,play_store,10,6,274.2,organic,generic,none,crm,1
101659,Sat,6,Android,0,1,Female,19.0,Jaipur,Delhi,0,0,0,0,1,0,0,0,2.0,OnePlus,Reno,BSNL,Hindi,Android,12,app,app_store,7,4,190.6,referral,activation,none,organic,0
101660,Fri,14,Android,0,1,Male,27.0,Jaipur,MP,1,0,0,0,0,0,0,0,2.0,Samsung,A12,Airtel,English,Android,16,app,play_store,11,3,210.6,influencer,brand,ag1,none,0
101661,Wed,22,Android,0,4,Female,23.0,Mumbai,Delhi,1,0,0,0,0,0,1,0,1.2,Vivo,A12,BSNL,Tamil,Android,11,app,play_store,6,4,190.6,meta,none,none,organic,0
101662,Mon,13,Android,1,1,Female,37.0,Indore,Delhi,0,0,0,1,0,0,0,0,1.0,Samsung,Note 10,Jio,English,Android,11,app,play_store,5,2,841.6,organic,generic,none,organic,0
101663,Sun,7,Android,0,1,Male,34.0,Jaipur,Karnataka,0,0,0,0,0,0,0,0,2.0,OnePlus,Y21,Other,English,Android,13,app,play_store,11,5,345.3,influencer,none,none,none,0
101664,Sat,11,Android,0,1,Male,21.0,Bangalore,Maharashtra,1,1,0,0,0,0,0,0,1.1,Apple,Nord,Vi,English,iOS,16,app,play_store,9,2,310.5,meta,remarketing,ag3,none,0
101665,Wed,12,Android,0,1,Female,24.0,Mumbai,Unknown,1,0,0,0,0,0,0,0,1.2,Xiaomi,Note 10,BSNL,Hindi,iOS,15,app,play_store,8,4,825.2,organic,brand,none,crm,1
101666,Tue,10,Android,0,3,Male,27.0,Jaipur,Delhi,0,0,0,1,0,1,0,0,2.0,OnePlus,Note 10,Vi,Bengali,Android,16,app,play_store,13,2,132.5,organic,activation,ag2,crm,0
101667,Thu,16,Android,1,1,Male,29.0,Mumbai,Maharashtra,0,0,0,0,0,0,0,0,2.0,Apple,Note 10,Airtel,Tamil,Android,13,app,play_store,9,3,246.1,influencer,generic,ag1,crm,0
101668,Fri,16,Android,0,1,Male,38.0,Mumbai,Rajasthan,0,0,1,1,0,1,0,0,2.1,Vivo,Nord,Airtel,Bengali,Android,17,app,play_store,6,5,61.5,organic,brand,ag2,organic,0
101669,Mon,23,Android,0,1,Male,36.0,Pune,Unknown,0,0,0,0,0,0,0,1,1.0,OnePlus,Nord,BSNL,Bengali,Android,14,app,play_store,4,2,220.3,referral,none,ag1,paid,0
101670,Fri,3,Android,0,1,Male,30.0,Indore,Unknown,0,0,0,0,0,0,0,0,1.2,Apple,Note 10,Airtel,Marathi,Android,17,app,play_store,5,4,366.6,influencer,generic,none,none,0
101671,Sun,20,Web,1,1,Male,28.0,Indore,Unknown,1,1,1,0,0,0,0,0,2.0,Oppo,Reno,BSNL,Tamil,Android,13,web,play_store,12,1,492.1,referral,activation,none,organic,1
101672,Tue,7,Android,0,1,Female,18.0,Pune,Maharashtra,0,1,0,0,0,0,0,0,1.2,Samsung,iPhone 13,Jio,Hindi,Android,15,app,play_store,3,1,460.6,organic,generic,ag1,organic,0
101673,Fri,4,Android,0,1,Female,40.0,Mumbai,Karnataka,0,0,0,0,0,0,0,0,1.1,Vivo,Note 10,BSNL,Hindi,Android,14,app,app_store,6,5,898.0,google,activation,ag3,crm,1
101674,Mon,15,Android,0,1,Female,26.0,Mumbai,Karnataka,1,0,0,0,0,0,0,0,2.1,Vivo,Reno,Airtel,Marathi,Android,17,web,play_store,10,1,280.8,google,remarketing,none,none,0
101675,Tue,3,Android,1,1,Male,42.0,Bangalore,Rajasthan,0,0,0,0,1,0,0,0,1.0,Samsung,Reno,Jio,Marathi,Android,13,app,play_store,2,2,278.6,organic,activation,ag1,paid,0
101676,Fri,21,iOS,1,1,Male,32.0,Jaipur,Karnataka,1,0,0,1,0,0,0,0,1.0,Xiaomi,A12,Jio,Marathi,Android,15,app,play_store,12,1,54.4,referral,brand,ag1,organic,1
101677,Thu,14,Android,1,4,Female,46.0,Mumbai,Maharashtra,0,0,0,0,0,0,0,0,1.1,Samsung,A12,BSNL,Marathi,Android,12,app,play_store,5,3,369.2,referral,activation,ag2,none,0
101678,Sat,11,Web,0,4,Female,35.0,Jaipur,Unknown,0,1,0,0,0,1,1,0,2.0,Samsung,Reno,Vi,Hindi,Android,12,app,play_store,5,2,73.3,referral,none,none,crm,0
101679,Tue,4,iOS,0,1,Female,19.0,Delhi,Maharashtra,0,0,0,1,0,0,0,0,2.1,Samsung,Nord,Vi,Hindi,Android,11,app,play_store,6,1,326.8,google,brand,none,paid,0
101680,Sat,22,Android,1,1,Female,25.0,Jaipur,Unknown,0,0,0,0,0,0,0,0,1.0,Xiaomi,A12,Airtel,English,Android,13,app,play_store,6,2,189.7,google,generic,ag2,crm,0
101681,Tue,15,Android,0,1,Female,29.0,Mumbai,Maharashtra,1,0,0,0,0,0,0,0,1.2,Vivo,Y21,BSNL,Bengali,Android,14,app,play_store,4,3,327.8,referral,activation,none,paid,0
101682,Thu,13,Android,0,1,Male,23.0,Bangalore,Karnataka,1,1,0,1,0,0,0,0,1.1,OnePlus,Y21,Vi,Bengali,Android,17,app,play_store,7,3,570.6,meta,activation,ag1,crm,1
101683,Sat,9,Android,1,1,Female,27.0,Delhi,Maharashtra,1,0,0,0,0,1,0,0,1.0,Apple,Note 10,BSNL,Bengali,Android,11,app,play_store,4,3,27.7,meta,remarketing,ag2,crm,0
101684,Wed,6,Android,0,1,Female,19.0,Bangalore,MP,0,0,0,0,0,0,0,0,2.0,Samsung,Reno,Vi,Bengali,Android,16,app,app_store,6,1,299.2,influencer,brand,ag2,crm,0
101685,Mon,12,Android,0,1,Unknown,30.0,Jaipur,Unknown,1,0,0,0,0,0,0,0,2.1,Xiaomi,Y21,Jio,Hindi,Android,13,app,app_store,7,2,114.1,google,brand,ag1,paid,0
101686,Wed,19,Android,1,1,Female,32.0,Bangalore,Unknown,0,0,0,0,0,0,0,0,1.0,Apple,Y21,BSNL,Hindi,Android,16,app,play_store,7,3,439.1,influencer,activation,ag1,paid,0
101687,Fri,4,Android,1,1,Female,22.0,Jaipur,Rajasthan,0,0,0,1,0,0,0,1,2.0,OnePlus,Reno,Vi,Marathi,Android,14,app,play_store,11,3,500.4,google,remarketing,none,organic,0
101688,Thu,2,Android,0,1,Male,46.0,Indore,MP,0,0,0,0,0,0,0,0,2.0,OnePlus,Note 10,Other,Hindi,iOS,12,app,app_store,6,2,215.3,organic,none,ag2,crm,0
101689,Wed,14,iOS,0,1,Female,31.0,Jaipur,Maharashtra,0,0,0,0,0,0,0,0,1.1,Apple,Y21,Airtel,Hindi,Android,11,app,app_store,4,4,413.1,referral,none,none,paid,0
101690,Tue,3,Android,0,1,Unknown,23.0,Pune,Karnataka,0,1,0,0,0,1,0,0,2.0,Vivo,iPhone 13,Airtel,English,iOS,14,app,app_store,11,4,218.9,meta,activation,ag1,crm,0
101691,Fri,14,iOS,0,1,Female,18.0,Bangalore,Rajasthan,0,0,0,0,0,1,0,0,1.1,OnePlus,Reno,BSNL,Tamil,Android,13,app,play_store,9,3,372.7,referral,brand,ag3,organic,0
101692,Fri,13,Android,0,1,Female,30.0,Mumbai,MP,0,0,0,0,0,1,0,0,1.2,Oppo,Reno,Other,Marathi,iOS,11,app,play_store,10,2,699.4,google,none,ag1,none,0
101693,Wed,19,Android,0,1,Male,28.0,Indore,Maharashtra,0,0,0,1,0,0,0,0,1.1,Apple,Y21,Jio,Marathi,Android,14,app,play_store,4,4,471.6,organic,remarketing,ag1,crm,0
101694,Wed,18,Android,1,1,Female,36.0,Unknown,Karnataka,0,0,0,1,0,0,0,0,1.0,Samsung,Nord,Airtel,English,Android,13,app,app_store,6,2,20.2,referral,remarketing,ag2,crm,0
101695,Thu,12,Android,1,1,Female,29.0,Delhi,Maharashtra,1,1,0,0,0,0,1,0,1.1,Apple,iPhone 13,BSNL,Tamil,Android,16,app,play_store,12,2,416.4,google,activation,ag3,paid,1
101696,Mon,9,Android,1,1,Female,20.0,Jaipur,Unknown,0,0,0,1,0,0,0,0,2.1,Oppo,Note 10,Airtel,Hindi,Android,14,app,play_store,7,7,385.4,google,brand,none,crm,0
101697,Wed,20,Android,0,1,Male,43.0,Pune,MP,0,0,0,0,0,0,0,0,1.2,Oppo,Reno,BSNL,Marathi,Android,11,app,app_store,8,6,390.5,referral,none,none,organic,0
101698,Sun,4,iOS,0,3,Female,33.0,Indore,MP,1,0,0,0,0,0,0,0,1.1,Vivo,Reno,Other,Tamil,Android,13,app,app_store,13,3,133.8,organic,remarketing,ag1,none,0
101699,Wed,22,Android,1,1,Male,28.0,Bangalore,Rajasthan,0,1,0,0,0,0,0,0,1.2,Xiaomi,Note 10,Vi,Bengali,Android,15,app,play_store,15,4,89.3,influencer,none,ag2,organic,0
101700,Sat,19,Android,0,1,Female,31.0,Unknown,Karnataka,0,0,0,0,0,1,0,1,1.1,OnePlus,iPhone 13,Vi,Marathi,Android,11,web,play_store,10,1,435.2,meta,activation,none,crm,0
101701,Tue,19,iOS,0,1,Male,34.0,Unknown,Delhi,1,0,0,0,1,0,0,0,2.0,OnePlus,Note 10,Vi,Tamil,iOS,14,app,play_store,8,0,91.4,influencer,none,ag3,paid,0
101702,Sun,5,Android,0,1,Female,19.0,Indore,Maharashtra,0,0,0,0,0,0,0,0,2.0,OnePlus,Nord,Vi,Bengali,iOS,15,app,play_store,9,1,402.0,google,generic,ag1,paid,0
101703,Sun,3,Android,1,2,Male,31.0,Mumbai,Karnataka,1,0,0,0,0,0,0,0,1.0,Vivo,Reno,Jio,Bengali,Android,13,web,play_store,9,1,544.5,referral,generic,ag3,none,1
101704,Sat,1,Android,1,1,Male,26.0,Mumbai,Delhi,0,1,0,1,0,0,0,0,2.0,OnePlus,A12,BSNL,Hindi,iOS,12,app,web,10,2,471.3,meta,brand,none,organic,0
101705,Sat,21,iOS,0,1,Female,34.0,Mumbai,Karnataka,0,0,1,0,0,0,0,0,2.1,Oppo,A12,Jio,Tamil,Android,14,app,app_store,8,2,103.2,organic,generic,ag3,crm,0
101706,Fri,15,Android,1,1,Male,24.0,Pune,Maharashtra,0,0,0,0,0,0,0,0,2.0,Xiaomi,Note 10,Vi,Marathi,iOS,17,app,play_store,5,3,272.8,referral,remarketing,ag1,none,0
101707,Mon,17,Android,0,1,Female,25.0,Unknown,Maharashtra,0,0,0,0,0,0,0,0,2.1,OnePlus,Reno,Vi,Marathi,Android,16,app,play_store,8,3,610.3,organic,activation,none,none,0
101708,Tue,4,Android,0,3,Unknown,43.0,Indore,Rajasthan,0,0,1,0,0,1,0,0,1.1,OnePlus,Nord,Other,Tamil,Android,14,app,play_store,4,4,761.1,meta,generic,none,paid,1
101709,Thu,21,iOS,1,1,Unknown,40.0,Indore,MP,0,0,0,0,0,0,0,0,1.1,OnePlus,Note 10,Airtel,English,Android,11,app,play_store,11,5,369.7,meta,generic,ag3,paid,1
101710,Sun,3,Android,1,1,Male,18.0,Unknown,MP,0,1,0,0,0,0,0,0,2.1,OnePlus,A12,Vi,English,Android,12,app,play_store,9,3,168.2,influencer,brand,ag2,paid,1
101711,Thu,12,Web,0,3,Female,39.0,Bangalore,MP,1,0,0,1,0,0,0,1,1.0,OnePlus,Nord,Jio,Hindi,Android,11,app,play_store,13,4,57.6,influencer,none,none,none,0
101712,Wed,18,Android,0,1,Male,29.0,Delhi,Rajasthan,1,0,0,0,0,1,0,0,2.0,Vivo,Note 10,Jio,Hindi,Android,17,app,play_store,7,3,50.8,referral,generic,ag3,crm,0
101713,Wed,22,iOS,1,1,Unknown,24.0,Mumbai,MP,1,0,0,0,0,1,0,0,2.1,Samsung,Y21,Jio,English,Android,15,app,web,3,2,909.1,organic,activation,ag3,none,0
101714,Thu,1,Android,1,1,Female,22.0,Delhi,Karnataka,0,1,0,0,0,0,0,0,2.0,Apple,A12,Other,Bengali,Android,12,app,web,9,4,619.6,influencer,brand,none,crm,0
101715,Wed,12,Android,1,1,Male,22.0,Unknown,MP,0,0,0,1,0,0,0,0,1.2,Samsung,A12,Jio,Bengali,Android,12,app,play_store,3,5,737.3,organic,brand,ag3,organic,0
101716,Mon,10,iOS,0,1,Male,25.0,Unknown,MP,0,0,0,0,0,1,0,0,1.0,Samsung,Nord,BSNL,English,iOS,11,app,play_store,2,2,529.6,influencer,brand,ag3,organic,0
101717,Sat,21,Android,1,1,Male,21.0,Delhi,Unknown,0,1,0,0,0,0,1,0,1.1,Apple,Y21,BSNL,Marathi,Android,12,app,play_store,11,2,247.4,meta,remarketing,none,organic,0
101718,Wed,3,Android,1,1,Female,19.0,Mumbai,Maharashtra,1,0,0,0,1,0,0,0,2.1,OnePlus,Y21,Other,English,Android,14,app,play_store,5,4,275.7,influencer,generic,ag1,none,0
101719,Fri,21,Android,0,3,Male,22.0,Mumbai,Rajasthan,0,0,0,0,0,0,0,0,1.2,Apple,Reno,BSNL,Marathi,Android,13,app,play_store,7,3,340.8,google,brand,ag1,organic,0
101720,Wed,19,Android,1,1,Female,33.0,Bangalore,Rajasthan,1,0,0,0,1,0,0,1,2.1,OnePlus,Reno,Other,Marathi,Android,16,app,play_store,9,2,166.9,influencer,activation,ag2,paid,1
101721,Tue,19,Android,0,1,Female,30.0,Pune,MP,1,0,0,0,0,0,0,0,2.1,Oppo,iPhone 13,Other,Bengali,iOS,11,app,play_store,5,6,144.3,referral,generic,ag3,none,0
101722,Mon,14,Android,0,1,Unknown,34.0,Mumbai,Unknown,1,0,0,1,0,1,0,1,2.1,Apple,A12,Other,Bengali,Android,15,app,app_store,4,3,233.4,meta,generic,ag3,crm,0
101723,Tue,3,Android,0,1,Unknown,29.0,Delhi,Delhi,0,1,0,0,0,0,0,0,2.1,Samsung,iPhone 13,BSNL,Bengali,Android,16,app,play_store,11,2,451.7,google,remarketing,none,crm,0
101724,Tue,8,Android,0,1,Male,20.0,Unknown,Maharashtra,1,0,0,0,0,1,0,0,1.1,OnePlus,Y21,Vi,Marathi,iOS,11,app,app_store,6,2,374.2,referral,generic,ag1,crm,0
101725,Fri,6,Android,0,2,Female,34.0,Bangalore,MP,1,0,0,1,0,0,0,0,1.1,OnePlus,Nord,BSNL,Marathi,Android,11,app,play_store,5,3,248.7,influencer,generic,ag2,paid,0
101726,Mon,18,Android,1,1,Female,22.0,Indore,Delhi,1,0,0,0,0,0,0,0,1.1,Apple,Note 10,Other,Hindi,Android,15,app,play_store,6,5,294.3,referral,activation,ag2,paid,0
101727,Mon,18,Android,0,3,Female,35.0,Unknown,Karnataka,0,0,0,0,0,1,0,1,1.0,Oppo,Reno,Airtel,English,Android,15,app,app_store,9,6,1892.5,organic,remarketing,ag2,crm,1
101728,Mon,5,Android,0,1,Male,21.0,Bangalore,Unknown,0,1,0,0,0,0,0,0,1.1,Xiaomi,Note 10,BSNL,Bengali,Android,15,web,web,5,5,209.4,organic,none,ag3,crm,0
101729,Mon,5,Android,1,1,Male,25.0,Mumbai,Unknown,0,0,0,0,0,0,0,0,2.0,Vivo,A12,Airtel,Tamil,Android,13,app,app_store,9,2,309.1,referral,remarketing,ag2,paid,0
101730,Mon,19,Web,0,1,Male,27.0,Unknown,Maharashtra,1,1,0,0,0,0,0,0,1.1,OnePlus,Y21,BSNL,Tamil,Android,15,app,play_store,3,4,467.3,organic,remarketing,ag2,none,0
101731,Fri,14,Android,0,1,Male,35.0,Jaipur,Unknown,1,1,0,0,1,0,0,0,2.1,Samsung,iPhone 13,Other,Marathi,Android,15,app,play_store,7,1,219.8,meta,remarketing,none,organic,0
101732,Wed,14,iOS,0,1,Male,31.0,Mumbai,Rajasthan,0,1,0,0,0,0,0,0,2.1,Apple,Nord,BSNL,Hindi,iOS,17,app,play_store,6,3,255.5,meta,none,ag1,organic,1
101733,Tue,19,iOS,0,1,Male,30.0,Pune,Delhi,1,0,0,0,0,0,0,0,2.0,Xiaomi,Note 10,Jio,English,Android,12,web,web,12,5,329.8,meta,activation,none,organic,1
101734,Mon,8,iOS,0,1,Female,45.0,Bangalore,MP,1,0,0,0,1,0,0,0,1.2,Vivo,Note 10,Jio,Marathi,Android,11,app,web,7,1,280.3,google,generic,ag2,paid,0
101735,Sun,3,Android,1,2,Male,18.0,Mumbai,Delhi,0,0,0,0,0,0,0,1,2.1,Vivo,Note 10,Other,English,iOS,15,app,play_store,13,4,497.2,referral,activation,ag2,paid,0
101736,Wed,17,iOS,0,1,Female,22.0,Delhi,Rajasthan,0,0,0,0,0,1,0,0,2.1,OnePlus,Reno,Vi,Marathi,iOS,15,app,play_store,17,6,555.7,referral,activation,none,none,0
101737,Wed,17,iOS,1,1,Male,21.0,Delhi,Karnataka,0,0,0,1,0,0,0,0,1.1,Vivo,iPhone 13,Airtel,Bengali,Android,13,web,play_store,11,3,226.2,organic,brand,ag3,none,0
101738,Tue,4,Android,0,1,Female,18.0,Bangalore,Delhi,1,0,0,1,0,0,1,0,1.1,OnePlus,Reno,BSNL,Hindi,Android,15,app,play_store,4,4,321.7,organic,remarketing,ag2,organic,0
101739,Fri,19,Android,0,1,Unknown,24.0,Unknown,MP,0,1,0,0,0,1,0,0,2.1,Samsung,Reno,Other,Bengali,Android,13,app,play_store,9,4,192.9,organic,brand,ag3,organic,0
101740,Thu,22,Android,1,2,Female,36.0,Pune,Delhi,0,0,0,0,0,0,0,0,2.0,Vivo,Reno,Airtel,Bengali,Android,15,web,play_store,7,2,72.2,influencer,brand,ag1,organic,0
101741,Thu,10,Android,1,1,Female,25.0,Jaipur,Unknown,0,0,0,0,0,0,0,0,2.1,OnePlus,Reno,BSNL,Tamil,iOS,14,app,play_store,7,4,323.8,organic,remarketing,ag3,none,0
101742,Wed,4,Android,0,1,Male,27.0,Bangalore,Karnataka,0,0,0,0,0,0,0,0,1.1,Samsung,A12,BSNL,Tamil,Android,14,app,play_store,6,3,517.2,referral,brand,ag1,none,1
101743,Sat,21,Android,0,1,Female,18.0,Pune,Delhi,0,0,0,0,0,1,0,0,1.1,Samsung,A12,Vi,Tamil,iOS,12,web,web,10,1,212.1,influencer,activation,ag3,organic,0
101744,Sat,3,Android,0,4,Male,24.0,Delhi,Karnataka,0,0,0,0,0,0,0,0,1.1,Oppo,Reno,Airtel,Tamil,Android,17,app,play_store,9,5,112.3,influencer,none,none,organic,0
101745,Tue,11,Android,0,2,Male,26.0,Mumbai,Karnataka,0,0,0,0,0,0,0,0,2.0,Vivo,Nord,BSNL,Marathi,iOS,12,app,play_store,12,4,784.0,influencer,activation,ag1,paid,0
101746,Thu,1,Android,0,1,Male,35.0,Indore,Maharashtra,0,0,0,1,0,0,0,0,2.1,Apple,iPhone 13,Vi,Marathi,Android,13,app,play_store,13,5,592.8,organic,generic,ag2,paid,1
101747,Wed,12,Android,1,1,Female,18.0,Mumbai,Maharashtra,0,0,1,0,0,0,0,0,1.1,OnePlus,A12,Jio,Hindi,Android,14,app,app_store,11,3,637.6,meta,brand,none,organic,0
101748,Fri,9,iOS,0,1,Male,26.0,Delhi,MP,0,0,0,0,0,1,0,0,1.2,Xiaomi,Y21,Vi,Tamil,Android,17,app,app_store,8,4,260.2,meta,activation,ag1,crm,1
101749,Thu,8,Android,1,1,Female,39.0,Jaipur,MP,0,0,0,0,0,1,0,0,1.1,Samsung,iPhone 13,Airtel,Tamil,iOS,17,app,app_store,9,2,146.9,organic,activation,ag1,organic,0
101750,Wed,9,Android,0,1,Male,26.0,Unknown,MP,0,0,1,0,0,0,0,0,1.0,Samsung,Reno,Vi,Marathi,Android,13,app,play_store,10,3,761.2,meta,activation,ag2,organic,1
101751,Wed,6,Android,0,1,Female,18.0,Delhi,Karnataka,0,0,0,0,0,0,0,0,1.2,Oppo,Reno,Jio,English,Android,14,app,play_store,7,7,213.9,google,brand,ag3,paid,0
101752,Mon,3,Android,0,1,Female,40.0,Mumbai,Karnataka,0,0,0,0,0,0,0,0,1.1,Samsung,Note 10,Jio,Bengali,iOS,16,app,play_store,13,3,797.5,referral,activation,ag2,organic,0
101753,Fri,18,iOS,0,1,Male,36.0,Mumbai,Maharashtra,1,0,0,0,0,1,0,0,1.0,OnePlus,Note 10,Airtel,Hindi,Android,15,app,play_store,9,1,200.5,influencer,remarketing,ag1,none,0
101754,Mon,9,iOS,1,1,Male,37.0,Jaipur,Unknown,0,0,0,0,0,1,0,0,2.0,Samsung,iPhone 13,Other,Marathi,Android,12,app,web,5,2,289.4,google,generic,none,crm,0
101755,Tue,2,Android,0,1,Female,18.0,Jaipur,Karnataka,0,1,0,0,0,1,0,1,1.0,Apple,iPhone 13,Vi,Marathi,iOS,15,app,play_store,7,5,122.8,influencer,remarketing,ag1,organic,1
101756,Mon,20,Web,0,1,Male,42.0,Delhi,Maharashtra,1,0,1,0,1,0,0,0,2.1,Samsung,iPhone 13,Airtel,Bengali,Android,16,app,app_store,8,3,246.6,google,generic,ag2,organic,0
101757,Sun,18,Android,1,1,Male,24.0,Mumbai,Delhi,1,0,1,0,0,0,1,0,2.1,Xiaomi,Note 10,BSNL,Hindi,Android,16,app,app_store,7,2,489.6,google,none,ag2,none,0
101758,Mon,20,Android,0,1,Female,26.0,Unknown,MP,0,1,0,0,0,1,0,0,2.0,Xiaomi,Nord,Vi,Marathi,Android,17,app,play_store,11,5,372.8,organic,generic,none,paid,0
101759,Sun,1,Android,0,1,Male,24.0,Indore,MP,0,0,0,1,0,1,0,0,2.0,Apple,Reno,Jio,Tamil,Android,17,app,play_store,5,2,283.4,meta,generic,ag3,organic,0
101760,Thu,19,iOS,0,2,Male,38.0,Indore,Rajasthan,1,0,0,0,0,0,0,0,2.0,Oppo,A12,Vi,Tamil,iOS,13,app,app_store,10,5,449.0,influencer,brand,ag3,none,0
101761,Sat,9,Android,1,1,Male,29.0,Bangalore,Unknown,1,1,0,0,0,0,0,0,1.0,Apple,iPhone 13,Airtel,Marathi,Android,14,app,play_store,5,1,227.8,organic,activation,ag2,organic,1
101762,Wed,1,Android,1,1,Male,34.0,Indore,Maharashtra,0,0,0,0,0,1,0,1,1.0,Xiaomi,A12,Other,English,iOS,16,app,play_store,8,2,528.2,organic,remarketing,ag2,crm,1
101763,Sun,1,iOS,1,3,Male,31.0,Delhi,Rajasthan,0,1,0,0,0,1,0,0,2.0,Apple,Y21,Other,English,Android,13,app,app_store,6,1,782.1,organic,brand,ag2,paid,0
101764,Fri,23,Android,0,1,Male,29.0,Delhi,MP,0,0,0,0,0,0,0,0,1.0,Apple,A12,BSNL,English,Android,13,app,play_store,11,3,212.2,google,none,ag3,crm,0
101765,Mon,16,Android,1,4,Male,22.0,Bangalore,Rajasthan,0,0,0,0,0,0,0,0,2.1,Vivo,A12,Airtel,Tamil,iOS,14,app,play_store,11,5,369.2,google,remarketing,none,none,0
101766,Sun,15,iOS,0,1,Male,44.0,Unknown,Delhi,1,0,0,1,0,0,0,1,1.1,Vivo,Y21,Vi,Tamil,Android,12,app,play_store,1,3,525.3,meta,activation,ag2,paid,0
101767,Fri,15,Android,0,1,Unknown,18.0,Pune,Rajasthan,0,0,0,0,0,0,0,0,1.2,OnePlus,Y21,Jio,Bengali,Android,14,app,web,6,1,196.3,referral,none,none,paid,1
101768,Sat,13,Android,1,1,Female,33.0,Unknown,Delhi,0,0,0,0,0,0,0,0,2.0,Apple,Reno,Vi,English,Android,12,app,play_store,8,5,203.8,google,brand,none,paid,0
101769,Sat,6,Android,0,1,Female,33.0,Bangalore,MP,1,1,0,0,0,0,0,0,2.1,Samsung,iPhone 13,Vi,Bengali,Android,15,web,play_store,14,1,269.3,meta,remarketing,ag1,organic,0
101770,Mon,20,Android,0,1,Male,39.0,Pune,Karnataka,0,0,0,1,0,0,0,0,1.0,Apple,Reno,Jio,Marathi,Android,13,app,web,10,1,114.2,referral,none,ag1,none,0
101771,Tue,10,Android,0,1,Male,41.0,Pune,Maharashtra,0,1,0,0,0,0,0,0,1.2,Oppo,Y21,BSNL,Marathi,Android,17,app,play_store,9,3,256.3,referral,brand,ag3,crm,0
101772,Mon,23,Android,0,2,Female,29.0,Mumbai,Rajasthan,0,0,0,0,0,0,0,0,2.0,Apple,Y21,Other,Hindi,iOS,17,app,web,4,2,286.9,influencer,activation,ag1,none,0
101773,Thu,0,Android,1,1,Female,34.0,Jaipur,Unknown,0,1,0,0,0,0,0,0,1.0,Xiaomi,Note 10,Other,Hindi,Android,15,app,play_store,8,3,318.1,organic,activation,ag2,organic,1
101774,Sun,10,Android,0,1,Male,44.0,Indore,Delhi,1,0,0,0,0,0,0,0,1.0,Oppo,A12,Vi,Hindi,Android,17,app,app_store,10,4,231.5,organic,generic,ag2,crm,1
101775,Wed,22,iOS,0,1,Male,29.0,Unknown,Unknown,0,0,0,1,0,0,0,0,1.2,Xiaomi,Nord,Airtel,Hindi,Android,12,app,play_store,6,0,214.6,influencer,remarketing,ag1,crm,1
101776,Tue,20,Web,0,1,Male,21.0,Pune,MP,0,0,0,0,0,1,0,0,1.0,Oppo,Reno,Other,Tamil,Android,15,app,play_store,8,3,146.4,organic,activation,none,crm,0
101777,Mon,3,Android,1,1,Female,27.0,Mumbai,Unknown,0,0,0,0,0,0,0,0,1.2,Oppo,A12,BSNL,Bengali,iOS,11,app,play_store,8,2,93.5,influencer,none,ag1,organic,0
101778,Fri,6,Android,1,1,Male,20.0,Bangalore,Unknown,1,0,0,0,0,0,0,1,2.1,Xiaomi,Nord,BSNL,Tamil,Android,12,web,app_store,9,4,236.0,google,remarketing,ag2,none,0
101779,Tue,14,iOS,0,1,Female,33.0,Bangalore,MP,0,0,0,1,0,0,0,0,2.0,OnePlus,Y21,Jio,Marathi,iOS,17,app,app_store,11,9,1225.0,influencer,none,ag3,organic,0
101780,Sun,17,Android,1,1,Female,39.0,Unknown,Karnataka,0,0,0,0,0,0,0,0,1.0,Apple,Reno,Airtel,English,iOS,17,app,app_store,6,4,14.2,meta,activation,ag2,organic,0
101781,Tue,11,Android,1,1,Unknown,29.0,Unknown,Unknown,1,0,0,0,0,0,0,0,1.1,Oppo,Reno,Other,English,iOS,12,app,play_store,9,2,727.0,organic,none,ag2,organic,0
101782,Sun,16,iOS,0,1,Female,18.0,Pune,Unknown,1,0,0,1,0,1,0,0,1.2,Samsung,Note 10,Airtel,Bengali,Android,14,app,app_store,9,1,253.3,referral,none,ag2,paid,0
101783,Mon,0,iOS,0,1,Male,38.0,Unknown,Unknown,1,0,0,0,0,0,0,0,2.1,Xiaomi,Reno,Other,Bengali,iOS,16,app,play_store,4,4,78.2,influencer,remarketing,none,crm,0
101784,Sun,10,iOS,0,1,Female,18.0,Mumbai,MP,0,0,0,0,0,0,0,0,1.1,Xiaomi,A12,Jio,Marathi,Android,17,app,play_store,9,1,372.5,meta,activation,ag1,crm,1
101785,Tue,0,Android,1,1,Female,18.0,Delhi,Unknown,0,0,0,0,0,0,0,0,2.0,Apple,A12,Airtel,Tamil,Android,16,app,play_store,15,1,290.5,organic,activation,ag1,paid,0
101786,Fri,14,Android,0,1,Female,29.0,Unknown,MP,0,1,1,0,0,0,0,0,2.1,Apple,Nord,Airtel,English,Android,12,app,play_store,6,4,277.8,meta,remarketing,none,organic,0
101787,Sat,20,Android,0,1,Female,32.0,Jaipur,Karnataka,1,0,0,0,0,0,0,0,1.2,Oppo,Reno,Other,Tamil,Android,17,app,app_store,7,3,209.0,referral,generic,ag2,paid,0
101788,Tue,9,Android,0,1,Unknown,33.0,Jaipur,MP,1,1,0,1,0,0,0,0,2.1,Xiaomi,iPhone 13,Vi,Marathi,Android,15,app,play_store,7,5,278.8,google,remarketing,ag2,crm,0
101789,Sun,6,Android,1,1,Male,29.0,Indore,Unknown,1,1,0,0,0,0,0,0,2.1,Apple,Reno,Other,Tamil,Android,16,app,play_store,9,3,153.1,organic,brand,ag3,crm,0
101790,Sat,1,Android,0,1,Male,44.0,Pune,Delhi,1,0,0,0,0,0,0,0,2.1,Xiaomi,A12,Airtel,English,Android,13,app,app_store,6,2,407.4,referral,none,ag1,crm,1
101791,Sun,9,iOS,1,1,Female,31.0,Delhi,Unknown,0,1,0,0,0,1,0,1,2.0,Samsung,Y21,Jio,Marathi,Android,17,app,play_store,7,1,387.4,organic,generic,ag2,crm,0
101792,Fri,23,iOS,1,1,Male,38.0,Indore,Rajasthan,1,0,0,1,0,0,0,0,1.1,Xiaomi,Nord,Jio,Tamil,Android,13,app,app_store,8,5,73.6,google,none,none,none,0
101793,Sun,3,Android,0,2,Male,36.0,Delhi,Rajasthan,1,1,0,0,1,0,0,0,2.1,Oppo,A12,Vi,Tamil,Android,14,app,play_store,11,1,905.8,organic,remarketing,none,crm,1
101794,Mon,11,iOS,0,1,Male,20.0,Jaipur,Delhi,1,0,0,0,0,0,0,0,1.0,Samsung,iPhone 13,Vi,Tamil,Android,11,app,play_store,8,4,152.7,influencer,generic,ag1,none,0
101795,Wed,18,iOS,0,1,Female,29.0,Mumbai,Rajasthan,1,0,0,1,0,0,0,0,2.1,Samsung,A12,Airtel,Tamil,iOS,16,app,play_store,8,3,250.6,meta,remarketing,ag3,organic,0
101796,Tue,10,Android,1,1,Male,47.0,Unknown,Unknown,0,0,0,1,0,1,0,0,2.1,OnePlus,Reno,Vi,Bengali,Android,16,app,play_store,1,2,203.8,meta,activation,ag1,organic,0
101797,Wed,7,Android,0,2,Female,26.0,Pune,MP,0,1,0,0,0,1,0,0,2.0,Vivo,Nord,Jio,Marathi,iOS,15,app,play_store,7,3,337.8,organic,none,none,organic,0
101798,Sun,17,Android,0,1,Male,25.0,Delhi,Unknown,0,0,0,0,0,0,0,0,2.0,Apple,iPhone 13,Airtel,Marathi,Android,17,app,play_store,8,0,49.7,meta,generic,ag3,paid,0
101799,Fri,10,Android,0,1,Male,31.0,Delhi,Rajasthan,0,0,0,0,0,0,0,0,2.0,Samsung,Note 10,Vi,Tamil,Android,11,app,app_store,7,6,613.5,google,generic,ag1,organic,0
101800,Tue,10,Android,0,1,Male,26.0,Delhi,Rajasthan,0,0,0,0,0,1,0,0,2.0,OnePlus,A12,Jio,Tamil,Android,11,app,play_store,9,6,278.6,organic,activation,ag1,none,1
101801,Sun,12,Android,1,1,Male,24.0,Jaipur,MP,1,1,0,0,0,0,0,1,2.1,OnePlus,iPhone 13,Vi,Bengali,Android,12,web,play_store,4,2,320.5,organic,remarketing,ag2,none,1
101802,Sat,2,Android,1,1,Female,26.0,Pune,Rajasthan,1,0,1,0,1,0,0,0,2.1,OnePlus,Y21,Jio,English,Android,16,app,app_store,7,2,238.1,meta,activation,none,paid,0
101803,Thu,11,Android,1,1,Female,41.0,Mumbai,MP,1,0,0,0,0,0,0,0,1.2,Vivo,Nord,Airtel,Bengali,Android,13,app,play_store,5,3,330.2,meta,remarketing,ag1,crm,1
101804,Sun,2,iOS,0,1,Female,29.0,Mumbai,Karnataka,0,0,0,0,0,0,0,0,2.0,Oppo,iPhone 13,Jio,Tamil,Android,12,app,play_store,7,2,358.2,organic,brand,ag1,none,0
101805,Wed,9,Android,0,2,Male,19.0,Delhi,Unknown,0,0,0,1,0,1,0,0,1.2,Apple,Nord,BSNL,Tamil,Android,15,app,app_store,9,7,109.1,google,activation,ag3,crm,1
101806,Tue,16,iOS,1,1,Male,18.0,Mumbai,Karnataka,0,0,0,0,0,1,0,0,1.1,Xiaomi,Reno,Other,Tamil,Android,11,app,play_store,5,1,134.8,google,none,ag1,crm,0
101807,Wed,21,Android,0,1,Male,48.0,Indore,Rajasthan,0,1,0,0,0,1,0,0,2.0,Xiaomi,Reno,Jio,Tamil,Android,14,app,app_store,12,3,245.8,meta,activation,ag2,organic,1
101808,Tue,1,Android,1,1,Male,28.0,Mumbai,Karnataka,0,1,0,0,1,0,1,0,1.1,Xiaomi,Note 10,BSNL,Bengali,Android,14,app,play_store,7,5,616.7,influencer,remarketing,ag3,paid,0
101809,Sun,16,iOS,0,1,Male,33.0,Delhi,Rajasthan,1,0,0,1,0,0,0,0,1.0,Samsung,Nord,Vi,Tamil,Android,17,app,play_store,6,5,309.4,organic,brand,ag3,organic,0
101810,Mon,15,Android,0,2,Female,24.0,Indore,Karnataka,0,1,0,0,0,1,0,0,2.1,OnePlus,Note 10,Other,English,Android,11,app,app_store,8,6,140.0,organic,brand,ag2,none,0
101811,Sat,1,Android,1,1,Male,33.0,Pune,Rajasthan,0,1,0,0,0,0,0,0,2.1,Apple,Reno,Jio,Hindi,iOS,11,app,play_store,8,2,477.0,organic,none,ag1,none,0
101812,Sun,21,iOS,1,1,Male,42.0,Bangalore,Maharashtra,0,1,0,1,0,0,0,0,1.2,OnePlus,A12,Jio,English,iOS,11,app,play_store,7,1,948.7,google,none,ag2,paid,1
101813,Wed,19,Android,1,3,Unknown,25.0,Jaipur,Unknown,1,1,0,0,0,0,0,1,2.1,Oppo,A12,Airtel,Tamil,Android,14,app,web,8,2,40.3,influencer,remarketing,ag2,crm,0
101814,Thu,5,Android,0,1,Male,34.0,Mumbai,Delhi,1,0,0,0,0,0,0,0,1.1,Vivo,A12,Jio,Bengali,iOS,17,app,app_store,7,2,65.2,influencer,activation,ag1,organic,0
101815,Thu,9,Android,0,1,Unknown,19.0,Unknown,Unknown,1,0,0,0,0,1,0,1,2.1,Apple,Y21,Other,Tamil,Android,17,app,play_store,12,2,579.4,organic,brand,ag2,none,1
101816,Fri,9,iOS,0,1,Unknown,46.0,Indore,Karnataka,1,0,0,0,0,0,0,1,2.0,Vivo,A12,Vi,Bengali,Android,14,app,app_store,8,1,122.7,referral,brand,ag1,none,0
101817,Tue,7,Android,0,4,Male,32.0,Bangalore,MP,0,0,0,0,0,0,0,0,1.0,Vivo,Y21,Airtel,Hindi,Android,12,app,app_store,5,3,337.4,organic,remarketing,none,crm,0
101818,Wed,0,Android,1,2,Male,27.0,Pune,Delhi,1,1,1,1,0,0,0,0,1.2,Xiaomi,Y21,Other,Marathi,Android,14,app,app_store,12,3,254.2,organic,remarketing,none,crm,0
101819,Fri,12,Android,0,1,Female,28.0,Bangalore,Rajasthan,0,0,1,0,0,0,0,0,1.2,Samsung,Note 10,Jio,English,iOS,12,app,play_store,9,3,138.3,google,activation,ag3,paid,1
101820,Wed,23,Android,1,1,Male,26.0,Pune,Delhi,0,1,0,0,0,0,0,0,1.2,Samsung,A12,Other,Hindi,Android,15,app,app_store,6,8,390.1,google,none,none,crm,0
101821,Tue,8,iOS,0,2,Male,26.0,Delhi,MP,0,0,0,0,0,0,1,0,2.0,Oppo,Y21,Other,Tamil,iOS,11,app,play_store,6,1,755.9,referral,none,ag2,organic,0
101822,Sun,21,Android,1,1,Female,18.0,Delhi,MP,1,0,0,0,0,1,0,0,2.1,Oppo,Nord,Vi,Bengali,Android,16,app,play_store,10,0,305.3,referral,activation,ag1,paid,1
101823,Sun,9,Android,0,2,Male,29.0,Jaipur,Unknown,1,0,1,0,0,1,0,0,2.0,Xiaomi,Note 10,Jio,Bengali,iOS,15,app,play_store,7,7,537.6,influencer,generic,none,paid,0
101824,Thu,14,Android,0,1,Male,29.0,Jaipur,Rajasthan,0,0,0,0,1,0,0,0,1.1,OnePlus,A12,BSNL,Marathi,Android,16,app,play_store,5,3,1275.8,meta,generic,ag3,organic,0
101825,Sun,4,iOS,1,1,Female,34.0,Pune,Unknown,0,0,0,0,0,0,0,0,2.1,Vivo,Reno,Airtel,Hindi,Android,16,app,app_store,8,4,318.0,referral,remarketing,none,paid,1
101826,Sun,21,Android,0,1,Female,26.0,Bangalore,Karnataka,1,0,0,1,0,1,0,0,2.0,OnePlus,Y21,Vi,English,Android,17,app,play_store,7,1,102.2,meta,none,none,none,0
101827,Mon,15,iOS,1,1,Male,24.0,Jaipur,Karnataka,0,0,0,0,0,0,0,0,1.1,Xiaomi,Y21,Airtel,Bengali,Android,14,app,play_store,6,4,1394.2,google,generic,ag1,paid,1
101828,Thu,12,iOS,1,1,Male,30.0,Mumbai,Maharashtra,1,1,0,0,1,0,0,0,1.1,Samsung,Note 10,Jio,English,Android,16,app,play_store,11,9,232.2,referral,remarketing,ag2,none,0
101829,Fri,21,Android,1,4,Male,18.0,Bangalore,Unknown,0,0,0,0,0,1,0,0,2.0,OnePlus,Note 10,Airtel,Tamil,Android,13,app,play_store,9,3,431.4,referral,brand,ag1,organic,1
101830,Sat,19,Android,0,1,Male,31.0,Jaipur,MP,0,1,0,0,0,0,0,0,2.0,Samsung,Note 10,Other,Bengali,Android,13,app,play_store,6,1,691.2,referral,none,ag2,organic,0
101831,Mon,17,Android,0,2,Female,18.0,Bangalore,Maharashtra,0,0,0,0,0,0,0,0,1.0,Xiaomi,Reno,Other,Bengali,Android,14,web,play_store,2,3,134.5,meta,brand,ag3,crm,0
101832,Fri,10,iOS,0,1,Female,39.0,Unknown,MP,0,0,0,0,0,0,0,0,2.0,Apple,A12,Other,Hindi,Android,13,web,play_store,8,3,327.9,google,generic,none,organic,0
101833,Tue,8,Android,0,1,Female,35.0,Mumbai,Maharashtra,1,0,0,0,0,0,0,0,1.2,Samsung,Y21,BSNL,Marathi,iOS,17,app,play_store,10,6,316.5,meta,none,none,none,1
101834,Mon,15,Android,0,2,Male,23.0,Bangalore,Unknown,1,1,0,1,0,1,0,0,2.1,Oppo,Nord,Other,Tamil,iOS,17,app,play_store,5,3,497.7,organic,activation,none,crm,0
101835,Fri,1,iOS,0,1,Male,35.0,Bangalore,Karnataka,0,0,0,0,0,1,0,0,1.1,Apple,Reno,Other,Marathi,Android,16,app,app_store,8,4,255.9,influencer,none,ag2,organic,0
101836,Tue,1,Android,0,1,Male,31.0,Indore,MP,1,0,0,1,1,1,0,1,1.2,Xiaomi,Nord,Jio,Hindi,Android,15,app,app_store,10,4,207.4,meta,remarketing,ag2,crm,0
101837,Thu,11,Android,0,1,Male,22.0,Pune,Unknown,1,0,0,0,0,0,0,0,1.2,Apple,Nord,Other,English,Android,12,app,app_store,12,4,689.9,meta,activation,ag3,organic,0
101838,Sat,7,Android,0,1,Male,18.0,Delhi,Unknown,0,1,0,0,0,1,0,0,1.1,Vivo,Note 10,BSNL,Hindi,Android,13,app,play_store,11,3,735.2,referral,none,ag1,paid,0
101839,Tue,8,Android,0,1,Male,33.0,Jaipur,Karnataka,0,0,0,1,0,0,0,0,2.1,OnePlus,Note 10,BSNL,Hindi,Android,15,app,play_store,7,4,282.1,influencer,brand,none,organic,0
101840,Sun,11,iOS,0,1,Male,24.0,Unknown,Delhi,0,0,0,0,0,1,0,0,1.0,Apple,Reno,Vi,Hindi,Android,17,app,play_store,9,5,922.5,organic,remarketing,ag2,crm,0
101841,Wed,8,Android,1,4,Female,39.0,Jaipur,Karnataka,0,0,0,0,0,0,0,0,1.0,OnePlus,Reno,BSNL,Bengali,Android,12,app,app_store,9,2,207.8,influencer,generic,ag2,crm,1
101842,Tue,9,Android,0,1,Female,30.0,Jaipur,MP,0,0,0,0,1,0,0,0,1.2,Xiaomi,Note 10,Other,Tamil,Android,16,app,play_store,7,2,216.1,google,remarketing,none,paid,0
101843,Tue,1,iOS,0,1,Female,24.0,Pune,Delhi,1,0,0,0,0,0,0,0,1.2,Vivo,A12,Airtel,English,Android,17,app,play_store,3,3,295.3,google,remarketing,ag3,crm,0
101844,Sat,15,Android,0,1,Male,44.0,Bangalore,Maharashtra,0,0,1,0,0,0,0,0,2.0,OnePlus,Reno,Vi,Marathi,Android,13,web,play_store,10,3,321.6,influencer,activation,ag2,organic,0
101845,Wed,19,Web,1,1,Female,35.0,Mumbai,Rajasthan,0,0,1,0,0,0,0,0,1.0,Oppo,Reno,BSNL,English,Android,16,app,app_store,7,4,279.5,meta,remarketing,ag1,paid,0
101846,Sun,6,Web,0,1,Unknown,18.0,Mumbai,MP,0,0,0,0,0,0,0,0,1.0,Oppo,Y21,Vi,Bengali,Android,15,app,app_store,2,5,362.1,influencer,none,none,none,0
101847,Fri,1,Android,0,2,Male,26.0,Delhi,Rajasthan,0,0,0,0,0,0,0,0,2.1,OnePlus,Nord,Jio,Bengali,Android,13,app,app_store,10,3,69.5,meta,none,none,paid,0
101848,Fri,0,Android,1,1,Female,19.0,Delhi,Rajasthan,0,0,0,0,0,0,0,0,2.0,OnePlus,Y21,Other,Marathi,Android,16,app,play_store,5,6,61.1,influencer,none,ag2,organic,0
101849,Tue,18,Android,1,1,Female,24.0,Delhi,Delhi,0,1,0,1,0,0,0,0,1.1,Samsung,Nord,Other,Bengali,Android,17,app,play_store,5,6,980.0,influencer,generic,ag2,none,1
101850,Wed,3,Android,0,2,Male,29.0,Mumbai,Maharashtra,0,0,0,0,1,0,0,1,1.1,Apple,Y21,Vi,Marathi,Android,15,app,app_store,12,4,53.5,meta,generic,ag1,none,0
101851,Wed,23,Android,0,1,Male,33.0,Bangalore,Karnataka,0,0,0,0,0,0,0,1,2.1,OnePlus,Note 10,BSNL,Bengali,Android,15,app,play_store,7,6,247.5,influencer,remarketing,ag3,paid,0
101852,Sun,21,Android,0,2,Male,32.0,Delhi,Delhi,0,1,0,0,0,1,0,0,1.1,Xiaomi,A12,Airtel,Hindi,Android,14,web,play_store,10,4,452.1,google,brand,ag1,crm,0
101853,Sat,1,Android,0,1,Male,39.0,Delhi,Maharashtra,0,0,0,0,0,0,0,0,1.0,Oppo,Nord,BSNL,Bengali,Android,11,app,play_store,5,3,284.0,organic,remarketing,none,none,0
101854,Thu,13,iOS,1,1,Male,35.0,Unknown,Karnataka,0,0,0,0,0,0,0,0,1.2,OnePlus,iPhone 13,Vi,Marathi,iOS,17,app,play_store,7,1,526.7,influencer,brand,ag3,crm,0
101855,Fri,1,Android,0,3,Unknown,35.0,Mumbai,Karnataka,0,0,0,0,1,0,0,0,2.0,Oppo,Nord,BSNL,Marathi,iOS,14,app,play_store,1,1,105.9,meta,none,ag3,paid,0
101856,Sat,14,Android,1,1,Female,32.0,Jaipur,Maharashtra,0,0,0,0,0,0,0,0,1.1,Apple,Reno,Vi,Marathi,Android,16,app,play_store,7,2,144.3,google,generic,ag3,none,1
101857,Mon,11,Android,0,1,Male,40.0,Bangalore,Karnataka,0,0,0,0,0,0,0,0,1.1,Xiaomi,A12,Other,Tamil,iOS,14,app,web,16,3,280.4,google,activation,ag3,paid,0
101858,Fri,4,Web,1,2,Female,27.0,Delhi,MP,0,1,0,0,0,0,0,1,1.1,Xiaomi,Y21,Other,English,Android,13,app,play_store,5,3,132.5,influencer,brand,none,paid,0
101859,Sat,19,Android,0,1,Female,28.0,Bangalore,MP,0,0,0,0,0,0,1,0,1.1,Vivo,Nord,Other,English,Android,14,app,app_store,6,6,135.7,referral,remarketing,ag2,paid,0
101860,Fri,6,iOS,0,1,Male,18.0,Indore,Delhi,0,0,1,0,0,0,0,0,1.2,OnePlus,Y21,Vi,Hindi,Android,14,app,play_store,8,7,605.0,google,none,ag1,organic,0
101861,Thu,23,Android,0,1,Male,38.0,Jaipur,Karnataka,1,1,1,0,0,0,0,1,1.2,Oppo,Note 10,Other,Marathi,Android,17,app,play_store,6,3,132.8,meta,brand,none,organic,0
101862,Mon,20,Android,0,2,Unknown,29.0,Jaipur,Karnataka,0,0,0,0,0,0,0,0,2.1,OnePlus,A12,Jio,Tamil,Android,13,app,play_store,8,5,362.9,google,brand,ag2,paid,0
101863,Thu,9,Android,0,1,Female,53.0,Delhi,Maharashtra,0,0,1,0,0,0,0,0,1.0,Apple,A12,Airtel,Tamil,iOS,15,web,app_store,12,2,382.8,referral,remarketing,ag2,paid,0
101864,Sun,13,Android,1,1,Male,27.0,Delhi,MP,0,0,0,0,0,0,0,1,1.1,Oppo,Nord,Vi,Tamil,Android,11,app,app_store,10,0,497.1,meta,activation,ag1,crm,1
101865,Mon,13,Android,0,1,Male,31.0,Unknown,Rajasthan,1,1,0,0,0,0,0,0,2.1,Apple,Y21,Other,Marathi,Android,13,app,play_store,8,3,132.2,referral,activation,ag2,organic,0
101866,Tue,4,Android,1,1,Male,34.0,Mumbai,Delhi,1,0,0,0,0,0,0,0,1.0,OnePlus,iPhone 13,Jio,Tamil,iOS,13,app,play_store,9,4,512.7,google,generic,none,organic,1
101867,Sat,17,Android,0,2,Male,21.0,Jaipur,Unknown,0,0,0,0,0,1,0,0,1.2,OnePlus,Y21,BSNL,Tamil,Android,17,web,play_store,8,2,269.4,referral,remarketing,ag2,none,0
101868,Mon,23,Web,0,2,Male,33.0,Unknown,MP,0,0,0,0,0,1,0,1,1.1,Samsung,Y21,Airtel,English,Android,16,web,web,5,3,584.0,organic,remarketing,ag3,organic,0
101869,Sun,13,Android,1,4,Female,30.0,Indore,Maharashtra,0,0,0,1,1,1,0,0,1.2,Apple,Reno,Airtel,Bengali,Android,17,app,play_store,10,5,452.5,influencer,generic,ag3,organic,0
101870,Sun,1,Web,0,1,Male,28.0,Indore,Delhi,0,0,0,0,0,0,0,0,1.1,Xiaomi,Y21,Other,Bengali,Android,15,app,play_store,3,6,421.9,influencer,generic,ag1,none,1
101871,Thu,11,Android,0,1,Male,39.0,Indore,Rajasthan,0,0,0,0,0,0,0,0,1.2,Samsung,Y21,Vi,Bengali,Android,11,app,play_store,11,3,939.4,organic,activation,ag1,paid,0
101872,Fri,21,Android,0,1,Male,23.0,Pune,Unknown,0,0,0,0,0,0,0,0,2.1,Apple,Y21,Vi,Marathi,Android,14,web,app_store,6,3,665.8,referral,none,none,crm,0
101873,Mon,23,Android,0,1,Male,32.0,Mumbai,Delhi,0,1,0,0,0,1,0,0,2.1,OnePlus,Reno,Jio,Hindi,Android,12,app,play_store,8,3,358.6,organic,brand,ag1,none,1
101874,Sat,5,Android,1,1,Female,42.0,Mumbai,MP,0,1,0,0,0,0,0,0,1.2,Oppo,Nord,Vi,Hindi,Android,16,app,play_store,9,2,85.1,meta,remarketing,ag3,crm,0
101875,Mon,3,Android,1,3,Male,24.0,Delhi,Rajasthan,0,1,0,1,0,0,0,1,1.2,Vivo,Nord,Other,English,iOS,14,app,app_store,9,8,352.1,organic,brand,none,organic,0
101876,Wed,12,Android,0,2,Female,28.0,Mumbai,Unknown,1,0,0,0,0,0,0,0,2.0,Oppo,iPhone 13,Airtel,Hindi,Android,16,app,app_store,6,2,162.3,google,activation,none,paid,0
101877,Fri,3,Android,1,3,Male,49.0,Delhi,Maharashtra,0,0,0,0,0,0,0,0,1.1,Samsung,Reno,Airtel,Hindi,Android,15,app,app_store,6,2,873.2,meta,none,ag3,paid,1
101878,Sat,21,iOS,0,2,Male,34.0,Unknown,Delhi,0,0,1,0,0,1,0,0,2.0,Samsung,A12,Airtel,Bengali,Android,11,app,play_store,9,4,175.3,organic,brand,ag1,none,0
101879,Sat,13,Android,0,2,Female,26.0,Delhi,MP,0,0,0,0,0,0,0,0,1.2,Samsung,A12,Other,Bengali,Android,13,app,play_store,7,3,415.8,organic,remarketing,none,crm,0
101880,Tue,15,iOS,1,1,Male,36.0,Pune,Maharashtra,0,0,0,0,0,0,0,0,2.1,Apple,iPhone 13,BSNL,Marathi,Android,17,app,play_store,9,2,129.5,organic,brand,none,crm,0
101881,Thu,3,Android,0,2,Female,25.0,Unknown,Rajasthan,1,0,0,0,0,0,0,0,1.1,Xiaomi,Reno,Other,Hindi,Android,11,app,play_store,7,3,81.7,referral,generic,ag1,none,1
101882,Tue,23,Android,1,1,Male,18.0,Mumbai,Delhi,0,0,0,1,0,0,0,1,2.1,Samsung,Reno,Airtel,Marathi,Android,16,app,app_store,9,2,599.1,google,brand,none,paid,1
101883,Sat,0,Android,1,1,Female,41.0,Mumbai,Karnataka,0,0,0,0,0,0,0,0,1.2,Xiaomi,Y21,Airtel,Tamil,Android,15,app,play_store,10,4,436.6,organic,activation,ag1,organic,0
101884,Fri,12,Android,1,1,Female,21.0,Pune,MP,0,0,1,0,0,0,0,0,2.0,Samsung,Note 10,Vi,English,Android,11,app,play_store,10,0,261.9,referral,generic,ag1,organic,0
101885,Mon,3,Android,1,1,Female,50.0,Pune,MP,0,0,0,1,0,1,0,0,1.1,Vivo,Nord,Airtel,English,Android,16,app,play_store,2,3,44.6,influencer,remarketing,ag3,crm,0
101886,Mon,19,Android,0,1,Female,26.0,Unknown,Karnataka,0,1,0,1,0,0,0,0,2.0,Oppo,iPhone 13,Jio,Tamil,Android,15,app,app_store,9,1,938.2,google,activation,ag2,paid,0
101887,Fri,17,Android,0,1,Female,47.0,Unknown,Maharashtra,0,0,0,0,0,0,0,0,1.1,OnePlus,A12,Other,English,Android,11,app,play_store,10,5,346.8,referral,activation,none,paid,0
101888,Sat,5,Android,0,1,Unknown,19.0,Mumbai,MP,0,1,0,0,0,1,0,0,2.1,Apple,Y21,Vi,Hindi,Android,16,app,play_store,5,12,29.4,google,brand,ag1,crm,0
101889,Sun,2,Android,1,3,Male,38.0,Mumbai,Maharashtra,0,1,0,0,0,0,0,0,1.0,Vivo,Y21,Vi,Marathi,Android,11,app,play_store,9,4,453.9,referral,brand,ag2,organic,0
101890,Mon,22,Android,0,2,Female,34.0,Unknown,Rajasthan,0,0,0,0,0,0,0,0,1.1,Vivo,Reno,BSNL,Hindi,Android,17,app,play_store,5,5,487.0,meta,none,ag2,organic,0
101891,Sun,12,Android,0,1,Male,37.0,Delhi,Karnataka,0,1,0,0,0,0,0,0,1.2,Xiaomi,Y21,BSNL,English,Android,11,app,play_store,10,6,848.1,organic,brand,none,paid,0
101892,Mon,15,Web,0,1,Male,38.0,Bangalore,Maharashtra,1,0,0,1,0,0,0,1,1.1,Vivo,Note 10,Airtel,Hindi,Android,16,app,app_store,6,6,337.4,google,brand,ag2,crm,0
101893,Mon,4,iOS,1,1,Male,26.0,Jaipur,Rajasthan,0,0,0,0,1,0,0,0,1.2,Apple,iPhone 13,Jio,English,Android,12,web,play_store,13,2,240.7,meta,remarketing,none,crm,1
101894,Thu,3,Android,1,1,Female,20.0,Delhi,Delhi,0,1,0,0,0,0,0,0,1.0,Samsung,Nord,Jio,Marathi,Android,13,app,app_store,10,3,78.8,organic,generic,ag2,paid,0
101895,Thu,20,iOS,0,1,Male,30.0,Indore,MP,1,0,0,0,0,0,0,0,1.0,Oppo,Nord,Vi,English,Android,16,app,play_store,7,0,408.6,meta,generic,none,paid,0
101896,Wed,7,iOS,0,4,Female,32.0,Indore,Karnataka,0,0,0,0,0,0,0,0,2.1,Apple,Nord,Other,Tamil,Android,12,app,play_store,6,4,177.2,influencer,activation,none,none,0
101897,Tue,18,Android,0,1,Male,26.0,Bangalore,Delhi,0,0,0,1,0,0,0,0,2.1,Oppo,Y21,BSNL,English,Android,11,app,play_store,7,5,459.1,meta,brand,ag3,organic,0
101898,Fri,13,Android,0,1,Male,32.0,Jaipur,Delhi,0,0,0,0,1,0,0,0,1.0,Vivo,A12,Vi,Tamil,iOS,13,app,app_store,7,8,488.8,referral,generic,none,crm,0
101899,Fri,6,Web,0,1,Unknown,33.0,Pune,Delhi,0,1,0,0,0,0,0,1,1.1,Apple,Y21,BSNL,Marathi,Android,14,app,play_store,10,4,24.4,meta,activation,none,paid,0
101900,Fri,13,Android,1,1,Male,23.0,Indore,Maharashtra,0,0,0,0,0,0,0,0,1.1,Xiaomi,Y21,BSNL,English,Android,11,app,play_store,6,3,515.0,referral,generic,none,paid,0
101901,Wed,5,iOS,1,1,Male,33.0,Pune,MP,0,0,0,1,0,1,0,1,2.1,Oppo,Reno,Jio,Marathi,Android,11,app,play_store,7,5,97.1,organic,brand,ag2,organic,0
101902,Thu,11,Android,0,1,Male,28.0,Pune,Karnataka,0,1,0,0,0,0,0,1,1.1,Xiaomi,Reno,Vi,Bengali,Android,13,app,play_store,3,3,321.1,google,generic,none,paid,0
101903,Sat,15,Android,0,4,Female,24.0,Delhi,Unknown,0,0,0,1,0,0,0,0,1.1,OnePlus,Note 10,Jio,Bengali,iOS,14,web,play_store,5,0,237.0,meta,remarketing,none,crm,0
101904,Sun,16,Android,0,1,Male,36.0,Pune,Unknown,1,1,0,0,0,0,0,0,1.1,Oppo,Y21,Jio,English,Android,16,app,play_store,8,1,910.3,google,activation,ag3,crm,1
101905,Sun,12,Android,0,1,Male,24.0,Bangalore,MP,0,1,0,0,0,0,0,0,1.1,OnePlus,Y21,Vi,Bengali,Android,17,app,web,7,2,211.2,google,generic,ag2,organic,0
101906,Sat,22,iOS,0,1,Female,26.0,Delhi,MP,1,1,0,0,1,1,0,0,1.2,Vivo,Note 10,Other,Hindi,iOS,16,app,app_store,10,3,554.5,organic,generic,ag1,crm,0
101907,Wed,13,Web,0,1,Male,31.0,Bangalore,MP,1,0,0,0,0,0,1,0,2.1,Oppo,Y21,BSNL,Hindi,Android,16,app,play_store,8,4,441.4,influencer,activation,ag1,organic,0
101908,Sat,6,Android,0,1,Female,41.0,Pune,Rajasthan,0,0,0,0,0,0,0,0,1.0,Samsung,iPhone 13,Jio,Tamil,iOS,11,app,app_store,9,3,92.9,organic,remarketing,ag1,none,0
101909,Fri,13,Android,1,1,Male,32.0,Indore,Rajasthan,0,0,0,0,0,0,0,0,1.0,OnePlus,iPhone 13,Other,Bengali,Android,11,app,play_store,6,1,475.1,influencer,none,none,crm,0
101910,Tue,14,iOS,1,1,Male,34.0,Jaipur,Rajasthan,0,0,0,1,0,0,0,1,1.2,Samsung,iPhone 13,Airtel,Tamil,iOS,15,app,app_store,4,2,577.8,google,activation,ag1,crm,0
101911,Mon,11,Android,0,1,Female,28.0,Pune,Rajasthan,0,0,0,0,0,0,0,0,2.1,Oppo,Note 10,Vi,Bengali,Android,12,app,play_store,4,2,265.7,referral,activation,ag1,none,0
101912,Sun,16,Android,0,1,Female,29.0,Bangalore,MP,1,0,0,0,0,1,0,0,1.2,Oppo,Reno,Airtel,Hindi,Android,13,app,app_store,8,6,162.9,organic,generic,ag2,organic,0
101913,Thu,8,Android,1,1,Female,30.0,Mumbai,MP,0,0,0,1,0,0,1,0,2.1,Vivo,Nord,Airtel,Bengali,Android,17,web,play_store,11,0,112.6,referral,remarketing,ag2,crm,0
101914,Thu,21,iOS,1,1,Female,32.0,Mumbai,Unknown,0,0,0,0,0,0,0,0,1.2,Samsung,iPhone 13,Vi,Hindi,Android,12,web,play_store,9,1,187.9,influencer,remarketing,ag1,organic,0
101915,Wed,14,iOS,0,1,Male,28.0,Indore,Karnataka,0,0,0,0,0,1,0,1,1.1,Xiaomi,A12,BSNL,Hindi,iOS,11,app,play_store,6,3,142.4,referral,activation,ag3,paid,1
101916,Thu,11,Android,0,1,Male,41.0,Unknown,Unknown,0,0,0,0,0,0,0,0,1.2,Apple,Reno,Other,Marathi,iOS,12,app,play_store,7,4,716.3,google,none,ag3,crm,0
101917,Fri,1,Android,0,1,Male,27.0,Jaipur,Unknown,0,1,0,0,0,0,0,0,1.2,Xiaomi,A12,Airtel,Hindi,Android,17,app,app_store,6,1,35.4,organic,none,ag1,none,0
101918,Sun,4,Web,0,1,Female,18.0,Bangalore,Karnataka,0,0,1,1,0,0,0,0,2.0,Apple,Y21,Airtel,Hindi,iOS,14,app,play_store,9,2,261.1,referral,activation,ag1,paid,0
101919,Sat,12,Android,0,1,Female,52.0,Indore,Karnataka,0,0,0,1,0,0,0,1,2.1,Apple,Reno,Other,Tamil,Android,11,app,play_store,11,3,104.3,referral,brand,ag2,crm,0
101920,Fri,19,Android,0,1,Unknown,27.0,Delhi,Unknown,0,0,0,1,0,0,0,0,1.1,Apple,Nord,Airtel,Bengali,Android,17,app,app_store,6,1,128.4,organic,generic,ag3,organic,0
101921,Wed,22,Android,0,1,Male,41.0,Pune,Unknown,0,0,0,1,0,0,0,0,1.2,Oppo,Y21,Vi,English,Android,13,app,play_store,11,5,424.1,referral,activation,ag1,crm,0
101922,Fri,7,iOS,0,1,Male,41.0,Unknown,Unknown,0,0,0,0,0,1,0,0,1.1,Samsung,Reno,Other,English,Android,15,app,play_store,7,3,456.3,google,remarketing,ag3,crm,1
101923,Sat,13,Android,0,3,Female,38.0,Delhi,Karnataka,0,0,0,0,0,0,0,0,2.1,Vivo,iPhone 13,Jio,Hindi,Android,11,web,play_store,4,5,403.8,google,activation,ag3,none,0
101924,Tue,14,Android,1,1,Female,28.0,Mumbai,Karnataka,0,1,0,0,0,0,0,0,1.0,Vivo,A12,Jio,Bengali,iOS,13,app,play_store,7,1,459.6,referral,activation,ag2,none,0
101925,Wed,10,Android,0,1,Female,32.0,Pune,Rajasthan,0,0,0,1,0,0,0,0,2.0,Vivo,Note 10,BSNL,Marathi,iOS,14,web,web,5,2,768.5,meta,brand,ag3,organic,1
101926,Tue,0,Android,1,2,Female,20.0,Delhi,MP,0,0,0,0,0,0,0,0,2.0,Samsung,Nord,Airtel,English,Android,15,app,app_store,5,3,674.7,influencer,brand,ag3,paid,0
101927,Mon,20,Android,0,4,Male,46.0,Mumbai,Karnataka,0,1,0,0,0,0,1,0,2.1,Oppo,Y21,Vi,Tamil,iOS,11,app,web,4,0,111.5,influencer,remarketing,ag1,paid,0
101928,Tue,2,Android,0,1,Male,23.0,Jaipur,Maharashtra,0,0,0,0,1,0,0,1,2.0,OnePlus,Reno,Other,Tamil,Android,16,web,web,7,1,84.3,influencer,brand,none,paid,0
101929,Mon,16,Android,0,1,Male,28.0,Delhi,Karnataka,0,0,0,0,0,0,0,1,1.0,OnePlus,A12,Airtel,Tamil,Android,12,app,web,6,5,199.2,organic,activation,ag1,paid,0
101930,Mon,18,Android,0,1,Male,31.0,Pune,Karnataka,0,1,0,0,0,0,0,0,1.1,Vivo,iPhone 13,Vi,Marathi,Android,12,web,play_store,10,6,98.1,referral,none,none,paid,0
101931,Tue,13,Android,0,1,Male,29.0,Delhi,MP,0,0,0,0,0,0,0,0,1.2,Oppo,iPhone 13,Vi,Marathi,iOS,11,web,play_store,6,4,822.8,google,activation,none,none,1
101932,Wed,21,Android,0,1,Male,25.0,Unknown,Unknown,0,0,0,0,0,1,0,0,2.1,Xiaomi,Nord,Jio,Marathi,Android,16,app,app_store,11,3,212.0,meta,activation,none,crm,0
101933,Sat,22,iOS,0,4,Male,41.0,Unknown,Rajasthan,0,1,1,0,0,0,0,0,2.1,Samsung,Y21,Jio,Bengali,Android,13,app,play_store,7,1,373.0,google,remarketing,ag2,none,0
101934,Fri,7,iOS,1,1,Female,38.0,Pune,Delhi,0,0,0,0,0,0,0,0,2.0,Xiaomi,iPhone 13,Vi,Bengali,Android,16,app,play_store,12,1,272.5,meta,activation,none,crm,1
101935,Fri,12,Android,0,1,Female,33.0,Delhi,Unknown,1,0,0,0,0,0,0,0,1.2,Samsung,A12,Airtel,Bengali,Android,14,app,play_store,7,1,216.0,organic,none,ag3,organic,0
101936,Sat,19,iOS,1,1,Female,27.0,Indore,Unknown,0,0,0,1,0,0,0,0,2.0,Oppo,Y21,Other,Marathi,Android,13,app,app_store,9,3,279.4,google,none,ag3,organic,0
101937,Sun,2,Android,0,1,Male,39.0,Jaipur,MP,0,0,0,0,0,0,0,0,2.0,OnePlus,A12,BSNL,English,Android,13,app,app_store,9,3,35.2,referral,none,ag1,none,0
101938,Sun,4,Web,0,1,Male,26.0,Delhi,Rajasthan,0,0,1,0,0,0,0,0,1.1,Oppo,iPhone 13,Airtel,English,iOS,12,app,app_store,6,7,87.7,referral,remarketing,ag3,none,0
101939,Mon,8,Android,0,1,Male,43.0,Delhi,Maharashtra,0,0,0,1,0,0,0,0,1.1,Xiaomi,A12,Vi,English,Android,16,app,play_store,6,4,170.5,referral,remarketing,ag3,crm,0
101940,Mon,5,Android,1,1,Unknown,31.0,Unknown,Delhi,0,1,0,0,0,1,0,0,2.0,OnePlus,iPhone 13,Other,Bengali,iOS,11,app,play_store,5,2,274.9,google,none,ag2,crm,1
101941,Wed,21,Android,1,1,Male,40.0,Unknown,Rajasthan,0,1,0,0,0,0,0,0,1.0,Samsung,Note 10,BSNL,Bengali,iOS,15,app,play_store,9,1,93.8,meta,none,ag2,none,0
101942,Thu,1,Android,1,2,Male,29.0,Indore,Unknown,0,0,0,0,0,0,0,0,2.1,OnePlus,Y21,Vi,English,iOS,12,app,app_store,9,6,127.4,meta,generic,ag2,organic,0
101943,Tue,12,Web,0,2,Female,31.0,Unknown,Rajasthan,1,0,0,0,0,1,0,0,1.0,OnePlus,A12,Other,Marathi,iOS,17,app,play_store,7,3,960.2,meta,none,none,organic,0
101944,Mon,4,Android,1,1,Male,40.0,Mumbai,MP,0,0,0,0,0,0,0,0,2.1,Vivo,Y21,Other,English,iOS,12,app,app_store,3,3,619.3,influencer,brand,ag3,none,0
101945,Fri,7,Android,0,2,Female,48.0,Pune,Rajasthan,1,1,0,0,0,1,0,0,1.2,Vivo,A12,BSNL,English,Android,11,app,play_store,3,9,328.8,influencer,brand,ag2,crm,1
101946,Wed,22,Android,1,1,Male,42.0,Bangalore,Karnataka,1,0,1,0,0,0,0,0,1.2,Apple,iPhone 13,Vi,Hindi,iOS,15,app,play_store,8,2,884.9,influencer,brand,ag2,none,1
101947,Tue,0,Android,0,1,Male,37.0,Mumbai,Rajasthan,1,0,0,1,0,0,0,0,1.0,OnePlus,iPhone 13,Jio,Bengali,iOS,17,app,play_store,6,3,896.5,google,none,ag2,crm,0
101948,Wed,19,Android,0,1,Male,35.0,Pune,Delhi,1,0,0,0,0,0,0,1,2.0,Xiaomi,Note 10,Airtel,Hindi,Android,15,web,play_store,7,2,478.5,meta,activation,ag3,paid,0
101949,Tue,11,Android,0,1,Female,26.0,Delhi,Rajasthan,0,0,0,1,0,0,0,0,2.0,Oppo,A12,BSNL,Hindi,Android,16,app,app_store,5,4,164.1,referral,remarketing,ag1,paid,0
101950,Tue,22,Web,0,1,Female,32.0,Mumbai,Maharashtra,0,0,0,0,0,0,0,1,1.2,OnePlus,Note 10,Airtel,Tamil,iOS,13,app,app_store,6,4,211.5,organic,activation,ag3,paid,0
101951,Sat,10,Android,1,1,Female,23.0,Delhi,Karnataka,0,0,0,0,0,0,0,1,2.0,Xiaomi,A12,BSNL,Hindi,Android,12,app,web,8,0,742.0,organic,brand,ag2,none,1
101952,Mon,6,Android,1,1,Male,33.0,Mumbai,Delhi,0,0,0,0,0,0,0,1,1.1,Vivo,Note 10,Jio,Marathi,Android,17,web,play_store,6,4,292.6,organic,generic,ag2,paid,0
101953,Wed,14,iOS,0,1,Male,34.0,Mumbai,Delhi,0,0,0,1,0,1,1,1,1.2,OnePlus,Y21,Airtel,English,iOS,13,app,play_store,6,3,34.7,google,activation,none,organic,0
101954,Wed,21,Android,1,1,Unknown,18.0,Bangalore,Unknown,1,1,0,0,0,0,0,0,2.1,Apple,Reno,Other,Tamil,Android,16,app,app_store,4,4,182.2,influencer,brand,ag2,crm,0
101955,Sat,23,Android,1,1,Female,30.0,Indore,MP,0,0,0,0,1,0,0,1,2.1,Samsung,iPhone 13,Other,Marathi,Android,15,app,play_store,10,0,434.2,influencer,none,ag1,crm,1
101956,Fri,10,Android,0,1,Female,33.0,Mumbai,MP,0,0,1,0,0,0,1,0,2.0,Vivo,A12,Airtel,Tamil,iOS,11,app,play_store,13,4,392.1,influencer,generic,ag2,organic,0
101957,Fri,21,iOS,0,2,Male,29.0,Unknown,Karnataka,0,0,0,0,0,1,0,0,2.1,Vivo,Nord,Vi,Tamil,iOS,13,app,play_store,6,3,290.6,organic,brand,ag3,paid,1
101958,Sun,15,Android,0,1,Male,33.0,Delhi,Delhi,0,0,0,0,1,1,0,1,2.1,Xiaomi,Nord,Other,Tamil,iOS,17,web,play_store,7,6,568.5,influencer,brand,ag1,paid,0
101959,Mon,2,Web,0,1,Male,19.0,Bangalore,Unknown,0,0,0,0,0,0,1,0,1.0,Samsung,iPhone 13,BSNL,Hindi,iOS,11,app,play_store,10,4,331.8,influencer,none,none,paid,1
101960,Mon,19,iOS,0,1,Female,24.0,Mumbai,Maharashtra,0,0,0,0,0,0,0,1,1.0,Vivo,Nord,Vi,Marathi,Android,13,app,play_store,6,3,197.5,organic,brand,ag2,crm,0
101961,Thu,13,Android,0,1,Female,38.0,Unknown,Rajasthan,1,1,0,0,0,1,0,0,2.1,Apple,Nord,BSNL,Tamil,iOS,11,app,play_store,6,5,332.9,google,remarketing,ag1,none,0
101962,Sat,2,Android,0,1,Male,30.0,Indore,Rajasthan,0,0,0,0,0,0,1,0,1.2,Oppo,Nord,Jio,Tamil,Android,11,app,app_store,7,6,1155.8,organic,brand,none,crm,0
101963,Fri,0,Android,0,1,Male,33.0,Delhi,Rajasthan,0,0,0,1,0,0,0,0,2.1,Vivo,Note 10,Other,English,Android,12,app,play_store,11,2,448.7,influencer,none,ag3,crm,0
101964,Tue,20,Android,1,1,Male,26.0,Bangalore,MP,0,0,0,0,0,0,0,0,1.1,OnePlus,Note 10,Jio,Hindi,Android,16,app,play_store,5,2,463.6,influencer,brand,ag2,organic,0
101965,Wed,14,iOS,0,1,Male,30.0,Pune,Delhi,1,0,0,0,0,0,0,0,1.2,Xiaomi,A12,Vi,Bengali,Android,11,app,play_store,12,0,873.5,google,brand,ag3,none,0
101966,Mon,0,Web,0,1,Unknown,18.0,Jaipur,Delhi,0,0,0,0,0,0,0,0,1.1,Vivo,Reno,BSNL,Marathi,Android,15,app,play_store,8,1,313.3,influencer,generic,ag1,paid,1
101967,Wed,16,Android,0,1,Male,37.0,Indore,Maharashtra,0,1,0,0,0,0,0,1,1.1,Xiaomi,Note 10,Other,English,Android,16,app,play_store,4,0,536.8,organic,activation,ag2,paid,1
101968,Wed,1,Android,0,1,Female,44.0,Unknown,MP,1,0,0,0,0,0,0,0,2.0,Samsung,Y21,Airtel,Bengali,Android,11,app,play_store,7,2,378.9,influencer,generic,ag2,crm,1
101969,Thu,19,Android,0,1,Female,21.0,Pune,Maharashtra,0,1,0,0,0,0,0,0,1.0,Vivo,A12,Jio,Bengali,Android,11,app,play_store,9,3,102.4,referral,generic,ag3,organic,1
101970,Fri,5,Android,0,1,Female,22.0,Pune,Delhi,0,0,0,0,0,0,0,0,2.0,Apple,Nord,Other,Marathi,Android,17,app,play_store,10,3,153.4,influencer,remarketing,ag1,crm,1
101971,Mon,7,Android,0,1,Unknown,34.0,Bangalore,Rajasthan,0,1,0,0,0,0,0,0,1.1,Vivo,Nord,Airtel,Marathi,Android,16,app,play_store,7,0,346.0,google,none,ag3,paid,0
101972,Wed,15,Android,0,4,Female,42.0,Bangalore,MP,0,1,0,0,0,0,0,1,2.0,Oppo,iPhone 13,Vi,Bengali,Android,14,app,app_store,6,0,117.4,meta,remarketing,ag1,paid,0
101973,Mon,18,Android,0,1,Female,30.0,Bangalore,MP,1,0,0,0,0,0,0,0,2.0,Apple,A12,Airtel,Hindi,Android,12,web,play_store,13,4,864.9,google,remarketing,ag2,organic,1
101974,Tue,0,Android,0,1,Male,20.0,Unknown,MP,0,0,0,0,0,0,0,0,1.2,Oppo,Nord,Vi,Marathi,Android,12,app,app_store,7,0,259.3,google,generic,ag1,crm,1
101975,Thu,2,Android,1,1,Female,28.0,Unknown,Unknown,1,0,0,0,0,0,0,1,2.0,Vivo,Note 10,Jio,Tamil,iOS,17,app,app_store,4,1,465.1,meta,brand,ag2,organic,0
101976,Tue,2,iOS,0,1,Female,22.0,Pune,Unknown,0,0,0,1,0,0,0,1,1.2,Apple,Nord,Airtel,Hindi,iOS,12,web,app_store,5,5,441.2,google,brand,ag2,crm,0
101977,Mon,4,iOS,0,3,Male,25.0,Jaipur,Rajasthan,0,0,0,0,0,0,0,0,2.0,Apple,Nord,BSNL,Marathi,iOS,12,app,play_store,10,1,254.9,influencer,activation,ag2,crm,0
101978,Sun,11,Android,0,1,Female,28.0,Delhi,Unknown,0,0,0,0,0,1,0,0,2.0,Oppo,iPhone 13,BSNL,Tamil,Android,12,app,app_store,8,8,264.7,meta,none,ag1,crm,0
101979,Mon,11,Android,1,1,Female,23.0,Bangalore,MP,0,1,0,0,1,0,0,0,1.1,Samsung,Nord,BSNL,Marathi,Android,14,web,play_store,6,5,224.4,meta,remarketing,ag2,paid,0
101980,Fri,19,Android,0,2,Female,24.0,Indore,Unknown,0,0,0,0,1,1,0,0,1.1,Oppo,Y21,Vi,Marathi,Android,11,web,play_store,4,3,494.0,google,remarketing,ag3,crm,1
101981,Wed,12,Android,1,3,Male,31.0,Bangalore,Unknown,0,0,0,0,0,0,0,1,2.1,Apple,Y21,Airtel,Hindi,Android,13,app,play_store,4,5,300.1,organic,activation,ag1,none,0
101982,Wed,19,Android,1,1,Female,32.0,Jaipur,Karnataka,0,0,0,0,0,0,0,0,2.1,Vivo,Nord,Other,Tamil,Android,11,app,play_store,10,6,453.4,google,brand,none,crm,1
101983,Tue,8,iOS,0,1,Male,19.0,Bangalore,MP,1,0,0,0,0,0,1,0,1.2,Vivo,Nord,Airtel,Bengali,iOS,12,web,app_store,5,2,554.2,referral,remarketing,ag1,none,0
101984,Thu,6,Android,0,1,Female,33.0,Jaipur,Unknown,0,1,0,0,0,1,0,0,1.1,Samsung,Y21,Airtel,English,Android,17,app,play_store,6,3,148.2,influencer,remarketing,ag3,crm,0
101985,Sun,3,Android,0,1,Male,27.0,Bangalore,Rajasthan,0,1,0,1,0,0,0,0,2.1,Vivo,Note 10,Jio,Bengali,Android,15,app,app_store,5,1,594.4,referral,activation,ag3,paid,0
101986,Sat,18,Android,0,2,Female,36.0,Pune,Unknown,0,0,0,0,0,0,0,1,2.0,Apple,A12,Other,Tamil,Android,14,app,app_store,5,7,222.7,influencer,remarketing,ag3,organic,0
101987,Wed,21,Android,0,1,Male,36.0,Jaipur,Unknown,1,0,0,0,0,0,0,0,1.1,Vivo,Y21,BSNL,English,Android,13,app,play_store,7,3,81.0,meta,brand,ag1,none,0
101988,Fri,18,Android,0,1,Male,26.0,Delhi,MP,0,0,0,1,0,0,0,0,2.0,Apple,iPhone 13,Vi,Hindi,Android,12,app,app_store,9,2,489.0,meta,generic,none,paid,0
101989,Tue,5,Web,0,1,Male,35.0,Bangalore,Unknown,0,0,0,0,0,0,0,0,2.0,Vivo,Y21,Other,English,Android,13,app,play_store,5,4,416.6,organic,brand,ag2,paid,0
101990,Tue,12,Android,0,1,Male,23.0,Pune,Karnataka,1,0,0,1,0,0,0,1,1.2,Samsung,A12,BSNL,Hindi,Android,14,app,web,8,2,883.4,referral,activation,ag1,paid,0
101991,Sat,10,Android,1,1,Female,41.0,Indore,Karnataka,1,0,0,0,0,0,0,0,1.1,Vivo,Y21,Vi,Hindi,iOS,16,app,play_store,4,3,319.9,meta,none,ag3,crm,0
101992,Fri,12,Android,0,1,Female,24.0,Delhi,Unknown,0,1,0,0,0,1,0,0,2.0,Xiaomi,Reno,Other,Bengali,Android,17,app,play_store,8,0,167.1,referral,generic,none,organic,0
101993,Thu,12,iOS,1,1,Male,33.0,Pune,MP,1,0,0,0,0,0,0,0,1.2,Xiaomi,A12,Vi,English,Android,12,app,play_store,5,2,472.7,meta,none,ag1,paid,0
101994,Fri,21,Android,1,1,Male,28.0,Jaipur,Delhi,0,0,0,0,0,0,0,0,1.0,Apple,Note 10,Vi,Hindi,Android,14,web,play_store,7,4,187.5,referral,none,ag1,none,0
101995,Thu,19,Android,1,3,Male,22.0,Mumbai,Delhi,1,1,0,0,0,1,0,0,1.0,OnePlus,Note 10,BSNL,English,Android,16,app,play_store,12,7,140.7,organic,remarketing,ag3,none,0
101996,Fri,14,iOS,1,1,Female,37.0,Indore,Maharashtra,0,0,0,0,0,0,0,0,2.0,Apple,Nord,Jio,Tamil,Android,17,app,play_store,12,3,750.2,referral,generic,ag3,paid,0
101997,Fri,20,Android,0,1,Male,25.0,Indore,Karnataka,0,0,0,0,0,0,0,0,2.0,Vivo,Note 10,BSNL,Bengali,Android,14,app,app_store,8,2,120.7,meta,remarketing,ag3,organic,0
101998,Mon,12,Android,0,1,Male,18.0,Mumbai,Delhi,1,0,0,1,0,0,0,0,1.0,Xiaomi,Y21,Other,Tamil,iOS,11,web,play_store,7,7,690.4,organic,generic,none,paid,1
101999,Tue,21,Android,0,1,Male,18.0,Pune,Maharashtra,0,0,0,0,0,0,0,0,2.1,Vivo,iPhone 13,BSNL,English,Android,16,web,play_store,9,4,99.8,meta,activation,none,none,0
102000,Fri,10,Android,0,1,Male,23.0,Pune,Delhi,0,0,0,0,0,0,0,0,1.2,Apple,Y21,BSNL,Marathi,Android,12,app,play_store,9,3,141.3,meta,brand,ag2,organic,0
102001,Sat,18,Android,1,1,Male,41.0,Unknown,MP,0,0,0,1,0,0,0,0,2.0,Oppo,Note 10,BSNL,English,Android,12,app,play_store,1,4,143.8,google,activation,ag2,crm,0
102002,Fri,7,Android,1,1,Male,40.0,Jaipur,Unknown,0,0,0,0,0,0,0,0,1.0,Xiaomi,iPhone 13,Other,Hindi,iOS,15,app,play_store,13,3,439.5,organic,none,ag3,crm,1
102003,Wed,19,Android,0,1,Female,24.0,Indore,Karnataka,0,1,1,0,0,0,0,1,1.0,Xiaomi,Note 10,Other,Bengali,Android,16,app,play_store,11,3,566.1,referral,activation,ag1,organic,0
102004,Tue,7,Android,0,1,Female,27.0,Unknown,Delhi,0,0,1,0,0,0,0,0,1.0,Oppo,A12,Vi,Marathi,Android,11,app,play_store,7,7,845.7,google,activation,none,none,0
102005,Wed,9,Android,0,1,Male,26.0,Pune,MP,1,0,0,0,0,1,0,0,1.0,OnePlus,Y21,Vi,English,iOS,12,app,web,12,2,35.9,meta,none,ag1,organic,0
102006,Tue,15,Android,0,2,Female,19.0,Mumbai,Maharashtra,0,0,0,1,0,1,0,0,1.0,OnePlus,iPhone 13,Other,Bengali,Android,17,app,play_store,5,2,605.6,influencer,generic,ag1,crm,0
102007,Wed,18,Android,0,1,Male,22.0,Unknown,MP,1,0,0,0,0,1,0,0,1.0,Oppo,Reno,Vi,Hindi,Android,17,app,play_store,6,4,706.5,influencer,generic,ag3,none,1
102008,Fri,22,iOS,0,4,Unknown,38.0,Pune,Maharashtra,0,0,0,0,0,0,0,0,2.0,Xiaomi,Nord,BSNL,English,Android,16,app,play_store,8,3,1206.6,referral,brand,ag2,paid,0
102009,Fri,10,Android,1,1,Male,34.0,Indore,Delhi,0,0,0,1,0,0,0,0,1.2,OnePlus,iPhone 13,Airtel,Tamil,Android,12,app,web,5,1,224.3,organic,remarketing,ag2,crm,0
102010,Mon,12,Android,0,1,Female,32.0,Pune,Unknown,0,0,0,0,0,0,0,0,1.0,Xiaomi,iPhone 13,Airtel,Marathi,Android,13,web,play_store,4,3,752.6,organic,remarketing,ag1,none,0
102011,Sat,8,Android,1,1,Female,19.0,Delhi,Rajasthan,1,1,0,0,0,0,0,0,1.0,Xiaomi,Reno,Vi,Bengali,Android,15,app,play_store,10,4,301.1,meta,generic,ag1,paid,0
102012,Wed,19,Android,0,1,Male,31.0,Mumbai,Unknown,0,0,0,0,0,0,0,0,1.0,Apple,Reno,Vi,English,iOS,14,app,app_store,3,2,694.0,meta,none,ag1,crm,0
102013,Thu,23,Android,1,1,Unknown,18.0,Mumbai,MP,0,0,0,0,0,0,0,0,1.0,Xiaomi,iPhone 13,Jio,Bengali,Android,15,app,app_store,8,3,215.5,referral,generic,ag3,crm,0
102014,Mon,18,Android,0,1,Male,37.0,Bangalore,Rajasthan,0,1,0,0,0,0,0,1,1.0,Samsung,Nord,BSNL,Marathi,Android,16,app,play_store,7,3,1285.5,referral,remarketing,none,none,1
102015,Wed,15,Android,1,1,Female,32.0,Pune,Karnataka,1,0,0,0,0,0,0,0,1.1,Xiaomi,iPhone 13,BSNL,Tamil,iOS,11,app,play_store,8,5,320.8,organic,none,ag2,organic,0
102016,Wed,6,Android,1,1,Male,19.0,Jaipur,Rajasthan,0,0,0,0,0,0,0,1,1.1,Oppo,Y21,Jio,English,Android,15,app,play_store,3,5,247.5,google,remarketing,ag3,organic,0
102017,Mon,18,iOS,0,1,Male,43.0,Mumbai,Unknown,0,1,0,0,0,0,0,0,1.0,Samsung,iPhone 13,Jio,Marathi,Android,16,app,app_store,13,5,835.9,google,activation,none,organic,0
102018,Fri,11,Android,0,1,Female,18.0,Pune,Karnataka,1,0,0,0,0,0,1,0,1.0,Oppo,Note 10,Airtel,Hindi,Android,16,app,play_store,16,5,178.5,google,none,none,paid,0
102019,Wed,14,Android,1,1,Male,34.0,Delhi,Delhi,0,0,0,0,0,0,0,0,2.1,Oppo,iPhone 13,BSNL,English,Android,15,app,play_store,8,6,394.5,organic,generic,ag3,paid,0
102020,Fri,22,Android,0,1,Male,34.0,Unknown,Delhi,1,0,0,0,0,1,0,0,2.1,Vivo,iPhone 13,BSNL,Hindi,Android,17,app,play_store,7,4,59.6,referral,remarketing,none,crm,1
102021,Mon,13,Android,0,1,Male,20.0,Indore,MP,1,0,0,0,1,1,0,0,1.2,Xiaomi,Nord,Other,Tamil,iOS,15,app,play_store,9,4,477.7,influencer,none,ag1,crm,0
102022,Fri,10,Android,0,1,Female,30.0,Indore,Rajasthan,0,0,0,0,0,0,0,0,1.1,Xiaomi,A12,BSNL,Tamil,iOS,13,app,play_store,12,0,91.3,referral,generic,ag1,paid,0
102023,Tue,9,Android,1,1,Male,18.0,Bangalore,Karnataka,0,0,0,0,0,1,0,1,2.0,Xiaomi,Nord,Airtel,English,Android,11,app,play_store,10,5,131.4,meta,remarketing,ag2,crm,1
102024,Thu,10,Android,1,1,Male,18.0,Bangalore,Karnataka,0,0,0,0,0,0,0,0,1.2,Oppo,Nord,Airtel,Bengali,Android,14,app,play_store,10,1,114.0,google,none,ag1,paid,0
102025,Sun,5,iOS,0,1,Female,21.0,Jaipur,Rajasthan,1,0,0,1,0,0,0,0,1.2,OnePlus,iPhone 13,Jio,Bengali,Android,17,app,play_store,8,2,168.3,meta,remarketing,ag3,none,0
102026,Wed,1,iOS,0,1,Male,25.0,Mumbai,Unknown,0,1,0,0,0,0,0,1,1.0,Samsung,Reno,Airtel,Bengali,Android,16,app,play_store,7,5,341.2,influencer,none,ag3,organic,0
102027,Sat,10,Android,1,1,Male,35.0,Jaipur,Delhi,1,0,0,1,1,0,0,0,1.0,Xiaomi,A12,Airtel,Bengali,Android,11,app,play_store,5,3,109.8,organic,remarketing,ag3,none,0
102028,Thu,18,Android,1,2,Male,31.0,Mumbai,Unknown,0,0,0,0,0,0,0,0,2.0,Xiaomi,Nord,Other,Marathi,iOS,16,app,play_store,9,1,134.7,influencer,activation,none,crm,1
102029,Sun,5,iOS,1,2,Male,31.0,Mumbai,Delhi,0,1,0,0,0,0,0,0,2.1,OnePlus,Note 10,Airtel,English,Android,17,app,play_store,7,4,177.8,meta,remarketing,ag1,paid,0
102030,Fri,13,Android,0,1,Male,22.0,Delhi,Karnataka,0,0,0,0,0,0,0,1,1.0,Samsung,A12,Vi,Bengali,iOS,14,app,play_store,8,5,137.4,google,generic,ag2,organic,0
102031,Wed,19,Android,0,1,Unknown,26.0,Bangalore,MP,0,0,0,0,0,0,0,0,1.1,Samsung,Reno,Vi,Tamil,Android,16,app,play_store,6,2,283.3,influencer,none,ag3,none,0
102032,Fri,5,Android,0,1,Male,23.0,Bangalore,Delhi,0,0,0,0,0,0,0,1,2.0,Xiaomi,Nord,Jio,English,Android,16,app,play_store,14,3,865.9,meta,activation,ag2,crm,0
102033,Tue,16,Android,1,1,Male,20.0,Indore,Maharashtra,0,1,0,0,1,1,1,0,2.0,Vivo,iPhone 13,BSNL,Bengali,iOS,13,app,app_store,9,6,407.1,meta,generic,ag2,organic,0
102034,Mon,9,Android,0,1,Male,25.0,Bangalore,Karnataka,0,1,0,0,0,0,1,1,1.0,Xiaomi,Reno,BSNL,Hindi,iOS,17,app,web,6,2,45.4,influencer,generic,none,none,0
102035,Wed,0,Android,0,1,Male,31.0,Bangalore,Rajasthan,0,1,0,0,0,1,0,0,2.0,Xiaomi,Note 10,Other,English,Android,11,app,app_store,8,3,482.3,organic,activation,ag1,crm,0
102036,Sun,2,Android,0,1,Female,25.0,Delhi,Rajasthan,0,0,0,1,0,1,0,1,2.1,OnePlus,Reno,Airtel,Bengali,Android,17,app,app_store,12,4,258.1,influencer,brand,none,paid,0
102037,Sun,7,Android,0,1,Male,27.0,Jaipur,Unknown,0,0,0,0,0,0,0,0,1.0,Oppo,A12,Airtel,Marathi,Android,17,app,app_store,10,4,238.8,google,remarketing,ag1,organic,0
102038,Tue,7,iOS,1,1,Male,36.0,Mumbai,Unknown,0,0,0,0,0,0,0,0,2.1,Apple,Reno,Airtel,Hindi,Android,17,app,play_store,7,5,359.9,google,generic,ag3,paid,0
102039,Tue,19,Android,0,1,Male,26.0,Jaipur,Karnataka,0,1,0,1,0,0,0,0,2.1,Xiaomi,Note 10,Airtel,Hindi,Android,13,app,app_store,9,3,898.6,influencer,activation,none,organic,1
102040,Wed,21,Android,1,1,Female,19.0,Unknown,Unknown,1,0,1,0,0,0,0,0,1.1,Oppo,Y21,Airtel,Tamil,iOS,16,app,play_store,7,3,281.2,influencer,brand,none,none,0
102041,Fri,14,Android,1,1,Male,35.0,Unknown,Unknown,0,0,0,0,0,0,0,0,1.0,OnePlus,Nord,Vi,Bengali,Android,16,app,play_store,3,1,593.0,meta,activation,none,none,0
102042,Sat,23,Android,0,1,Male,32.0,Delhi,Karnataka,1,0,0,1,1,0,0,0,1.1,Apple,iPhone 13,Other,Bengali,Android,13,web,play_store,9,3,891.1,organic,activation,ag2,organic,1
102043,Sun,6,iOS,1,1,Female,33.0,Pune,Delhi,0,0,0,0,0,0,0,0,1.1,Oppo,Reno,Jio,English,Android,12,app,play_store,6,1,526.5,referral,brand,none,paid,0
102044,Sun,10,Android,1,1,Male,35.0,Indore,Karnataka,1,0,0,0,0,0,0,0,2.0,Oppo,Reno,Jio,Tamil,Android,15,app,play_store,6,3,224.6,google,generic,ag1,crm,1
102045,Tue,6,Android,1,1,Female,34.0,Indore,Karnataka,0,0,0,1,1,0,0,0,1.2,Vivo,Y21,Vi,Hindi,Android,14,web,play_store,6,2,605.2,referral,brand,none,none,0
102046,Thu,3,Android,0,1,Female,30.0,Indore,Unknown,0,0,0,0,0,0,0,0,1.0,OnePlus,iPhone 13,Airtel,Marathi,Android,12,app,play_store,10,4,411.7,organic,remarketing,ag3,paid,0
102047,Tue,11,Android,0,1,Male,49.0,Jaipur,Maharashtra,0,0,0,0,0,1,0,0,2.1,Samsung,Nord,Airtel,Bengali,Android,13,app,app_store,4,1,185.6,organic,generic,ag1,none,0
102048,Sat,5,Android,0,1,Male,20.0,Mumbai,Rajasthan,0,0,0,0,0,0,0,0,2.0,Samsung,Reno,BSNL,Hindi,Android,13,app,play_store,6,1,37.2,meta,remarketing,ag1,crm,0
102049,Fri,13,Android,1,1,Unknown,25.0,Mumbai,Unknown,0,0,0,0,0,0,0,0,1.1,Oppo,Y21,Jio,Bengali,Android,12,app,play_store,15,2,220.9,google,brand,ag1,paid,0
102050,Fri,11,Android,1,1,Female,38.0,Mumbai,Delhi,0,0,0,0,0,0,0,0,1.1,OnePlus,A12,BSNL,Bengali,Android,14,app,play_store,14,3,379.5,organic,generic,none,paid,0
102051,Thu,10,Android,1,1,Unknown,31.0,Indore,MP,0,0,0,0,0,0,0,0,1.0,OnePlus,Y21,Jio,Marathi,Android,15,app,play_store,9,3,486.5,organic,remarketing,ag1,paid,1
102052,Sun,18,Android,0,1,Male,36.0,Indore,Delhi,0,1,1,0,0,0,0,0,2.0,Samsung,Reno,BSNL,Marathi,iOS,11,app,play_store,8,3,130.4,referral,activation,ag2,crm,0
102053,Tue,20,Android,0,1,Male,31.0,Jaipur,Rajasthan,1,0,1,0,0,0,0,0,2.1,Xiaomi,Reno,Airtel,Marathi,Android,17,app,play_store,11,2,350.8,meta,activation,ag2,paid,1
102054,Fri,4,iOS,0,1,Unknown,41.0,Jaipur,MP,0,0,1,1,0,0,0,0,1.1,Vivo,A12,Airtel,English,Android,15,app,play_store,7,0,208.5,referral,remarketing,ag3,crm,0
102055,Sat,13,iOS,0,1,Male,22.0,Unknown,Karnataka,0,0,0,0,0,1,0,0,2.0,Vivo,A12,Airtel,Marathi,Android,17,app,app_store,10,3,109.6,google,activation,ag1,organic,0
102056,Wed,20,iOS,1,1,Unknown,41.0,Indore,Maharashtra,0,0,0,0,1,0,0,0,2.1,Samsung,iPhone 13,Other,Marathi,iOS,17,app,play_store,8,3,255.8,meta,remarketing,none,organic,0
102057,Mon,23,Web,0,1,Male,39.0,Pune,Maharashtra,0,0,0,0,0,0,0,0,2.0,Samsung,Note 10,BSNL,Marathi,Android,15,app,play_store,8,5,72.8,influencer,remarketing,ag1,paid,0
102058,Mon,15,Android,0,1,Unknown,20.0,Pune,Rajasthan,0,1,0,0,0,0,0,0,1.1,Vivo,Note 10,Other,Marathi,Android,17,app,play_store,10,4,816.8,meta,generic,ag2,crm,1
102059,Mon,12,Android,0,1,Male,35.0,Unknown,Unknown,0,0,0,0,0,1,0,0,1.1,Oppo,Reno,Other,Tamil,Android,12,app,play_store,4,2,168.7,referral,remarketing,ag1,paid,0
102060,Sun,21,Android,0,2,Male,30.0,Jaipur,Rajasthan,0,1,1,1,1,1,0,0,2.1,OnePlus,A12,BSNL,English,Android,12,app,app_store,6,1,1053.2,influencer,remarketing,ag2,organic,0
102061,Tue,21,iOS,0,1,Female,25.0,Indore,Maharashtra,0,1,0,0,0,0,0,0,2.0,Oppo,Nord,Airtel,Bengali,Android,12,app,play_store,8,4,256.6,meta,generic,ag2,none,0
102062,Thu,19,Android,0,1,Male,18.0,Mumbai,MP,0,0,0,0,0,0,0,0,1.1,Oppo,Note 10,Vi,English,Android,14,app,app_store,10,1,450.7,influencer,none,ag1,none,1
102063,Fri,21,Web,0,1,Male,22.0,Mumbai,MP,1,0,1,0,0,0,0,0,2.0,Xiaomi,Note 10,Jio,English,Android,16,app,app_store,7,2,75.7,organic,none,ag1,crm,0
102064,Wed,3,Android,0,1,Male,36.0,Pune,Unknown,1,0,1,0,1,0,0,0,1.0,Oppo,Nord,BSNL,English,Android,12,web,play_store,11,2,295.7,google,none,none,none,0
102065,Sat,10,iOS,0,1,Female,37.0,Pune,Delhi,0,0,0,0,0,0,0,0,2.1,Oppo,iPhone 13,Airtel,Marathi,Android,12,web,play_store,10,3,1220.9,influencer,brand,ag1,crm,0
102066,Wed,16,Android,1,1,Unknown,28.0,Indore,Karnataka,0,0,0,0,0,1,0,0,1.2,Samsung,A12,Other,English,iOS,12,app,play_store,9,2,97.9,meta,activation,none,none,1
102067,Sat,6,Android,0,1,Male,37.0,Indore,Unknown,0,0,0,0,0,0,0,0,2.1,Apple,Reno,Airtel,Tamil,Android,13,app,play_store,11,3,169.2,organic,brand,ag1,paid,1
102068,Sun,13,iOS,1,1,Male,38.0,Mumbai,MP,0,0,0,0,0,0,0,0,1.1,Oppo,Y21,BSNL,Bengali,iOS,14,app,web,8,6,107.1,referral,none,ag2,crm,1
102069,Tue,10,Android,1,3,Male,31.0,Jaipur,Karnataka,0,0,0,0,0,0,0,0,2.0,Oppo,Y21,BSNL,English,Android,17,app,app_store,10,3,843.7,organic,generic,ag3,crm,1
102070,Mon,21,iOS,0,1,Female,24.0,Bangalore,Rajasthan,0,0,0,0,0,0,1,0,2.1,OnePlus,A12,Jio,Bengali,Android,16,app,play_store,7,1,669.1,influencer,brand,ag2,paid,1
102071,Tue,8,Android,1,1,Male,34.0,Jaipur,MP,0,0,0,0,0,0,0,0,1.2,Apple,iPhone 13,Jio,Hindi,Android,11,app,play_store,9,4,208.1,google,remarketing,ag1,paid,0
102072,Sun,22,Android,0,1,Male,34.0,Unknown,MP,1,0,0,0,0,0,0,1,1.0,Oppo,Reno,BSNL,Hindi,Android,15,app,app_store,13,2,386.2,influencer,remarketing,ag2,none,1
102073,Thu,12,Android,1,1,Male,35.0,Mumbai,MP,1,1,0,0,0,0,0,0,1.1,Apple,Y21,Jio,English,Android,11,app,play_store,10,5,53.2,google,brand,ag1,crm,1
102074,Thu,22,Android,1,1,Female,37.0,Jaipur,Delhi,1,0,0,0,0,0,0,0,2.0,OnePlus,Reno,Other,Tamil,Android,14,app,play_store,9,4,50.6,referral,activation,ag1,organic,0
102075,Sun,17,Android,1,1,Female,19.0,Mumbai,Unknown,0,0,0,0,1,1,0,0,1.0,OnePlus,Reno,Airtel,Hindi,iOS,13,web,play_store,8,5,108.6,referral,activation,ag3,none,0
102076,Sat,10,Android,0,1,Male,26.0,Indore,Rajasthan,1,0,0,0,0,1,0,0,1.1,Apple,Note 10,Vi,Hindi,Android,15,app,play_store,6,5,445.0,google,generic,none,paid,0
102077,Fri,14,Android,0,1,Male,18.0,Bangalore,Maharashtra,0,1,0,0,0,0,0,1,2.1,OnePlus,iPhone 13,Airtel,Tamil,iOS,12,app,play_store,6,4,403.8,organic,generic,none,organic,1
102078,Fri,21,Android,0,1,Female,36.0,Bangalore,Delhi,0,1,0,0,0,0,0,0,2.1,Oppo,Nord,Airtel,Marathi,Android,14,app,play_store,6,1,2.8,influencer,generic,ag2,none,0
102079,Sat,18,Android,0,1,Female,28.0,Unknown,Delhi,1,1,0,0,0,1,0,0,1.2,Xiaomi,A12,BSNL,English,iOS,15,app,app_store,14,4,290.4,meta,remarketing,ag1,paid,0
102080,Thu,0,Android,1,1,Male,33.0,Indore,MP,1,0,0,0,0,0,0,1,1.0,Oppo,Y21,Vi,Hindi,Android,17,app,play_store,9,4,326.5,organic,remarketing,ag2,organic,0
102081,Thu,3,iOS,0,1,Male,18.0,Delhi,Delhi,1,0,0,0,0,0,0,0,2.1,Xiaomi,A12,Jio,Tamil,Android,15,app,play_store,10,0,179.3,google,none,none,crm,0
102082,Thu,13,Android,0,1,Male,41.0,Indore,Unknown,0,0,0,0,0,0,0,0,1.2,Oppo,Nord,Jio,Hindi,iOS,11,app,play_store,7,7,391.5,organic,brand,ag1,organic,0
102083,Tue,13,Android,1,1,Female,20.0,Pune,Unknown,0,0,0,0,0,0,0,0,2.0,OnePlus,Y21,Airtel,Bengali,iOS,16,app,play_store,7,2,597.0,organic,generic,ag2,organic,1
102084,Thu,2,Android,0,1,Female,36.0,Jaipur,Unknown,0,1,0,0,1,1,0,0,2.0,Xiaomi,A12,BSNL,Hindi,Android,15,app,play_store,12,5,280.4,referral,activation,ag3,organic,0
102085,Wed,16,Android,1,1,Male,31.0,Bangalore,Maharashtra,1,0,1,0,0,0,0,1,1.0,Oppo,Nord,Vi,Bengali,Android,16,app,play_store,6,2,881.1,organic,none,ag2,paid,1
102086,Mon,2,Android,1,4,Male,28.0,Unknown,Delhi,0,0,0,0,0,1,0,0,2.0,OnePlus,Note 10,BSNL,Marathi,iOS,17,app,play_store,13,5,267.1,google,generic,none,crm,0
102087,Thu,15,Web,0,1,Male,28.0,Indore,Unknown,0,1,0,1,0,0,0,0,2.1,Vivo,Nord,Vi,Tamil,Android,15,app,play_store,10,5,230.3,google,generic,ag2,crm,0
102088,Sat,13,iOS,0,1,Unknown,25.0,Mumbai,Delhi,0,0,1,0,1,0,0,0,2.0,Vivo,iPhone 13,Vi,Marathi,Android,17,app,app_store,3,4,279.8,organic,remarketing,ag3,paid,0
102089,Mon,19,Android,0,1,Male,40.0,Mumbai,MP,0,0,0,0,0,0,0,0,2.1,Apple,iPhone 13,Jio,Bengali,Android,17,app,app_store,8,1,298.7,referral,activation,none,crm,0
102090,Tue,12,Android,0,2,Unknown,30.0,Jaipur,Rajasthan,1,0,0,1,0,1,0,0,1.2,Samsung,Nord,Airtel,Hindi,Android,17,app,play_store,12,7,585.6,influencer,remarketing,ag3,crm,1
102091,Sat,14,iOS,1,1,Female,20.0,Mumbai,Unknown,0,0,0,0,0,0,0,0,2.1,Vivo,Reno,Jio,Marathi,iOS,16,app,play_store,5,4,625.1,organic,activation,ag3,crm,0
102092,Mon,13,Android,1,1,Male,27.0,Unknown,Maharashtra,0,0,0,0,0,0,0,0,2.1,Vivo,Reno,BSNL,Bengali,iOS,11,app,play_store,10,1,339.4,meta,brand,none,paid,0
102093,Sat,23,Android,0,4,Male,31.0,Indore,MP,1,1,0,1,0,0,0,1,1.0,Oppo,Note 10,Jio,Marathi,iOS,13,app,play_store,9,0,694.0,meta,none,ag2,crm,0
102094,Tue,18,Android,0,2,Unknown,37.0,Delhi,Delhi,0,0,0,0,0,0,0,0,2.0,Samsung,A12,Airtel,Bengali,Android,13,app,play_store,6,1,177.4,influencer,none,ag2,paid,0
102095,Wed,5,Android,0,1,Male,25.0,Unknown,Unknown,1,0,0,0,0,0,0,0,2.1,Oppo,A12,Other,Hindi,Android,15,app,play_store,7,5,478.1,referral,remarketing,ag2,none,0
102096,Tue,9,Web,0,3,Female,26.0,Pune,Maharashtra,1,0,1,0,0,1,0,0,1.0,Oppo,Note 10,Jio,Marathi,Android,17,app,play_store,7,1,817.1,referral,none,none,paid,1
102097,Tue,14,Android,0,1,Male,30.0,Mumbai,Karnataka,0,0,0,0,0,0,0,0,1.0,Apple,Y21,BSNL,Tamil,Android,16,app,app_store,6,2,488.3,referral,generic,ag3,none,0
102098,Sat,20,Android,0,1,Female,37.0,Indore,Unknown,0,0,0,0,0,1,0,0,1.0,Oppo,Nord,Airtel,Marathi,iOS,14,app,web,7,3,250.2,organic,generic,ag3,none,0
102099,Sun,21,Android,0,1,Female,19.0,Delhi,Unknown,0,0,0,0,0,0,0,0,1.1,Oppo,iPhone 13,BSNL,Bengali,Android,14,web,app_store,2,4,299.5,referral,remarketing,ag1,paid,0
102100,Fri,19,iOS,0,2,Unknown,34.0,Bangalore,Delhi,0,0,0,0,0,0,0,0,1.0,Apple,iPhone 13,Vi,English,iOS,17,app,play_store,9,6,70.1,organic,remarketing,ag3,crm,1
102101,Thu,5,iOS,0,1,Male,26.0,Unknown,Rajasthan,0,0,0,0,0,0,0,0,1.0,Oppo,iPhone 13,Airtel,Hindi,Android,15,app,app_store,5,7,255.3,google,generic,ag3,paid,0
102102,Thu,22,Android,1,1,Female,27.0,Unknown,Delhi,0,0,0,0,0,0,0,0,2.1,Samsung,Reno,Vi,Marathi,Android,15,app,app_store,8,6,193.7,referral,brand,ag3,paid,1
102103,Wed,9,Android,1,4,Male,46.0,Unknown,Rajasthan,0,0,0,0,0,0,0,0,1.0,Apple,Reno,Airtel,Bengali,Android,15,app,web,12,1,415.8,google,brand,ag1,none,0
102104,Wed,6,Android,0,1,Male,28.0,Unknown,Karnataka,0,0,0,0,1,0,0,0,1.0,OnePlus,A12,Other,Tamil,iOS,13,app,play_store,6,3,697.7,google,generic,ag3,crm,0
102105,Thu,21,iOS,0,1,Male,36.0,Bangalore,MP,0,0,0,0,0,0,0,0,1.1,Vivo,A12,Other,Hindi,Android,15,app,play_store,8,2,277.6,influencer,remarketing,ag1,none,0
102106,Fri,16,iOS,0,1,Male,36.0,Jaipur,MP,0,0,0,0,0,0,0,0,1.1,Oppo,Note 10,Airtel,Hindi,Android,17,app,play_store,10,2,299.5,referral,none,ag1,organic,0
102107,Thu,17,Android,0,1,Male,21.0,Pune,Unknown,0,0,0,0,0,0,1,0,1.0,Samsung,Y21,Vi,Tamil,Android,16,app,app_store,7,2,386.9,influencer,activation,ag2,none,0
102108,Sun,16,Android,0,1,Male,18.0,Indore,MP,0,0,0,0,0,0,0,0,1.0,Xiaomi,Reno,Vi,Tamil,iOS,14,app,play_store,8,3,285.4,organic,activation,none,organic,0
102109,Fri,8,Android,1,2,Unknown,37.0,Indore,Maharashtra,0,1,0,1,0,0,0,0,2.1,Apple,Nord,BSNL,Bengali,Android,17,app,play_store,7,3,654.2,google,brand,none,crm,1
102110,Wed,9,Android,0,1,Female,21.0,Mumbai,Rajasthan,1,0,0,0,0,0,0,1,2.1,Apple,iPhone 13,Airtel,Marathi,Android,12,app,web,8,1,175.3,meta,brand,ag1,none,0
102111,Mon,9,Android,0,1,Male,18.0,Delhi,Delhi,0,0,0,0,0,0,0,0,1.1,Oppo,Note 10,Vi,Hindi,iOS,11,app,play_store,8,3,347.7,organic,activation,ag1,organic,0
102112,Sat,6,Android,0,1,Unknown,38.0,Pune,Maharashtra,1,0,0,0,0,0,0,0,2.1,Oppo,Y21,Airtel,English,Android,12,app,play_store,7,8,861.1,influencer,brand,none,none,0
102113,Sun,15,Android,1,1,Male,22.0,Delhi,Maharashtra,0,0,0,0,0,0,0,1,2.0,Apple,A12,Other,Tamil,iOS,14,web,play_store,10,1,132.7,google,remarketing,ag1,organic,0
102114,Sun,17,Android,1,1,Male,24.0,Unknown,Delhi,0,0,0,1,0,0,0,1,1.2,Oppo,iPhone 13,Vi,Tamil,Android,17,web,app_store,6,4,492.3,meta,generic,ag1,organic,0
102115,Wed,5,Android,0,1,Female,46.0,Unknown,Karnataka,1,1,0,0,0,0,0,0,1.1,Oppo,Nord,Vi,Hindi,Android,14,app,play_store,6,5,355.8,referral,remarketing,ag1,organic,0
102116,Wed,19,Android,0,1,Male,18.0,Unknown,MP,0,1,0,0,0,0,0,1,1.1,OnePlus,Reno,Other,Tamil,iOS,16,app,play_store,9,5,188.4,meta,none,ag3,none,0
102117,Tue,0,Android,0,2,Female,20.0,Pune,Karnataka,0,0,1,0,0,0,0,0,2.1,Samsung,iPhone 13,BSNL,Tamil,Android,16,app,play_store,7,1,198.0,meta,activation,ag3,none,0
102118,Sun,0,Android,0,1,Male,26.0,Indore,Karnataka,0,0,0,0,0,1,0,0,1.2,Samsung,iPhone 13,Airtel,Marathi,Android,15,app,app_store,6,6,97.8,google,activation,none,organic,0
102119,Tue,11,Android,0,1,Male,28.0,Indore,MP,0,0,0,0,0,1,0,0,1.2,Samsung,Nord,Airtel,Bengali,iOS,12,app,play_store,13,3,733.0,organic,remarketing,ag2,crm,0
102120,Tue,20,Android,0,3,Male,23.0,Pune,Karnataka,0,0,0,0,0,1,0,0,1.0,Vivo,Reno,Airtel,Bengali,iOS,17,app,play_store,5,1,83.7,google,activation,ag1,paid,0
102121,Sat,1,Android,0,1,Unknown,21.0,Delhi,Maharashtra,0,0,0,0,0,0,0,0,1.1,Apple,Note 10,Airtel,Tamil,Android,12,app,app_store,11,4,93.7,referral,brand,ag3,paid,0
102122,Tue,3,iOS,0,1,Female,42.0,Jaipur,Unknown,0,1,0,0,1,0,1,0,1.0,Apple,Nord,Jio,English,iOS,13,app,play_store,4,1,898.3,influencer,generic,ag1,none,0
102123,Fri,16,iOS,0,4,Female,32.0,Bangalore,Delhi,1,0,0,0,0,0,0,1,2.1,Oppo,Reno,Other,Tamil,Android,13,app,play_store,9,2,594.7,referral,none,none,paid,1
102124,Thu,3,iOS,1,1,Female,35.0,Bangalore,Unknown,1,0,0,1,0,0,0,0,1.2,Oppo,Reno,BSNL,English,Android,16,app,play_store,9,3,269.4,meta,none,ag3,organic,0
102125,Mon,10,Android,0,1,Male,29.0,Unknown,Maharashtra,0,0,1,0,0,0,0,0,1.0,OnePlus,Nord,Other,English,iOS,17,app,play_store,9,0,469.9,google,none,ag1,crm,0
102126,Wed,21,Android,1,1,Female,32.0,Mumbai,Unknown,1,0,0,0,0,0,0,0,1.2,Apple,A12,Airtel,English,Android,13,app,play_store,5,1,138.6,organic,generic,none,paid,0
102127,Fri,3,Android,0,1,Male,37.0,Mumbai,Maharashtra,0,0,0,0,0,0,0,0,1.0,Oppo,Note 10,Jio,English,Android,12,app,play_store,7,5,293.8,referral,brand,ag1,paid,0
102128,Mon,0,Android,0,1,Male,22.0,Jaipur,Rajasthan,0,1,0,0,0,1,0,0,1.0,Samsung,Note 10,Jio,Hindi,iOS,15,web,play_store,14,5,128.7,referral,brand,none,none,0
102129,Sun,6,Android,0,1,Female,32.0,Delhi,MP,1,0,0,1,1,0,0,0,1.2,Xiaomi,Y21,Other,Tamil,iOS,17,web,play_store,9,0,642.1,referral,activation,ag3,organic,1
102130,Sun,17,Android,1,1,Male,36.0,Jaipur,MP,0,0,0,0,0,1,0,0,2.1,Vivo,Y21,Vi,Hindi,Android,11,app,play_store,8,4,290.3,organic,activation,ag2,crm,0
102131,Sun,8,iOS,0,1,Male,42.0,Indore,Unknown,0,1,0,0,0,1,0,1,2.0,Samsung,A12,BSNL,English,Android,12,app,play_store,9,2,43.0,influencer,remarketing,ag3,none,0
102132,Fri,2,Android,0,1,Female,46.0,Delhi,Maharashtra,0,1,0,0,0,0,0,1,2.0,Samsung,Reno,Jio,Marathi,Android,15,app,play_store,6,2,462.3,influencer,remarketing,ag1,none,0
102133,Fri,7,iOS,0,1,Female,31.0,Pune,MP,0,1,0,0,0,0,0,0,1.1,Oppo,A12,Airtel,Bengali,Android,11,app,app_store,5,4,464.7,google,remarketing,ag2,paid,0
102134,Wed,23,iOS,0,1,Female,39.0,Unknown,Rajasthan,0,0,0,0,0,0,1,0,2.0,OnePlus,Y21,Vi,Tamil,iOS,15,app,web,7,3,62.2,referral,generic,ag3,none,0
102135,Thu,18,Android,1,1,Male,18.0,Bangalore,Unknown,1,1,0,0,0,0,0,1,1.2,Vivo,Y21,BSNL,Tamil,iOS,17,app,play_store,7,4,219.4,meta,activation,none,paid,1
102136,Tue,3,iOS,0,1,Male,42.0,Mumbai,Delhi,0,1,0,0,0,0,0,0,1.1,OnePlus,Note 10,Airtel,Hindi,Android,15,app,play_store,10,2,310.4,referral,generic,ag3,crm,0
102137,Sun,17,Android,0,1,Female,24.0,Delhi,Karnataka,0,1,0,0,0,0,0,0,2.0,Xiaomi,Y21,Other,English,iOS,13,app,web,2,2,1218.0,google,remarketing,ag3,paid,1
102138,Sat,19,iOS,0,1,Female,28.0,Delhi,MP,0,1,0,0,0,0,0,0,2.0,Xiaomi,Nord,Jio,English,Android,17,app,play_store,3,1,435.5,referral,generic,ag3,paid,1
102139,Thu,10,Android,1,1,Male,34.0,Pune,Maharashtra,1,1,0,1,0,1,0,1,1.0,OnePlus,Reno,Other,Hindi,iOS,17,app,app_store,5,1,140.4,organic,remarketing,ag1,paid,1
102140,Sat,13,iOS,0,1,Unknown,29.0,Unknown,MP,0,0,0,0,1,0,0,0,1.0,Oppo,iPhone 13,Vi,Tamil,Android,17,app,play_store,6,5,278.5,referral,activation,ag2,none,0
102141,Wed,17,Android,1,4,Unknown,32.0,Unknown,Maharashtra,0,0,0,0,1,0,0,0,2.0,OnePlus,Nord,Jio,Hindi,Android,12,app,app_store,9,0,407.1,organic,none,ag3,none,0
102142,Wed,15,Web,1,1,Male,43.0,Indore,Unknown,1,0,0,0,0,0,0,0,1.1,OnePlus,Reno,Airtel,Bengali,Android,11,app,play_store,9,1,193.5,meta,activation,none,crm,0
102143,Wed,2,Android,0,1,Female,27.0,Unknown,Unknown,0,0,0,0,0,0,0,0,1.2,OnePlus,Y21,Vi,Tamil,Android,17,app,play_store,12,0,151.5,influencer,activation,ag3,organic,0
102144,Mon,14,Android,0,1,Male,21.0,Indore,Karnataka,0,0,0,1,0,0,0,0,2.0,Vivo,iPhone 13,BSNL,English,Android,13,app,play_store,10,8,89.4,google,generic,none,none,0
102145,Sat,3,iOS,0,1,Male,45.0,Unknown,MP,0,0,0,0,0,0,0,0,1.2,OnePlus,A12,Airtel,Marathi,Android,17,app,app_store,8,3,254.6,meta,activation,none,organic,0
102146,Thu,4,iOS,1,1,Male,34.0,Unknown,Karnataka,0,0,0,0,0,1,0,0,1.1,Samsung,Y21,BSNL,Marathi,Android,11,app,play_store,12,2,190.5,organic,remarketing,ag3,paid,0
102147,Thu,16,Android,0,1,Female,45.0,Bangalore,Maharashtra,0,0,0,0,0,0,0,0,2.1,Samsung,Y21,Jio,Tamil,Android,16,app,play_store,8,5,209.7,influencer,brand,none,paid,0
102148,Fri,6,Android,0,1,Unknown,37.0,Jaipur,Rajasthan,0,0,0,0,0,0,0,0,1.1,Apple,A12,BSNL,Tamil,Android,11,app,play_store,12,5,42.2,referral,activation,ag1,organic,0
102149,Fri,15,Android,1,1,Female,19.0,Jaipur,Rajasthan,0,0,0,0,0,0,0,0,2.1,Samsung,Y21,Jio,English,Android,14,app,play_store,6,5,426.6,organic,none,none,paid,0
102150,Sun,13,Web,0,1,Female,35.0,Mumbai,Delhi,1,0,0,0,1,0,0,0,1.0,Xiaomi,iPhone 13,BSNL,Marathi,Android,17,app,play_store,8,3,443.4,google,activation,ag3,none,1
102151,Fri,15,iOS,0,2,Male,22.0,Indore,Maharashtra,0,1,0,0,0,0,0,0,1.2,Xiaomi,A12,Other,Hindi,iOS,11,app,play_store,8,6,310.0,referral,remarketing,ag1,crm,0
102152,Wed,6,iOS,0,1,Male,30.0,Indore,Maharashtra,0,0,0,0,1,0,0,0,1.0,OnePlus,A12,Other,Hindi,Android,15,app,play_store,12,1,283.7,organic,activation,ag3,crm,0
102153,Thu,8,Android,0,1,Male,29.0,Indore,Maharashtra,1,0,1,0,0,0,0,0,1.2,Vivo,Note 10,Vi,Hindi,Android,11,app,play_store,7,3,232.2,referral,activation,ag1,none,0
102154,Sat,3,Android,0,4,Male,18.0,Jaipur,Unknown,0,0,0,0,0,1,0,1,1.1,OnePlus,Y21,BSNL,Hindi,Android,16,app,play_store,11,3,967.3,referral,generic,ag1,organic,1
102155,Wed,21,Android,0,1,Female,23.0,Delhi,Unknown,0,0,0,0,0,0,0,0,2.0,Samsung,Note 10,Jio,Marathi,Android,13,app,play_store,10,6,225.0,referral,brand,ag2,organic,0
102156,Mon,10,iOS,1,1,Male,48.0,Unknown,Rajasthan,0,1,0,0,0,0,0,0,2.0,Samsung,iPhone 13,Airtel,Marathi,Android,16,web,play_store,9,2,243.8,influencer,remarketing,none,organic,1
102157,Fri,1,Android,0,2,Female,32.0,Unknown,Rajasthan,0,0,0,0,1,0,1,0,2.1,Samsung,Reno,Jio,English,Android,14,app,play_store,8,4,423.9,google,generic,ag2,paid,0
102158,Wed,11,iOS,1,1,Male,29.0,Indore,Rajasthan,0,0,0,0,0,0,0,0,2.0,Xiaomi,iPhone 13,Other,Tamil,Android,14,app,web,7,2,91.0,influencer,generic,ag1,none,0
102159,Wed,11,Android,0,3,Male,45.0,Jaipur,MP,0,1,0,0,0,0,0,0,1.2,Xiaomi,A12,Airtel,Marathi,Android,16,app,play_store,7,6,377.2,referral,generic,ag3,none,1
102160,Mon,3,Android,0,1,Male,27.0,Pune,MP,1,1,0,0,1,0,0,0,2.0,Oppo,Note 10,BSNL,Marathi,Android,15,web,play_store,6,5,358.9,influencer,remarketing,none,organic,0
102161,Tue,17,Android,1,1,Female,29.0,Jaipur,Rajasthan,0,0,0,0,0,0,0,0,1.0,Apple,Y21,Other,Tamil,iOS,17,app,web,7,3,206.6,google,generic,ag2,organic,0
102162,Thu,20,Android,0,1,Male,38.0,Bangalore,Karnataka,0,0,0,1,0,1,0,0,2.0,Samsung,iPhone 13,BSNL,Bengali,Android,13,app,play_store,15,5,163.0,meta,activation,ag1,none,0
102163,Sat,6,Android,1,1,Male,27.0,Indore,MP,0,0,0,0,0,0,0,0,1.0,Oppo,Note 10,Other,Hindi,Android,17,app,play_store,11,3,401.6,meta,brand,ag3,crm,0
102164,Sun,0,Android,1,1,Female,24.0,Mumbai,Unknown,1,0,0,0,0,1,0,0,2.1,Vivo,A12,BSNL,Marathi,Android,14,app,app_store,5,5,1118.6,organic,none,none,none,1
102165,Tue,22,Android,0,1,Unknown,18.0,Delhi,MP,0,1,0,0,0,0,0,0,2.1,Samsung,Nord,Other,Marathi,Android,14,app,play_store,13,2,417.7,meta,activation,ag2,organic,0
102166,Fri,12,iOS,0,1,Female,23.0,Unknown,MP,1,1,0,0,0,0,0,0,1.1,OnePlus,A12,Vi,Hindi,Android,17,app,play_store,7,0,87.4,referral,activation,ag3,paid,1
102167,Wed,5,Android,0,1,Male,22.0,Pune,MP,0,0,0,0,0,0,0,1,1.1,Samsung,Reno,Jio,Marathi,Android,16,app,play_store,4,8,373.3,influencer,activation,ag2,none,0
102168,Mon,5,Android,0,1,Male,31.0,Jaipur,Delhi,0,1,0,1,0,1,0,0,1.1,Oppo,A12,Jio,Tamil,Android,14,app,play_store,8,1,643.4,meta,activation,ag2,none,0
102169,Mon,11,Android,0,1,Unknown,25.0,Bangalore,MP,0,0,0,0,0,0,0,0,1.0,Apple,Note 10,BSNL,Marathi,Android,17,app,app_store,10,5,319.0,google,brand,ag2,organic,0
102170,Thu,7,Android,0,1,Female,47.0,Delhi,Karnataka,0,0,0,0,0,0,0,0,1.1,Vivo,Nord,BSNL,English,Android,17,app,play_store,6,4,130.0,referral,brand,ag3,crm,0
102171,Tue,23,iOS,0,1,Female,22.0,Pune,Delhi,0,0,0,0,0,1,0,0,2.1,Vivo,Y21,Airtel,Marathi,Android,12,app,play_store,10,3,273.8,organic,activation,ag2,organic,0
102172,Sun,21,Android,0,3,Male,41.0,Delhi,Unknown,0,1,0,0,0,1,0,0,2.0,Vivo,A12,Airtel,Hindi,Android,13,app,play_store,6,3,301.4,google,activation,ag2,organic,0
102173,Thu,18,iOS,1,1,Male,32.0,Bangalore,Unknown,1,1,0,0,1,1,0,0,1.0,Xiaomi,A12,Jio,Tamil,Android,14,app,play_store,8,1,305.8,influencer,remarketing,none,none,1
102174,Wed,4,Android,1,1,Male,36.0,Bangalore,MP,1,0,0,0,0,0,0,0,1.1,Apple,Nord,Jio,Marathi,Android,13,app,app_store,5,4,381.8,referral,brand,none,paid,0
102175,Thu,17,Android,0,2,Female,36.0,Indore,Maharashtra,0,0,0,0,0,0,0,0,1.1,Samsung,Y21,Vi,Bengali,iOS,15,app,web,10,4,739.7,referral,remarketing,ag1,paid,1
102176,Sat,4,Android,1,1,Male,18.0,Mumbai,Delhi,1,0,0,0,0,0,0,0,2.1,Apple,A12,BSNL,Tamil,Android,13,app,play_store,4,6,272.1,influencer,generic,none,paid,0
102177,Mon,9,Android,0,1,Unknown,30.0,Indore,Unknown,0,0,0,1,0,0,0,0,2.0,Apple,A12,BSNL,Tamil,Android,15,app,play_store,8,2,446.3,meta,none,ag1,crm,0
102178,Mon,0,Android,0,1,Male,28.0,Jaipur,MP,0,0,0,0,1,0,0,0,1.2,Apple,Note 10,Jio,Bengali,iOS,12,app,play_store,7,0,154.7,referral,none,none,none,0
102179,Fri,9,iOS,0,3,Female,21.0,Unknown,Karnataka,0,0,0,0,0,0,0,0,2.0,Apple,Reno,BSNL,Marathi,Android,15,app,app_store,5,1,246.9,influencer,brand,ag1,paid,0
102180,Fri,4,Android,0,1,Male,34.0,Delhi,Rajasthan,0,0,0,0,0,0,0,0,1.1,Apple,Note 10,Airtel,English,Android,16,app,app_store,8,3,120.7,influencer,brand,none,organic,1
102181,Sun,11,Android,0,4,Male,44.0,Indore,Unknown,0,0,0,0,0,0,0,0,1.1,Xiaomi,iPhone 13,BSNL,Hindi,iOS,17,app,play_store,10,4,203.8,meta,brand,ag3,organic,0
102182,Wed,21,Android,1,2,Male,18.0,Bangalore,MP,0,0,0,0,1,0,0,0,2.0,Oppo,Note 10,Airtel,Tamil,iOS,15,app,play_store,11,5,106.6,referral,remarketing,none,crm,1
102183,Sat,6,Android,1,1,Female,26.0,Bangalore,Maharashtra,1,1,0,1,0,0,0,1,2.0,Apple,Y21,Other,English,Android,11,app,app_store,5,3,55.0,organic,remarketing,ag2,paid,0
102184,Tue,8,Android,0,1,Female,20.0,Bangalore,Karnataka,0,0,0,0,0,0,0,0,2.1,Samsung,iPhone 13,BSNL,Hindi,Android,15,app,play_store,8,7,409.6,influencer,generic,none,paid,1
102185,Thu,21,Android,1,1,Male,31.0,Indore,Unknown,1,0,0,0,0,0,0,0,1.2,Apple,Note 10,Other,Hindi,Android,12,app,play_store,7,1,390.7,referral,remarketing,ag2,organic,0
102186,Sun,20,Android,0,1,Female,27.0,Unknown,Delhi,0,0,0,1,0,1,0,1,1.0,Vivo,Nord,Jio,Marathi,Android,15,app,play_store,7,3,1421.8,organic,remarketing,ag1,paid,1
102187,Wed,11,Android,0,1,Male,25.0,Jaipur,Karnataka,0,0,0,0,1,0,1,0,1.0,OnePlus,Note 10,BSNL,English,Android,17,app,play_store,5,2,481.4,google,none,none,paid,0
102188,Fri,22,Android,1,4,Unknown,36.0,Jaipur,MP,1,0,0,0,0,1,0,0,1.2,Vivo,Reno,Vi,Tamil,Android,17,web,play_store,10,3,189.0,influencer,remarketing,ag3,crm,1
102189,Thu,0,iOS,0,1,Unknown,43.0,Pune,Unknown,0,0,0,0,0,0,0,0,2.1,Vivo,Note 10,Vi,Tamil,Android,15,app,play_store,10,5,520.2,meta,brand,ag2,paid,0
102190,Fri,10,Android,0,1,Unknown,51.0,Indore,Unknown,1,0,0,1,0,0,0,1,2.0,Vivo,Reno,Other,Marathi,Android,17,app,app_store,4,4,286.3,referral,none,ag3,paid,0
102191,Thu,20,Android,0,1,Male,24.0,Indore,Maharashtra,0,0,0,0,0,0,0,0,1.1,Apple,Note 10,Vi,Tamil,Android,12,app,play_store,6,1,257.5,google,none,none,crm,0
102192,Tue,14,Web,0,1,Male,18.0,Indore,Unknown,1,0,0,0,0,0,0,0,1.2,Vivo,Reno,Airtel,Hindi,Android,15,app,app_store,4,2,683.9,meta,activation,ag1,organic,1
102193,Wed,1,Android,0,1,Unknown,34.0,Indore,Karnataka,0,0,0,0,0,0,0,0,2.1,Xiaomi,A12,Jio,Marathi,Android,15,app,play_store,9,6,216.9,influencer,brand,ag3,paid,0
102194,Thu,19,Android,0,1,Male,43.0,Bangalore,Unknown,0,0,0,0,0,0,0,0,1.2,Apple,Reno,Airtel,Hindi,iOS,13,app,web,11,1,573.4,referral,none,none,organic,0
102195,Sat,6,Android,0,1,Male,37.0,Unknown,Karnataka,0,0,0,0,0,0,0,0,1.1,Oppo,Nord,Jio,Hindi,Android,16,web,play_store,6,4,702.9,organic,brand,ag1,organic,0
102196,Sun,20,Android,0,1,Female,43.0,Mumbai,Rajasthan,1,0,0,0,1,1,0,0,1.0,Vivo,iPhone 13,Vi,Bengali,Android,11,web,play_store,8,5,151.3,google,none,ag1,organic,0
102197,Mon,11,Android,0,4,Male,28.0,Indore,Rajasthan,0,0,0,0,0,1,1,0,2.0,Apple,A12,Jio,Bengali,Android,15,app,play_store,7,4,175.9,google,activation,none,organic,0
102198,Sat,21,Web,0,1,Female,25.0,Indore,MP,1,0,0,0,0,1,0,0,2.1,Xiaomi,Nord,Airtel,Marathi,Android,17,app,app_store,6,4,214.8,google,generic,ag3,organic,1
102199,Sat,17,Android,1,1,Female,31.0,Mumbai,Delhi,0,0,0,0,0,0,0,0,1.0,Samsung,iPhone 13,Other,Hindi,iOS,14,app,play_store,10,3,572.7,influencer,generic,ag3,organic,0
102200,Sun,2,iOS,0,1,Female,27.0,Indore,Delhi,0,0,1,0,0,0,0,0,1.1,Apple,Reno,Other,Marathi,iOS,12,app,play_store,10,2,442.2,meta,activation,ag3,crm,0
102201,Mon,6,Android,0,1,Male,35.0,Unknown,Maharashtra,0,0,0,0,0,0,0,0,1.2,Oppo,Note 10,BSNL,Bengali,iOS,14,app,play_store,5,0,446.4,influencer,remarketing,ag3,none,1
102202,Sat,10,Android,0,1,Male,38.0,Mumbai,MP,0,0,0,1,0,0,0,0,2.1,Samsung,A12,Airtel,Marathi,iOS,16,app,play_store,11,5,26.5,google,generic,ag2,crm,0
102203,Thu,17,Android,0,1,Male,38.0,Bangalore,Delhi,0,0,0,1,0,0,0,0,2.1,Vivo,iPhone 13,Airtel,English,Android,17,app,play_store,11,4,283.3,influencer,brand,ag1,paid,0
102204,Thu,11,iOS,0,2,Male,34.0,Pune,Unknown,0,0,0,0,0,0,0,0,1.0,Apple,Note 10,Other,Marathi,Android,14,app,play_store,9,6,470.3,referral,none,ag3,paid,0
102205,Thu,5,Web,0,1,Male,32.0,Indore,Karnataka,1,0,0,0,1,0,0,0,1.0,Vivo,A12,Vi,English,iOS,14,app,play_store,7,1,151.6,influencer,activation,ag3,none,0
102206,Mon,4,Android,1,1,Male,36.0,Pune,MP,0,0,0,0,0,0,0,1,1.1,Samsung,iPhone 13,Other,Marathi,Android,17,app,app_store,5,4,171.5,influencer,none,ag3,crm,0
102207,Sat,0,iOS,1,1,Male,18.0,Indore,Karnataka,0,0,0,0,0,1,0,0,1.0,Xiaomi,iPhone 13,BSNL,English,iOS,16,app,app_store,9,0,531.1,influencer,generic,none,none,0
102208,Mon,11,Android,0,4,Male,32.0,Delhi,Maharashtra,0,0,0,0,0,0,0,0,2.1,Oppo,A12,BSNL,English,Android,16,app,play_store,6,7,635.1,referral,generic,ag2,paid,0
102209,Thu,10,Android,0,1,Female,30.0,Unknown,Unknown,1,0,0,1,0,0,0,0,2.0,Apple,A12,Airtel,English,Android,14,app,app_store,6,4,591.9,meta,brand,ag1,paid,0
102210,Sun,3,Android,0,1,Male,32.0,Jaipur,MP,0,0,0,0,0,0,0,1,1.1,Samsung,Reno,Airtel,English,iOS,12,app,play_store,8,4,467.4,meta,remarketing,none,none,0
102211,Sat,17,Android,0,1,Male,29.0,Delhi,Unknown,0,0,0,0,0,0,0,0,1.1,OnePlus,Reno,BSNL,Tamil,Android,11,app,play_store,10,4,667.3,meta,none,ag3,paid,0
102212,Sat,3,Android,0,2,Female,33.0,Bangalore,Unknown,0,0,1,0,0,0,0,0,2.0,Samsung,iPhone 13,Airtel,Tamil,iOS,17,app,web,6,1,68.2,referral,brand,ag2,none,0
102213,Fri,16,Android,1,2,Female,25.0,Pune,Unknown,1,0,0,1,1,1,0,0,1.1,Apple,Y21,Jio,Marathi,Android,16,app,play_store,8,4,333.3,organic,generic,ag1,organic,0
102214,Fri,1,Android,0,1,Male,39.0,Pune,Maharashtra,1,0,0,0,0,0,0,0,1.1,Apple,Note 10,BSNL,Bengali,Android,14,web,play_store,11,6,839.2,meta,generic,ag1,paid,1
102215,Tue,23,Android,1,1,Female,34.0,Mumbai,Rajasthan,1,0,0,0,0,0,0,0,1.0,OnePlus,iPhone 13,BSNL,Hindi,Android,16,app,play_store,14,5,110.7,meta,generic,ag1,organic,0
102216,Wed,21,Android,0,1,Male,31.0,Unknown,Maharashtra,1,1,0,1,0,0,0,0,1.1,Vivo,A12,Airtel,Tamil,Android,16,app,play_store,4,2,514.6,google,none,none,none,0
102217,Fri,1,Web,0,4,Male,24.0,Mumbai,Unknown,0,0,0,0,0,0,0,0,2.1,Apple,iPhone 13,Jio,English,Android,13,app,play_store,7,1,395.9,organic,brand,ag3,paid,0
102218,Mon,11,Android,0,3,Unknown,37.0,Indore,Rajasthan,0,0,0,0,0,1,0,0,1.0,Apple,A12,BSNL,Tamil,Android,15,app,app_store,13,2,489.8,meta,brand,ag1,crm,1
102219,Fri,5,Android,0,4,Unknown,32.0,Mumbai,MP,0,0,0,1,0,0,0,1,1.2,Samsung,Note 10,Jio,English,Android,14,app,app_store,7,4,539.5,organic,activation,ag2,none,0
102220,Tue,9,Android,1,2,Female,24.0,Mumbai,Karnataka,0,0,0,0,0,0,0,0,2.1,Vivo,Reno,BSNL,Bengali,Android,14,app,web,8,2,395.8,referral,activation,ag1,crm,0
102221,Sat,22,Android,0,3,Female,30.0,Pune,Karnataka,0,0,0,1,1,1,0,0,1.2,Vivo,A12,Jio,Tamil,iOS,15,app,play_store,6,2,126.4,google,brand,none,none,0
102222,Tue,20,iOS,0,1,Female,35.0,Delhi,Karnataka,0,0,0,0,0,0,0,0,1.0,Oppo,A12,Other,Hindi,Android,17,app,app_store,7,2,426.6,meta,generic,ag1,organic,0
102223,Sat,22,Android,1,2,Unknown,34.0,Pune,Maharashtra,0,1,1,0,0,1,0,0,2.1,OnePlus,Y21,BSNL,Hindi,iOS,15,app,play_store,6,3,237.0,influencer,none,ag1,none,0
102224,Sun,15,iOS,1,1,Male,34.0,Unknown,MP,0,0,0,0,0,0,0,1,1.0,Oppo,Reno,Jio,Tamil,Android,16,web,web,5,3,198.7,referral,activation,ag2,none,0
102225,Sun,13,Android,1,4,Female,31.0,Mumbai,MP,0,0,0,0,0,0,0,1,1.2,Oppo,A12,Other,Tamil,iOS,12,app,play_store,10,2,735.4,google,remarketing,ag3,crm,1
102226,Sat,6,Android,1,1,Male,38.0,Indore,Rajasthan,0,1,0,0,0,0,0,0,2.0,Oppo,Nord,Airtel,Hindi,Android,16,app,play_store,10,4,56.6,meta,activation,none,paid,0
102227,Wed,18,Android,0,1,Male,40.0,Delhi,MP,1,1,0,0,0,0,0,0,1.1,Vivo,Nord,Vi,Bengali,iOS,15,app,play_store,9,5,425.5,referral,brand,ag2,crm,0
102228,Fri,22,Android,1,1,Male,36.0,Mumbai,Karnataka,0,0,0,1,0,0,0,0,2.0,Samsung,Y21,Jio,Marathi,Android,11,app,play_store,11,2,430.1,meta,activation,ag3,organic,1
102229,Mon,16,Android,1,1,Female,25.0,Mumbai,MP,1,0,0,0,0,0,0,0,2.0,Oppo,Note 10,Other,Tamil,Android,17,app,play_store,10,0,411.8,influencer,brand,ag3,crm,1
102230,Mon,8,Android,1,1,Female,22.0,Jaipur,Rajasthan,0,1,0,0,0,0,0,0,1.0,Oppo,Note 10,BSNL,Tamil,Android,13,app,play_store,5,3,466.1,referral,none,ag3,paid,0
102231,Thu,12,Android,1,1,Female,26.0,Indore,MP,0,0,0,1,0,0,0,0,1.0,OnePlus,A12,Other,Hindi,Android,14,app,play_store,4,3,526.6,influencer,none,ag2,crm,1
102232,Sat,21,Android,0,1,Male,46.0,Indore,MP,0,0,0,0,0,0,0,0,1.1,Vivo,Y21,Vi,Hindi,iOS,12,app,app_store,6,1,343.9,organic,generic,none,none,0
102233,Mon,4,Web,1,1,Male,32.0,Mumbai,Karnataka,0,0,1,0,0,1,0,0,2.0,Xiaomi,Reno,Vi,Hindi,Android,14,web,play_store,6,1,491.1,meta,activation,none,paid,0
102234,Wed,22,Android,0,1,Male,47.0,Mumbai,MP,1,0,1,0,0,0,0,0,2.1,Samsung,Y21,Vi,Hindi,Android,17,app,play_store,8,3,484.0,influencer,none,ag2,paid,0
102235,Sat,4,Android,0,1,Male,29.0,Pune,Maharashtra,0,1,0,0,0,0,0,0,1.0,Samsung,Y21,Airtel,Tamil,Android,17,app,play_store,12,2,325.7,organic,activation,ag3,organic,1
102236,Wed,9,Android,0,3,Unknown,28.0,Bangalore,Rajasthan,1,0,0,0,0,1,0,0,2.0,Samsung,Nord,Jio,English,Android,11,app,app_store,6,6,1377.0,organic,none,ag1,none,1
102237,Mon,20,Android,1,1,Male,29.0,Indore,Rajasthan,0,0,0,1,0,0,0,0,1.2,Xiaomi,Reno,BSNL,Hindi,Android,16,app,play_store,8,3,72.3,meta,generic,ag3,none,0
102238,Mon,9,Android,0,1,Female,29.0,Unknown,Rajasthan,0,0,0,0,0,0,0,0,1.0,Oppo,Note 10,Jio,Bengali,Android,14,app,play_store,10,6,237.3,referral,generic,none,organic,0
102239,Thu,6,iOS,0,1,Male,24.0,Indore,MP,0,0,0,1,0,0,0,0,1.1,OnePlus,Reno,Jio,Bengali,Android,13,app,play_store,6,0,613.2,influencer,none,none,paid,1
102240,Mon,14,Web,0,1,Male,21.0,Unknown,Maharashtra,0,1,1,0,0,0,0,0,2.0,Oppo,Nord,Airtel,Tamil,iOS,17,app,play_store,9,6,201.7,google,none,ag3,organic,1
102241,Sat,6,Android,1,1,Female,34.0,Unknown,Unknown,0,0,0,0,0,1,0,0,1.0,Samsung,Note 10,BSNL,Hindi,Android,11,app,app_store,6,4,283.2,organic,activation,ag2,none,0
102242,Sun,14,Android,0,1,Male,38.0,Jaipur,Unknown,0,0,0,0,0,0,0,1,1.1,OnePlus,iPhone 13,Airtel,Marathi,Android,14,app,play_store,9,1,306.7,google,activation,ag3,none,0
102243,Sat,2,Android,1,1,Male,50.0,Pune,Rajasthan,1,0,0,0,0,0,0,0,1.1,OnePlus,A12,BSNL,Hindi,Android,16,app,play_store,4,1,461.5,influencer,brand,none,none,1
102244,Sat,18,Android,1,1,Male,27.0,Delhi,Delhi,0,0,0,0,0,0,0,0,1.2,Xiaomi,Reno,Other,Tamil,iOS,15,app,play_store,11,4,440.5,influencer,brand,ag2,paid,0
102245,Thu,9,Android,0,1,Female,27.0,Jaipur,Unknown,0,0,0,0,0,0,0,0,1.1,Xiaomi,iPhone 13,BSNL,Marathi,Android,15,app,app_store,6,7,220.0,google,brand,ag3,organic,0
102246,Thu,14,Android,0,1,Unknown,24.0,Jaipur,Unknown,1,1,0,0,1,0,0,0,1.0,Vivo,Reno,Airtel,Tamil,Android,16,app,play_store,5,1,207.9,google,generic,ag1,none,1
102247,Mon,2,Android,1,1,Female,39.0,Delhi,Karnataka,0,0,0,0,0,0,0,0,1.0,Vivo,A12,Other,English,Android,13,app,play_store,10,2,7.9,influencer,generic,ag1,none,0
102248,Tue,5,Android,1,4,Unknown,37.0,Delhi,Delhi,0,0,0,0,0,0,0,0,2.1,Oppo,A12,BSNL,Bengali,Android,11,app,play_store,7,1,91.2,influencer,none,none,organic,0
102249,Tue,11,Android,1,1,Female,23.0,Indore,Delhi,0,0,0,0,0,0,0,0,2.0,Oppo,Y21,Vi,Tamil,Android,12,web,play_store,7,3,329.2,referral,generic,ag3,none,0
102250,Thu,14,Android,0,1,Female,23.0,Bangalore,Rajasthan,1,0,0,1,0,0,0,1,2.0,Oppo,Nord,Airtel,Hindi,Android,15,app,play_store,3,5,1005.0,google,remarketing,ag3,crm,0
102251,Mon,5,Android,1,1,Female,38.0,Bangalore,Delhi,0,0,0,0,1,0,0,1,1.2,Samsung,Nord,Other,Hindi,Android,17,app,play_store,7,4,141.4,organic,none,ag2,crm,0
102252,Tue,12,Android,0,1,Male,33.0,Unknown,Delhi,0,0,0,0,0,0,0,0,2.0,Samsung,Note 10,Vi,Tamil,Android,17,app,app_store,9,3,104.6,referral,generic,none,organic,0
102253,Mon,18,iOS,0,1,Male,36.0,Pune,Unknown,1,0,0,0,0,1,0,0,1.1,Vivo,Y21,Other,Bengali,Android,15,app,play_store,12,1,353.0,google,generic,ag1,none,0
102254,Mon,2,Android,1,1,Female,23.0,Unknown,Maharashtra,1,1,0,0,0,1,0,0,1.0,Oppo,Nord,BSNL,Tamil,Android,14,app,play_store,9,1,72.4,referral,brand,ag2,crm,0
102255,Mon,7,iOS,0,1,Male,18.0,Delhi,Karnataka,0,0,0,0,0,0,1,1,1.1,Oppo,Note 10,BSNL,Tamil,Android,17,app,play_store,10,4,429.1,referral,brand,ag1,crm,1
102256,Fri,7,Android,1,1,Male,23.0,Delhi,MP,1,0,0,0,0,0,0,0,2.0,Vivo,Note 10,Other,Hindi,iOS,11,app,web,5,4,229.2,meta,brand,ag2,none,0
102257,Sat,22,Android,0,1,Unknown,36.0,Mumbai,Rajasthan,1,0,0,0,0,0,0,0,2.1,OnePlus,Note 10,Other,Hindi,Android,15,app,play_store,3,3,756.5,google,activation,ag2,paid,0
102258,Mon,19,Android,1,1,Male,47.0,Pune,Unknown,0,0,0,0,0,0,0,0,2.0,Samsung,Nord,BSNL,Hindi,Android,14,app,play_store,10,2,585.5,influencer,brand,ag3,paid,1
102259,Fri,14,Android,0,1,Unknown,27.0,Jaipur,Unknown,0,1,0,0,0,0,0,0,1.2,Samsung,A12,Jio,Bengali,Android,12,app,play_store,2,9,253.1,google,remarketing,none,none,0
102260,Thu,3,Web,0,2,Female,48.0,Jaipur,Rajasthan,0,1,0,1,0,0,0,0,1.0,Vivo,Y21,Other,Hindi,Android,12,app,play_store,6,6,53.1,google,none,ag2,none,0
102261,Tue,18,Android,1,1,Male,37.0,Pune,Delhi,0,0,0,1,0,0,0,0,1.1,OnePlus,Y21,Jio,Marathi,Android,15,app,app_store,11,4,121.3,google,remarketing,ag3,none,0
102262,Sat,20,Android,0,1,Female,19.0,Indore,MP,0,1,0,0,0,1,0,0,2.0,Xiaomi,Note 10,BSNL,Marathi,Android,15,app,app_store,5,2,559.0,influencer,activation,ag1,paid,1
102263,Sun,2,Android,0,1,Female,32.0,Indore,Unknown,0,0,0,0,0,1,0,0,1.0,Apple,Note 10,Vi,Tamil,Android,15,web,play_store,6,5,290.6,google,activation,none,organic,0
102264,Tue,12,Web,1,1,Male,37.0,Pune,MP,1,0,0,1,0,0,1,0,1.1,Apple,Note 10,Vi,Tamil,Android,11,web,play_store,12,1,221.1,meta,activation,none,crm,0
102265,Sat,7,Android,0,1,Female,18.0,Bangalore,MP,0,0,0,0,0,0,1,0,2.0,Vivo,Note 10,Airtel,English,Android,15,app,app_store,13,0,332.3,influencer,brand,ag2,paid,0
102266,Sun,22,Web,1,1,Female,35.0,Pune,Rajasthan,0,1,0,0,1,0,0,0,2.0,Xiaomi,Note 10,Airtel,Marathi,Android,14,app,play_store,7,2,60.0,organic,generic,none,none,0
102267,Tue,15,iOS,0,1,Male,39.0,Bangalore,Rajasthan,0,0,0,0,0,1,0,0,2.0,Vivo,Note 10,BSNL,Bengali,Android,12,app,play_store,7,4,296.1,meta,generic,ag2,crm,0
102268,Sat,12,Android,0,1,Male,33.0,Indore,Unknown,0,1,1,0,0,0,0,1,1.2,Oppo,Reno,Other,Tamil,Android,11,app,web,9,4,345.8,google,remarketing,ag3,crm,1
102269,Tue,2,iOS,1,1,Male,30.0,Unknown,Unknown,1,0,0,1,1,0,0,0,1.2,Xiaomi,Y21,Vi,Tamil,iOS,12,web,play_store,9,2,37.8,meta,none,ag2,none,0
102270,Tue,15,Web,1,1,Male,29.0,Pune,Unknown,0,0,0,1,0,0,0,0,1.1,Oppo,Reno,Other,Bengali,Android,17,app,play_store,9,7,96.9,referral,remarketing,ag3,crm,0
102271,Sun,8,Android,0,1,Male,28.0,Bangalore,Maharashtra,0,0,0,0,0,0,0,0,1.1,Vivo,Note 10,Jio,Marathi,Android,11,app,web,13,2,238.9,influencer,remarketing,ag1,none,0
102272,Tue,13,Android,0,1,Female,21.0,Mumbai,Rajasthan,1,0,0,0,0,1,0,0,1.0,OnePlus,A12,BSNL,English,Android,12,app,play_store,13,4,393.6,organic,remarketing,none,none,1
102273,Tue,12,Android,1,1,Male,24.0,Mumbai,Rajasthan,0,0,0,0,0,0,0,0,2.1,OnePlus,iPhone 13,Airtel,Bengali,Android,16,app,play_store,13,1,133.9,organic,activation,none,organic,0
102274,Sun,20,Android,0,1,Female,27.0,Pune,Maharashtra,0,1,0,1,0,0,0,0,1.0,OnePlus,Reno,BSNL,English,Android,17,app,play_store,7,1,15.6,google,none,ag2,paid,0
102275,Thu,6,Android,0,1,Male,31.0,Delhi,Rajasthan,0,0,0,0,0,0,1,0,2.1,OnePlus,Reno,Airtel,English,Android,17,app,app_store,5,7,172.8,organic,brand,ag1,organic,0
102276,Mon,14,Android,0,1,Male,26.0,Pune,Delhi,0,0,0,0,0,0,0,0,2.0,Samsung,Nord,BSNL,Tamil,Android,17,app,play_store,7,2,670.3,meta,generic,ag1,crm,0
102277,Wed,6,Android,0,2,Female,23.0,Indore,Delhi,0,0,1,0,0,0,0,0,2.0,Oppo,Nord,BSNL,Marathi,Android,15,web,play_store,6,1,177.2,organic,none,none,paid,0
102278,Fri,5,Android,0,1,Female,36.0,Indore,Maharashtra,0,1,0,0,0,0,0,0,1.0,Samsung,Reno,Airtel,English,Android,15,app,play_store,9,4,176.5,meta,remarketing,none,organic,0
102279,Wed,1,Android,0,1,Male,33.0,Mumbai,Unknown,0,0,0,1,0,0,0,0,1.2,Samsung,Y21,Jio,Bengali,iOS,14,app,app_store,10,3,188.5,referral,activation,ag2,none,0
102280,Wed,8,iOS,0,3,Male,26.0,Bangalore,Maharashtra,1,1,0,1,0,0,0,0,1.2,Vivo,Nord,BSNL,Marathi,iOS,15,app,play_store,11,2,649.1,organic,remarketing,none,organic,1
102281,Sat,21,Android,0,1,Female,34.0,Mumbai,Delhi,0,1,0,0,0,0,0,0,1.1,Vivo,Note 10,Vi,Hindi,Android,17,app,play_store,10,3,843.6,meta,generic,ag3,crm,0
102282,Mon,23,Android,0,1,Male,26.0,Bangalore,MP,0,0,0,0,0,0,0,0,1.1,Apple,A12,BSNL,Hindi,Android,12,app,play_store,6,4,158.5,referral,brand,none,none,1
102283,Sat,16,Android,1,1,Male,31.0,Unknown,Rajasthan,0,0,0,0,0,1,0,0,1.0,OnePlus,Y21,Other,Bengali,Android,14,app,web,11,6,494.6,influencer,generic,ag3,none,1
102284,Mon,4,Android,0,1,Male,38.0,Pune,Karnataka,0,0,0,0,0,0,0,0,1.2,Oppo,Y21,Vi,Hindi,iOS,12,app,app_store,10,5,532.2,google,none,ag3,paid,1
102285,Sun,11,Web,1,1,Female,25.0,Delhi,Karnataka,0,0,0,0,0,0,0,0,2.0,Samsung,A12,Other,Marathi,Android,13,app,play_store,7,1,17.8,influencer,remarketing,none,none,0
102286,Sun,0,Android,1,1,Male,21.0,Indore,Maharashtra,1,0,0,0,0,0,0,1,2.0,OnePlus,Reno,Airtel,Marathi,Android,14,app,web,7,3,660.8,google,generic,ag2,paid,0
102287,Mon,9,Android,0,4,Female,29.0,Pune,Karnataka,0,0,0,0,0,1,0,0,1.2,OnePlus,Note 10,Airtel,Tamil,iOS,14,web,play_store,9,2,128.6,organic,none,ag3,paid,0
102288,Tue,10,iOS,0,2,Female,19.0,Mumbai,MP,0,1,0,0,0,0,0,0,1.0,OnePlus,Y21,Airtel,Marathi,Android,11,app,play_store,5,2,563.2,referral,remarketing,ag2,organic,0
102289,Thu,15,iOS,0,1,Unknown,28.0,Jaipur,Karnataka,0,0,0,0,0,0,0,0,1.1,Oppo,A12,Other,English,Android,16,app,play_store,5,2,349.2,influencer,brand,ag2,paid,0
102290,Tue,13,iOS,1,1,Male,28.0,Jaipur,Delhi,0,0,0,0,0,1,0,0,1.0,Oppo,Note 10,Airtel,Tamil,Android,12,app,app_store,6,3,631.2,google,generic,ag3,crm,1
102291,Thu,7,iOS,1,1,Male,18.0,Pune,Maharashtra,1,0,0,0,0,0,0,0,1.2,Vivo,Reno,Vi,English,Android,12,app,play_store,4,3,406.7,referral,activation,ag2,paid,0
102292,Sat,23,Android,0,1,Male,34.0,Delhi,Unknown,1,0,0,0,0,0,0,0,1.0,Oppo,A12,Airtel,Marathi,Android,12,app,play_store,8,3,327.3,meta,generic,ag3,paid,0
102293,Thu,16,Android,1,1,Male,29.0,Bangalore,Karnataka,0,1,0,0,0,0,0,0,1.2,Apple,Note 10,BSNL,Tamil,Android,15,app,app_store,8,2,42.4,referral,activation,ag2,none,0
102294,Sat,17,Android,0,1,Female,39.0,Unknown,Rajasthan,1,0,0,0,1,1,0,0,1.0,Xiaomi,Nord,Other,Bengali,iOS,11,app,play_store,11,4,219.8,referral,remarketing,ag1,paid,1
102295,Sun,11,Android,0,1,Female,32.0,Delhi,Maharashtra,0,0,0,0,0,0,0,0,2.1,Samsung,A12,Other,Bengali,iOS,11,app,play_store,9,2,546.1,meta,remarketing,ag1,none,1
102296,Wed,16,iOS,1,2,Female,36.0,Mumbai,MP,0,0,0,1,0,1,0,0,2.0,Xiaomi,Note 10,Other,Bengali,iOS,12,web,play_store,9,4,119.0,google,generic,ag1,paid,1
102297,Sun,13,Android,0,1,Female,40.0,Delhi,Delhi,1,0,1,0,0,0,0,0,2.1,Xiaomi,iPhone 13,Other,Tamil,Android,15,app,play_store,11,2,64.2,organic,none,ag3,none,0
102298,Sun,15,Android,0,1,Unknown,29.0,Indore,Karnataka,0,0,1,0,0,0,0,0,1.2,Samsung,Nord,Jio,Marathi,Android,12,app,play_store,7,1,59.3,meta,brand,ag2,organic,0
102299,Wed,13,iOS,0,1,Male,30.0,Jaipur,Delhi,0,0,0,0,1,0,1,0,2.0,Xiaomi,Y21,Airtel,Marathi,Android,15,app,play_store,9,6,350.8,referral,generic,ag2,organic,0
102300,Thu,8,Android,1,1,Unknown,18.0,Delhi,MP,0,0,0,0,0,1,0,0,2.1,Oppo,A12,BSNL,Tamil,Android,16,app,play_store,8,0,202.6,meta,activation,ag1,crm,0
102301,Thu,3,Web,0,2,Male,40.0,Pune,Unknown,0,0,0,0,0,0,0,0,1.0,Vivo,Note 10,BSNL,Tamil,Android,13,app,play_store,11,2,32.9,organic,activation,ag3,paid,0
102302,Sat,22,Web,1,4,Female,29.0,Bangalore,Karnataka,0,1,0,0,0,1,0,0,1.0,Apple,Y21,Other,Hindi,iOS,11,app,play_store,16,2,122.7,meta,generic,ag3,crm,0
102303,Tue,10,Android,0,1,Male,22.0,Indore,Unknown,1,0,0,0,1,0,0,0,2.0,Apple,Y21,BSNL,Hindi,Android,13,app,app_store,10,0,214.9,meta,none,ag2,paid,1
102304,Sat,5,Android,0,1,Female,36.0,Indore,Unknown,0,0,0,1,0,0,0,0,1.2,Oppo,Reno,Airtel,Tamil,iOS,14,app,play_store,8,2,448.0,organic,generic,ag2,none,0
102305,Tue,14,Android,1,1,Male,18.0,Indore,Maharashtra,0,1,0,0,0,0,0,0,2.1,Vivo,Y21,Vi,Bengali,Android,11,app,play_store,8,7,84.6,referral,generic,ag2,crm,0
102306,Sun,4,Android,0,1,Female,27.0,Mumbai,Unknown,0,1,0,0,0,1,0,0,1.2,Vivo,Y21,BSNL,Marathi,Android,13,app,play_store,6,0,376.9,influencer,remarketing,ag1,crm,0
102307,Wed,10,Android,1,1,Unknown,37.0,Mumbai,Maharashtra,0,0,0,0,0,1,0,0,1.0,Xiaomi,Note 10,Jio,Bengali,iOS,13,app,app_store,8,2,511.8,google,brand,ag3,paid,0
102308,Sun,17,Android,0,1,Female,26.0,Pune,Unknown,1,0,0,0,0,1,0,1,1.1,Apple,Reno,Other,English,iOS,17,app,play_store,6,2,114.1,influencer,none,ag3,none,0
102309,Mon,12,Web,0,1,Female,24.0,Bangalore,Rajasthan,1,1,0,0,0,0,0,0,1.1,Apple,Note 10,Vi,English,Android,14,app,play_store,5,4,283.0,meta,brand,ag2,crm,0
102310,Thu,10,Android,0,1,Male,27.0,Delhi,MP,1,0,0,0,0,1,0,0,1.2,Apple,Reno,Vi,English,Android,15,app,app_store,8,5,161.5,influencer,activation,none,organic,0
102311,Tue,13,iOS,1,1,Male,18.0,Pune,Karnataka,0,0,0,0,0,0,0,0,1.0,Samsung,iPhone 13,Other,Bengali,Android,16,app,play_store,3,2,192.7,referral,remarketing,none,paid,0
102312,Sat,17,Android,0,1,Unknown,36.0,Mumbai,Delhi,1,0,0,0,1,0,0,1,1.0,Apple,iPhone 13,Other,Hindi,Android,16,app,app_store,7,3,228.5,organic,generic,ag3,crm,0
102313,Wed,18,Android,1,1,Female,29.0,Pune,Delhi,0,0,0,1,0,0,0,0,1.1,Samsung,Note 10,BSNL,English,iOS,16,app,app_store,9,3,455.2,organic,activation,none,crm,1
102314,Tue,23,iOS,0,1,Female,28.0,Bangalore,Karnataka,0,0,1,0,0,1,0,0,1.1,Oppo,Reno,Other,Tamil,Android,14,web,play_store,6,4,879.4,influencer,none,ag2,paid,0
102315,Sat,14,Android,0,1,Male,28.0,Pune,MP,1,0,0,0,0,0,0,1,2.1,Samsung,Note 10,Jio,Marathi,Android,15,app,play_store,10,3,191.4,influencer,brand,ag3,organic,0
102316,Thu,8,Android,0,1,Male,30.0,Unknown,MP,0,1,0,0,0,0,0,0,2.1,OnePlus,iPhone 13,Airtel,Hindi,iOS,16,app,app_store,6,4,238.2,referral,activation,ag1,none,0
102317,Sun,7,Android,1,1,Male,35.0,Jaipur,Unknown,0,0,0,0,0,0,0,0,1.1,OnePlus,Note 10,Vi,English,Android,14,app,play_store,7,2,249.4,organic,brand,none,none,0
102318,Thu,19,Android,1,3,Male,30.0,Jaipur,Delhi,1,0,0,0,0,0,0,0,1.2,Samsung,A12,Other,Marathi,Android,11,app,app_store,11,4,138.3,organic,generic,ag2,none,0
102319,Fri,0,Android,1,3,Male,19.0,Indore,Karnataka,1,0,0,1,0,0,0,0,2.0,Vivo,Reno,BSNL,Marathi,iOS,16,app,app_store,3,5,358.1,referral,remarketing,none,organic,0
102320,Mon,3,Android,0,2,Male,35.0,Delhi,Unknown,0,0,0,0,0,0,1,0,1.0,Xiaomi,A12,Other,Hindi,Android,13,app,play_store,6,3,32.3,meta,generic,ag1,paid,0
102321,Fri,13,Android,0,1,Male,34.0,Unknown,Karnataka,1,0,0,1,0,0,0,0,1.0,Vivo,A12,Jio,Bengali,Android,13,app,play_store,6,6,511.1,influencer,brand,ag1,paid,0
102322,Wed,1,Web,0,1,Female,32.0,Mumbai,Delhi,1,0,0,0,0,0,0,0,1.0,OnePlus,A12,Other,Marathi,Android,17,app,play_store,7,6,1356.8,google,brand,ag1,crm,0
102323,Tue,15,iOS,1,1,Male,39.0,Unknown,Karnataka,1,0,0,1,0,0,0,0,2.1,Apple,Y21,Jio,Hindi,Android,15,app,play_store,9,6,265.4,google,remarketing,none,paid,1
102324,Wed,2,Android,0,1,Female,30.0,Mumbai,Karnataka,0,0,0,0,0,0,0,0,1.1,Vivo,A12,Other,English,Android,17,app,play_store,9,5,1298.9,meta,remarketing,ag1,paid,1
102325,Sun,7,iOS,0,1,Unknown,39.0,Jaipur,Unknown,0,1,0,0,0,0,0,0,2.1,Xiaomi,Reno,Airtel,Hindi,Android,14,app,play_store,7,3,422.4,google,remarketing,ag3,paid,1
102326,Sat,5,Android,0,1,Male,41.0,Bangalore,Maharashtra,1,0,0,0,0,0,0,0,1.1,Samsung,Reno,BSNL,Bengali,Android,17,app,play_store,8,2,90.6,referral,activation,ag2,organic,0
102327,Thu,15,Android,0,1,Female,35.0,Bangalore,Maharashtra,0,0,0,0,0,0,0,1,1.2,Samsung,iPhone 13,Jio,English,Android,12,app,play_store,8,5,334.7,meta,activation,ag2,organic,0
102328,Fri,23,Android,0,1,Unknown,24.0,Bangalore,Rajasthan,0,1,1,0,0,0,0,0,2.1,OnePlus,Reno,Other,Bengali,Android,11,web,play_store,9,1,117.4,organic,remarketing,ag1,organic,0
102329,Fri,15,Android,1,4,Male,29.0,Mumbai,Unknown,0,0,0,0,0,0,0,0,1.1,Oppo,Y21,Vi,Marathi,Android,12,app,play_store,5,7,202.8,referral,brand,ag2,crm,0
102330,Sun,6,Android,0,1,Male,40.0,Indore,Rajasthan,0,0,0,0,0,0,0,0,1.2,Oppo,iPhone 13,Jio,Hindi,Android,17,app,play_store,11,3,187.3,meta,generic,ag1,none,0
102331,Fri,12,Android,1,3,Male,18.0,Unknown,MP,1,0,0,0,0,0,0,0,2.1,Xiaomi,Nord,Airtel,Tamil,iOS,13,app,play_store,10,3,132.1,organic,brand,ag1,paid,0
102332,Sun,12,Android,1,1,Female,27.0,Delhi,Maharashtra,0,0,1,0,0,0,0,0,1.0,Xiaomi,Nord,Airtel,Bengali,Android,16,app,play_store,11,3,295.4,meta,generic,none,none,0
102333,Wed,4,iOS,0,1,Male,27.0,Bangalore,Maharashtra,0,0,0,0,0,0,0,1,1.2,Vivo,Note 10,Vi,Hindi,Android,14,app,play_store,9,3,685.2,google,activation,ag3,paid,1
102334,Thu,19,Android,0,1,Male,23.0,Mumbai,Maharashtra,1,0,0,0,0,0,0,0,2.1,Xiaomi,Y21,Other,Tamil,Android,15,app,play_store,7,5,692.6,referral,none,none,none,1
102335,Tue,21,Android,0,1,Female,37.0,Indore,Maharashtra,0,0,1,0,1,0,1,1,1.1,Vivo,A12,Other,Tamil,Android,15,app,play_store,8,2,805.8,influencer,generic,ag3,crm,0
102336,Sat,17,iOS,1,1,Male,33.0,Bangalore,MP,0,1,0,0,1,0,0,0,1.0,Oppo,Nord,Other,Hindi,Android,16,app,app_store,13,2,338.0,organic,activation,ag1,organic,1
102337,Tue,14,Android,0,1,Unknown,24.0,Unknown,Delhi,0,0,0,0,0,0,0,0,1.1,Vivo,Y21,Other,English,iOS,16,app,play_store,6,5,375.3,google,brand,ag3,organic,1
102338,Wed,17,Android,0,1,Male,35.0,Bangalore,MP,0,0,0,0,1,0,0,0,2.0,OnePlus,A12,Other,Tamil,Android,15,app,play_store,8,3,632.6,google,none,ag2,none,0
102339,Sat,1,iOS,0,1,Unknown,29.0,Delhi,Delhi,1,0,0,1,0,0,0,0,2.0,Vivo,Nord,Vi,Hindi,Android,17,app,play_store,3,5,641.9,referral,brand,ag3,crm,0
102340,Fri,9,Android,0,1,Male,23.0,Jaipur,Rajasthan,1,0,1,0,0,0,0,0,2.1,Oppo,Note 10,Airtel,Hindi,Android,13,app,play_store,5,0,361.8,google,brand,none,none,1
102341,Mon,22,Android,0,1,Male,24.0,Delhi,Maharashtra,0,0,0,0,0,1,0,0,1.2,Apple,iPhone 13,Vi,English,Android,11,app,web,7,5,352.3,google,brand,ag1,crm,0
102342,Wed,12,Android,0,1,Male,33.0,Pune,Unknown,1,0,0,0,0,0,1,0,1.2,Xiaomi,Note 10,BSNL,Hindi,Android,12,app,play_store,4,2,106.9,meta,brand,ag3,none,0
102343,Wed,17,iOS,1,2,Unknown,38.0,Jaipur,Unknown,0,0,0,0,0,0,0,0,2.1,Samsung,Nord,BSNL,Bengali,Android,13,app,play_store,7,2,782.1,meta,generic,ag1,none,1
102344,Thu,14,Android,1,1,Male,26.0,Jaipur,Delhi,0,0,1,0,1,1,0,0,2.1,Oppo,iPhone 13,Jio,Bengali,Android,14,app,app_store,9,4,468.4,organic,none,ag3,none,1
102345,Tue,11,iOS,0,1,Female,34.0,Unknown,MP,0,0,0,0,0,0,0,0,1.0,Vivo,Nord,Other,English,iOS,15,app,play_store,3,3,1705.7,organic,remarketing,ag3,organic,1
102346,Wed,14,Android,0,1,Female,43.0,Jaipur,Delhi,1,0,0,0,0,0,0,0,1.1,Samsung,Nord,Airtel,Marathi,Android,14,app,play_store,12,3,100.0,google,generic,ag1,crm,0
102347,Wed,12,Android,1,4,Female,20.0,Bangalore,Karnataka,0,0,0,1,0,0,0,0,1.1,Xiaomi,A12,Jio,Hindi,Android,13,web,play_store,9,3,655.0,referral,activation,ag3,crm,1
102348,Fri,17,iOS,0,1,Male,33.0,Pune,Rajasthan,0,0,0,1,0,1,0,0,2.0,Samsung,Y21,BSNL,Bengali,Android,14,app,web,7,5,592.8,organic,none,ag2,crm,1
102349,Fri,14,Android,1,1,Unknown,37.0,Unknown,Rajasthan,0,1,0,0,0,0,0,0,2.0,Samsung,Reno,Jio,Bengali,Android,12,app,play_store,5,2,421.8,meta,remarketing,none,paid,0
102350,Sat,22,Android,0,1,Female,29.0,Mumbai,Maharashtra,0,1,1,0,0,0,0,1,2.1,OnePlus,iPhone 13,BSNL,Hindi,Android,17,app,play_store,13,5,195.9,influencer,none,none,none,0
102351,Sun,10,Android,1,1,Male,40.0,Unknown,Maharashtra,1,1,0,1,0,0,0,0,1.2,Xiaomi,Reno,BSNL,Hindi,Android,15,app,web,1,3,213.0,referral,remarketing,ag2,none,0
102352,Sun,18,iOS,0,1,Female,48.0,Delhi,MP,0,1,1,0,0,0,0,0,1.2,Vivo,Note 10,Vi,Tamil,Android,12,app,play_store,10,2,605.7,google,activation,ag1,organic,1
102353,Mon,2,Android,0,1,Unknown,33.0,Jaipur,Delhi,1,0,0,0,0,0,0,0,1.0,Vivo,iPhone 13,Jio,English,Android,15,app,play_store,7,1,141.9,referral,remarketing,ag3,organic,1
102354,Sun,6,Android,1,2,Unknown,28.0,Jaipur,Karnataka,0,0,0,0,0,1,0,0,2.0,Apple,Y21,BSNL,Tamil,Android,15,app,play_store,9,4,513.0,google,none,ag2,none,1
102355,Thu,20,Android,0,1,Male,38.0,Indore,Rajasthan,1,0,0,0,0,0,0,0,1.0,Vivo,Reno,Airtel,English,Android,17,web,play_store,7,2,264.4,meta,remarketing,ag1,paid,0
102356,Mon,13,iOS,0,2,Female,37.0,Bangalore,Delhi,1,0,0,0,0,0,0,0,1.1,Apple,Y21,BSNL,Tamil,Android,14,app,app_store,8,3,17.8,organic,remarketing,ag1,paid,0
102357,Sat,13,Android,0,2,Male,18.0,Unknown,Karnataka,0,0,0,0,0,0,0,0,2.1,Oppo,Y21,Vi,English,Android,14,app,app_store,7,6,164.3,google,brand,ag2,organic,0
102358,Fri,21,Android,1,1,Male,30.0,Bangalore,Unknown,0,0,0,0,0,0,0,0,1.2,Xiaomi,A12,Jio,Hindi,iOS,15,app,play_store,9,3,303.6,google,none,ag2,none,0
102359,Sun,12,Android,0,1,Male,27.0,Pune,Delhi,1,0,0,1,0,0,0,0,2.0,Apple,Nord,BSNL,English,Android,15,web,app_store,6,0,235.5,meta,generic,ag3,paid,0
102360,Tue,11,Android,1,1,Male,33.0,Delhi,Maharashtra,1,0,0,1,0,0,0,0,2.0,Xiaomi,Note 10,Other,Bengali,Android,14,app,app_store,8,3,186.4,meta,remarketing,ag1,crm,0
102361,Fri,23,Android,0,4,Female,28.0,Jaipur,Unknown,0,0,0,0,0,1,0,0,2.1,Samsung,Reno,Other,Marathi,iOS,14,app,play_store,8,2,173.4,organic,activation,ag3,none,1
102362,Thu,8,Android,0,1,Male,29.0,Jaipur,Unknown,0,1,0,0,0,0,0,0,2.1,Xiaomi,Note 10,BSNL,Bengali,Android,17,app,web,7,4,226.6,google,none,ag1,paid,0
102363,Fri,0,Android,1,1,Male,23.0,Pune,Rajasthan,1,0,0,0,0,0,0,0,2.0,Xiaomi,Note 10,Jio,English,Android,17,app,play_store,7,2,339.3,google,remarketing,none,crm,0
102364,Thu,18,iOS,0,1,Male,36.0,Unknown,Karnataka,0,1,0,0,0,0,0,0,2.0,Xiaomi,iPhone 13,Vi,English,Android,13,app,play_store,7,4,538.2,referral,activation,ag2,organic,0
102365,Thu,10,iOS,0,3,Male,43.0,Bangalore,Maharashtra,0,0,0,0,0,0,0,0,1.2,Samsung,A12,Airtel,English,iOS,14,app,play_store,3,4,307.6,influencer,remarketing,none,none,0
102366,Thu,22,Android,0,1,Unknown,23.0,Delhi,Unknown,1,0,0,0,0,0,0,0,1.2,Vivo,A12,Jio,Marathi,Android,12,app,play_store,12,2,728.1,google,brand,ag2,paid,1
102367,Sat,21,iOS,0,1,Female,19.0,Bangalore,MP,1,0,0,0,1,1,0,0,2.1,Apple,Note 10,Vi,Marathi,Android,13,app,play_store,9,3,226.8,meta,none,ag3,none,0
102368,Thu,22,Android,0,1,Male,30.0,Delhi,MP,1,0,0,0,1,1,0,0,1.1,Oppo,Note 10,BSNL,Tamil,Android,17,app,play_store,7,4,40.1,referral,activation,ag1,paid,0
102369,Thu,23,iOS,0,1,Unknown,30.0,Unknown,Maharashtra,0,1,0,1,0,0,0,0,1.1,Xiaomi,Reno,Airtel,English,Android,16,app,play_store,5,3,777.3,organic,remarketing,ag1,organic,0
102370,Tue,21,Android,0,1,Male,39.0,Bangalore,Karnataka,1,0,1,1,0,0,0,1,2.1,Xiaomi,Y21,Jio,Tamil,Android,12,app,play_store,5,5,355.8,meta,activation,ag2,organic,1
102371,Mon,18,Android,0,2,Female,20.0,Indore,Karnataka,0,0,0,0,0,0,0,0,2.1,Apple,iPhone 13,BSNL,Bengali,Android,17,app,app_store,6,5,346.5,influencer,activation,ag3,crm,0
102372,Wed,17,iOS,0,1,Unknown,26.0,Jaipur,Rajasthan,0,0,0,0,0,0,0,0,1.0,Apple,Y21,Airtel,Marathi,Android,13,app,play_store,2,2,301.1,influencer,brand,ag2,crm,0
102373,Mon,11,iOS,0,1,Male,18.0,Unknown,Maharashtra,0,0,0,0,0,0,0,1,1.1,OnePlus,Nord,BSNL,Hindi,Android,13,app,play_store,11,3,272.6,organic,generic,none,paid,0
102374,Thu,22,Android,1,1,Female,41.0,Unknown,MP,1,1,0,0,0,0,0,0,2.0,Samsung,Y21,Other,Marathi,Android,15,app,app_store,11,2,136.5,organic,activation,ag1,none,0
102375,Tue,0,Android,1,1,Male,32.0,Pune,Maharashtra,0,0,0,1,0,0,0,0,1.0,Apple,Nord,Other,Tamil,Android,13,app,app_store,12,5,251.0,google,brand,ag2,none,0
102376,Fri,18,Android,0,1,Male,26.0,Delhi,Delhi,1,0,1,0,0,0,0,0,1.0,Samsung,Nord,Vi,Hindi,iOS,17,app,play_store,9,4,131.4,organic,brand,ag2,crm,0
102377,Tue,19,Android,0,1,Female,19.0,Pune,Karnataka,1,0,0,1,0,1,0,0,2.1,Vivo,Y21,Airtel,Hindi,Android,17,web,play_store,0,5,57.7,referral,activation,ag2,crm,1
102378,Thu,16,Android,1,1,Unknown,20.0,Delhi,Unknown,0,0,1,0,0,0,0,1,1.2,Samsung,Note 10,Other,Hindi,Android,16,web,play_store,9,2,305.5,organic,activation,ag1,paid,0
102379,Tue,4,Android,0,1,Male,33.0,Unknown,Delhi,1,0,0,0,0,0,0,0,1.0,Xiaomi,Y21,BSNL,Marathi,Android,11,app,play_store,4,0,509.5,google,brand,ag1,paid,0
102380,Sun,2,iOS,0,1,Unknown,21.0,Delhi,MP,1,0,0,0,0,0,0,0,2.1,Oppo,Nord,Vi,English,Android,13,app,app_store,6,2,1162.1,organic,generic,ag2,none,0
102381,Tue,1,Android,1,1,Unknown,31.0,Jaipur,Karnataka,0,0,0,0,0,0,0,0,1.0,Xiaomi,A12,Other,Hindi,Android,17,app,play_store,7,4,96.8,organic,activation,none,paid,0
102382,Thu,2,Android,0,1,Male,46.0,Delhi,MP,0,0,0,0,0,0,1,0,1.2,Samsung,Nord,Vi,Bengali,Android,13,app,play_store,10,3,499.5,influencer,none,none,paid,0
102383,Sat,7,Android,0,1,Male,27.0,Bangalore,MP,0,0,0,0,0,1,0,0,2.1,OnePlus,Reno,Airtel,Bengali,Android,12,app,play_store,7,2,821.9,organic,none,ag3,none,0
102384,Sun,15,Android,1,1,Female,22.0,Mumbai,MP,0,0,0,0,0,1,0,0,1.2,Xiaomi,iPhone 13,Other,Hindi,Android,13,app,play_store,11,5,447.6,meta,brand,ag1,none,0
102385,Tue,5,Android,1,1,Male,33.0,Bangalore,Rajasthan,1,0,0,0,0,1,0,0,1.2,OnePlus,A12,Other,Bengali,Android,17,app,app_store,12,1,165.3,meta,remarketing,ag1,none,0
102386,Wed,12,Android,0,1,Male,20.0,Mumbai,MP,0,0,0,0,1,0,0,0,2.0,Vivo,Y21,Jio,Bengali,Android,14,app,play_store,9,2,354.4,referral,activation,ag3,organic,0
102387,Wed,22,iOS,0,1,Unknown,44.0,Jaipur,MP,1,0,0,1,0,1,0,0,1.2,OnePlus,Nord,Jio,Bengali,Android,16,app,play_store,5,2,138.8,organic,brand,ag2,paid,0
102388,Tue,21,iOS,0,1,Female,41.0,Jaipur,Delhi,1,0,0,0,0,0,1,1,1.2,OnePlus,Reno,Airtel,Tamil,Android,12,app,play_store,5,2,351.3,organic,generic,ag3,none,0
102389,Sat,21,Android,1,2,Male,29.0,Bangalore,Delhi,0,0,0,0,0,0,0,0,1.2,Vivo,A12,Airtel,Tamil,iOS,12,web,play_store,8,3,66.8,meta,none,ag3,crm,0
102390,Fri,15,Android,0,1,Female,23.0,Mumbai,Delhi,0,0,0,0,0,0,0,0,1.1,OnePlus,Note 10,Jio,Bengali,Android,12,app,play_store,2,2,331.9,influencer,brand,none,crm,0
102391,Thu,15,Android,0,1,Male,27.0,Unknown,Karnataka,0,0,0,0,0,0,0,0,2.0,Oppo,Y21,Other,English,Android,12,app,app_store,10,1,261.9,organic,activation,ag1,organic,1
102392,Wed,2,iOS,1,1,Male,28.0,Jaipur,Rajasthan,0,1,0,0,0,0,0,0,1.1,Oppo,Nord,Vi,Bengali,Android,14,app,play_store,6,3,577.8,meta,brand,none,organic,1
102393,Fri,12,iOS,0,1,Unknown,33.0,Delhi,Karnataka,0,0,0,0,0,0,0,0,1.2,Vivo,Reno,Airtel,Tamil,Android,12,app,play_store,9,3,408.9,referral,remarketing,ag3,paid,0
102394,Tue,13,Android,0,1,Female,38.0,Delhi,Rajasthan,0,0,0,0,1,0,0,0,1.1,Vivo,iPhone 13,Jio,Hindi,iOS,16,app,play_store,4,5,396.3,referral,remarketing,ag1,crm,1
102395,Fri,7,Android,0,1,Male,22.0,Mumbai,Rajasthan,0,0,0,0,0,0,0,0,2.1,OnePlus,Note 10,Vi,Bengali,iOS,12,app,play_store,9,4,69.3,organic,generic,ag2,organic,0
102396,Sun,11,iOS,0,1,Male,38.0,Mumbai,Maharashtra,0,0,0,0,1,0,0,0,1.1,Xiaomi,iPhone 13,Jio,Marathi,Android,14,app,play_store,7,4,211.2,meta,none,ag3,crm,0
102397,Mon,22,Android,0,1,Female,35.0,Pune,Unknown,1,0,0,0,0,0,0,0,2.1,Vivo,A12,BSNL,Tamil,iOS,16,app,play_store,13,1,591.4,google,generic,ag3,paid,1
102398,Wed,22,Android,1,1,Male,26.0,Delhi,Maharashtra,0,1,0,0,0,0,1,0,1.0,Samsung,iPhone 13,Other,Tamil,Android,13,app,play_store,5,2,432.7,referral,generic,ag1,paid,0
102399,Tue,21,iOS,1,1,Male,21.0,Bangalore,Maharashtra,0,1,0,0,0,0,0,0,2.0,Xiaomi,Nord,Vi,Tamil,Android,11,app,web,8,2,300.9,meta,remarketing,ag3,organic,1
102400,Thu,20,iOS,0,1,Male,31.0,Pune,Rajasthan,0,0,0,1,0,0,0,1,1.1,Apple,Nord,Jio,Hindi,iOS,13,app,app_store,6,2,161.2,referral,remarketing,ag2,organic,0
102401,Sat,7,Android,0,3,Female,22.0,Unknown,Rajasthan,0,0,1,0,0,1,0,0,1.0,Oppo,iPhone 13,Vi,Marathi,iOS,16,app,play_store,3,3,249.1,organic,activation,ag1,paid,0
102402,Sun,20,Android,0,1,Male,38.0,Mumbai,Karnataka,0,0,0,0,1,0,0,0,1.2,Oppo,A12,BSNL,Marathi,Android,14,app,play_store,3,0,200.0,google,brand,ag2,paid,0
102403,Tue,8,Android,0,1,Male,21.0,Unknown,Rajasthan,0,0,0,0,0,0,0,0,2.1,Oppo,Nord,BSNL,Marathi,Android,13,app,web,8,4,299.9,influencer,activation,ag2,none,0
102404,Thu,0,Android,0,1,Male,34.0,Jaipur,MP,0,0,0,0,0,0,0,0,1.1,Xiaomi,Nord,Other,Tamil,iOS,12,app,app_store,5,2,170.4,referral,brand,ag1,paid,0
102405,Sat,5,Android,1,1,Male,29.0,Bangalore,MP,0,1,0,0,0,0,0,0,1.0,Vivo,iPhone 13,Jio,Bengali,Android,14,app,play_store,7,1,148.7,influencer,none,ag1,paid,0
102406,Sat,22,Android,0,1,Male,26.0,Indore,Rajasthan,0,0,0,0,0,0,1,0,1.0,Samsung,iPhone 13,Jio,Bengali,iOS,14,app,play_store,8,2,705.4,google,remarketing,ag1,organic,0
102407,Tue,18,Android,0,1,Male,29.0,Indore,MP,0,0,0,0,1,1,0,0,2.0,Apple,A12,Jio,Marathi,Android,11,app,play_store,8,1,308.1,referral,brand,ag1,paid,0
102408,Sun,22,iOS,0,1,Male,39.0,Unknown,Rajasthan,0,0,0,1,0,0,0,0,1.2,Oppo,Note 10,Airtel,Tamil,Android,11,app,play_store,15,2,794.5,referral,none,ag3,crm,1
102409,Fri,10,Android,0,1,Female,20.0,Unknown,Maharashtra,1,0,0,0,1,0,0,0,2.0,Xiaomi,Y21,Other,Bengali,Android,16,app,app_store,4,1,138.8,referral,generic,ag1,organic,0
102410,Fri,10,Android,0,1,Male,27.0,Jaipur,Rajasthan,0,0,0,0,0,1,0,0,1.1,Samsung,Y21,BSNL,English,Android,16,app,play_store,8,7,552.3,organic,generic,ag2,none,0
102411,Sat,22,Android,0,1,Male,24.0,Indore,Maharashtra,0,1,0,0,1,0,0,0,1.2,Vivo,Y21,Other,Bengali,Android,17,web,app_store,10,2,370.4,meta,none,none,crm,1
102412,Fri,12,Android,0,2,Unknown,30.0,Jaipur,Delhi,1,0,0,0,0,1,0,1,1.1,Apple,iPhone 13,Airtel,Bengali,Android,13,app,app_store,8,5,499.0,google,brand,ag1,none,0
102413,Mon,10,Android,1,1,Female,25.0,Bangalore,MP,1,0,0,0,0,0,0,0,2.1,Oppo,Nord,Jio,English,Android,12,app,play_store,4,6,321.9,organic,brand,none,organic,1
102414,Sat,17,Android,0,3,Female,18.0,Jaipur,Delhi,1,0,0,0,0,0,0,1,1.1,Vivo,Nord,BSNL,Bengali,Android,11,app,play_store,11,1,459.2,referral,remarketing,ag3,crm,0
102415,Sat,22,iOS,0,1,Male,22.0,Unknown,MP,0,1,0,0,0,0,0,0,1.2,Xiaomi,Reno,Jio,Hindi,Android,13,app,web,13,3,459.5,google,activation,ag3,paid,1
102416,Thu,14,Android,0,3,Male,43.0,Mumbai,Unknown,0,0,0,0,0,0,0,0,1.1,Oppo,Note 10,Airtel,Tamil,Android,13,app,app_store,5,1,134.5,meta,remarketing,ag2,crm,0
102417,Fri,0,iOS,1,1,Female,32.0,Bangalore,Unknown,0,0,0,1,0,0,0,0,2.0,Xiaomi,Nord,Airtel,Hindi,Android,15,app,play_store,2,5,775.5,meta,generic,none,crm,1
102418,Sun,20,Web,0,1,Female,32.0,Pune,Unknown,1,0,0,0,0,0,0,1,1.0,Vivo,iPhone 13,Jio,Hindi,Android,15,app,app_store,3,5,105.9,organic,activation,ag2,crm,0
102419,Sat,6,Android,0,1,Male,28.0,Pune,Delhi,1,0,0,0,0,0,0,0,1.1,Apple,A12,Jio,Tamil,Android,17,app,play_store,7,2,443.7,organic,activation,ag3,crm,0
102420,Sun,22,Android,0,1,Male,30.0,Indore,Unknown,0,1,0,0,0,0,0,0,1.2,Oppo,A12,Vi,Hindi,Android,12,app,play_store,4,4,790.5,meta,brand,ag1,none,0
102421,Mon,12,Web,1,1,Unknown,27.0,Unknown,Rajasthan,0,0,0,0,0,0,0,0,2.0,Oppo,Reno,BSNL,Bengali,iOS,15,app,play_store,7,3,522.9,meta,generic,ag3,paid,1
102422,Thu,11,Web,0,1,Male,34.0,Mumbai,Unknown,0,0,0,0,0,0,0,0,1.2,OnePlus,Y21,BSNL,Marathi,iOS,17,app,app_store,6,6,229.3,influencer,brand,none,paid,0
102423,Tue,17,Android,0,3,Male,31.0,Unknown,Delhi,0,0,0,0,0,1,0,0,2.1,Samsung,Y21,Other,Marathi,Android,12,app,play_store,5,5,481.3,google,remarketing,ag3,paid,1
102424,Sun,23,Android,0,1,Male,21.0,Pune,MP,1,0,0,0,0,0,0,0,1.0,Oppo,A12,Other,Hindi,Android,12,app,play_store,14,1,336.2,organic,none,ag1,none,1
102425,Sat,18,Android,0,1,Female,32.0,Delhi,Karnataka,0,0,0,0,0,0,0,1,2.0,Samsung,Y21,Airtel,Marathi,Android,16,app,play_store,8,2,4.8,google,generic,ag1,organic,0
102426,Mon,14,Web,0,1,Female,18.0,Unknown,MP,0,0,0,1,0,0,0,0,1.0,Vivo,Y21,BSNL,Hindi,Android,14,app,play_store,10,7,104.0,referral,activation,none,paid,0
102427,Wed,7,Android,0,1,Female,33.0,Delhi,Karnataka,1,0,0,0,0,0,0,0,1.1,OnePlus,Note 10,Airtel,Tamil,iOS,17,app,play_store,9,4,622.0,organic,remarketing,ag2,none,1
102428,Mon,18,Android,1,1,Male,19.0,Indore,Rajasthan,0,0,0,1,0,0,0,0,1.0,Vivo,A12,Jio,English,iOS,13,app,app_store,8,4,204.3,meta,remarketing,ag1,crm,0
102429,Mon,9,iOS,0,1,Male,29.0,Unknown,MP,0,0,0,0,0,0,0,0,1.1,Apple,Note 10,BSNL,Hindi,Android,15,app,web,7,2,529.2,meta,none,ag3,paid,1
102430,Thu,6,Android,0,4,Male,20.0,Indore,Delhi,0,0,0,0,0,0,0,0,2.0,Vivo,Reno,Airtel,English,Android,11,app,play_store,10,3,211.4,google,remarketing,ag3,crm,0
102431,Tue,17,Android,0,1,Female,30.0,Indore,Rajasthan,0,1,0,0,0,0,0,0,1.2,Apple,Y21,Vi,Bengali,iOS,12,app,play_store,7,2,187.3,google,brand,none,paid,0
102432,Wed,15,Android,0,1,Female,35.0,Pune,MP,0,0,0,1,1,0,1,0,2.0,Xiaomi,Nord,Vi,Tamil,Android,12,app,web,10,5,282.5,influencer,none,ag2,none,0
102433,Fri,19,iOS,0,1,Unknown,42.0,Mumbai,Rajasthan,0,0,0,1,0,1,0,0,1.2,OnePlus,Reno,BSNL,Marathi,iOS,13,app,play_store,9,1,227.5,referral,brand,ag3,paid,0
102434,Fri,5,Android,1,4,Male,18.0,Jaipur,Karnataka,0,1,0,1,0,0,0,1,1.2,Samsung,Y21,BSNL,Hindi,Android,13,app,play_store,8,1,304.6,meta,generic,ag1,crm,1
102435,Sun,8,Android,1,1,Female,38.0,Jaipur,Rajasthan,0,1,0,0,0,0,0,1,1.0,Xiaomi,Y21,Other,Hindi,Android,15,app,play_store,7,2,105.8,meta,none,ag2,none,1
102436,Mon,20,Android,0,3,Male,31.0,Indore,Delhi,0,0,0,1,1,0,0,0,1.2,Apple,Note 10,BSNL,Bengali,iOS,15,app,app_store,6,1,333.6,referral,brand,none,organic,0
102437,Thu,12,Android,0,1,Male,26.0,Bangalore,MP,1,0,0,0,0,0,0,0,2.1,Oppo,iPhone 13,Other,Tamil,Android,17,web,play_store,5,2,192.3,google,brand,ag3,paid,0
102438,Thu,20,Android,0,1,Male,36.0,Indore,Karnataka,0,1,0,0,1,0,0,0,2.1,Samsung,Reno,Vi,English,Android,12,web,play_store,8,1,90.3,google,remarketing,ag1,none,0
102439,Fri,7,Android,1,1,Male,28.0,Unknown,Rajasthan,0,0,0,0,0,0,0,0,1.0,Xiaomi,iPhone 13,Vi,Tamil,Android,14,app,play_store,10,1,263.8,referral,activation,ag1,none,0
102440,Sun,15,Android,1,1,Unknown,36.0,Jaipur,Maharashtra,0,1,0,0,0,0,1,0,1.0,Xiaomi,Nord,Vi,Bengali,iOS,16,app,play_store,6,2,117.2,google,brand,ag3,organic,0
102441,Sun,12,iOS,1,1,Male,22.0,Jaipur,Karnataka,0,1,0,0,0,0,0,0,2.0,Xiaomi,Y21,Jio,English,Android,11,app,play_store,7,6,281.3,influencer,generic,none,organic,0
102442,Sun,12,iOS,1,1,Unknown,25.0,Jaipur,Karnataka,0,0,0,1,0,1,0,0,2.1,Vivo,iPhone 13,BSNL,English,Android,11,app,play_store,7,2,419.6,referral,remarketing,ag1,crm,0
102443,Wed,16,Android,0,1,Male,38.0,Pune,Delhi,1,0,0,0,0,0,0,1,2.1,Oppo,Nord,Vi,Hindi,Android,12,app,app_store,11,0,715.8,influencer,remarketing,ag3,organic,0
102444,Tue,22,Android,0,2,Male,42.0,Mumbai,Delhi,0,0,0,0,0,0,0,1,1.2,Xiaomi,Y21,Other,Hindi,Android,13,app,play_store,12,7,361.3,meta,activation,ag3,crm,0
102445,Wed,19,Android,1,2,Male,30.0,Indore,Rajasthan,0,1,0,0,0,0,0,0,2.0,Xiaomi,A12,Other,Tamil,Android,16,app,play_store,8,3,340.3,referral,generic,ag3,organic,1
102446,Sat,4,iOS,0,2,Male,18.0,Delhi,Maharashtra,0,1,0,0,0,0,0,1,2.0,Xiaomi,Reno,Airtel,English,Android,12,app,web,6,3,75.1,google,remarketing,ag3,none,0
102447,Sat,21,Android,0,1,Male,28.0,Indore,Karnataka,1,0,0,0,0,0,0,0,2.0,OnePlus,Nord,Airtel,Hindi,Android,12,app,play_store,11,3,251.8,influencer,activation,none,organic,0
102448,Tue,20,Android,0,1,Male,30.0,Indore,Rajasthan,1,0,0,0,0,0,0,0,1.1,Oppo,iPhone 13,Jio,English,Android,11,web,app_store,5,2,548.6,referral,activation,none,organic,0
102449,Fri,16,Android,0,1,Male,28.0,Mumbai,Unknown,0,0,0,0,1,0,1,0,1.2,Xiaomi,Y21,Other,English,Android,16,app,app_store,6,2,512.9,meta,brand,ag2,none,0
102450,Tue,8,Android,0,2,Unknown,33.0,Bangalore,Maharashtra,0,1,0,0,1,1,0,0,1.0,Samsung,Nord,Airtel,Marathi,Android,12,web,play_store,9,2,605.8,google,remarketing,ag3,none,1
102451,Thu,1,Android,0,1,Female,26.0,Indore,Rajasthan,0,0,0,0,0,0,0,0,2.0,OnePlus,Note 10,BSNL,Hindi,Android,16,app,play_store,6,1,254.2,meta,none,none,none,1
102452,Sat,17,Android,1,1,Female,37.0,Indore,Karnataka,1,0,0,0,0,0,0,0,1.2,Vivo,Reno,BSNL,Hindi,Android,12,app,play_store,6,2,200.0,google,activation,ag1,none,1
102453,Mon,8,Android,0,1,Male,21.0,Jaipur,Rajasthan,0,0,0,0,0,0,0,0,1.2,Vivo,Nord,BSNL,Hindi,Android,13,web,play_store,8,1,203.8,referral,generic,ag3,paid,0
102454,Mon,5,Android,0,1,Male,40.0,Pune,Delhi,0,0,0,1,0,0,0,0,1.2,Xiaomi,iPhone 13,BSNL,Marathi,Android,14,app,web,7,4,269.5,influencer,generic,none,crm,0
102455,Fri,10,Android,1,1,Male,42.0,Mumbai,Delhi,0,1,1,0,0,1,0,0,2.1,Oppo,Y21,Airtel,Bengali,Android,17,app,play_store,6,2,187.4,google,brand,none,none,0
102456,Thu,5,Android,0,1,Female,23.0,Pune,MP,0,0,0,1,1,0,0,1,1.0,Oppo,A12,Jio,Marathi,Android,11,app,web,5,2,368.7,google,activation,none,crm,0
102457,Wed,5,Android,0,1,Male,23.0,Jaipur,Maharashtra,0,0,0,0,0,0,0,0,2.0,Apple,Reno,Airtel,Bengali,Android,14,app,play_store,8,2,597.4,google,generic,ag3,crm,1
102458,Thu,12,Android,0,4,Male,33.0,Indore,Unknown,0,0,0,0,0,0,0,1,1.0,Apple,A12,BSNL,Tamil,Android,16,app,app_store,6,2,117.1,organic,remarketing,ag3,crm,0
102459,Mon,10,Android,0,1,Female,21.0,Indore,Karnataka,1,0,0,1,1,1,0,1,1.0,Samsung,Nord,Vi,Hindi,iOS,13,app,play_store,13,3,85.2,organic,remarketing,none,paid,0
102460,Mon,13,Android,0,1,Male,26.0,Delhi,Maharashtra,0,0,1,0,0,0,0,0,2.1,Samsung,Note 10,BSNL,Bengali,iOS,15,app,play_store,12,3,248.5,google,none,ag3,none,0
102461,Sat,1,Android,1,1,Female,39.0,Pune,Delhi,0,1,0,0,0,0,0,0,1.0,OnePlus,A12,Jio,English,Android,16,app,app_store,6,10,459.1,google,remarketing,ag1,organic,0
102462,Thu,7,Android,0,2,Male,36.0,Jaipur,Unknown,0,0,0,0,0,0,0,0,1.0,Oppo,Note 10,Other,Bengali,iOS,16,app,app_store,2,4,196.0,organic,generic,ag1,none,1
102463,Thu,2,Android,0,1,Male,46.0,Mumbai,Karnataka,0,0,0,0,0,1,0,0,1.2,Samsung,Nord,Other,Bengali,Android,16,app,play_store,7,2,393.7,organic,remarketing,none,none,1
102464,Mon,22,Android,0,1,Female,31.0,Unknown,MP,0,0,0,0,0,1,0,0,1.2,Apple,Y21,BSNL,English,Android,12,app,play_store,6,1,481.9,organic,activation,ag2,crm,0
102465,Wed,20,iOS,0,4,Male,25.0,Unknown,Delhi,1,1,0,1,0,1,0,0,2.0,Oppo,Reno,Jio,Tamil,Android,14,app,play_store,12,2,291.9,organic,remarketing,ag3,crm,0
102466,Fri,2,Android,1,1,Male,30.0,Unknown,Delhi,0,0,0,0,0,0,0,0,1.1,Apple,Y21,Airtel,Hindi,Android,17,app,play_store,7,4,487.3,influencer,brand,ag2,crm,1
102467,Sun,0,Android,0,3,Male,29.0,Indore,Unknown,1,0,0,0,0,0,0,0,2.0,Xiaomi,A12,Jio,Marathi,Android,17,app,web,14,7,943.5,meta,activation,ag3,organic,0
102468,Fri,23,Android,0,1,Female,29.0,Delhi,Maharashtra,0,0,0,0,0,0,0,0,2.0,OnePlus,A12,BSNL,Tamil,Android,12,app,play_store,9,0,190.8,google,remarketing,ag3,organic,0
102469,Thu,18,Android,1,1,Unknown,30.0,Delhi,Rajasthan,0,1,0,0,0,1,0,0,1.2,Xiaomi,A12,Airtel,Marathi,Android,12,app,play_store,8,5,450.5,google,none,ag3,organic,1
102470,Fri,17,Android,0,1,Female,23.0,Unknown,Maharashtra,0,1,0,0,1,1,0,0,1.0,Samsung,A12,Other,Marathi,iOS,11,app,play_store,6,3,217.2,influencer,generic,ag3,paid,0
102471,Mon,16,Android,1,1,Female,32.0,Bangalore,Delhi,1,0,0,0,0,0,0,0,2.1,Apple,Nord,BSNL,Tamil,Android,17,web,app_store,5,5,265.6,google,remarketing,ag3,paid,0
102472,Mon,19,Android,0,1,Male,19.0,Mumbai,Maharashtra,0,1,0,0,1,0,0,0,2.0,Oppo,Note 10,Other,Bengali,iOS,14,app,app_store,5,4,222.6,referral,activation,ag1,none,0
102473,Thu,23,Android,0,4,Male,24.0,Unknown,Rajasthan,0,0,0,0,0,0,0,1,1.1,Oppo,Reno,BSNL,Tamil,Android,16,app,play_store,9,3,971.8,meta,none,ag3,none,1
102474,Thu,12,Android,1,4,Male,29.0,Delhi,MP,0,0,0,1,0,0,1,0,2.0,Samsung,iPhone 13,Airtel,Marathi,Android,15,app,play_store,10,2,317.2,referral,generic,ag2,none,1
102475,Sun,2,iOS,1,4,Female,18.0,Mumbai,Karnataka,0,1,0,0,0,0,0,0,1.0,OnePlus,Nord,Jio,Tamil,Android,11,app,play_store,4,1,247.6,organic,activation,ag2,paid,0
102476,Sun,0,Web,0,1,Male,36.0,Unknown,Delhi,0,0,0,0,0,0,0,0,2.0,Apple,A12,Other,English,Android,12,app,play_store,6,2,130.2,referral,generic,none,organic,0
102477,Sat,3,Android,0,4,Female,18.0,Indore,Maharashtra,0,1,0,0,0,0,0,0,1.0,Samsung,A12,Airtel,Bengali,Android,17,app,app_store,6,2,151.8,organic,remarketing,ag2,organic,1
102478,Thu,12,Android,0,1,Female,35.0,Unknown,Delhi,0,0,0,0,0,0,0,0,1.0,Oppo,Reno,Other,Bengali,Android,14,app,play_store,8,5,207.8,meta,generic,ag1,crm,0
102479,Wed,16,Android,0,2,Unknown,20.0,Bangalore,Karnataka,0,0,1,0,0,1,0,0,2.1,Xiaomi,Reno,Vi,Marathi,iOS,14,app,play_store,9,1,490.0,influencer,generic,ag2,organic,1
102480,Fri,10,Android,1,1,Male,27.0,Jaipur,Maharashtra,0,0,0,0,0,0,0,0,2.1,OnePlus,A12,Airtel,Bengali,Android,11,app,play_store,9,3,412.5,organic,none,none,crm,0
102481,Thu,1,Android,0,1,Male,34.0,Mumbai,MP,1,0,0,1,1,1,0,0,2.0,Apple,iPhone 13,Airtel,Marathi,Android,15,app,app_store,12,7,140.1,meta,activation,none,organic,0
102482,Tue,15,Android,0,4,Male,48.0,Jaipur,Karnataka,0,0,0,0,0,0,1,0,2.1,Samsung,Reno,Jio,English,Android,11,app,web,9,3,121.0,google,remarketing,ag2,none,0
102483,Sat,1,Android,1,3,Male,31.0,Bangalore,Rajasthan,0,0,1,0,0,0,1,0,1.1,Xiaomi,Reno,Jio,Marathi,Android,15,app,web,5,1,845.7,influencer,none,none,paid,0
102484,Tue,18,Android,0,1,Female,18.0,Jaipur,Rajasthan,1,0,1,0,0,1,0,1,1.2,Vivo,Note 10,BSNL,English,Android,11,app,play_store,8,6,908.8,influencer,generic,ag1,paid,1
102485,Mon,22,Android,0,1,Male,38.0,Mumbai,Delhi,0,1,0,0,0,1,0,0,2.0,Apple,A12,Jio,English,Android,14,app,app_store,13,2,748.1,organic,brand,ag2,organic,0
102486,Sun,18,Android,1,1,Unknown,28.0,Jaipur,Rajasthan,0,0,0,0,0,1,0,0,2.1,Oppo,Y21,BSNL,Bengali,Android,12,app,play_store,10,4,441.0,influencer,remarketing,ag3,none,0
102487,Fri,15,iOS,1,1,Unknown,31.0,Mumbai,Maharashtra,0,1,0,0,0,0,0,0,1.1,Oppo,A12,Jio,Bengali,Android,15,app,play_store,5,5,160.0,organic,none,ag3,crm,0
102488,Thu,21,Android,1,1,Female,34.0,Pune,Rajasthan,0,0,0,1,0,0,0,0,1.2,Vivo,iPhone 13,Jio,Marathi,iOS,17,app,app_store,4,6,1192.9,referral,brand,ag1,crm,1
102489,Tue,18,Android,0,1,Male,18.0,Bangalore,MP,0,0,0,0,0,1,0,0,1.1,Apple,iPhone 13,BSNL,Marathi,Android,17,app,play_store,5,4,418.5,influencer,activation,ag2,crm,0
102490,Fri,8,Android,1,1,Male,30.0,Mumbai,Unknown,0,0,0,0,0,0,0,0,2.0,Samsung,iPhone 13,Vi,Bengali,Android,14,app,app_store,7,2,254.6,influencer,generic,ag1,paid,0
102491,Mon,0,Android,0,1,Male,27.0,Pune,Maharashtra,0,0,1,0,0,0,0,0,1.2,Apple,Reno,Airtel,Marathi,Android,15,app,play_store,4,5,319.3,influencer,remarketing,ag2,organic,0
102492,Sun,9,Android,0,1,Male,40.0,Pune,Unknown,0,1,0,1,0,0,0,0,2.1,Apple,iPhone 13,BSNL,Tamil,Android,15,app,play_store,9,3,174.4,referral,none,none,paid,0
102493,Wed,18,Android,1,1,Male,36.0,Bangalore,Delhi,1,1,0,0,0,1,0,0,1.0,OnePlus,Nord,Vi,Marathi,Android,15,app,play_store,11,3,211.3,referral,brand,ag1,crm,1
102494,Sat,0,Android,0,1,Male,18.0,Indore,Delhi,0,0,0,0,0,0,0,0,2.1,OnePlus,A12,Jio,Tamil,Android,16,app,play_store,6,2,1055.1,meta,none,none,organic,0
102495,Fri,1,Android,1,1,Female,40.0,Bangalore,Rajasthan,1,0,0,0,0,0,0,0,1.0,Vivo,Y21,BSNL,Marathi,Android,11,app,play_store,12,3,154.7,meta,brand,none,crm,1
102496,Fri,15,Android,0,1,Male,34.0,Mumbai,Rajasthan,0,0,0,0,0,0,0,0,1.1,Oppo,Nord,Vi,Tamil,Android,16,app,play_store,7,5,464.4,organic,remarketing,ag3,organic,1
102497,Wed,11,Android,0,1,Male,18.0,Indore,Delhi,0,1,0,0,0,0,0,0,1.0,Xiaomi,Reno,Vi,English,Android,15,web,play_store,8,1,585.6,organic,none,none,paid,1
102498,Fri,7,Android,1,1,Male,30.0,Bangalore,Maharashtra,0,1,0,1,0,1,0,0,1.0,Oppo,Reno,Airtel,Hindi,Android,16,app,play_store,6,1,331.4,google,brand,ag3,paid,1
102499,Mon,22,Android,0,1,Unknown,38.0,Bangalore,Karnataka,0,0,1,0,0,1,0,1,1.1,Apple,Note 10,Jio,Marathi,Android,12,app,app_store,9,2,109.5,google,brand,ag3,none,0
102500,Mon,17,Android,0,1,Female,20.0,Bangalore,Delhi,0,0,0,0,0,1,0,1,1.1,Oppo,Nord,Other,Marathi,Android,15,app,play_store,3,0,23.4,influencer,none,ag3,paid,0
102501,Wed,1,Android,0,1,Male,41.0,Bangalore,MP,1,0,0,0,0,0,0,0,1.0,Vivo,A12,Vi,English,Android,11,app,play_store,6,4,153.2,organic,generic,none,crm,1
102502,Sat,12,Web,1,2,Female,18.0,Indore,Maharashtra,0,0,0,0,0,0,1,0,1.0,OnePlus,Nord,BSNL,Bengali,Android,15,app,play_store,7,3,124.2,organic,activation,ag3,organic,0
102503,Thu,5,Android,0,1,Female,24.0,Mumbai,Karnataka,0,1,0,1,0,0,0,0,2.0,OnePlus,iPhone 13,Jio,Bengali,iOS,11,app,play_store,14,3,265.2,influencer,brand,ag1,none,1
102504,Tue,20,Android,0,1,Female,22.0,Pune,Karnataka,0,1,1,0,0,0,0,1,2.1,Xiaomi,Nord,Other,Bengali,Android,14,app,play_store,8,2,178.7,referral,remarketing,none,none,0
102505,Thu,5,Android,0,1,Male,41.0,Bangalore,Maharashtra,0,0,0,1,0,0,0,0,1.2,Xiaomi,Reno,Other,English,Android,12,app,play_store,12,2,394.2,meta,remarketing,ag3,organic,1
102506,Fri,8,iOS,1,1,Female,26.0,Pune,Delhi,0,0,0,0,0,0,0,0,1.1,Samsung,iPhone 13,Other,Hindi,iOS,11,app,play_store,7,5,65.4,influencer,remarketing,ag1,paid,0
102507,Tue,15,iOS,1,2,Male,21.0,Pune,Karnataka,1,0,0,0,0,0,0,0,1.1,OnePlus,Nord,Vi,Bengali,Android,13,app,app_store,5,4,243.1,influencer,generic,none,none,0
102508,Wed,10,Android,1,1,Unknown,34.0,Pune,MP,0,0,0,1,0,0,0,0,1.0,Oppo,Note 10,Airtel,Bengali,iOS,13,web,play_store,11,7,587.9,google,brand,ag1,none,1
102509,Wed,6,Android,0,1,Male,35.0,Bangalore,Unknown,0,0,0,0,0,1,0,0,1.1,OnePlus,A12,Other,Marathi,Android,14,app,play_store,10,2,415.0,google,generic,none,none,0
102510,Sat,9,Android,0,1,Unknown,35.0,Bangalore,Maharashtra,0,0,1,0,0,0,0,1,2.1,OnePlus,A12,Other,English,iOS,15,app,app_store,7,2,720.0,influencer,none,ag1,crm,0
102511,Tue,9,Android,0,1,Unknown,28.0,Jaipur,Rajasthan,1,0,0,0,0,0,0,0,2.0,Oppo,Reno,BSNL,English,Android,12,app,play_store,4,3,592.0,organic,none,ag1,organic,0
102512,Mon,19,iOS,0,1,Male,32.0,Bangalore,Unknown,0,0,0,0,0,0,1,0,2.0,Vivo,Nord,Other,Tamil,Android,17,app,play_store,12,3,211.3,meta,generic,ag2,organic,0
102513,Tue,17,Android,0,1,Unknown,25.0,Unknown,Delhi,0,0,0,0,0,0,0,0,1.0,Oppo,iPhone 13,Jio,Marathi,Android,16,app,app_store,9,2,729.4,referral,generic,ag3,none,0
102514,Fri,23,Android,1,4,Male,43.0,Bangalore,Maharashtra,0,1,0,0,0,1,0,1,1.0,Vivo,Note 10,Airtel,Tamil,iOS,14,app,app_store,7,0,239.4,organic,activation,ag1,crm,0
102515,Mon,19,iOS,1,1,Male,39.0,Delhi,MP,0,0,0,0,0,0,0,0,1.2,Samsung,iPhone 13,Airtel,Tamil,Android,15,app,app_store,6,0,242.5,influencer,activation,none,crm,1
102516,Sun,8,iOS,0,2,Male,39.0,Mumbai,Unknown,1,0,0,0,0,0,0,0,2.1,Apple,A12,Other,Hindi,Android,14,app,app_store,7,2,378.2,organic,none,ag1,crm,1
102517,Sun,14,Android,0,1,Unknown,36.0,Delhi,Unknown,0,1,0,1,0,0,0,0,1.1,Oppo,Reno,Vi,Bengali,Android,15,app,app_store,8,2,621.0,influencer,generic,ag2,organic,0
102518,Sun,3,Android,1,4,Male,34.0,Jaipur,Karnataka,0,0,0,0,0,0,0,0,1.0,Apple,iPhone 13,Vi,English,iOS,15,app,play_store,5,6,12.2,organic,remarketing,ag2,none,0
102519,Wed,7,Android,0,1,Female,20.0,Unknown,Delhi,0,0,0,1,0,0,0,0,1.2,Samsung,Note 10,Other,Tamil,iOS,13,app,play_store,10,4,274.5,influencer,activation,ag2,none,0
102520,Tue,8,iOS,0,1,Female,35.0,Indore,Delhi,0,1,0,0,0,0,0,0,2.0,Oppo,Note 10,Other,Marathi,Android,14,app,web,7,1,346.9,influencer,remarketing,none,paid,0
102521,Sun,12,iOS,0,1,Unknown,31.0,Unknown,Maharashtra,0,1,0,0,0,0,0,0,1.1,Oppo,iPhone 13,Vi,English,Android,15,app,play_store,6,2,193.2,influencer,activation,ag1,paid,0
102522,Thu,8,Android,0,1,Female,40.0,Delhi,Maharashtra,1,0,0,1,0,1,0,0,2.0,Apple,Y21,Other,Bengali,Android,16,app,web,7,1,285.4,meta,generic,ag1,organic,0
102523,Sat,3,Android,1,1,Male,36.0,Delhi,MP,0,0,0,0,0,0,1,1,2.0,Samsung,Note 10,BSNL,English,Android,12,app,play_store,13,1,346.4,google,generic,ag2,organic,1
102524,Thu,16,iOS,0,1,Male,34.0,Delhi,Rajasthan,0,1,0,1,0,0,0,1,2.1,Samsung,Note 10,BSNL,Hindi,Android,12,app,app_store,10,4,1284.3,organic,brand,ag1,organic,1
102525,Sun,15,Android,0,3,Male,18.0,Mumbai,Maharashtra,1,0,0,0,0,0,0,0,1.0,Apple,Y21,Other,Bengali,Android,14,app,play_store,10,2,1098.0,organic,remarketing,none,paid,0
102526,Sat,14,Android,0,3,Female,29.0,Pune,Unknown,0,0,0,0,0,0,0,0,1.0,Apple,A12,Vi,Bengali,iOS,11,app,play_store,7,8,255.5,organic,brand,none,crm,0
102527,Fri,2,iOS,1,1,Male,26.0,Indore,Maharashtra,0,0,0,0,0,0,0,0,1.0,Oppo,Reno,BSNL,English,iOS,16,web,web,5,2,199.7,organic,none,none,crm,0
102528,Thu,19,Android,0,4,Male,32.0,Indore,Maharashtra,1,1,0,0,0,0,0,0,2.0,OnePlus,Reno,Vi,Marathi,Android,13,web,play_store,9,4,299.6,influencer,brand,ag3,organic,1
102529,Tue,4,Android,0,1,Female,27.0,Unknown,MP,0,0,0,1,0,1,0,0,1.2,Samsung,Nord,Other,Tamil,Android,17,app,app_store,3,2,252.2,referral,brand,ag3,organic,0
102530,Tue,22,iOS,1,1,Male,28.0,Mumbai,Karnataka,1,0,1,0,0,0,0,0,2.1,OnePlus,Nord,Other,Tamil,Android,16,web,play_store,5,2,119.4,meta,none,ag1,paid,1
102531,Thu,4,iOS,1,1,Female,34.0,Jaipur,Rajasthan,0,0,0,0,0,0,0,0,2.1,Xiaomi,Nord,Other,Tamil,Android,13,app,play_store,3,4,18.1,organic,none,ag3,none,0
102532,Sun,19,Android,1,1,Male,27.0,Unknown,MP,0,0,0,0,0,0,0,0,2.0,Samsung,Nord,BSNL,English,Android,12,app,play_store,7,5,129.2,influencer,remarketing,ag1,organic,1
102533,Tue,14,Android,1,1,Male,31.0,Delhi,Maharashtra,0,0,0,0,0,1,0,1,1.0,Oppo,A12,Airtel,Marathi,Android,13,app,web,12,3,315.5,meta,remarketing,none,organic,0
102534,Fri,17,Android,0,1,Male,18.0,Pune,Karnataka,0,0,0,0,1,0,0,0,1.2,Apple,Y21,Airtel,English,Android,14,app,play_store,7,2,368.7,meta,remarketing,ag1,crm,0
102535,Mon,14,Android,0,1,Male,23.0,Unknown,Maharashtra,0,0,0,0,1,1,0,0,1.0,Oppo,Note 10,Airtel,Tamil,iOS,17,app,play_store,7,1,469.5,organic,none,ag3,organic,0
102536,Sun,1,Android,0,2,Female,35.0,Unknown,MP,0,1,0,0,1,1,1,0,2.1,Xiaomi,Reno,BSNL,Tamil,iOS,11,app,play_store,6,1,194.7,meta,activation,ag1,crm,0
102537,Fri,12,iOS,0,2,Male,20.0,Bangalore,Delhi,1,0,0,0,0,0,0,0,1.2,Samsung,A12,Vi,Tamil,Android,16,web,app_store,6,2,291.0,referral,activation,none,organic,0
102538,Sat,3,Android,1,1,Male,40.0,Unknown,Maharashtra,1,0,0,1,0,1,0,0,1.1,OnePlus,Nord,Airtel,Marathi,Android,14,app,play_store,8,4,128.4,meta,none,ag1,paid,1
102539,Fri,9,Android,1,3,Female,38.0,Mumbai,Karnataka,0,0,0,0,0,0,0,0,1.1,Xiaomi,iPhone 13,Airtel,Hindi,Android,12,app,app_store,6,5,75.3,google,generic,ag1,paid,0
102540,Sun,12,Android,1,1,Female,28.0,Jaipur,Rajasthan,0,0,0,0,0,0,0,0,2.0,OnePlus,Nord,Jio,Tamil,Android,13,app,play_store,14,2,563.7,meta,activation,ag1,paid,0
102541,Sat,9,Web,0,2,Female,54.0,Pune,Delhi,0,0,0,0,0,0,0,0,1.1,OnePlus,A12,Other,Tamil,Android,17,app,play_store,13,3,439.4,google,generic,none,crm,0
102542,Sun,8,Android,1,1,Unknown,40.0,Jaipur,Maharashtra,0,0,0,0,0,1,0,0,2.1,OnePlus,A12,Airtel,Marathi,Android,14,app,app_store,5,2,739.0,influencer,remarketing,none,crm,0
102543,Tue,7,Android,1,1,Female,22.0,Mumbai,Maharashtra,1,0,0,0,1,0,0,0,2.1,Samsung,Note 10,Airtel,English,Android,11,app,play_store,12,4,445.1,influencer,activation,none,paid,1
102544,Mon,2,Android,0,3,Male,36.0,Mumbai,Karnataka,0,0,0,0,1,0,0,0,1.1,Oppo,iPhone 13,Vi,Bengali,Android,16,app,app_store,7,2,881.3,organic,none,ag1,organic,1
102545,Sun,15,Android,1,1,Female,31.0,Bangalore,Delhi,0,1,0,0,0,1,0,1,2.0,Xiaomi,Nord,Other,Bengali,Android,15,app,play_store,9,2,300.1,meta,activation,ag1,paid,0
102546,Sun,13,Android,0,1,Male,24.0,Jaipur,Delhi,0,0,0,0,0,1,0,1,2.0,Oppo,iPhone 13,BSNL,Marathi,Android,13,app,play_store,9,3,861.0,organic,activation,ag2,paid,0
102547,Tue,8,Android,0,1,Male,21.0,Pune,Delhi,0,0,0,0,0,0,0,0,1.2,Oppo,Y21,BSNL,Hindi,Android,13,app,play_store,10,6,275.2,referral,brand,none,crm,0
102548,Wed,20,Android,1,1,Male,38.0,Jaipur,Maharashtra,0,1,0,0,0,0,0,0,1.1,Oppo,Y21,Jio,English,iOS,15,app,app_store,6,1,425.0,meta,generic,ag3,organic,0
102549,Tue,10,Android,1,4,Male,25.0,Unknown,Delhi,0,1,0,0,0,1,0,0,1.1,OnePlus,Reno,Vi,Tamil,Android,17,app,play_store,7,2,569.5,meta,activation,ag3,none,0
102550,Sat,2,Android,0,1,Male,29.0,Jaipur,Maharashtra,0,1,0,1,1,1,0,0,2.1,Xiaomi,Note 10,Vi,English,Android,13,app,play_store,6,3,374.9,influencer,generic,none,crm,0
102551,Tue,4,Android,0,2,Male,23.0,Delhi,Maharashtra,0,0,0,0,0,0,0,0,1.1,Samsung,iPhone 13,Other,Hindi,Android,14,app,play_store,11,3,122.6,google,remarketing,ag1,paid,0
102552,Tue,9,Android,1,1,Male,24.0,Jaipur,Unknown,0,1,0,0,0,0,0,0,1.0,Oppo,A12,Vi,Tamil,Android,16,app,web,6,2,533.2,referral,generic,ag3,crm,0
102553,Mon,12,Android,1,1,Female,29.0,Pune,Delhi,1,1,0,0,0,0,0,0,2.0,Oppo,Nord,Jio,Marathi,Android,17,app,play_store,12,6,117.5,google,activation,ag3,crm,0
102554,Tue,3,Android,1,1,Unknown,33.0,Unknown,MP,0,0,0,0,0,0,0,0,2.0,Apple,A12,Other,Marathi,Android,16,app,app_store,15,3,342.0,google,brand,ag2,organic,1
102555,Sun,23,Android,0,1,Female,18.0,Pune,Rajasthan,0,0,0,1,0,0,0,0,1.2,OnePlus,Reno,Vi,Tamil,Android,17,app,play_store,8,2,312.8,google,none,none,organic,0
102556,Mon,12,Android,0,1,Female,30.0,Delhi,Rajasthan,0,0,0,0,0,0,0,1,1.1,OnePlus,Y21,Vi,Tamil,Android,12,app,play_store,8,2,206.2,google,generic,ag1,none,0
102557,Thu,11,Android,0,1,Male,24.0,Bangalore,MP,0,0,0,0,1,0,0,0,2.0,Apple,iPhone 13,Airtel,Marathi,Android,13,app,play_store,5,5,63.0,referral,activation,none,none,1
102558,Wed,4,Android,0,1,Unknown,41.0,Pune,Delhi,1,0,0,1,0,0,0,1,1.1,Xiaomi,Note 10,Airtel,Hindi,Android,12,app,play_store,10,4,753.0,influencer,brand,none,paid,1
102559,Mon,9,Android,0,1,Male,54.0,Jaipur,Maharashtra,1,0,0,0,0,0,0,0,2.1,OnePlus,iPhone 13,Jio,Hindi,Android,12,app,app_store,9,5,116.0,referral,generic,none,organic,0
102560,Sat,23,Web,0,1,Male,27.0,Jaipur,Karnataka,1,0,0,0,1,0,0,0,2.0,OnePlus,Y21,Airtel,Marathi,Android,16,app,app_store,10,3,242.4,google,brand,ag1,crm,0
102561,Thu,8,iOS,0,1,Male,18.0,Delhi,MP,1,0,0,0,0,0,0,0,1.1,Vivo,A12,Vi,English,Android,14,app,play_store,7,2,153.8,referral,activation,ag2,none,1
102562,Mon,19,Android,0,1,Male,31.0,Mumbai,Rajasthan,1,0,0,0,0,0,0,0,1.1,Oppo,iPhone 13,Airtel,Hindi,iOS,16,app,app_store,3,2,179.0,meta,none,none,organic,0
102563,Mon,6,Android,1,1,Male,28.0,Mumbai,Rajasthan,0,0,0,0,0,0,0,0,1.2,Xiaomi,iPhone 13,Vi,Hindi,Android,15,app,play_store,12,3,132.9,google,remarketing,ag3,crm,0
102564,Wed,1,Android,0,1,Male,46.0,Unknown,Maharashtra,0,0,0,0,0,0,0,0,2.0,Samsung,Reno,Other,Hindi,Android,16,web,play_store,6,2,452.0,organic,none,ag3,paid,0
102565,Sun,21,Android,0,1,Male,43.0,Delhi,Rajasthan,0,1,0,0,0,0,0,0,1.0,OnePlus,Nord,Airtel,Bengali,Android,13,web,app_store,6,1,602.3,referral,remarketing,ag3,organic,0
102566,Sat,23,Android,0,1,Male,37.0,Mumbai,Rajasthan,1,0,0,0,0,0,0,0,2.0,OnePlus,Note 10,Jio,Bengali,Android,11,web,play_store,6,4,741.6,referral,generic,none,crm,0
102567,Fri,22,Android,0,1,Male,25.0,Pune,Maharashtra,0,0,0,1,0,0,0,0,2.1,Xiaomi,Note 10,BSNL,Tamil,Android,13,app,play_store,11,3,717.1,meta,remarketing,none,crm,1
102568,Fri,6,Android,0,1,Unknown,35.0,Delhi,Delhi,0,0,0,0,1,1,0,1,1.1,Oppo,Nord,Vi,Hindi,iOS,14,app,play_store,11,3,643.6,google,generic,ag1,paid,0
102569,Mon,7,iOS,1,1,Male,32.0,Jaipur,Unknown,1,1,1,0,0,0,0,0,2.0,Samsung,Reno,Jio,Bengali,Android,14,app,play_store,5,5,53.1,meta,none,ag3,crm,0
102570,Tue,6,Android,1,2,Male,32.0,Unknown,Rajasthan,0,0,0,0,0,0,0,0,1.1,OnePlus,Nord,Vi,Hindi,Android,17,app,play_store,10,2,300.1,organic,activation,ag3,none,0
102571,Sat,20,iOS,0,1,Female,18.0,Unknown,Unknown,0,1,0,0,0,0,0,1,1.2,Apple,Y21,Vi,Hindi,Android,15,app,play_store,11,2,317.7,influencer,generic,ag1,organic,0
102572,Thu,22,iOS,0,1,Female,38.0,Pune,Unknown,1,0,0,0,0,1,0,0,1.2,Oppo,A12,Other,Tamil,Android,12,app,play_store,8,7,53.9,influencer,brand,ag2,organic,1
102573,Tue,13,Android,0,1,Male,31.0,Indore,Delhi,1,0,0,0,1,0,0,0,2.0,Apple,Nord,Vi,Marathi,Android,11,app,play_store,7,3,344.4,google,remarketing,ag1,crm,0
102574,Tue,18,Android,1,1,Female,29.0,Bangalore,Karnataka,1,0,0,1,0,0,0,0,1.2,Oppo,Y21,BSNL,Marathi,Android,13,app,play_store,3,6,517.0,organic,brand,ag3,crm,1
102575,Sat,4,Android,0,2,Male,25.0,Jaipur,Delhi,1,0,0,0,0,0,0,0,1.1,OnePlus,A12,BSNL,Hindi,Android,11,app,app_store,17,3,258.2,referral,brand,ag2,none,0
102576,Sun,22,Android,0,1,Male,24.0,Jaipur,Maharashtra,0,0,0,0,0,1,0,0,2.1,Samsung,iPhone 13,BSNL,Tamil,Android,12,web,web,5,7,292.5,google,none,ag3,crm,0
102577,Mon,17,Android,1,1,Male,33.0,Bangalore,Maharashtra,0,1,0,0,0,1,0,0,2.0,Oppo,Nord,Jio,Bengali,Android,12,app,play_store,4,4,297.4,google,none,none,none,1
102578,Mon,19,Android,1,1,Female,18.0,Bangalore,Maharashtra,0,0,0,0,0,0,0,0,2.1,Oppo,Note 10,Other,English,Android,11,app,play_store,8,3,126.2,google,brand,ag2,organic,0
102579,Mon,11,Android,1,1,Male,36.0,Delhi,Rajasthan,1,0,0,0,0,0,0,0,1.2,Xiaomi,Note 10,Jio,Tamil,Android,14,app,play_store,5,2,421.7,organic,brand,ag3,none,0
102580,Mon,22,Web,1,1,Female,22.0,Indore,MP,0,0,0,0,0,0,0,0,1.2,Vivo,iPhone 13,Jio,Hindi,Android,17,app,play_store,9,1,127.5,influencer,brand,ag3,paid,0
102581,Fri,16,Android,1,1,Male,18.0,Bangalore,Rajasthan,0,0,0,0,0,0,0,0,1.1,Xiaomi,iPhone 13,BSNL,Marathi,Android,12,app,play_store,7,3,310.4,organic,activation,ag2,organic,0
102582,Mon,12,Web,0,1,Female,45.0,Pune,Delhi,0,0,0,0,0,0,0,0,2.0,Vivo,Reno,Jio,Bengali,Android,16,app,play_store,4,6,392.2,referral,activation,ag2,organic,0
102583,Fri,1,Android,0,1,Male,23.0,Jaipur,Karnataka,0,0,0,0,0,0,0,0,2.0,Vivo,iPhone 13,Vi,Tamil,Android,13,app,play_store,8,2,72.9,influencer,brand,ag2,crm,0
102584,Fri,12,iOS,1,1,Male,24.0,Bangalore,Karnataka,0,0,0,1,1,0,0,0,1.0,OnePlus,Y21,Airtel,Marathi,Android,11,app,play_store,7,3,76.4,meta,generic,ag3,crm,0
102585,Sun,6,Android,1,2,Female,39.0,Indore,Karnataka,1,0,0,0,0,0,0,0,1.1,Samsung,Reno,Vi,Tamil,Android,12,app,play_store,5,2,162.3,influencer,brand,ag1,organic,0
102586,Mon,9,Android,1,1,Female,45.0,Pune,Unknown,0,0,0,0,0,0,0,0,2.0,Oppo,iPhone 13,Jio,English,Android,14,app,play_store,7,2,534.9,influencer,activation,none,none,0
102587,Wed,22,iOS,0,1,Male,18.0,Pune,Karnataka,0,0,1,0,0,0,0,0,2.1,Apple,Y21,Other,Tamil,Android,17,app,app_store,7,0,638.1,google,none,none,organic,0
102588,Thu,5,Android,0,1,Female,22.0,Delhi,Unknown,0,1,0,0,1,1,0,0,1.2,Oppo,Nord,Vi,English,Android,11,app,app_store,9,0,965.1,meta,generic,ag1,paid,0
102589,Tue,2,Android,0,1,Female,23.0,Delhi,MP,0,1,0,1,0,0,0,0,2.1,Vivo,Nord,Jio,Bengali,Android,14,app,play_store,9,4,256.1,meta,activation,ag1,organic,0
102590,Fri,2,Android,0,2,Male,37.0,Mumbai,Karnataka,0,0,1,0,0,1,0,0,1.2,Vivo,Y21,Other,Hindi,Android,13,web,app_store,6,1,322.0,referral,remarketing,none,organic,0
102591,Sat,17,Android,0,1,Unknown,43.0,Indore,Unknown,0,0,0,0,0,0,0,0,1.1,OnePlus,Reno,BSNL,Hindi,Android,17,app,play_store,6,3,313.2,meta,remarketing,none,paid,0
102592,Sat,10,Android,1,1,Female,21.0,Unknown,Rajasthan,1,0,0,0,0,0,0,0,2.0,Samsung,A12,Airtel,English,iOS,17,app,play_store,6,3,166.4,google,brand,none,organic,0
102593,Thu,21,iOS,0,3,Male,41.0,Pune,Karnataka,1,0,1,1,0,0,0,0,1.2,Xiaomi,A12,Jio,Bengali,Android,15,web,play_store,11,5,419.5,referral,brand,ag3,crm,0
102594,Sat,19,Android,1,4,Male,24.0,Indore,Maharashtra,1,1,0,0,0,0,0,0,1.1,Vivo,Nord,Vi,Tamil,Android,11,app,play_store,9,3,94.8,referral,none,ag1,none,0
102595,Wed,4,Android,1,1,Male,33.0,Bangalore,Delhi,0,0,1,0,0,0,0,0,2.1,Vivo,Nord,Airtel,Tamil,Android,13,app,play_store,6,3,138.1,organic,none,ag3,none,0
102596,Sat,18,iOS,0,1,Male,20.0,Unknown,Rajasthan,1,1,0,0,0,0,0,0,1.2,Xiaomi,A12,BSNL,Bengali,iOS,14,app,app_store,8,2,428.7,google,remarketing,ag2,crm,0
102597,Tue,21,Android,0,1,Male,29.0,Jaipur,MP,1,0,0,1,0,0,0,0,2.0,Apple,A12,BSNL,English,Android,14,app,app_store,10,2,147.9,influencer,activation,none,paid,0
102598,Tue,18,Android,0,1,Male,29.0,Bangalore,Rajasthan,1,0,0,1,0,0,1,0,2.1,Xiaomi,Y21,Airtel,English,Android,14,app,play_store,9,8,320.9,meta,brand,none,paid,1
102599,Fri,14,Android,1,4,Female,27.0,Jaipur,Maharashtra,0,0,0,0,0,0,0,0,1.1,Xiaomi,A12,Jio,Hindi,Android,11,web,play_store,9,4,309.3,referral,activation,ag3,organic,1
102600,Mon,15,Android,1,1,Male,33.0,Mumbai,Karnataka,0,0,0,0,0,0,0,0,2.1,Xiaomi,Note 10,Jio,Hindi,Android,13,web,play_store,15,3,442.3,organic,none,ag2,paid,1
102601,Sun,23,Android,1,1,Female,22.0,Pune,Karnataka,0,1,0,0,0,0,0,1,1.2,Vivo,A12,Other,Bengali,iOS,14,web,play_store,6,2,430.9,organic,none,ag2,organic,0
102602,Wed,8,Android,1,1,Male,23.0,Jaipur,MP,1,0,0,0,0,0,0,0,1.0,Apple,A12,Other,Tamil,Android,14,app,app_store,10,5,395.9,meta,remarketing,ag3,none,1
102603,Fri,3,Android,0,2,Male,34.0,Pune,Delhi,0,0,0,1,0,0,0,0,1.0,Samsung,Note 10,Jio,Marathi,Android,15,app,play_store,8,2,411.0,referral,brand,ag3,paid,0
102604,Wed,14,Android,1,2,Female,41.0,Jaipur,Karnataka,0,1,0,1,0,1,0,0,2.0,Samsung,Reno,Vi,English,Android,13,app,app_store,8,5,300.4,meta,activation,ag2,organic,0
102605,Mon,11,Android,1,4,Female,30.0,Mumbai,Unknown,0,0,0,0,0,1,0,0,1.1,Samsung,iPhone 13,BSNL,Bengali,iOS,16,app,app_store,10,4,169.6,referral,remarketing,none,organic,0
102606,Sat,22,iOS,1,1,Male,34.0,Bangalore,MP,1,0,0,0,0,0,0,1,2.0,OnePlus,Reno,Other,Marathi,Android,13,app,play_store,5,3,244.6,influencer,activation,ag3,crm,0
102607,Sat,2,Android,0,2,Male,36.0,Pune,Karnataka,1,0,0,1,1,0,0,0,1.2,Oppo,Note 10,Airtel,Bengali,Android,15,web,web,5,5,229.9,referral,generic,ag1,paid,0
102608,Sun,22,Android,1,1,Male,37.0,Unknown,Unknown,1,0,0,1,0,0,0,0,1.1,Oppo,Reno,Airtel,Tamil,iOS,14,app,play_store,7,2,116.1,organic,brand,none,crm,0
102609,Mon,13,Web,0,1,Female,22.0,Jaipur,Rajasthan,1,0,0,0,0,0,0,0,1.0,Samsung,Nord,Jio,Marathi,Android,12,app,play_store,6,4,1167.1,referral,none,ag2,paid,0
102610,Fri,16,Android,1,1,Male,24.0,Indore,MP,0,0,0,0,0,0,0,0,2.1,Apple,Nord,Airtel,English,Android,16,app,play_store,9,5,126.0,organic,generic,ag2,organic,0
102611,Sun,18,iOS,0,1,Female,24.0,Pune,MP,0,0,0,0,1,1,0,0,2.1,Xiaomi,Nord,Airtel,Bengali,Android,17,app,play_store,6,1,267.6,referral,remarketing,ag2,paid,1
102612,Mon,5,Android,0,4,Female,45.0,Jaipur,MP,1,0,0,0,0,0,0,1,1.2,Xiaomi,iPhone 13,Jio,Bengali,iOS,14,app,play_store,9,2,392.4,google,brand,none,crm,1
102613,Thu,3,iOS,0,1,Male,34.0,Jaipur,Karnataka,1,0,0,1,0,0,0,0,1.2,Vivo,iPhone 13,Vi,Hindi,Android,12,app,app_store,13,4,503.9,meta,brand,ag1,none,0
102614,Tue,6,Android,0,1,Male,34.0,Bangalore,MP,0,0,0,0,0,1,0,0,1.1,Vivo,Nord,Jio,Tamil,Android,16,app,play_store,6,4,591.3,meta,brand,ag1,organic,0
102615,Sun,18,Android,0,1,Male,33.0,Pune,Rajasthan,0,1,0,0,0,1,0,0,1.0,Vivo,A12,BSNL,Bengali,Android,14,app,play_store,9,2,170.3,google,generic,ag2,crm,0
102616,Sun,16,Android,1,1,Male,19.0,Pune,Delhi,0,1,1,0,0,0,0,0,2.1,Xiaomi,Y21,Other,English,Android,13,app,play_store,8,4,227.1,influencer,activation,ag1,none,1
102617,Fri,15,Android,0,4,Male,46.0,Delhi,Delhi,0,0,0,1,1,0,0,0,1.1,OnePlus,Reno,Vi,Marathi,Android,16,app,play_store,6,0,260.8,influencer,brand,ag2,organic,0
102618,Wed,14,iOS,0,1,Male,34.0,Jaipur,Maharashtra,0,0,0,0,0,0,0,0,1.1,Oppo,Y21,Vi,Hindi,Android,13,app,play_store,11,4,275.8,organic,activation,ag1,crm,1
102619,Thu,21,Android,0,1,Female,36.0,Pune,Rajasthan,0,0,0,0,0,1,0,0,1.1,Oppo,iPhone 13,Airtel,Marathi,iOS,12,app,play_store,10,3,568.1,referral,generic,ag3,none,0
102620,Fri,7,Android,0,1,Male,18.0,Jaipur,Rajasthan,1,0,0,0,0,1,0,0,2.0,OnePlus,Reno,Other,Marathi,Android,11,app,play_store,8,2,263.2,meta,activation,ag2,organic,0
102621,Mon,18,Android,0,1,Unknown,36.0,Mumbai,MP,0,1,0,0,0,0,0,0,1.1,Samsung,iPhone 13,Other,Hindi,Android,17,app,play_store,9,2,174.7,meta,activation,ag1,crm,1
102622,Mon,7,Android,0,1,Male,27.0,Mumbai,Maharashtra,0,0,0,0,0,0,0,0,1.1,Vivo,Y21,Vi,Bengali,Android,11,app,app_store,4,2,598.6,influencer,remarketing,ag1,paid,1
102623,Mon,17,Android,0,1,Male,19.0,Indore,Unknown,0,0,0,0,0,0,0,0,1.1,Oppo,A12,BSNL,Tamil,iOS,14,app,play_store,15,1,412.5,organic,none,none,none,0
102624,Mon,15,Android,1,1,Female,22.0,Pune,Unknown,1,0,0,1,0,0,0,0,1.1,Vivo,A12,BSNL,Tamil,Android,15,app,app_store,9,4,1005.2,meta,activation,ag3,crm,0
102625,Wed,19,Android,0,1,Female,20.0,Indore,Rajasthan,0,0,0,0,0,0,0,1,2.0,Xiaomi,iPhone 13,Airtel,Marathi,Android,17,app,play_store,7,1,53.9,meta,brand,ag3,paid,0
102626,Thu,18,Android,0,4,Male,20.0,Bangalore,Rajasthan,0,0,0,0,0,1,0,0,1.2,Apple,A12,Airtel,Marathi,Android,14,app,play_store,12,4,172.0,meta,activation,ag2,crm,0
102627,Sat,9,Web,0,1,Female,30.0,Jaipur,Rajasthan,0,1,0,0,0,0,0,0,2.0,Vivo,Y21,BSNL,Tamil,Android,12,app,web,9,5,223.4,meta,brand,ag2,crm,1
102628,Tue,16,Android,1,1,Female,27.0,Bangalore,Karnataka,0,1,0,0,0,0,0,0,1.1,Samsung,iPhone 13,Other,English,Android,17,app,play_store,7,0,378.8,referral,activation,ag2,paid,1
102629,Wed,12,Android,0,2,Female,33.0,Delhi,Rajasthan,0,0,0,0,0,0,0,1,1.2,Apple,Note 10,BSNL,English,Android,12,app,play_store,11,5,547.7,referral,brand,ag3,none,1
102630,Wed,12,iOS,0,1,Male,43.0,Delhi,Unknown,0,0,0,1,0,1,0,0,2.0,Apple,iPhone 13,Vi,Marathi,iOS,17,web,play_store,5,2,261.3,meta,none,ag3,organic,0
102631,Sat,6,Android,0,1,Female,29.0,Pune,Karnataka,0,0,0,0,0,0,0,0,1.0,Oppo,Nord,Jio,Tamil,iOS,13,app,play_store,7,2,289.0,meta,generic,ag3,crm,0
102632,Sat,9,Android,0,1,Female,18.0,Pune,Unknown,0,0,0,0,0,0,0,0,1.0,Apple,A12,Jio,Hindi,Android,14,app,play_store,9,4,265.7,influencer,remarketing,none,crm,0
102633,Tue,1,Android,0,2,Female,28.0,Indore,Rajasthan,0,0,0,0,0,0,0,0,1.1,Samsung,A12,Jio,Bengali,Android,15,app,play_store,6,1,141.1,meta,activation,none,none,0
102634,Tue,3,Android,0,2,Female,40.0,Indore,Unknown,1,1,0,0,0,0,0,0,1.1,Oppo,Y21,Other,Hindi,iOS,17,app,play_store,10,4,446.8,influencer,generic,ag1,crm,0
102635,Sat,5,Android,0,1,Unknown,29.0,Pune,Delhi,1,0,0,1,0,0,0,0,2.1,OnePlus,iPhone 13,BSNL,English,Android,14,app,app_store,10,2,215.7,google,none,ag1,paid,0
102636,Mon,23,Android,0,2,Male,42.0,Unknown,Karnataka,0,0,0,1,0,0,0,1,1.0,Apple,Y21,Vi,English,Android,14,web,play_store,10,0,382.6,referral,remarketing,none,none,0
102637,Wed,17,Android,0,1,Male,34.0,Pune,Karnataka,0,0,0,0,1,0,0,1,1.2,Apple,iPhone 13,Vi,English,Android,14,app,play_store,6,2,686.9,google,brand,ag3,none,0
102638,Fri,22,iOS,1,1,Male,18.0,Delhi,MP,0,0,0,1,0,0,1,0,1.2,OnePlus,iPhone 13,Airtel,Marathi,Android,11,app,play_store,4,3,349.7,organic,none,ag3,none,0
102639,Tue,5,Android,1,2,Male,31.0,Delhi,Rajasthan,0,0,0,0,0,0,0,0,2.1,Samsung,Note 10,Other,Marathi,Android,15,app,web,8,2,244.0,meta,remarketing,ag2,organic,0
102640,Tue,22,Web,0,1,Male,32.0,Delhi,Maharashtra,1,0,1,0,0,0,0,0,1.0,OnePlus,A12,Vi,Hindi,Android,14,app,play_store,4,4,167.1,referral,none,ag1,crm,0
102641,Sat,16,Android,0,3,Female,39.0,Pune,Maharashtra,0,1,0,0,0,0,0,0,2.0,Oppo,Nord,Airtel,Hindi,Android,11,app,web,11,4,696.1,google,generic,ag3,crm,1
102642,Thu,13,Android,1,1,Male,45.0,Indore,Maharashtra,1,0,0,0,0,0,0,0,2.0,Oppo,Reno,Other,Hindi,Android,14,app,play_store,7,1,234.7,influencer,generic,ag2,organic,0
102643,Fri,23,Android,1,1,Female,37.0,Mumbai,Maharashtra,1,0,0,0,1,0,0,0,1.2,OnePlus,Nord,Vi,English,iOS,15,app,play_store,13,3,316.4,google,activation,none,paid,0
102644,Fri,10,iOS,0,3,Female,34.0,Mumbai,Delhi,0,0,0,0,0,1,0,0,2.0,Apple,A12,BSNL,Bengali,Android,13,app,play_store,11,3,457.3,organic,brand,none,none,0
102645,Tue,18,Android,1,1,Male,35.0,Indore,Maharashtra,0,0,0,0,0,0,0,0,1.1,OnePlus,Y21,Vi,Bengali,iOS,11,app,play_store,9,1,64.4,referral,activation,ag2,organic,0
102646,Mon,1,Android,0,3,Unknown,29.0,Indore,Unknown,0,0,0,0,0,1,0,0,1.1,Samsung,Nord,Other,Tamil,iOS,12,app,play_store,9,1,982.8,meta,brand,ag3,crm,1
102647,Thu,2,iOS,0,4,Male,18.0,Unknown,MP,0,0,0,1,0,1,0,1,2.1,OnePlus,Note 10,Airtel,Tamil,Android,12,app,play_store,6,3,379.2,influencer,brand,ag2,paid,0
102648,Fri,10,Android,0,2,Female,30.0,Indore,Maharashtra,1,0,0,0,0,1,0,0,2.0,Xiaomi,Note 10,Other,English,Android,11,app,play_store,10,1,681.3,organic,brand,ag3,paid,1
102649,Tue,5,iOS,0,1,Female,33.0,Delhi,MP,0,0,0,0,0,1,0,0,2.1,Samsung,Reno,Jio,Tamil,Android,12,app,play_store,10,1,337.5,google,activation,none,paid,0
102650,Fri,13,Android,0,1,Male,20.0,Bangalore,Karnataka,0,0,0,1,0,0,0,1,1.0,Apple,Note 10,Vi,Bengali,iOS,12,app,play_store,8,5,267.6,google,brand,ag2,none,0
102651,Sun,18,iOS,0,2,Male,41.0,Unknown,Unknown,1,1,0,1,0,0,0,0,2.0,Apple,Nord,Jio,Marathi,iOS,12,app,play_store,8,1,85.8,influencer,generic,ag1,paid,1
102652,Thu,15,iOS,1,1,Male,38.0,Pune,Rajasthan,1,1,0,0,0,0,0,0,1.2,Xiaomi,Note 10,BSNL,English,Android,15,app,play_store,7,3,84.0,meta,remarketing,none,paid,0
102653,Thu,20,Android,0,1,Female,19.0,Delhi,Maharashtra,0,0,1,0,0,0,0,0,1.2,Xiaomi,Note 10,Airtel,Marathi,Android,16,app,play_store,10,3,401.2,influencer,brand,ag1,none,0
102654,Sun,21,Android,0,4,Female,41.0,Mumbai,MP,1,1,0,1,0,0,0,1,1.0,Oppo,Y21,BSNL,Tamil,Android,17,app,web,9,3,241.6,influencer,brand,ag1,paid,0
102655,Wed,23,Android,0,1,Male,28.0,Pune,Unknown,0,1,1,0,0,0,0,0,1.1,OnePlus,A12,Other,Marathi,Android,17,web,play_store,6,6,248.5,meta,generic,ag1,organic,0
102656,Sun,6,iOS,0,4,Female,24.0,Indore,MP,1,0,0,0,0,0,0,1,1.1,Apple,Nord,Vi,Hindi,iOS,12,app,play_store,7,3,580.6,meta,brand,none,paid,0
102657,Sat,7,Android,0,1,Male,39.0,Jaipur,Rajasthan,0,0,0,0,0,0,0,0,1.1,Oppo,A12,Airtel,English,Android,13,web,play_store,7,1,50.9,influencer,remarketing,ag2,paid,0
102658,Sat,18,Android,1,1,Male,30.0,Unknown,Karnataka,1,0,0,0,0,1,0,0,2.0,Apple,Note 10,Jio,English,Android,17,app,app_store,6,3,86.3,google,remarketing,none,organic,1
102659,Tue,19,Android,0,1,Unknown,45.0,Unknown,Maharashtra,0,0,0,0,0,0,0,0,2.1,Samsung,Y21,Jio,Tamil,Android,17,app,app_store,8,2,233.9,organic,generic,none,paid,0
102660,Thu,15,Android,0,1,Male,23.0,Mumbai,MP,0,0,0,0,0,1,0,0,1.0,Vivo,A12,Other,Bengali,iOS,15,app,play_store,5,4,123.9,influencer,brand,none,none,0
102661,Wed,21,Android,1,1,Unknown,18.0,Indore,Maharashtra,0,0,0,0,0,0,0,0,2.0,Oppo,iPhone 13,Jio,Marathi,Android,11,app,play_store,11,2,220.7,google,none,ag1,crm,0
102662,Wed,6,Android,0,1,Female,28.0,Jaipur,Unknown,0,0,0,0,0,1,0,0,1.2,Oppo,Nord,Other,Marathi,iOS,14,app,play_store,11,6,419.4,referral,remarketing,ag3,crm,1
102663,Fri,8,Android,1,4,Unknown,36.0,Indore,Delhi,0,0,0,0,1,0,0,1,2.1,Oppo,Note 10,Airtel,Marathi,Android,16,app,play_store,11,2,45.3,referral,generic,ag1,none,0
102664,Fri,12,Android,0,1,Male,23.0,Indore,MP,1,0,0,0,0,1,0,0,2.1,OnePlus,Note 10,BSNL,Marathi,iOS,17,app,play_store,9,1,120.1,google,activation,ag3,paid,0
102665,Sun,0,Android,0,1,Male,19.0,Pune,Karnataka,1,0,0,1,0,1,1,0,2.0,Vivo,iPhone 13,Vi,Tamil,iOS,17,app,app_store,10,1,276.6,referral,generic,ag3,crm,0
102666,Wed,7,Android,0,1,Male,32.0,Mumbai,Unknown,1,1,0,1,0,1,0,0,1.2,Vivo,Note 10,BSNL,Marathi,Android,11,app,app_store,11,4,613.5,referral,none,ag3,paid,0
102667,Sun,23,iOS,0,1,Female,18.0,Mumbai,Rajasthan,1,1,0,0,0,1,0,0,2.1,Xiaomi,A12,BSNL,Hindi,Android,15,app,play_store,5,5,342.7,organic,generic,none,paid,0
102668,Sun,21,iOS,0,1,Female,32.0,Indore,MP,1,0,0,0,0,0,0,1,2.0,Apple,Note 10,Vi,Marathi,Android,12,app,app_store,9,1,144.3,meta,brand,ag2,paid,1
102669,Fri,3,Android,1,1,Male,27.0,Delhi,Delhi,1,0,0,0,0,0,0,0,1.2,Samsung,Reno,Airtel,Hindi,Android,14,app,app_store,4,4,239.9,organic,generic,ag3,none,0
102670,Thu,2,Android,1,1,Female,34.0,Bangalore,Rajasthan,0,0,0,0,0,1,0,0,2.0,Oppo,A12,Other,Marathi,Android,14,app,play_store,8,4,521.3,referral,generic,ag2,organic,1
102671,Sun,2,Android,1,1,Male,19.0,Jaipur,Karnataka,1,1,0,0,0,0,0,0,1.2,Xiaomi,A12,Jio,Bengali,Android,16,web,app_store,11,2,88.8,organic,remarketing,ag3,paid,0
102672,Mon,21,Android,1,1,Male,40.0,Delhi,Maharashtra,0,1,0,0,0,1,0,0,1.0,Oppo,Nord,Vi,Marathi,Android,14,app,app_store,9,2,593.1,organic,generic,none,crm,0
102673,Thu,12,Android,0,1,Male,29.0,Pune,Maharashtra,1,0,1,0,0,0,1,0,1.1,Apple,Nord,BSNL,English,Android,16,app,play_store,10,8,309.4,meta,generic,ag1,crm,0
102674,Wed,7,Android,0,1,Male,36.0,Jaipur,MP,0,0,0,1,0,0,0,0,2.0,Vivo,Reno,Vi,Marathi,Android,16,app,play_store,12,4,345.1,meta,remarketing,ag1,paid,0
102675,Wed,6,Android,0,1,Male,38.0,Bangalore,Rajasthan,0,0,0,0,0,0,0,0,2.0,OnePlus,Nord,Airtel,Bengali,Android,15,app,app_store,4,3,204.9,organic,remarketing,ag2,paid,0
102676,Sun,0,iOS,1,1,Male,21.0,Delhi,Delhi,0,1,0,1,0,0,0,0,2.0,Apple,Reno,Vi,Marathi,iOS,11,app,play_store,9,1,334.9,influencer,none,ag3,crm,1
102677,Thu,15,Android,0,1,Female,37.0,Jaipur,Delhi,0,1,0,0,0,0,0,0,2.0,Apple,Nord,Jio,Bengali,iOS,13,app,app_store,9,6,12.9,referral,none,none,none,0
102678,Fri,5,Android,0,1,Female,19.0,Unknown,Karnataka,0,0,0,0,0,0,0,0,1.0,Apple,iPhone 13,BSNL,Hindi,Android,14,app,play_store,12,2,74.9,influencer,remarketing,ag2,crm,0
102679,Fri,6,Android,1,1,Male,19.0,Mumbai,Unknown,1,0,0,0,0,0,0,1,1.1,Xiaomi,iPhone 13,Jio,Tamil,Android,11,app,web,10,5,200.9,organic,none,none,organic,0
102680,Sat,11,iOS,0,2,Female,46.0,Delhi,Rajasthan,0,0,0,0,0,0,0,0,1.1,Apple,Y21,Jio,Tamil,Android,11,app,play_store,6,1,203.5,organic,generic,ag2,organic,0
102681,Wed,22,Android,0,3,Female,39.0,Indore,Rajasthan,0,1,0,1,1,1,0,0,2.1,Apple,A12,Jio,Hindi,iOS,17,app,play_store,9,2,94.1,organic,generic,ag3,paid,1
102682,Tue,8,Android,0,1,Male,47.0,Pune,Maharashtra,0,0,0,0,0,0,0,0,1.0,Apple,Y21,Jio,Marathi,Android,17,web,play_store,14,6,229.8,organic,generic,ag2,none,0
102683,Sat,10,Android,0,4,Female,27.0,Delhi,Karnataka,0,0,0,0,1,0,0,1,1.1,Samsung,iPhone 13,Vi,English,Android,13,app,web,8,3,138.3,organic,activation,none,paid,1
102684,Fri,9,Android,1,1,Female,31.0,Jaipur,Karnataka,0,0,0,0,0,0,0,0,1.1,Xiaomi,Reno,Vi,English,Android,13,app,play_store,6,3,609.1,google,generic,ag1,organic,1
102685,Thu,20,Android,1,1,Female,34.0,Delhi,Unknown,0,1,0,1,0,1,0,0,1.2,Xiaomi,Reno,BSNL,Bengali,Android,15,app,play_store,6,2,267.2,google,none,ag2,organic,1
102686,Fri,0,Android,0,1,Female,30.0,Jaipur,Karnataka,0,0,1,0,0,0,0,0,1.2,Samsung,Y21,Other,Marathi,Android,13,app,play_store,4,3,709.6,meta,generic,ag2,paid,1
102687,Thu,17,Android,0,1,Female,24.0,Bangalore,Rajasthan,0,0,0,0,0,0,0,0,1.0,Xiaomi,A12,Other,Bengali,Android,13,app,web,15,5,477.5,influencer,generic,ag1,none,1
102688,Sat,3,Android,1,1,Male,23.0,Indore,Maharashtra,0,0,0,0,0,1,0,0,1.0,Oppo,Nord,Jio,Marathi,Android,17,app,play_store,10,4,585.5,influencer,remarketing,none,crm,1
102689,Wed,4,Android,0,1,Female,32.0,Unknown,Karnataka,1,0,0,1,0,0,0,1,1.1,Xiaomi,Note 10,Airtel,Marathi,Android,14,app,app_store,7,3,288.7,google,brand,ag3,paid,0
102690,Fri,8,iOS,0,2,Male,21.0,Bangalore,Maharashtra,0,0,1,0,0,1,0,0,1.2,Xiaomi,iPhone 13,Jio,Marathi,Android,11,app,play_store,10,2,113.2,meta,activation,ag1,paid,0
102691,Sun,16,Android,1,1,Female,21.0,Unknown,Unknown,0,0,0,0,0,1,0,0,1.2,Apple,Reno,Airtel,English,Android,13,app,app_store,6,2,178.1,google,generic,ag3,organic,0
102692,Thu,2,iOS,1,1,Male,33.0,Pune,Karnataka,0,0,0,0,0,1,0,0,1.1,Samsung,A12,Airtel,Bengali,Android,12,app,play_store,14,3,394.4,referral,brand,ag1,none,0
102693,Wed,15,Android,0,1,Male,29.0,Pune,Rajasthan,0,1,0,1,0,0,0,0,1.1,Vivo,Note 10,Jio,Hindi,iOS,17,app,play_store,16,5,136.8,meta,remarketing,ag3,organic,0
102694,Tue,4,Android,0,3,Female,37.0,Jaipur,Maharashtra,0,1,1,0,0,0,0,0,2.1,OnePlus,iPhone 13,BSNL,Hindi,Android,15,web,app_store,7,4,452.5,organic,activation,ag1,paid,0
102695,Thu,15,Android,1,1,Male,27.0,Indore,MP,0,0,0,0,0,0,0,0,2.0,Apple,A12,Airtel,Tamil,Android,13,app,play_store,15,3,445.4,referral,remarketing,none,none,0
102696,Sat,2,Android,1,1,Female,25.0,Bangalore,Unknown,1,1,0,0,0,0,0,0,1.0,Oppo,iPhone 13,Jio,English,Android,13,app,play_store,10,0,487.0,organic,remarketing,ag1,organic,0
102697,Tue,19,iOS,1,1,Male,33.0,Indore,Karnataka,0,0,0,1,0,0,0,1,1.0,Xiaomi,A12,Jio,Hindi,iOS,13,app,play_store,8,6,75.0,influencer,none,ag3,crm,0
102698,Tue,14,Web,0,1,Female,24.0,Bangalore,Rajasthan,0,0,0,0,0,0,0,0,2.1,Apple,iPhone 13,Jio,Hindi,Android,13,web,play_store,4,4,104.9,meta,remarketing,ag1,none,0
102699,Mon,2,Android,1,1,Male,25.0,Jaipur,Maharashtra,0,0,0,0,1,0,0,0,1.2,Vivo,iPhone 13,Airtel,Bengali,Android,15,app,play_store,9,3,436.5,influencer,brand,ag3,organic,1
102700,Fri,19,Android,0,1,Male,25.0,Jaipur,Delhi,0,0,0,0,1,0,0,0,2.0,Oppo,Reno,Vi,Tamil,Android,14,app,app_store,6,2,1056.8,referral,generic,ag1,none,1
102701,Thu,13,Android,1,1,Male,28.0,Jaipur,Rajasthan,0,1,0,0,0,0,0,0,1.2,Xiaomi,Nord,Airtel,Bengali,Android,14,app,app_store,7,2,47.4,google,generic,ag2,none,1
102702,Tue,15,Android,0,1,Female,44.0,Mumbai,Rajasthan,0,1,0,0,0,0,0,0,2.1,Xiaomi,A12,Vi,English,iOS,15,app,app_store,7,1,715.0,influencer,activation,ag2,organic,0
102703,Mon,16,Android,0,1,Female,19.0,Indore,Delhi,1,0,0,0,0,0,0,0,2.1,Vivo,Y21,Vi,Bengali,Android,13,app,app_store,7,2,553.1,google,generic,ag3,crm,0
102704,Sat,23,Android,1,1,Female,40.0,Unknown,Delhi,0,0,0,0,0,0,0,0,2.1,OnePlus,Note 10,BSNL,Marathi,iOS,17,app,app_store,12,1,572.4,meta,generic,ag3,none,1
102705,Wed,19,Web,0,1,Unknown,36.0,Pune,MP,0,0,1,0,0,1,0,0,1.0,Vivo,iPhone 13,Other,Bengali,Android,11,app,play_store,15,2,746.9,google,remarketing,ag1,organic,0
102706,Sun,22,Android,0,1,Female,43.0,Bangalore,MP,1,1,0,0,0,1,0,0,1.0,Vivo,Nord,Jio,English,Android,16,app,play_store,7,6,240.2,organic,activation,none,none,1
102707,Sun,17,iOS,1,1,Unknown,55.0,Mumbai,MP,0,0,0,0,0,1,0,0,1.2,Oppo,Reno,Jio,Tamil,iOS,17,app,play_store,8,3,282.6,google,brand,ag1,paid,0
102708,Thu,17,iOS,0,3,Male,41.0,Pune,Rajasthan,0,0,0,0,0,0,0,0,1.1,OnePlus,Y21,Airtel,Bengali,iOS,13,app,play_store,6,4,376.4,influencer,brand,ag1,paid,0
102709,Tue,21,iOS,1,1,Male,37.0,Bangalore,Rajasthan,0,1,0,0,0,0,0,0,1.0,Oppo,iPhone 13,Other,Hindi,Android,11,app,play_store,3,1,640.4,meta,generic,ag3,none,0
102710,Sun,13,Android,0,1,Male,20.0,Mumbai,Rajasthan,0,1,0,0,0,0,0,0,2.0,Apple,A12,BSNL,English,Android,17,app,play_store,2,5,165.0,meta,none,none,none,0
102711,Fri,17,Android,0,1,Male,21.0,Pune,MP,1,0,0,0,0,0,0,1,2.0,Vivo,Note 10,Jio,Hindi,Android,16,app,play_store,5,2,42.1,meta,brand,ag1,crm,1
102712,Sun,14,Android,1,2,Male,33.0,Pune,Maharashtra,0,1,0,1,0,0,0,1,2.0,Xiaomi,Y21,Airtel,Bengali,Android,12,app,play_store,11,1,523.3,referral,remarketing,none,paid,1
102713,Sun,14,Android,0,1,Male,18.0,Mumbai,Rajasthan,0,0,0,1,0,1,0,0,2.1,Samsung,Note 10,BSNL,Tamil,Android,14,app,play_store,9,2,627.5,influencer,none,ag1,none,0
102714,Sun,5,Android,1,1,Female,35.0,Pune,Rajasthan,1,0,0,0,0,0,0,1,1.2,Xiaomi,iPhone 13,Other,Tamil,Android,14,app,app_store,7,3,16.8,influencer,activation,ag3,organic,0
102715,Mon,14,Web,0,1,Female,18.0,Bangalore,Rajasthan,0,0,0,0,0,0,0,0,2.1,Vivo,Nord,Airtel,Bengali,Android,11,web,play_store,8,3,118.2,influencer,activation,ag1,organic,1
102716,Tue,17,iOS,1,1,Unknown,39.0,Unknown,MP,0,0,0,0,0,0,0,0,2.0,Xiaomi,Reno,BSNL,English,Android,12,app,app_store,10,3,395.2,meta,generic,ag3,organic,1
102717,Fri,3,iOS,0,1,Female,27.0,Bangalore,Karnataka,0,0,1,0,0,1,0,0,2.0,Apple,Reno,Other,Marathi,Android,14,app,play_store,9,3,348.4,meta,generic,none,organic,0
102718,Tue,22,iOS,0,4,Male,31.0,Pune,MP,1,0,0,0,0,0,0,0,2.1,Vivo,Y21,Jio,Bengali,Android,12,app,play_store,11,2,422.0,referral,remarketing,ag2,organic,1
102719,Thu,7,Android,1,1,Male,24.0,Delhi,Karnataka,0,0,0,0,0,0,0,0,2.0,Oppo,iPhone 13,Other,Bengali,Android,14,app,app_store,7,2,132.0,google,generic,none,organic,0
102720,Thu,14,Android,0,1,Male,18.0,Jaipur,MP,0,0,0,0,0,0,0,0,2.0,Samsung,Reno,Airtel,Tamil,Android,11,web,play_store,8,1,728.8,organic,activation,ag1,none,0
102721,Thu,2,Android,1,1,Male,40.0,Mumbai,Maharashtra,0,0,1,0,0,1,0,0,1.2,Vivo,iPhone 13,Jio,Bengali,Android,14,app,play_store,10,1,229.4,organic,remarketing,ag2,none,0
102722,Sat,14,Android,1,1,Male,41.0,Delhi,Maharashtra,0,0,0,1,0,0,0,0,2.0,Xiaomi,Reno,Vi,Bengali,Android,14,app,play_store,6,3,525.2,google,none,none,paid,0
102723,Sun,12,iOS,1,1,Female,27.0,Bangalore,Rajasthan,1,0,0,0,0,0,0,0,2.1,OnePlus,Note 10,Airtel,Tamil,iOS,17,app,play_store,3,0,355.6,meta,remarketing,none,organic,0
102724,Sat,8,Android,1,1,Male,35.0,Pune,MP,0,0,1,0,0,0,0,0,2.1,Xiaomi,Nord,Vi,Tamil,Android,11,app,play_store,11,4,777.6,google,generic,ag3,crm,1
102725,Mon,1,Android,0,4,Female,27.0,Indore,Karnataka,1,0,0,0,0,0,0,1,1.1,Vivo,Y21,Other,English,iOS,17,app,web,6,2,298.1,google,generic,ag3,crm,0
102726,Thu,23,Android,0,1,Female,32.0,Unknown,Karnataka,0,0,0,0,0,0,0,1,2.0,OnePlus,Note 10,BSNL,Hindi,Android,15,app,play_store,8,2,328.6,referral,brand,ag3,crm,1
102727,Fri,7,Android,0,1,Male,36.0,Indore,Maharashtra,1,0,0,0,0,0,0,1,1.1,Oppo,Note 10,Jio,Bengali,Android,15,app,play_store,7,2,72.2,referral,remarketing,ag3,paid,0
102728,Tue,19,Android,0,1,Male,34.0,Jaipur,Rajasthan,0,0,0,1,0,1,0,0,2.1,Oppo,iPhone 13,Airtel,Marathi,Android,14,app,play_store,6,2,258.3,meta,none,ag1,organic,0
102729,Sun,16,iOS,0,1,Female,41.0,Delhi,Karnataka,0,0,0,0,0,0,0,0,1.1,Vivo,iPhone 13,Jio,Marathi,Android,15,app,app_store,6,2,1453.9,influencer,generic,none,paid,1
102730,Wed,12,Android,0,1,Male,34.0,Delhi,MP,1,0,0,1,0,0,0,0,2.0,Xiaomi,iPhone 13,Other,Bengali,iOS,17,app,play_store,6,2,191.3,meta,brand,ag2,organic,0
102731,Fri,0,Android,0,1,Male,30.0,Delhi,Rajasthan,1,0,0,0,0,0,0,0,1.0,Xiaomi,A12,Other,Bengali,Android,13,app,play_store,8,2,452.2,referral,generic,none,paid,1
102732,Sun,1,Android,0,1,Male,24.0,Bangalore,Unknown,0,1,0,0,0,0,0,0,1.2,Oppo,Y21,BSNL,Tamil,Android,15,app,play_store,10,2,225.2,referral,generic,none,paid,0
102733,Sat,14,Android,0,1,Male,26.0,Jaipur,MP,0,0,0,1,0,0,0,0,2.0,OnePlus,Y21,BSNL,English,Android,12,app,play_store,13,3,668.1,meta,brand,ag2,paid,0
102734,Sat,11,Android,1,1,Male,36.0,Unknown,MP,0,0,0,0,0,0,0,0,1.1,Xiaomi,Reno,Airtel,English,iOS,13,app,play_store,10,3,210.0,google,activation,ag1,organic,0
102735,Fri,13,Web,0,1,Female,18.0,Jaipur,Maharashtra,0,0,0,0,0,0,0,0,1.1,Samsung,Reno,Jio,Tamil,Android,15,app,play_store,7,2,360.5,referral,remarketing,ag1,none,0
102736,Sat,1,Android,0,1,Male,39.0,Bangalore,MP,0,0,0,0,0,0,0,0,1.1,Samsung,Nord,Airtel,Marathi,Android,13,app,play_store,6,3,280.4,organic,none,ag2,organic,1
102737,Thu,17,Android,1,3,Male,28.0,Jaipur,Delhi,0,1,0,1,0,1,0,0,2.1,Samsung,A12,Vi,Hindi,Android,16,app,play_store,8,5,327.4,influencer,activation,ag3,organic,1
102738,Mon,21,Android,0,1,Male,23.0,Unknown,Rajasthan,0,0,0,0,1,0,0,0,2.0,Samsung,Nord,Other,Marathi,iOS,13,app,app_store,3,4,747.5,influencer,activation,none,none,0
102739,Tue,6,Android,1,1,Female,21.0,Pune,Delhi,0,0,0,0,0,0,0,1,1.1,Apple,Nord,Vi,Marathi,Android,15,app,app_store,11,1,316.0,organic,none,ag1,organic,0
102740,Mon,22,Android,0,1,Male,35.0,Bangalore,MP,0,0,0,0,0,0,0,0,1.0,Samsung,A12,Vi,Hindi,Android,12,app,play_store,6,2,291.1,referral,generic,ag1,none,0
102741,Sun,5,Android,0,1,Male,30.0,Pune,MP,1,1,0,0,0,0,0,0,2.0,Apple,A12,Jio,Hindi,iOS,12,app,play_store,9,2,258.8,organic,none,ag1,crm,0
102742,Tue,13,Android,1,1,Female,43.0,Pune,Maharashtra,0,0,0,1,0,1,0,1,2.1,Xiaomi,A12,Vi,English,Android,13,app,play_store,8,0,490.2,referral,generic,ag2,paid,1
102743,Tue,7,iOS,1,3,Male,20.0,Delhi,Maharashtra,0,0,0,0,0,0,0,0,2.0,OnePlus,Nord,Vi,Hindi,Android,15,app,play_store,12,3,142.9,meta,activation,ag2,none,0
102744,Mon,21,Android,0,1,Male,25.0,Indore,Unknown,1,0,0,0,0,0,0,0,2.1,Oppo,Y21,BSNL,Tamil,Android,12,app,web,9,4,188.9,influencer,none,none,organic,1
102745,Fri,1,Android,1,1,Male,29.0,Unknown,Maharashtra,0,0,0,1,0,1,0,1,2.1,OnePlus,Nord,Airtel,Hindi,Android,16,app,play_store,8,2,339.9,organic,activation,ag2,none,0
102746,Tue,16,Android,0,1,Female,24.0,Delhi,Unknown,0,0,0,0,0,0,0,0,1.2,Samsung,Note 10,BSNL,Marathi,Android,15,app,play_store,7,3,146.5,meta,remarketing,none,crm,0
102747,Mon,4,Android,0,1,Unknown,30.0,Bangalore,Maharashtra,0,0,0,0,0,0,0,0,1.2,Samsung,Reno,Jio,Tamil,Android,15,web,play_store,10,4,557.8,referral,remarketing,ag1,organic,0
102748,Tue,13,iOS,0,1,Male,33.0,Mumbai,Unknown,0,0,0,0,0,0,0,0,1.0,Samsung,iPhone 13,Airtel,Hindi,Android,14,app,play_store,7,2,185.2,meta,none,none,none,0
102749,Wed,23,iOS,0,3,Male,34.0,Bangalore,Karnataka,0,0,0,1,0,0,0,0,1.1,OnePlus,Y21,Airtel,English,Android,14,app,play_store,10,1,767.8,influencer,generic,none,paid,0
102750,Fri,19,Android,0,1,Male,42.0,Unknown,Maharashtra,0,0,0,0,0,0,0,0,2.0,Apple,Note 10,Other,English,Android,14,app,play_store,7,6,127.5,influencer,generic,ag1,none,1
102751,Thu,20,iOS,1,4,Female,20.0,Indore,MP,1,1,0,0,0,0,0,0,1.1,Samsung,Y21,Other,Marathi,iOS,16,app,play_store,10,6,104.6,google,brand,ag2,organic,0
102752,Tue,20,iOS,0,1,Female,33.0,Bangalore,Unknown,0,1,0,1,0,0,0,0,2.0,Apple,Note 10,Vi,Bengali,Android,15,web,app_store,8,2,480.6,google,remarketing,none,paid,0
102753,Wed,21,iOS,0,1,Female,25.0,Indore,MP,1,0,0,0,1,0,0,0,1.0,Samsung,iPhone 13,Airtel,Marathi,Android,16,web,play_store,10,1,229.8,organic,generic,ag3,crm,0
102754,Thu,2,Android,0,1,Female,33.0,Mumbai,Unknown,0,0,1,0,0,0,0,0,1.0,OnePlus,iPhone 13,Airtel,Hindi,Android,11,app,play_store,1,3,629.1,influencer,remarketing,ag2,paid,0
102755,Thu,4,Android,1,1,Unknown,33.0,Mumbai,Rajasthan,0,1,0,1,0,0,0,0,2.0,Oppo,Y21,Other,Marathi,iOS,15,app,app_store,8,1,150.5,referral,remarketing,ag1,none,0
102756,Sun,15,Android,1,4,Female,22.0,Jaipur,Unknown,0,1,0,0,0,0,0,0,2.1,Samsung,Nord,Vi,Tamil,Android,12,app,play_store,6,3,410.1,influencer,brand,ag3,organic,1
102757,Tue,17,iOS,1,1,Female,23.0,Pune,Delhi,0,0,0,0,0,0,0,1,1.2,Apple,Note 10,Other,Marathi,Android,12,app,play_store,7,1,137.2,meta,brand,ag3,paid,0
102758,Mon,16,Android,1,2,Male,34.0,Unknown,Unknown,1,0,0,0,0,0,0,0,2.0,Oppo,Reno,Airtel,English,iOS,12,app,play_store,4,7,259.0,influencer,activation,ag2,crm,0
102759,Tue,10,Android,1,1,Male,30.0,Bangalore,Unknown,0,1,0,0,0,1,0,0,2.1,Xiaomi,iPhone 13,Jio,Tamil,Android,11,app,app_store,8,2,78.7,meta,activation,none,paid,0
102760,Wed,16,Android,1,1,Male,28.0,Pune,Karnataka,0,0,1,0,0,1,0,0,2.0,Xiaomi,Note 10,Other,English,Android,13,app,play_store,6,4,257.9,referral,brand,ag2,crm,1
102761,Thu,15,Android,1,3,Male,35.0,Delhi,Karnataka,0,0,0,0,0,1,0,0,2.0,Oppo,A12,BSNL,Marathi,iOS,15,app,play_store,3,3,286.4,influencer,brand,none,organic,0
102762,Tue,22,Android,0,1,Female,36.0,Unknown,Rajasthan,0,1,0,0,1,0,0,0,2.0,Xiaomi,Nord,Other,Hindi,Android,14,app,play_store,2,1,441.8,influencer,generic,ag1,crm,0
102763,Mon,1,iOS,0,1,Male,26.0,Delhi,Rajasthan,1,0,0,1,0,0,0,0,2.0,Oppo,Nord,Airtel,Marathi,Android,12,app,play_store,2,2,228.3,influencer,none,ag3,crm,0
102764,Sun,3,Android,0,1,Female,23.0,Delhi,Maharashtra,1,0,0,0,0,0,0,0,2.0,Samsung,Y21,Vi,Tamil,Android,16,app,play_store,5,2,251.9,google,activation,ag1,none,0
102765,Tue,20,iOS,0,2,Male,20.0,Jaipur,Rajasthan,1,0,0,0,1,0,0,0,2.1,Xiaomi,Note 10,Airtel,English,Android,12,app,app_store,5,1,755.7,google,brand,none,none,0
102766,Fri,6,Android,0,1,Female,30.0,Delhi,Karnataka,0,1,0,0,0,0,0,0,1.0,Vivo,Note 10,Vi,Marathi,Android,13,app,app_store,8,1,500.9,referral,none,ag1,organic,0
102767,Sun,1,Android,0,1,Male,19.0,Delhi,Delhi,0,1,0,0,0,0,0,0,1.2,Vivo,iPhone 13,Airtel,Hindi,iOS,17,app,play_store,7,4,455.1,influencer,activation,ag1,organic,0
102768,Mon,5,Android,1,1,Male,31.0,Bangalore,Unknown,0,0,0,0,0,0,0,0,1.2,Oppo,A12,BSNL,Hindi,Android,13,app,play_store,11,5,285.7,meta,remarketing,none,organic,0
102769,Wed,16,Android,0,1,Male,40.0,Pune,Delhi,0,0,0,0,0,0,0,1,2.1,Vivo,Reno,BSNL,Bengali,Android,13,web,app_store,6,2,293.8,meta,none,ag3,crm,0
102770,Thu,6,Android,1,1,Female,27.0,Pune,Karnataka,0,0,0,1,1,1,1,0,2.1,Oppo,Reno,Vi,Hindi,iOS,15,app,play_store,8,6,250.9,referral,remarketing,ag1,paid,0
102771,Tue,4,Android,1,1,Male,26.0,Indore,Maharashtra,1,1,0,0,0,0,0,0,2.0,Xiaomi,A12,BSNL,Marathi,Android,12,app,play_store,5,2,39.9,organic,activation,ag1,none,0
102772,Mon,4,Android,1,1,Male,46.0,Delhi,Delhi,1,0,0,0,0,0,0,0,1.0,Oppo,Note 10,Jio,Hindi,Android,11,app,play_store,1,5,161.2,influencer,generic,ag1,paid,0
102773,Sun,19,iOS,1,1,Male,42.0,Mumbai,Unknown,1,0,0,1,0,0,0,0,1.0,OnePlus,iPhone 13,Jio,Hindi,Android,11,app,app_store,3,4,579.5,meta,generic,ag1,paid,1
102774,Fri,15,Android,1,1,Female,24.0,Indore,Unknown,0,0,0,0,0,0,0,0,1.1,Oppo,Nord,BSNL,Tamil,iOS,13,app,web,8,3,216.3,organic,generic,ag3,paid,0
102775,Mon,18,Android,0,1,Male,31.0,Indore,Delhi,0,0,1,1,0,1,0,0,1.0,Samsung,Y21,Other,Hindi,iOS,11,app,play_store,8,5,391.2,google,activation,ag2,none,0
102776,Sat,8,Android,0,1,Unknown,33.0,Bangalore,Maharashtra,1,1,0,0,0,0,0,0,2.0,OnePlus,Nord,BSNL,Marathi,Android,15,web,play_store,7,4,257.0,google,none,ag1,none,0
102777,Fri,4,Android,0,1,Male,32.0,Indore,Delhi,1,0,0,0,0,0,0,0,1.1,Xiaomi,A12,Vi,Hindi,Android,11,app,play_store,15,4,258.7,google,generic,ag1,paid,0
102778,Sun,7,Android,1,1,Male,45.0,Mumbai,MP,0,1,0,0,0,0,0,0,2.1,Oppo,A12,BSNL,English,iOS,13,app,app_store,8,3,325.6,meta,brand,ag1,none,0
102779,Wed,8,Android,1,1,Female,31.0,Pune,Karnataka,0,0,0,1,0,0,0,1,2.0,Xiaomi,Note 10,BSNL,Bengali,Android,11,app,play_store,6,4,275.0,referral,none,none,none,0
102780,Thu,4,Android,1,1,Male,32.0,Indore,Delhi,1,0,0,0,0,0,0,0,1.1,Vivo,A12,Vi,Bengali,Android,12,app,app_store,5,1,171.6,meta,brand,ag3,none,0
102781,Sun,9,Android,0,2,Female,36.0,Bangalore,Delhi,0,1,0,0,0,0,0,0,2.0,Oppo,iPhone 13,Jio,Tamil,Android,15,app,play_store,4,5,853.8,google,none,ag1,organic,0
102782,Wed,1,Android,0,1,Male,40.0,Unknown,Maharashtra,0,0,0,0,1,0,0,1,2.1,Vivo,Nord,Other,Marathi,Android,15,app,play_store,11,0,242.7,organic,remarketing,ag1,organic,1
102783,Tue,8,iOS,0,1,Unknown,37.0,Delhi,Delhi,1,0,0,0,0,0,0,1,1.1,Samsung,Note 10,Airtel,Marathi,iOS,15,app,play_store,7,3,450.2,referral,none,ag1,crm,1
102784,Mon,10,Android,0,1,Female,34.0,Mumbai,Maharashtra,0,0,0,0,0,1,0,0,2.0,Samsung,iPhone 13,Other,Tamil,Android,12,app,play_store,7,5,526.8,influencer,remarketing,none,none,0
102785,Sat,3,Android,0,1,Female,18.0,Delhi,Karnataka,0,0,0,0,0,0,0,0,1.2,Xiaomi,iPhone 13,Airtel,Bengali,Android,17,app,play_store,7,2,280.2,referral,brand,ag1,none,0
102786,Fri,21,iOS,0,2,Male,26.0,Jaipur,MP,0,0,0,0,0,1,0,0,2.1,Samsung,Y21,BSNL,English,Android,16,app,play_store,9,1,160.7,organic,activation,ag3,paid,0
102787,Fri,21,Android,1,2,Male,37.0,Indore,Rajasthan,0,0,0,0,0,0,0,0,1.1,Oppo,A12,Jio,Bengali,Android,12,app,play_store,8,7,107.1,meta,generic,ag3,paid,0
102788,Mon,21,Android,0,1,Female,32.0,Pune,Karnataka,0,1,0,0,0,1,0,0,1.2,Xiaomi,A12,BSNL,Bengali,Android,12,app,app_store,9,0,236.9,google,generic,ag2,none,1
102789,Sat,1,Android,0,1,Female,37.0,Bangalore,Delhi,0,0,1,0,0,0,1,1,1.2,Vivo,iPhone 13,Airtel,English,Android,14,app,play_store,5,2,324.5,referral,brand,none,paid,0
102790,Mon,22,Android,1,1,Male,45.0,Unknown,MP,0,0,0,0,0,0,0,0,1.1,Apple,Reno,Jio,Bengali,Android,15,app,play_store,9,7,737.9,referral,generic,ag1,crm,0
102791,Tue,5,Android,0,1,Male,21.0,Mumbai,Rajasthan,0,1,0,0,0,0,0,0,1.0,Samsung,Note 10,Airtel,Hindi,iOS,16,web,app_store,10,2,668.1,google,none,ag1,paid,0
102792,Wed,13,Android,0,2,Male,39.0,Pune,Rajasthan,1,0,0,1,0,1,0,0,1.0,Oppo,Reno,BSNL,Marathi,Android,13,app,play_store,5,3,165.5,referral,none,ag3,none,0
102793,Sun,0,Web,0,1,Female,27.0,Mumbai,Unknown,0,0,0,0,0,0,0,0,2.0,Vivo,iPhone 13,Airtel,Bengali,Android,11,app,app_store,8,6,778.2,organic,brand,ag2,organic,1
102794,Fri,17,iOS,0,1,Male,37.0,Bangalore,Unknown,1,0,0,1,0,1,0,0,1.1,Apple,iPhone 13,Jio,English,Android,14,app,play_store,12,3,796.1,google,none,ag3,paid,0
102795,Tue,6,Android,0,1,Male,30.0,Bangalore,Delhi,0,1,0,1,0,0,0,0,1.1,Xiaomi,A12,Other,Marathi,Android,11,app,app_store,4,1,388.9,organic,remarketing,none,crm,0
102796,Wed,0,Android,0,1,Male,47.0,Indore,Unknown,0,1,0,0,0,0,0,0,1.2,Oppo,Nord,BSNL,Marathi,Android,11,app,play_store,8,3,292.0,referral,none,ag2,none,1
102797,Tue,0,Android,0,1,Male,31.0,Mumbai,Rajasthan,0,0,0,0,0,0,0,1,1.2,Apple,A12,Airtel,Bengali,Android,12,app,play_store,9,2,94.7,organic,generic,ag3,paid,0
102798,Sat,0,Android,0,2,Male,25.0,Jaipur,Rajasthan,0,0,0,1,0,1,0,0,1.2,Oppo,Y21,Airtel,Bengali,Android,14,app,app_store,6,1,497.7,google,activation,none,none,0
102799,Fri,23,Android,0,1,Unknown,33.0,Jaipur,Karnataka,1,0,0,0,0,0,0,0,2.1,Vivo,Y21,Other,Bengali,iOS,13,web,play_store,7,4,198.6,meta,remarketing,ag3,organic,0
102800,Sun,3,Android,1,2,Male,33.0,Indore,Unknown,0,0,0,0,0,0,0,0,1.0,Vivo,Note 10,Jio,Tamil,iOS,11,app,play_store,6,5,90.3,meta,activation,ag1,organic,0
102801,Mon,3,Android,0,1,Unknown,39.0,Mumbai,Unknown,1,0,0,0,0,0,0,0,2.0,Samsung,Nord,Vi,Marathi,Android,11,app,play_store,8,3,43.3,referral,generic,ag2,organic,0
102802,Mon,17,Android,1,1,Male,34.0,Mumbai,Karnataka,0,0,1,1,0,0,0,1,2.0,Vivo,iPhone 13,Vi,Tamil,Android,14,app,play_store,6,4,445.1,google,generic,ag2,paid,0
102803,Wed,10,Web,0,1,Male,50.0,Delhi,Rajasthan,1,1,0,0,0,0,0,0,1.1,Xiaomi,Reno,Vi,Bengali,Android,13,app,play_store,10,3,599.0,organic,remarketing,ag1,paid,0
102804,Sun,0,Android,0,1,Male,29.0,Indore,Maharashtra,0,0,0,0,1,1,0,0,1.2,Xiaomi,Nord,BSNL,English,iOS,13,app,play_store,7,2,132.5,influencer,brand,ag1,paid,0
102805,Thu,9,iOS,1,1,Female,29.0,Mumbai,Delhi,0,0,1,1,0,0,0,0,1.1,Oppo,A12,Vi,Bengali,Android,16,app,play_store,9,3,119.6,referral,none,none,paid,0
102806,Sat,8,iOS,0,1,Female,25.0,Mumbai,Maharashtra,0,0,0,1,0,0,0,0,1.0,Xiaomi,A12,Vi,Bengali,Android,13,app,play_store,6,5,367.9,meta,brand,ag3,organic,0
102807,Wed,22,Android,0,1,Male,31.0,Bangalore,Maharashtra,0,0,1,0,0,0,0,0,2.1,Vivo,iPhone 13,Other,Hindi,iOS,11,app,play_store,6,1,398.0,google,brand,ag1,none,0
102808,Thu,3,iOS,1,1,Male,32.0,Unknown,Rajasthan,0,0,0,0,0,0,0,0,1.0,Apple,Reno,Vi,Hindi,iOS,12,app,app_store,6,5,110.6,meta,brand,ag1,organic,0
102809,Tue,5,Android,0,1,Unknown,32.0,Delhi,Delhi,0,1,0,1,0,0,0,0,1.1,Xiaomi,iPhone 13,Airtel,Marathi,Android,14,app,play_store,5,4,182.4,referral,generic,none,organic,0
102810,Sat,15,Android,1,1,Unknown,31.0,Jaipur,Maharashtra,0,0,0,1,0,0,0,0,1.2,Vivo,Y21,Other,Marathi,Android,13,app,play_store,7,4,374.6,google,remarketing,ag3,none,0
102811,Tue,1,Android,1,1,Male,25.0,Jaipur,Karnataka,0,0,0,0,0,0,0,0,1.1,OnePlus,A12,Airtel,Marathi,Android,16,app,app_store,9,2,162.0,meta,generic,ag1,organic,0
102812,Sun,22,Android,0,1,Female,23.0,Bangalore,Karnataka,1,0,0,0,0,0,0,0,1.2,Vivo,Reno,BSNL,Tamil,iOS,12,app,play_store,7,2,573.9,google,brand,ag3,crm,0
102813,Fri,17,Android,0,1,Male,27.0,Unknown,Delhi,0,1,0,0,0,0,1,0,1.2,Oppo,A12,Other,Marathi,Android,13,app,play_store,7,5,611.5,meta,generic,ag2,crm,0
102814,Sat,9,Android,0,1,Male,39.0,Unknown,Maharashtra,0,0,0,0,0,0,1,0,1.1,Oppo,Y21,Airtel,Hindi,iOS,11,app,play_store,16,4,304.5,google,generic,ag3,organic,0
102815,Thu,23,Android,1,1,Male,41.0,Indore,MP,0,0,0,1,0,1,0,0,2.1,Xiaomi,Note 10,Airtel,Marathi,iOS,13,app,play_store,9,1,320.4,influencer,brand,none,paid,0
102816,Fri,23,Android,1,1,Male,29.0,Jaipur,Unknown,1,0,1,0,0,1,0,0,1.1,Xiaomi,Reno,Jio,Bengali,Android,16,app,play_store,8,1,549.7,organic,none,ag3,organic,1
102817,Mon,16,Android,1,1,Female,22.0,Indore,MP,0,1,0,0,0,0,0,0,1.0,Vivo,Note 10,Jio,Hindi,Android,11,app,play_store,7,2,662.6,google,remarketing,none,organic,0
102818,Thu,12,Android,0,1,Male,29.0,Mumbai,Delhi,0,0,0,0,0,0,0,0,1.0,Xiaomi,Y21,Jio,Tamil,Android,14,app,play_store,6,0,157.4,organic,none,ag1,none,0
102819,Wed,23,Android,1,1,Female,47.0,Pune,Unknown,0,0,0,1,0,0,0,0,2.0,OnePlus,A12,Jio,Tamil,Android,11,app,play_store,9,2,304.4,referral,remarketing,none,none,0
102820,Mon,17,Android,0,1,Female,38.0,Unknown,Delhi,0,0,0,0,0,0,0,1,1.0,Apple,A12,Vi,Marathi,Android,13,app,app_store,8,5,72.4,meta,activation,none,none,0
102821,Mon,21,Android,0,1,Male,34.0,Unknown,MP,0,0,0,0,0,0,0,0,1.0,OnePlus,Reno,BSNL,Tamil,Android,16,app,play_store,16,3,511.0,meta,none,none,crm,0
102822,Wed,12,Android,1,1,Male,38.0,Bangalore,Maharashtra,0,0,0,0,1,1,0,0,1.1,Samsung,Note 10,Vi,Tamil,Android,15,app,play_store,4,3,255.8,referral,remarketing,ag3,crm,1
102823,Sat,16,iOS,0,1,Female,42.0,Unknown,Maharashtra,0,0,0,0,0,0,0,0,1.1,Samsung,iPhone 13,BSNL,Hindi,Android,16,app,play_store,10,0,344.7,meta,activation,ag3,organic,1
102824,Mon,4,Android,1,1,Male,21.0,Indore,Rajasthan,0,0,0,0,0,0,0,1,2.1,Vivo,iPhone 13,Other,Marathi,Android,12,web,play_store,13,2,238.1,influencer,brand,none,paid,0
102825,Sun,10,Android,0,1,Male,27.0,Unknown,Unknown,0,0,0,0,0,1,0,0,1.0,OnePlus,Y21,BSNL,Marathi,Android,11,app,play_store,4,2,161.0,influencer,generic,ag1,none,0
102826,Thu,6,Android,1,1,Male,26.0,Mumbai,Delhi,0,1,0,0,0,0,0,0,2.1,Samsung,iPhone 13,Vi,Bengali,Android,17,app,play_store,4,2,310.9,influencer,remarketing,none,organic,0
102827,Fri,9,iOS,0,2,Male,35.0,Mumbai,Maharashtra,0,0,0,0,0,0,0,0,2.1,Vivo,Note 10,Other,Marathi,Android,11,app,play_store,11,3,203.5,referral,generic,ag2,crm,0
102828,Mon,16,Android,0,1,Female,31.0,Bangalore,MP,0,0,0,0,0,1,0,0,1.0,Vivo,Nord,Other,Marathi,Android,15,web,play_store,8,3,102.3,organic,none,ag3,organic,0
102829,Thu,14,Android,0,3,Female,36.0,Unknown,Unknown,0,0,0,1,0,0,0,0,1.1,OnePlus,Y21,Other,Hindi,Android,17,app,app_store,6,5,373.2,referral,generic,none,organic,1
102830,Tue,17,Android,0,1,Male,26.0,Jaipur,MP,0,0,0,1,0,0,0,0,1.2,Apple,A12,Jio,Bengali,iOS,13,app,play_store,6,0,458.6,organic,none,ag2,paid,0
102831,Thu,22,Android,0,1,Male,41.0,Mumbai,Karnataka,0,0,0,0,0,0,0,0,1.2,Oppo,Nord,Vi,Bengali,Android,12,app,play_store,12,2,448.4,referral,brand,ag1,organic,0
102832,Fri,21,Android,1,1,Unknown,29.0,Delhi,Maharashtra,0,0,0,0,0,0,1,1,1.2,Xiaomi,Note 10,Jio,Marathi,Android,16,app,play_store,11,4,409.1,meta,generic,ag3,crm,1
102833,Thu,18,Android,0,1,Male,36.0,Jaipur,Rajasthan,1,0,0,0,0,0,0,0,2.1,Apple,A12,Airtel,English,Android,12,app,play_store,4,3,894.1,referral,none,none,none,0
102834,Wed,1,Web,0,1,Male,40.0,Pune,Rajasthan,0,1,0,0,0,0,1,1,1.2,Oppo,iPhone 13,Other,Bengali,Android,16,web,app_store,12,2,363.6,influencer,remarketing,ag1,none,0
102835,Fri,3,Android,0,1,Unknown,39.0,Bangalore,Unknown,0,1,0,0,0,0,0,0,2.0,Vivo,Y21,Other,Marathi,Android,12,app,play_store,4,2,195.9,influencer,generic,ag2,none,0
102836,Sat,2,Android,0,3,Unknown,33.0,Bangalore,Delhi,0,1,0,0,0,0,0,0,2.0,OnePlus,iPhone 13,Other,Marathi,Android,12,app,play_store,7,3,433.3,influencer,none,ag2,none,0
102837,Tue,6,Android,1,1,Male,37.0,Bangalore,Karnataka,0,0,0,0,0,0,0,0,2.1,OnePlus,Y21,Vi,Hindi,Android,17,app,app_store,9,2,406.1,meta,remarketing,ag1,crm,0
102838,Wed,23,Android,1,3,Male,44.0,Mumbai,Unknown,1,0,0,0,0,0,0,0,1.1,Apple,Note 10,Other,Bengali,Android,14,app,play_store,7,1,101.4,influencer,generic,ag1,paid,0
102839,Sat,17,iOS,0,1,Male,34.0,Mumbai,MP,1,0,0,0,0,1,0,0,1.0,Vivo,Reno,Vi,Bengali,iOS,11,app,play_store,6,3,604.5,influencer,generic,none,organic,0
102840,Thu,9,Android,0,1,Male,24.0,Bangalore,MP,0,0,0,0,0,0,0,1,2.1,Samsung,Reno,Airtel,English,Android,16,app,play_store,10,0,362.1,influencer,activation,ag3,none,0
102841,Fri,6,Android,1,1,Female,35.0,Bangalore,Delhi,0,1,0,0,0,0,0,0,1.2,OnePlus,Note 10,Airtel,Marathi,iOS,14,app,app_store,7,4,358.8,influencer,generic,ag3,organic,1
102842,Tue,7,Android,0,1,Male,30.0,Delhi,Rajasthan,1,0,0,1,0,0,0,0,1.0,Vivo,A12,Airtel,Bengali,Android,14,app,play_store,8,2,175.9,influencer,remarketing,none,organic,0
102843,Wed,5,iOS,0,1,Male,18.0,Indore,Rajasthan,1,0,0,0,0,1,0,0,1.1,Samsung,Y21,Jio,Tamil,Android,13,app,play_store,4,4,146.9,organic,remarketing,ag1,paid,0
102844,Sat,21,iOS,0,3,Male,34.0,Jaipur,MP,0,0,0,0,0,0,0,1,1.2,Vivo,Nord,Other,Bengali,Android,11,app,play_store,10,0,672.2,meta,generic,ag3,organic,1
102845,Sat,0,Android,0,1,Unknown,31.0,Jaipur,Delhi,0,1,0,0,0,0,0,0,2.0,OnePlus,iPhone 13,Airtel,Marathi,Android,16,web,play_store,10,0,139.3,referral,remarketing,none,organic,0
102846,Tue,3,Android,0,1,Male,39.0,Delhi,Unknown,0,1,0,0,1,1,0,0,2.0,Vivo,Y21,BSNL,Tamil,Android,13,app,app_store,7,2,701.5,meta,none,ag1,organic,0
102847,Sun,13,Android,0,1,Male,24.0,Bangalore,Maharashtra,1,0,0,0,1,0,0,0,2.1,OnePlus,Nord,Vi,English,Android,14,app,play_store,9,3,233.1,meta,remarketing,ag2,organic,0
102848,Thu,16,Web,0,1,Unknown,18.0,Unknown,Unknown,0,0,0,0,0,0,0,0,1.1,OnePlus,iPhone 13,BSNL,Tamil,Android,13,app,play_store,6,4,305.6,organic,brand,ag1,none,0
102849,Tue,19,Android,0,1,Male,31.0,Mumbai,Karnataka,0,0,1,0,0,0,0,0,2.1,Oppo,Note 10,Airtel,Hindi,Android,14,app,play_store,8,2,92.9,influencer,brand,ag3,none,0
102850,Sat,17,Android,0,1,Male,33.0,Mumbai,Rajasthan,0,0,0,0,0,1,0,0,1.1,Vivo,Note 10,Jio,Tamil,Android,15,app,play_store,7,7,201.3,meta,brand,none,crm,1
102851,Mon,10,Android,0,1,Male,31.0,Bangalore,Unknown,0,0,0,0,1,0,0,0,2.1,Vivo,A12,Jio,Tamil,iOS,14,app,play_store,9,2,125.2,referral,activation,none,crm,0
102852,Wed,20,Android,0,1,Male,30.0,Indore,Rajasthan,0,0,0,0,0,0,0,0,1.0,Vivo,Note 10,BSNL,Tamil,Android,11,app,play_store,12,3,99.5,referral,generic,none,organic,0
102853,Tue,13,Android,0,1,Male,21.0,Pune,Rajasthan,0,1,1,1,0,0,0,0,2.1,Xiaomi,Note 10,Airtel,Marathi,Android,13,app,app_store,7,2,353.2,google,generic,ag1,organic,0
102854,Sun,8,Web,1,1,Male,29.0,Pune,Maharashtra,1,1,0,0,0,0,0,1,1.0,Xiaomi,Note 10,Other,English,Android,12,app,play_store,7,5,673.3,influencer,generic,ag2,organic,1
102855,Sat,14,Android,0,1,Male,27.0,Delhi,Maharashtra,0,0,0,0,0,0,0,0,1.1,Apple,Y21,Vi,Tamil,Android,12,app,play_store,9,2,427.9,meta,brand,ag3,none,0
102856,Thu,11,iOS,1,1,Male,39.0,Jaipur,Unknown,0,0,0,1,0,0,0,1,1.0,Oppo,A12,Vi,Hindi,Android,17,app,play_store,2,3,583.3,referral,activation,ag1,none,0
102857,Sat,9,Android,0,1,Male,33.0,Indore,Karnataka,1,0,0,0,0,0,0,0,1.0,OnePlus,Y21,Jio,Bengali,Android,11,app,play_store,13,7,534.9,influencer,brand,ag1,none,0
102858,Thu,18,Android,1,4,Male,28.0,Pune,Rajasthan,0,0,0,0,0,1,0,0,2.1,Xiaomi,Nord,BSNL,Tamil,iOS,13,app,app_store,14,1,706.4,google,activation,ag2,paid,1
102859,Tue,23,Android,0,3,Male,44.0,Indore,MP,1,0,0,0,0,0,0,0,1.0,Apple,Reno,Airtel,Bengali,iOS,12,app,play_store,9,5,149.4,organic,activation,ag2,paid,0
102860,Thu,18,Android,0,1,Male,28.0,Mumbai,Rajasthan,1,0,1,0,0,0,0,0,1.2,Apple,Note 10,Airtel,Bengali,iOS,13,app,play_store,8,3,154.1,google,activation,ag2,organic,0
102861,Fri,5,Web,1,4,Unknown,34.0,Mumbai,Karnataka,0,1,0,0,0,0,0,0,1.2,Apple,Nord,Other,Bengali,iOS,17,app,app_store,7,3,121.2,google,none,none,paid,0
102862,Fri,19,iOS,0,1,Male,29.0,Unknown,Unknown,0,1,0,0,0,0,0,0,1.1,Oppo,Nord,Other,Tamil,Android,12,app,play_store,12,4,226.6,google,none,ag3,paid,0
102863,Fri,23,Android,1,1,Male,43.0,Indore,Karnataka,1,1,0,0,0,0,0,0,1.2,OnePlus,Y21,Airtel,Marathi,Android,17,app,web,9,2,524.5,google,generic,ag1,crm,0
102864,Sun,5,Android,0,1,Female,31.0,Bangalore,MP,0,0,0,1,0,0,0,0,2.1,Samsung,Note 10,Airtel,Tamil,Android,11,app,web,15,3,195.8,meta,remarketing,ag3,paid,0
102865,Sun,7,Android,1,3,Male,31.0,Pune,Maharashtra,0,1,0,0,0,0,0,0,1.0,Oppo,Y21,Vi,Tamil,Android,12,app,play_store,4,4,80.4,organic,activation,ag1,organic,0
102866,Mon,0,iOS,1,1,Female,29.0,Pune,MP,1,0,0,0,0,1,0,0,1.0,Apple,iPhone 13,BSNL,Marathi,iOS,16,app,app_store,9,5,341.4,influencer,activation,none,crm,0
102867,Sun,21,iOS,1,2,Female,32.0,Mumbai,Karnataka,0,0,0,0,1,0,0,0,1.1,OnePlus,iPhone 13,Vi,English,Android,12,app,play_store,9,5,370.3,referral,none,ag2,none,1
102868,Tue,16,iOS,0,2,Female,40.0,Unknown,MP,0,0,0,1,0,0,0,0,1.0,Vivo,Reno,Other,Marathi,iOS,17,app,play_store,7,3,680.7,influencer,activation,ag2,crm,0
102869,Sat,16,Android,0,1,Female,37.0,Unknown,Rajasthan,0,1,1,0,0,0,0,0,1.0,OnePlus,Note 10,Jio,Tamil,iOS,12,app,play_store,6,8,832.1,referral,generic,none,paid,0
102870,Sat,23,Android,1,1,Male,30.0,Jaipur,Karnataka,0,0,0,0,1,0,0,0,1.0,OnePlus,Reno,Airtel,Tamil,Android,11,app,app_store,6,1,398.3,meta,none,ag1,crm,0
102871,Mon,14,Android,1,1,Female,44.0,Delhi,Unknown,0,0,0,0,0,0,0,0,1.1,Apple,Reno,Airtel,Marathi,Android,14,app,play_store,9,5,709.7,meta,remarketing,ag3,none,0
102872,Sun,6,Android,1,1,Male,37.0,Pune,Maharashtra,0,0,1,0,0,0,1,0,1.2,Vivo,Nord,BSNL,Hindi,iOS,17,app,web,7,1,476.3,referral,activation,none,none,0
102873,Thu,18,Android,0,1,Male,26.0,Mumbai,Maharashtra,0,0,0,1,0,0,0,0,1.2,Oppo,Y21,Other,Marathi,iOS,13,app,play_store,9,1,356.2,referral,brand,ag2,paid,0
102874,Mon,21,Android,1,1,Unknown,19.0,Unknown,MP,0,0,0,0,0,0,0,0,2.0,OnePlus,Nord,Airtel,Bengali,Android,15,app,play_store,8,4,627.5,influencer,generic,ag3,none,1
102875,Thu,22,Android,0,1,Male,27.0,Mumbai,MP,1,0,0,0,0,0,0,0,2.1,Samsung,Reno,Vi,Marathi,iOS,15,app,play_store,8,1,79.8,google,brand,ag3,none,0
102876,Thu,2,iOS,0,1,Unknown,33.0,Indore,MP,0,1,0,0,1,0,0,0,2.0,Xiaomi,Reno,BSNL,Hindi,Android,12,app,play_store,4,0,169.7,meta,activation,ag3,organic,0
102877,Wed,21,iOS,0,1,Male,35.0,Indore,Unknown,0,1,0,0,0,0,0,0,1.1,OnePlus,iPhone 13,Airtel,Bengali,Android,13,app,app_store,12,3,666.1,meta,none,ag3,paid,1
102878,Sat,10,Android,0,1,Male,41.0,Jaipur,Rajasthan,0,1,0,0,0,0,0,1,1.1,Xiaomi,Y21,Jio,Tamil,Android,12,app,web,11,4,286.6,meta,remarketing,ag2,organic,0
102879,Fri,19,Android,1,1,Male,21.0,Indore,Maharashtra,1,0,0,0,0,0,0,0,1.2,Samsung,Y21,Other,English,Android,13,app,play_store,14,0,490.2,referral,brand,ag2,crm,1
102880,Sun,18,Android,0,1,Female,26.0,Delhi,Karnataka,0,0,0,0,0,0,1,0,1.0,Vivo,Y21,BSNL,Marathi,iOS,17,app,play_store,10,5,368.6,google,generic,ag2,organic,0
102881,Thu,8,iOS,0,1,Male,21.0,Unknown,Karnataka,0,0,0,0,0,0,0,0,2.0,Vivo,Note 10,Vi,Marathi,Android,15,app,app_store,8,2,425.1,meta,brand,none,organic,0
102882,Wed,9,iOS,0,3,Male,19.0,Pune,Maharashtra,1,1,0,0,0,0,0,0,1.1,Samsung,Note 10,Other,Marathi,Android,16,app,play_store,11,3,383.4,referral,brand,ag1,none,0
102883,Sat,1,iOS,0,1,Male,25.0,Delhi,Unknown,1,0,0,0,0,1,0,0,2.1,Samsung,Note 10,Airtel,Marathi,Android,17,web,app_store,8,3,353.0,meta,generic,ag3,none,1
102884,Fri,0,iOS,0,1,Female,33.0,Unknown,MP,0,0,0,1,0,0,0,0,2.0,Apple,Y21,Jio,Hindi,Android,12,app,play_store,4,5,82.6,google,generic,none,crm,0
102885,Thu,15,Android,0,2,Male,36.0,Delhi,Delhi,0,0,0,0,0,0,0,0,2.1,Oppo,Nord,Vi,Bengali,iOS,17,app,play_store,4,2,283.0,influencer,brand,ag1,none,0
102886,Thu,17,Android,0,1,Female,22.0,Indore,MP,1,0,0,0,0,0,0,0,2.1,Apple,A12,Other,Hindi,Android,12,app,app_store,6,2,807.4,organic,none,ag2,paid,0
102887,Mon,22,Android,1,1,Male,24.0,Jaipur,Unknown,1,0,0,0,0,0,0,0,1.2,Apple,Nord,Airtel,English,Android,13,app,play_store,10,2,168.5,influencer,activation,ag2,crm,1
102888,Mon,16,Android,1,1,Male,18.0,Mumbai,Maharashtra,0,0,0,1,0,0,0,0,1.2,Oppo,Reno,BSNL,Hindi,Android,16,app,play_store,11,3,247.1,referral,generic,ag1,organic,0
102889,Sat,5,iOS,0,2,Male,32.0,Bangalore,Rajasthan,0,0,0,0,0,1,0,0,2.1,Xiaomi,iPhone 13,Airtel,Marathi,Android,14,app,play_store,9,3,375.9,influencer,generic,ag1,paid,0
102890,Fri,13,Android,0,3,Unknown,24.0,Mumbai,MP,0,0,0,0,0,0,0,0,2.0,Oppo,Reno,BSNL,English,iOS,12,app,app_store,10,6,478.1,meta,activation,ag1,none,0
102891,Thu,22,Android,0,1,Male,43.0,Mumbai,Karnataka,0,0,0,0,0,0,0,0,1.2,Xiaomi,Reno,BSNL,English,iOS,15,app,app_store,10,1,410.7,referral,activation,ag3,organic,0
102892,Sat,14,Android,1,1,Male,33.0,Mumbai,Rajasthan,0,0,0,0,0,0,0,0,2.0,Oppo,iPhone 13,Airtel,English,Android,12,app,play_store,6,2,250.0,meta,none,ag2,crm,0
102893,Sat,13,Web,0,2,Female,29.0,Mumbai,Maharashtra,0,0,0,0,0,1,0,0,1.2,Xiaomi,Note 10,Jio,Tamil,Android,11,app,play_store,9,1,386.5,influencer,generic,ag1,paid,1
102894,Tue,23,Android,0,1,Male,25.0,Delhi,Delhi,0,1,0,1,0,0,0,0,1.0,Vivo,A12,BSNL,Hindi,Android,11,app,play_store,8,3,788.9,organic,remarketing,ag2,paid,0
102895,Sun,21,Android,0,1,Female,18.0,Indore,MP,0,0,0,0,1,0,0,0,1.1,Vivo,Note 10,BSNL,English,Android,16,app,play_store,5,1,932.2,organic,generic,none,organic,1
102896,Mon,2,Android,1,1,Male,19.0,Indore,Rajasthan,0,0,0,0,0,0,1,0,1.0,Oppo,Nord,Airtel,Bengali,Android,14,app,app_store,15,6,98.8,influencer,none,ag2,paid,0
102897,Fri,23,Android,0,1,Male,25.0,Mumbai,Rajasthan,0,0,0,0,0,0,0,0,1.0,Samsung,Note 10,BSNL,English,Android,13,app,play_store,9,4,195.3,influencer,none,ag1,organic,0
102898,Thu,22,Android,0,1,Male,24.0,Bangalore,Karnataka,0,0,0,0,0,1,0,0,1.1,Vivo,iPhone 13,Vi,Bengali,Android,11,app,app_store,5,5,309.7,referral,remarketing,none,organic,1
102899,Sat,18,Android,1,1,Male,22.0,Pune,MP,0,1,1,0,0,0,0,0,1.2,Oppo,Reno,Other,Hindi,iOS,12,app,play_store,9,1,395.8,referral,activation,ag3,crm,0
102900,Thu,11,Android,1,1,Female,33.0,Mumbai,Delhi,1,1,0,0,1,1,0,0,1.2,OnePlus,iPhone 13,Airtel,Bengali,Android,12,app,play_store,11,3,287.2,organic,brand,ag3,none,0
102901,Tue,1,iOS,1,1,Female,34.0,Mumbai,Rajasthan,0,1,1,0,1,0,0,0,1.0,Oppo,Note 10,Vi,Hindi,Android,16,app,play_store,6,3,263.2,organic,none,ag1,organic,1
102902,Fri,2,Android,0,1,Male,26.0,Bangalore,Karnataka,0,0,1,0,0,1,0,0,1.2,Vivo,Nord,BSNL,Hindi,Android,13,web,play_store,11,5,286.3,organic,activation,ag3,paid,1
102903,Sat,17,Android,1,1,Unknown,45.0,Delhi,MP,0,0,0,1,0,0,0,0,2.1,OnePlus,Reno,BSNL,Marathi,Android,11,app,play_store,10,3,357.9,referral,activation,ag2,paid,1
102904,Thu,0,iOS,1,1,Male,18.0,Mumbai,MP,0,1,0,0,0,0,0,0,2.1,Oppo,Y21,BSNL,Marathi,iOS,15,app,web,11,5,98.6,referral,generic,ag2,paid,1
102905,Mon,19,Android,1,1,Male,30.0,Bangalore,Delhi,0,0,0,1,0,0,0,0,1.2,Samsung,Nord,Other,Tamil,Android,13,app,play_store,8,5,1465.8,influencer,none,ag2,organic,0
102906,Sun,20,Android,1,3,Female,28.0,Delhi,Karnataka,0,1,0,0,0,0,0,0,2.1,OnePlus,Note 10,Jio,Marathi,iOS,15,app,play_store,7,3,583.4,referral,activation,ag2,organic,0
102907,Tue,5,iOS,1,1,Female,26.0,Delhi,Delhi,0,1,0,0,0,1,0,0,1.1,Xiaomi,Nord,Airtel,Bengali,iOS,17,app,play_store,11,3,245.3,influencer,generic,ag3,paid,1
102908,Fri,4,Android,0,1,Male,24.0,Jaipur,Rajasthan,0,0,0,0,0,0,0,0,1.0,Oppo,iPhone 13,Vi,English,iOS,12,app,play_store,11,3,616.5,google,remarketing,ag3,crm,0
102909,Tue,0,Android,0,1,Female,30.0,Unknown,Unknown,0,0,0,0,0,0,0,1,1.2,OnePlus,A12,Jio,Hindi,iOS,15,app,app_store,11,3,599.6,influencer,remarketing,ag1,organic,0
102910,Mon,18,Android,1,1,Male,28.0,Unknown,Maharashtra,0,0,0,0,0,1,0,0,1.0,Vivo,iPhone 13,Airtel,Marathi,Android,13,app,play_store,5,0,945.4,google,remarketing,none,paid,1
102911,Fri,0,Android,0,1,Female,27.0,Jaipur,Maharashtra,1,0,0,0,0,0,0,1,1.1,Samsung,iPhone 13,BSNL,Hindi,Android,11,app,play_store,6,2,527.7,referral,brand,ag1,paid,0
102912,Tue,20,Android,0,1,Female,20.0,Jaipur,Delhi,1,0,1,0,0,0,0,0,1.0,Samsung,Y21,BSNL,Bengali,Android,13,app,play_store,3,2,603.4,organic,remarketing,ag3,none,0
102913,Wed,20,iOS,0,1,Female,18.0,Mumbai,Delhi,0,0,1,0,0,0,0,0,1.2,Oppo,Note 10,Vi,Marathi,Android,14,app,play_store,12,3,116.5,influencer,activation,ag3,crm,1
102914,Mon,15,Android,1,4,Male,28.0,Unknown,Unknown,1,0,0,0,0,1,0,0,1.1,Apple,Y21,Jio,Marathi,Android,14,app,play_store,11,1,100.2,meta,activation,ag2,paid,0
102915,Mon,11,Android,0,1,Female,27.0,Delhi,Unknown,1,0,0,0,0,0,0,0,1.1,Vivo,Y21,BSNL,English,Android,15,app,play_store,4,6,270.8,influencer,generic,ag2,organic,0
102916,Mon,21,Web,1,1,Female,28.0,Mumbai,Unknown,0,0,0,0,0,0,0,0,2.1,Samsung,Note 10,Other,English,iOS,12,app,web,7,2,574.0,referral,brand,ag3,paid,1
102917,Wed,7,Android,0,1,Male,29.0,Mumbai,Unknown,1,1,0,0,0,0,0,0,1.2,Vivo,Nord,Airtel,Marathi,iOS,11,app,app_store,6,4,473.3,meta,none,ag3,none,1
102918,Wed,15,Android,0,1,Male,26.0,Indore,Maharashtra,1,1,0,0,1,0,0,0,1.1,Oppo,Reno,Vi,Hindi,Android,15,app,play_store,7,0,435.0,organic,none,ag3,paid,0
102919,Thu,0,Android,0,1,Unknown,28.0,Pune,Rajasthan,0,0,0,1,0,0,0,0,1.1,Oppo,A12,Other,Bengali,Android,13,app,web,6,4,355.7,influencer,brand,none,paid,0
102920,Sat,3,Android,0,1,Male,23.0,Pune,Unknown,0,1,1,0,0,1,1,0,1.0,Apple,Y21,Vi,Bengali,Android,14,app,play_store,5,2,126.5,meta,none,none,none,0
102921,Sun,9,Android,0,1,Male,42.0,Indore,Unknown,1,0,0,0,1,0,0,0,2.1,Apple,Y21,Airtel,English,Android,11,app,app_store,7,4,127.4,influencer,none,none,none,0
102922,Tue,10,Android,0,1,Male,24.0,Unknown,Delhi,0,0,0,0,0,0,1,0,1.0,Oppo,Nord,Jio,Hindi,Android,14,app,web,10,4,247.0,meta,remarketing,none,organic,0
102923,Thu,16,Web,0,1,Female,27.0,Mumbai,Unknown,1,1,0,0,0,0,0,0,1.1,Xiaomi,Note 10,Other,Hindi,Android,11,app,web,11,2,210.7,meta,brand,ag3,none,0
102924,Tue,22,iOS,1,1,Unknown,24.0,Bangalore,Rajasthan,1,0,0,0,0,0,0,0,1.1,Xiaomi,iPhone 13,BSNL,Tamil,Android,17,app,web,15,2,627.6,meta,generic,ag2,organic,0
102925,Sun,6,iOS,0,2,Female,24.0,Delhi,Rajasthan,0,0,0,0,0,0,0,0,1.0,Samsung,Nord,Vi,Tamil,Android,17,app,app_store,8,3,222.6,meta,brand,ag1,crm,1
102926,Sat,11,iOS,1,1,Male,30.0,Indore,Karnataka,0,0,0,0,0,1,0,0,1.0,Apple,iPhone 13,Jio,Tamil,Android,11,web,play_store,7,5,332.7,organic,none,none,none,0
102927,Wed,20,Android,0,1,Female,29.0,Jaipur,Rajasthan,0,1,0,0,0,0,0,0,1.1,Samsung,A12,Airtel,Bengali,Android,17,app,web,10,3,703.3,google,none,ag2,none,0
102928,Sat,6,Android,0,1,Female,26.0,Indore,Unknown,0,0,0,0,1,0,0,0,1.1,OnePlus,Reno,BSNL,Bengali,iOS,14,app,app_store,13,2,158.6,google,activation,none,organic,0
102929,Wed,11,iOS,0,4,Female,28.0,Indore,MP,0,1,0,0,0,0,0,0,2.1,OnePlus,Y21,Vi,Marathi,iOS,17,app,app_store,6,4,608.1,referral,generic,ag2,none,0
102930,Sun,14,Android,1,2,Male,24.0,Unknown,Unknown,0,0,0,0,0,0,0,0,1.1,Vivo,A12,Jio,Marathi,Android,14,app,app_store,8,1,421.4,referral,brand,ag2,organic,0
102931,Sat,1,Web,1,1,Female,33.0,Unknown,Maharashtra,0,0,0,0,0,0,0,0,1.1,Oppo,iPhone 13,Airtel,Bengali,Android,17,app,play_store,9,2,164.7,google,activation,ag2,crm,0
102932,Thu,13,Android,1,3,Male,46.0,Indore,Maharashtra,0,0,0,0,0,1,0,1,1.2,OnePlus,iPhone 13,Jio,Hindi,Android,16,app,play_store,10,2,185.7,referral,generic,ag2,organic,0
102933,Fri,12,Android,0,1,Male,23.0,Pune,Delhi,0,0,0,0,0,0,0,0,2.0,Oppo,iPhone 13,Airtel,Hindi,Android,13,web,play_store,7,1,236.5,influencer,generic,none,none,1
102934,Thu,3,Android,1,4,Male,33.0,Mumbai,Delhi,0,0,0,0,0,0,1,0,2.0,OnePlus,Y21,BSNL,English,Android,13,app,play_store,1,6,103.2,influencer,remarketing,ag2,none,1
102935,Tue,13,Web,0,1,Unknown,30.0,Indore,Karnataka,1,0,0,0,0,0,0,0,1.1,OnePlus,Note 10,Other,Tamil,Android,11,app,play_store,7,3,1036.1,referral,none,ag2,none,1
102936,Thu,13,Android,0,1,Male,35.0,Indore,Unknown,0,0,0,0,0,0,0,0,2.1,Xiaomi,Note 10,Vi,English,Android,13,app,play_store,9,2,242.7,meta,activation,none,paid,0
102937,Sun,15,iOS,0,1,Unknown,36.0,Indore,Karnataka,0,0,0,0,0,0,0,0,1.2,Samsung,Reno,Other,Bengali,Android,13,app,play_store,8,2,47.7,influencer,none,ag1,organic,0
102938,Mon,6,Android,0,1,Male,32.0,Bangalore,MP,1,0,0,0,0,0,0,1,1.1,Samsung,Reno,BSNL,Hindi,Android,13,app,play_store,9,2,1533.4,meta,activation,ag1,crm,1
102939,Tue,18,Android,0,1,Female,30.0,Bangalore,Delhi,0,1,0,0,0,0,0,0,1.2,Vivo,Y21,Other,Hindi,Android,17,app,play_store,8,2,441.3,influencer,remarketing,none,crm,1
102940,Sat,1,iOS,1,1,Male,27.0,Delhi,Maharashtra,0,1,0,0,1,1,0,1,1.0,Samsung,Note 10,Vi,Marathi,Android,16,app,play_store,9,3,241.1,google,generic,ag1,paid,0
102941,Tue,9,Android,0,1,Male,24.0,Mumbai,MP,0,1,0,1,0,0,0,1,2.1,Vivo,Note 10,BSNL,Hindi,Android,17,app,play_store,7,2,360.8,referral,generic,none,paid,0
102942,Fri,17,Android,0,1,Female,29.0,Indore,Delhi,0,1,0,1,0,0,0,1,2.0,Samsung,Reno,Vi,Bengali,Android,11,app,play_store,8,3,108.8,meta,generic,ag1,paid,0
102943,Wed,16,Android,0,1,Female,20.0,Delhi,MP,0,0,0,0,0,0,0,0,1.2,OnePlus,Y21,Other,Tamil,Android,12,app,play_store,10,1,36.4,meta,none,none,paid,0
102944,Sat,4,Android,1,3,Female,25.0,Unknown,Unknown,0,0,1,1,0,0,0,0,1.1,Apple,Note 10,Jio,English,Android,12,app,play_store,10,3,329.8,meta,generic,ag3,paid,1
102945,Tue,11,Android,0,2,Female,39.0,Jaipur,Rajasthan,0,1,0,0,1,0,0,0,1.0,Oppo,Reno,Jio,Hindi,Android,17,app,play_store,9,0,375.8,influencer,activation,ag3,paid,0
102946,Sat,5,Android,0,4,Female,31.0,Delhi,Rajasthan,0,0,0,0,0,0,0,0,2.1,Vivo,Reno,Vi,Hindi,Android,15,app,play_store,5,2,258.5,google,brand,ag3,none,0
102947,Sat,21,Android,1,1,Unknown,37.0,Jaipur,MP,0,0,0,1,0,1,0,0,1.2,Oppo,Note 10,Jio,Bengali,Android,12,web,play_store,9,0,475.8,referral,none,ag2,paid,1
102948,Sat,8,Web,0,1,Male,42.0,Jaipur,Delhi,0,0,0,0,0,0,0,0,1.0,Oppo,Nord,Vi,Bengali,Android,14,app,web,8,1,152.1,organic,remarketing,ag2,paid,0
102949,Wed,19,Android,0,1,Male,29.0,Mumbai,Rajasthan,0,0,0,0,0,0,0,0,1.2,Samsung,Reno,Other,Bengali,Android,14,app,play_store,8,1,963.3,referral,remarketing,ag1,organic,0
102950,Sun,0,iOS,0,1,Male,32.0,Bangalore,Rajasthan,0,0,0,0,0,0,0,0,1.2,Samsung,A12,Airtel,Marathi,Android,17,app,app_store,9,4,135.1,meta,activation,none,organic,0
102951,Thu,21,Android,0,1,Male,28.0,Mumbai,MP,1,0,0,0,0,1,0,0,1.2,Vivo,A12,BSNL,Hindi,Android,13,app,play_store,8,2,348.1,influencer,none,none,none,0
102952,Sat,14,Android,1,1,Female,23.0,Delhi,Rajasthan,0,1,0,0,0,0,0,1,2.1,Xiaomi,A12,Other,English,Android,17,app,play_store,2,3,706.2,meta,none,ag1,organic,1
102953,Mon,20,Android,0,2,Male,22.0,Jaipur,Unknown,0,0,0,0,0,0,0,0,2.1,Xiaomi,Nord,Airtel,English,Android,15,app,play_store,4,5,261.7,google,remarketing,ag2,organic,0
102954,Sun,5,Android,0,1,Male,37.0,Mumbai,Maharashtra,0,0,0,0,0,1,0,0,2.0,Oppo,A12,Other,English,Android,16,app,web,5,3,320.8,organic,activation,ag2,organic,0
102955,Fri,18,Android,0,3,Male,32.0,Bangalore,Rajasthan,1,0,0,0,0,0,0,0,1.2,Xiaomi,iPhone 13,Airtel,Marathi,Android,16,app,play_store,12,2,626.9,meta,activation,ag2,none,0
102956,Wed,17,Android,0,1,Female,45.0,Delhi,Unknown,0,1,0,0,0,0,0,0,1.0,Apple,A12,Vi,Tamil,Android,13,app,play_store,4,1,267.6,influencer,remarketing,ag2,none,0
102957,Tue,5,Android,1,1,Male,38.0,Mumbai,MP,0,0,0,0,0,0,0,0,1.1,Samsung,Y21,BSNL,Marathi,Android,13,app,web,6,3,290.4,organic,none,ag1,none,0
102958,Wed,12,Android,0,1,Male,24.0,Unknown,Rajasthan,0,0,0,0,1,1,0,0,1.2,OnePlus,A12,Vi,Hindi,Android,12,app,play_store,8,3,386.2,organic,none,ag2,paid,0
102959,Tue,0,Android,0,1,Female,37.0,Unknown,Rajasthan,0,0,0,1,0,0,0,0,2.0,Oppo,iPhone 13,BSNL,Marathi,Android,17,app,play_store,5,5,157.4,meta,generic,ag2,none,0
102960,Wed,22,Android,1,4,Female,28.0,Indore,Karnataka,0,0,0,0,0,0,0,1,2.1,Samsung,A12,Airtel,Bengali,iOS,13,app,play_store,9,1,328.8,meta,generic,ag3,none,0
102961,Tue,22,Android,1,1,Male,40.0,Indore,MP,1,0,0,0,0,0,0,1,2.0,Xiaomi,Note 10,Jio,English,Android,15,app,play_store,10,4,168.3,google,brand,ag1,crm,0
102962,Sat,12,iOS,1,1,Female,26.0,Mumbai,MP,0,1,0,0,1,0,0,0,2.0,Apple,iPhone 13,Jio,Hindi,Android,12,app,web,7,4,544.7,google,none,ag3,paid,0
102963,Thu,6,Android,0,1,Male,22.0,Mumbai,Unknown,0,0,0,0,0,0,0,0,1.2,Apple,Y21,Jio,Hindi,Android,15,app,play_store,7,10,390.0,influencer,generic,ag3,paid,0
102964,Tue,14,Android,1,1,Unknown,24.0,Jaipur,Karnataka,0,0,0,0,0,0,0,0,1.2,Vivo,Note 10,Jio,Hindi,Android,13,app,play_store,9,5,354.3,google,remarketing,none,crm,1
102965,Tue,11,Android,0,1,Male,24.0,Unknown,Karnataka,0,0,0,0,0,0,0,0,1.0,Oppo,Note 10,Other,Hindi,Android,13,app,play_store,9,4,252.3,meta,activation,ag2,none,0
102966,Mon,0,iOS,0,1,Unknown,23.0,Jaipur,Unknown,0,0,0,0,0,1,0,0,1.0,Apple,Nord,Other,Tamil,iOS,12,app,play_store,13,4,208.4,influencer,brand,ag3,organic,0
102967,Tue,14,Android,0,1,Unknown,25.0,Bangalore,Maharashtra,0,0,0,0,1,1,0,0,2.0,Oppo,Note 10,Jio,Marathi,Android,11,web,play_store,11,3,122.3,meta,none,ag2,organic,0
102968,Mon,3,iOS,1,1,Female,37.0,Delhi,Rajasthan,0,0,0,0,0,0,0,0,1.0,Oppo,A12,Vi,Hindi,Android,17,app,play_store,9,4,233.9,influencer,activation,ag3,paid,0
102969,Fri,12,Android,0,1,Male,44.0,Mumbai,Delhi,0,0,0,0,0,1,0,0,1.0,Oppo,Note 10,Airtel,Tamil,Android,12,app,play_store,11,1,185.9,organic,brand,ag3,none,0
102970,Sat,22,Web,0,1,Male,19.0,Delhi,Delhi,0,1,0,0,0,1,1,0,1.1,Samsung,Note 10,Jio,Marathi,Android,17,app,play_store,15,7,471.5,meta,brand,ag2,organic,0
102971,Mon,4,iOS,0,1,Male,40.0,Indore,Karnataka,0,0,0,1,0,0,0,0,1.0,Oppo,Nord,Vi,Marathi,Android,11,app,play_store,6,5,430.4,meta,brand,none,organic,0
102972,Thu,1,iOS,0,1,Female,26.0,Delhi,MP,0,1,0,1,1,0,0,1,2.0,Xiaomi,A12,Vi,Tamil,Android,11,app,play_store,10,2,781.1,organic,remarketing,ag1,none,0
102973,Sun,22,Android,1,1,Female,33.0,Pune,MP,0,0,0,0,0,0,0,0,1.2,Apple,A12,Vi,Bengali,Android,16,app,web,9,1,526.5,referral,generic,ag3,organic,0
102974,Sat,0,Android,0,1,Unknown,18.0,Unknown,Unknown,1,0,0,1,0,0,0,0,2.1,Samsung,Note 10,Other,Bengali,Android,12,app,play_store,4,4,316.4,referral,activation,ag2,none,0
102975,Mon,15,Android,0,1,Female,34.0,Bangalore,Maharashtra,0,0,1,0,0,1,0,1,1.2,Apple,Y21,BSNL,Hindi,iOS,13,app,play_store,4,4,268.7,organic,remarketing,none,paid,0
102976,Sat,22,Android,1,1,Male,18.0,Unknown,Delhi,0,0,0,0,0,0,0,0,2.0,Xiaomi,Y21,Other,Tamil,Android,15,web,play_store,3,4,280.3,referral,activation,ag1,crm,0
102977,Sat,5,iOS,0,3,Male,33.0,Bangalore,Unknown,1,1,0,0,0,0,0,0,2.1,Samsung,A12,Jio,Tamil,Android,13,app,play_store,8,3,196.2,referral,brand,ag1,none,1
102978,Sat,22,Android,1,1,Male,32.0,Delhi,Unknown,1,0,0,0,0,0,0,0,1.1,Vivo,Y21,Jio,Bengali,Android,11,app,play_store,7,4,55.2,google,brand,ag2,none,1
102979,Fri,15,Android,1,1,Male,32.0,Bangalore,MP,1,0,0,0,1,0,0,0,2.0,Xiaomi,A12,Jio,Tamil,Android,14,app,play_store,11,2,102.3,referral,remarketing,none,organic,0
102980,Thu,13,Android,1,1,Female,24.0,Delhi,Maharashtra,0,0,0,0,0,0,0,0,2.0,Vivo,A12,Airtel,Tamil,Android,15,app,play_store,8,5,737.1,google,generic,none,organic,0
102981,Wed,2,Android,1,1,Unknown,34.0,Delhi,Maharashtra,0,0,0,1,0,0,0,0,2.0,Apple,iPhone 13,Airtel,Hindi,iOS,17,app,play_store,8,2,218.8,referral,remarketing,ag3,organic,0
102982,Wed,14,Android,0,1,Female,33.0,Indore,Karnataka,0,0,0,0,0,1,0,0,1.2,Xiaomi,A12,BSNL,Hindi,iOS,17,app,app_store,6,0,96.5,google,brand,ag2,paid,0
102983,Mon,2,iOS,0,1,Female,28.0,Unknown,Delhi,0,0,0,0,0,1,0,0,2.1,Vivo,iPhone 13,Other,Tamil,Android,13,web,web,10,3,446.2,organic,remarketing,none,organic,0
102984,Sat,22,Android,0,1,Female,35.0,Delhi,Maharashtra,0,0,0,1,0,0,0,1,1.1,Vivo,Note 10,Vi,English,iOS,14,app,play_store,6,6,196.7,google,activation,none,none,0
102985,Mon,1,Android,0,1,Male,29.0,Bangalore,Maharashtra,1,0,0,1,0,0,0,0,1.0,OnePlus,Nord,Other,English,Android,14,app,play_store,5,1,360.8,referral,activation,none,organic,1
102986,Fri,0,Android,0,2,Male,34.0,Pune,Maharashtra,0,1,0,1,1,0,0,0,2.1,Samsung,Reno,Jio,Tamil,Android,15,app,play_store,11,4,670.1,influencer,none,ag1,crm,1
102987,Fri,8,Android,0,1,Female,29.0,Mumbai,Delhi,0,1,0,0,0,0,0,0,2.0,Samsung,A12,BSNL,Bengali,Android,11,app,play_store,6,4,122.0,influencer,activation,none,none,0
102988,Tue,8,Android,1,3,Male,32.0,Bangalore,Karnataka,0,0,0,0,0,0,0,1,2.0,Apple,Note 10,Airtel,Hindi,Android,16,app,app_store,4,5,203.8,meta,none,none,organic,1
102989,Fri,22,Android,0,4,Male,35.0,Pune,Rajasthan,0,0,0,0,1,0,0,0,2.0,Xiaomi,A12,BSNL,English,iOS,14,app,play_store,8,6,156.4,influencer,none,ag1,paid,0
102990,Tue,6,Android,0,3,Male,27.0,Bangalore,MP,1,0,0,0,1,0,0,0,2.0,Vivo,A12,Vi,Hindi,Android,14,app,play_store,9,2,87.9,referral,none,ag2,organic,0
102991,Thu,2,iOS,0,1,Unknown,20.0,Pune,Unknown,0,0,0,0,0,0,0,0,1.1,Xiaomi,Reno,BSNL,Tamil,Android,15,app,play_store,3,2,308.5,influencer,none,ag2,none,0
102992,Mon,17,iOS,0,1,Male,32.0,Bangalore,Unknown,0,0,0,0,0,1,0,1,1.2,Oppo,Nord,BSNL,Hindi,Android,12,app,play_store,7,3,187.2,influencer,brand,none,paid,1
102993,Sun,10,Android,1,1,Female,40.0,Mumbai,Delhi,0,0,0,0,0,0,0,0,2.1,OnePlus,iPhone 13,BSNL,English,Android,15,app,app_store,6,4,340.9,meta,none,ag2,crm,1
102994,Thu,6,Web,0,1,Female,32.0,Indore,Delhi,1,1,0,0,0,0,0,1,1.1,OnePlus,Reno,Jio,Tamil,Android,16,app,web,7,2,729.5,referral,activation,ag1,crm,1
102995,Fri,8,iOS,0,1,Female,33.0,Indore,Unknown,1,0,1,0,0,0,0,0,1.1,Apple,A12,Vi,Tamil,iOS,11,app,play_store,5,1,198.4,influencer,remarketing,ag2,crm,0
102996,Thu,0,iOS,0,1,Female,30.0,Mumbai,Delhi,0,0,0,0,1,1,0,0,1.1,OnePlus,A12,Airtel,Tamil,Android,13,web,play_store,7,2,414.9,meta,activation,none,organic,0
102997,Thu,13,Android,0,4,Female,36.0,Bangalore,Rajasthan,0,0,0,0,1,0,0,0,1.1,OnePlus,iPhone 13,Other,Hindi,iOS,17,app,play_store,7,3,86.8,influencer,activation,none,paid,0
102998,Thu,19,iOS,0,1,Male,29.0,Unknown,MP,0,0,0,0,1,1,0,0,1.1,Apple,Y21,Airtel,Bengali,Android,13,app,play_store,10,3,395.6,organic,generic,ag1,organic,0
102999,Fri,5,iOS,1,1,Male,26.0,Pune,MP,1,0,0,0,0,0,0,0,1.1,OnePlus,Nord,BSNL,English,Android,16,app,play_store,3,4,136.4,meta,activation,none,organic,0
103000,Sun,6,iOS,0,1,Unknown,39.0,Delhi,Maharashtra,0,0,0,0,0,0,0,0,1.1,OnePlus,Nord,BSNL,Marathi,Android,14,app,play_store,5,3,310.9,organic,activation,ag2,none,0
103001,Sat,9,Android,0,4,Male,26.0,Bangalore,Unknown,0,0,0,0,0,0,0,1,1.2,OnePlus,A12,Other,English,iOS,14,app,web,6,4,145.8,referral,remarketing,none,none,0
103002,Thu,6,iOS,0,1,Female,37.0,Mumbai,Unknown,0,0,1,1,0,1,0,0,1.2,Samsung,Reno,Vi,English,Android,16,app,play_store,10,3,331.9,referral,activation,ag3,organic,0
103003,Tue,1,Web,1,1,Male,39.0,Jaipur,Unknown,1,0,0,0,0,1,0,1,1.1,OnePlus,Nord,BSNL,Marathi,Android,14,app,app_store,6,4,267.7,google,generic,none,paid,0
103004,Fri,3,Android,1,1,Male,35.0,Indore,Maharashtra,1,1,0,0,0,0,0,0,2.0,OnePlus,Reno,Jio,English,Android,13,app,play_store,8,1,931.7,influencer,activation,ag1,crm,1
103005,Thu,20,Android,0,1,Unknown,20.0,Indore,Unknown,0,0,1,0,0,1,0,1,1.0,Vivo,Y21,Jio,Tamil,Android,13,app,play_store,8,4,418.7,organic,remarketing,ag1,crm,0
103006,Sun,16,Web,0,1,Female,30.0,Bangalore,Karnataka,0,0,0,0,1,0,0,0,1.1,Xiaomi,A12,Airtel,Tamil,Android,11,app,app_store,5,1,302.7,meta,none,ag3,none,0
103007,Sat,0,Android,1,1,Male,28.0,Pune,Delhi,0,1,1,0,0,0,1,0,2.1,Vivo,iPhone 13,Jio,Hindi,Android,16,app,play_store,8,3,658.2,meta,generic,none,paid,0
103008,Fri,9,Android,1,2,Unknown,26.0,Unknown,Karnataka,0,0,0,1,0,0,1,0,2.1,Apple,iPhone 13,Airtel,Marathi,Android,12,web,play_store,11,2,135.8,influencer,brand,ag1,organic,1
103009,Wed,18,Android,1,1,Female,31.0,Unknown,Delhi,0,1,0,0,1,0,0,0,1.1,Vivo,A12,BSNL,Tamil,Android,12,app,play_store,7,4,386.7,google,brand,ag3,paid,1
103010,Sat,14,iOS,1,1,Male,36.0,Mumbai,MP,1,0,0,0,1,0,0,0,1.2,Apple,iPhone 13,Jio,Marathi,iOS,14,app,app_store,8,3,356.0,meta,generic,ag1,crm,0
103011,Tue,9,Android,0,1,Female,26.0,Mumbai,Unknown,1,0,0,0,0,0,0,0,2.1,Oppo,iPhone 13,Jio,Tamil,Android,11,app,play_store,8,1,280.1,google,brand,ag2,none,0
103012,Thu,18,Android,0,4,Male,29.0,Pune,Karnataka,1,1,0,0,0,1,0,0,1.2,Vivo,A12,Other,English,iOS,12,app,play_store,7,3,401.7,meta,generic,none,crm,0
103013,Sun,11,Android,1,4,Female,28.0,Pune,MP,0,0,0,0,1,0,0,0,1.0,Apple,Note 10,Airtel,Marathi,iOS,14,web,app_store,9,6,90.7,meta,remarketing,none,crm,0
103014,Wed,23,iOS,1,1,Male,39.0,Unknown,Maharashtra,0,1,0,0,1,0,0,0,2.0,Vivo,Reno,Other,Tamil,Android,12,web,play_store,15,5,251.3,influencer,generic,ag1,none,0
103015,Sun,15,Android,0,4,Male,28.0,Bangalore,Unknown,1,1,0,0,0,1,1,0,1.2,Vivo,Reno,Vi,Bengali,iOS,17,app,web,11,2,211.3,organic,generic,ag2,organic,0
103016,Wed,8,iOS,0,1,Female,20.0,Unknown,MP,0,0,0,0,0,0,0,0,2.1,Xiaomi,Nord,Other,Marathi,Android,17,web,play_store,8,4,56.4,meta,remarketing,ag2,crm,0
103017,Fri,14,Web,1,1,Female,18.0,Bangalore,Rajasthan,0,0,1,0,0,0,0,0,1.0,Vivo,Nord,Jio,Marathi,Android,12,app,play_store,12,3,619.6,google,none,ag2,crm,0
103018,Wed,16,Android,0,1,Female,33.0,Jaipur,Karnataka,0,0,0,1,0,0,0,0,2.0,Vivo,Note 10,Jio,Bengali,Android,13,app,play_store,7,6,265.6,organic,remarketing,ag3,crm,0
103019,Tue,13,Android,1,1,Male,24.0,Indore,Unknown,1,0,0,0,0,0,0,0,1.2,OnePlus,iPhone 13,Vi,Marathi,Android,11,app,play_store,9,6,207.5,meta,remarketing,none,crm,0
103020,Tue,17,Android,0,1,Female,35.0,Indore,Unknown,1,0,0,0,0,0,0,0,2.0,Vivo,Nord,Airtel,Hindi,Android,13,app,play_store,8,2,477.6,referral,generic,none,none,1
103021,Mon,1,Android,0,1,Female,19.0,Pune,Delhi,0,0,0,0,0,0,0,0,1.0,Apple,Y21,Airtel,English,Android,14,app,play_store,2,2,856.8,influencer,none,none,crm,1
103022,Tue,3,Android,0,2,Female,26.0,Delhi,MP,0,0,0,0,0,0,0,0,1.0,Apple,Reno,Airtel,English,iOS,12,app,play_store,6,3,456.0,meta,remarketing,ag3,crm,0
103023,Sat,17,iOS,0,1,Male,19.0,Delhi,Unknown,1,1,0,0,0,1,0,0,1.1,OnePlus,Note 10,Vi,Tamil,Android,16,app,play_store,7,4,345.4,influencer,remarketing,ag3,organic,0
103024,Wed,6,iOS,0,1,Female,33.0,Delhi,Unknown,1,1,0,0,0,1,0,1,1.1,Vivo,iPhone 13,BSNL,Hindi,iOS,17,app,play_store,7,4,604.7,organic,none,ag1,crm,1
103025,Tue,12,Android,0,1,Unknown,35.0,Mumbai,Karnataka,0,0,0,0,0,0,0,0,1.2,Oppo,Y21,BSNL,Bengali,iOS,13,app,play_store,9,3,893.7,influencer,generic,none,paid,0
103026,Fri,14,Android,1,1,Female,33.0,Bangalore,Delhi,0,0,0,0,0,0,1,0,2.1,OnePlus,Reno,Vi,Bengali,Android,13,app,play_store,8,5,964.4,referral,brand,none,none,1
103027,Sun,22,Android,1,4,Unknown,21.0,Pune,Unknown,0,0,0,0,0,0,0,0,1.1,Vivo,Note 10,Other,English,Android,13,app,app_store,8,5,130.7,google,remarketing,ag3,none,0
103028,Sun,21,Android,0,1,Male,24.0,Indore,Unknown,0,1,0,0,0,0,0,0,1.2,Vivo,iPhone 13,Vi,Bengali,iOS,16,app,play_store,9,2,473.1,google,generic,ag2,crm,0
103029,Mon,0,Android,0,4,Female,32.0,Delhi,Karnataka,1,0,1,1,0,1,0,0,2.0,OnePlus,A12,BSNL,English,Android,17,app,play_store,9,6,176.9,google,generic,ag3,crm,1
103030,Sun,10,iOS,0,1,Male,18.0,Indore,Karnataka,0,1,1,0,1,0,0,0,1.0,Apple,Reno,BSNL,Hindi,Android,12,app,app_store,6,7,705.3,organic,remarketing,ag3,crm,0
103031,Wed,9,iOS,0,1,Male,28.0,Bangalore,Rajasthan,0,1,0,0,1,0,0,0,1.1,Samsung,iPhone 13,Other,Hindi,Android,12,app,app_store,9,3,253.2,referral,generic,ag3,crm,0
103032,Mon,4,Android,0,1,Female,42.0,Jaipur,MP,0,1,0,0,0,0,0,0,1.2,Samsung,Y21,Jio,Hindi,Android,16,app,play_store,13,7,464.6,organic,generic,none,crm,0
103033,Wed,15,iOS,0,1,Female,29.0,Jaipur,Rajasthan,0,0,0,0,0,1,0,0,1.0,Vivo,Nord,Jio,Tamil,Android,14,app,app_store,14,2,21.0,meta,generic,ag3,paid,0
103034,Fri,10,Android,0,1,Male,18.0,Pune,Maharashtra,0,0,0,0,0,0,0,0,2.0,Oppo,Reno,Jio,Bengali,Android,17,app,play_store,5,3,209.2,influencer,generic,ag2,paid,0
103035,Mon,20,iOS,0,1,Male,25.0,Delhi,Unknown,1,1,0,0,0,0,0,0,1.1,Xiaomi,Note 10,Airtel,Tamil,Android,13,app,web,8,1,25.4,organic,generic,ag3,organic,0
103036,Thu,5,Android,0,1,Male,25.0,Delhi,Karnataka,0,0,0,0,0,1,0,0,1.1,Apple,Reno,BSNL,Marathi,Android,12,app,play_store,13,2,312.2,meta,brand,none,none,0
103037,Sat,8,Android,1,1,Male,47.0,Jaipur,MP,0,0,0,0,0,0,0,0,2.0,Xiaomi,Reno,Vi,Bengali,Android,14,app,play_store,10,2,844.6,meta,brand,ag1,paid,1
103038,Sat,12,iOS,0,1,Male,43.0,Pune,Maharashtra,0,0,0,0,0,0,0,0,2.1,Xiaomi,Reno,Other,Marathi,Android,17,app,app_store,4,4,396.0,meta,activation,ag1,organic,1
103039,Wed,23,Android,1,1,Male,36.0,Indore,Unknown,1,0,0,1,0,0,0,0,1.2,OnePlus,A12,BSNL,Hindi,Android,17,app,play_store,10,3,638.2,referral,none,ag2,none,1
103040,Sun,7,iOS,1,1,Male,27.0,Bangalore,Maharashtra,1,1,0,0,0,0,0,1,2.0,Oppo,Note 10,Jio,Tamil,Android,17,app,app_store,4,3,76.8,referral,generic,none,organic,0
103041,Thu,13,Android,1,1,Unknown,40.0,Jaipur,Rajasthan,0,0,0,1,0,0,0,0,1.0,Oppo,iPhone 13,Other,Tamil,iOS,14,app,web,8,3,120.6,influencer,activation,ag2,organic,1
103042,Mon,23,Android,1,1,Female,21.0,Jaipur,Maharashtra,0,0,0,0,0,0,0,0,1.0,Samsung,Reno,Vi,English,Android,13,app,play_store,7,5,323.2,organic,brand,ag2,crm,0
103043,Thu,0,Android,0,1,Male,39.0,Bangalore,Delhi,0,0,0,0,0,0,0,0,2.1,Apple,A12,BSNL,Hindi,Android,14,app,play_store,6,3,308.0,meta,remarketing,none,crm,1
103044,Thu,16,Android,0,3,Unknown,37.0,Bangalore,Delhi,0,0,0,0,1,0,0,0,2.0,Samsung,Nord,Vi,English,iOS,17,app,play_store,4,8,228.2,google,none,none,paid,0
103045,Sun,23,Android,0,3,Female,29.0,Jaipur,Delhi,0,1,0,0,0,0,1,0,1.2,Oppo,Note 10,BSNL,Hindi,Android,15,app,play_store,4,2,325.0,organic,remarketing,none,crm,0
103046,Mon,4,Android,1,1,Male,39.0,Indore,Unknown,1,1,0,0,0,0,0,0,2.0,Oppo,Note 10,BSNL,English,iOS,11,app,web,3,1,113.8,google,activation,ag3,paid,1
103047,Fri,1,Android,1,1,Male,26.0,Indore,Maharashtra,0,1,0,0,0,1,0,0,2.1,OnePlus,Y21,Jio,Tamil,Android,14,app,play_store,6,1,92.2,organic,brand,ag1,crm,1
103048,Sun,23,Android,1,1,Male,20.0,Delhi,Unknown,1,1,0,0,0,0,0,0,1.1,Apple,iPhone 13,Other,Tamil,Android,11,app,play_store,4,1,720.2,organic,activation,none,none,0
103049,Thu,8,Android,0,1,Male,38.0,Indore,Unknown,0,0,0,0,0,0,0,0,2.0,Apple,Reno,Jio,English,Android,14,app,web,8,3,413.2,google,generic,ag2,organic,0
103050,Thu,3,Android,1,4,Male,29.0,Mumbai,Karnataka,0,0,0,0,0,0,0,0,2.1,Vivo,Y21,BSNL,English,Android,13,app,web,6,0,249.7,meta,generic,none,crm,1
103051,Fri,16,iOS,0,4,Male,35.0,Pune,MP,0,0,0,0,0,0,1,0,2.1,Vivo,A12,Jio,Bengali,iOS,17,web,app_store,5,3,129.4,influencer,generic,none,crm,0
103052,Thu,16,Android,0,2,Male,45.0,Indore,Delhi,0,0,0,1,1,1,0,1,1.1,Xiaomi,Note 10,BSNL,Tamil,Android,11,app,play_store,11,3,176.1,referral,remarketing,none,paid,0
103053,Thu,20,Android,1,1,Female,24.0,Bangalore,Delhi,0,0,0,0,0,0,0,0,2.1,Apple,A12,Jio,Marathi,Android,11,app,play_store,11,2,430.9,organic,remarketing,ag3,paid,0
103054,Thu,17,Android,0,4,Male,29.0,Indore,Delhi,1,0,0,0,0,1,0,0,1.2,Apple,Nord,BSNL,Marathi,Android,11,app,play_store,5,2,750.1,google,generic,ag2,organic,1
103055,Sat,15,Android,1,1,Female,43.0,Delhi,Rajasthan,0,0,0,0,1,0,0,0,2.1,Samsung,Nord,Airtel,Hindi,Android,16,app,app_store,10,1,118.6,influencer,brand,none,organic,0
103056,Sun,7,Android,0,1,Female,35.0,Unknown,Rajasthan,0,0,0,0,0,0,0,0,1.1,Samsung,Reno,Airtel,Bengali,Android,17,app,play_store,7,1,213.2,influencer,activation,ag2,paid,0
103057,Tue,10,Android,1,1,Unknown,24.0,Pune,Delhi,1,0,0,0,0,1,0,1,2.0,Vivo,Reno,Vi,English,iOS,16,app,play_store,7,4,335.8,referral,none,none,organic,0
103058,Sun,20,Android,0,1,Male,22.0,Pune,Delhi,1,0,1,0,0,0,0,1,2.1,Xiaomi,Y21,BSNL,Marathi,Android,11,app,play_store,5,4,764.0,organic,brand,ag1,none,0
103059,Fri,20,Android,1,1,Unknown,26.0,Bangalore,Unknown,0,0,0,0,0,0,0,0,2.1,Oppo,Y21,Jio,Hindi,Android,14,app,app_store,9,3,548.3,meta,remarketing,ag2,paid,0
103060,Thu,17,iOS,1,1,Female,24.0,Pune,Rajasthan,1,0,0,0,0,0,0,0,1.2,Vivo,Y21,BSNL,Tamil,Android,16,app,play_store,12,0,456.5,referral,remarketing,ag2,paid,1
103061,Sun,22,Android,1,1,Female,32.0,Mumbai,MP,0,0,0,0,0,0,0,1,1.1,Samsung,Reno,Jio,Tamil,Android,11,app,play_store,5,1,201.4,organic,generic,ag1,paid,0
103062,Sat,23,Android,0,2,Female,31.0,Pune,Karnataka,0,1,0,0,0,0,0,0,1.1,Oppo,Note 10,Vi,Marathi,Android,16,app,app_store,11,3,315.8,organic,none,none,none,0
103063,Fri,9,Android,1,1,Male,32.0,Jaipur,MP,0,0,0,0,0,1,0,0,1.1,OnePlus,Nord,BSNL,Hindi,Android,13,app,play_store,2,2,128.6,google,none,none,crm,0
103064,Wed,12,iOS,0,1,Unknown,23.0,Bangalore,Unknown,1,1,0,0,0,0,0,0,1.1,Xiaomi,Nord,Vi,Tamil,Android,16,app,play_store,4,7,335.0,meta,remarketing,ag1,crm,0
103065,Sun,16,Android,0,1,Male,29.0,Pune,Karnataka,0,0,0,0,0,0,0,0,1.1,Samsung,Reno,Jio,Hindi,Android,13,web,play_store,17,4,229.8,meta,brand,ag2,crm,0
103066,Wed,17,Android,0,1,Female,18.0,Indore,Maharashtra,0,0,0,0,0,0,0,0,1.0,Vivo,Y21,Other,Tamil,Android,15,app,app_store,9,4,5.5,influencer,generic,ag1,none,0
103067,Thu,9,Android,1,4,Male,31.0,Delhi,Maharashtra,0,0,0,0,0,0,0,0,2.0,Vivo,Nord,Jio,Tamil,Android,16,app,play_store,6,2,23.3,organic,none,ag1,paid,0
103068,Sat,15,Android,0,1,Male,39.0,Jaipur,MP,0,1,0,0,0,0,0,0,2.1,Xiaomi,Reno,Vi,Tamil,Android,13,app,play_store,8,2,143.5,google,none,ag3,none,0
103069,Sat,19,Android,1,1,Female,19.0,Jaipur,Rajasthan,0,0,0,0,1,0,0,0,2.1,Vivo,Note 10,BSNL,English,Android,14,app,play_store,9,1,108.7,meta,brand,ag3,organic,0
103070,Sun,4,iOS,1,3,Unknown,34.0,Indore,Delhi,0,0,0,0,0,0,0,1,2.1,Xiaomi,iPhone 13,BSNL,English,Android,13,app,play_store,3,1,194.8,meta,remarketing,ag3,crm,0
103071,Fri,12,Android,0,2,Male,25.0,Unknown,Maharashtra,0,1,0,0,0,0,0,0,1.2,Apple,Note 10,Vi,Hindi,Android,17,app,app_store,10,4,1354.9,referral,remarketing,ag1,paid,0
103072,Fri,17,Android,1,1,Unknown,36.0,Jaipur,Unknown,0,1,0,0,0,0,0,0,1.1,Samsung,A12,BSNL,Tamil,Android,12,app,play_store,12,2,144.8,referral,activation,ag1,organic,0
103073,Sat,16,Android,0,1,Female,31.0,Mumbai,Rajasthan,0,0,0,0,0,0,1,0,2.0,Apple,A12,Airtel,Hindi,Android,11,app,play_store,8,4,281.2,influencer,brand,none,crm,0
103074,Fri,8,Android,1,1,Male,33.0,Mumbai,Rajasthan,0,1,0,1,0,1,0,0,2.1,Apple,Y21,Other,Marathi,Android,13,app,play_store,5,4,453.6,meta,generic,ag2,none,0
103075,Sat,13,Android,0,1,Male,31.0,Delhi,Karnataka,0,1,1,0,0,0,0,0,1.1,Vivo,A12,Vi,Tamil,Android,14,app,play_store,5,1,230.1,google,activation,ag1,crm,0
103076,Sun,16,Android,0,1,Female,41.0,Delhi,Maharashtra,0,0,0,0,0,0,1,0,1.1,Oppo,Y21,Other,Tamil,iOS,17,app,play_store,4,4,357.9,meta,activation,ag2,organic,1
103077,Tue,3,Android,0,4,Male,33.0,Delhi,MP,1,0,0,0,0,0,0,0,1.1,Vivo,Reno,Vi,Hindi,Android,16,app,play_store,5,3,508.1,organic,activation,ag1,paid,0
103078,Sat,17,Android,0,1,Male,24.0,Delhi,Unknown,0,1,0,1,0,0,0,0,1.2,Samsung,iPhone 13,Other,Hindi,iOS,13,app,web,7,8,607.8,google,generic,ag2,organic,0
103079,Wed,19,Android,0,1,Male,31.0,Pune,Rajasthan,0,0,0,0,0,0,0,0,2.0,Vivo,Note 10,Jio,Marathi,Android,14,app,app_store,5,2,491.3,google,generic,none,crm,1
103080,Fri,23,Android,0,1,Male,27.0,Jaipur,MP,1,0,0,0,0,0,0,0,2.1,Samsung,Reno,Vi,Marathi,Android,17,app,play_store,6,2,822.6,referral,generic,ag3,none,0
103081,Sat,23,Android,0,1,Female,31.0,Indore,MP,0,0,0,0,0,0,0,0,1.0,Oppo,Reno,BSNL,Hindi,Android,12,app,play_store,16,2,695.8,referral,generic,none,organic,0
103082,Sat,14,Android,0,3,Male,27.0,Mumbai,Unknown,0,0,0,0,0,0,1,0,1.2,OnePlus,Nord,Other,English,iOS,11,web,play_store,7,2,162.6,meta,remarketing,ag2,organic,0
103083,Sun,10,Android,0,1,Male,25.0,Pune,Maharashtra,1,0,0,0,0,0,0,0,1.2,Oppo,A12,Jio,Bengali,Android,16,app,play_store,7,3,480.7,google,brand,none,none,0
103084,Fri,11,Android,1,1,Male,32.0,Delhi,Unknown,0,1,0,1,1,0,0,0,1.0,Oppo,iPhone 13,Jio,Marathi,Android,12,app,app_store,7,2,328.5,influencer,generic,none,paid,0
103085,Tue,8,Android,0,1,Male,30.0,Bangalore,MP,0,1,0,0,1,0,0,0,1.2,Samsung,Note 10,Jio,Bengali,iOS,12,app,play_store,6,4,423.9,influencer,activation,none,organic,1
103086,Sun,12,Android,1,1,Male,39.0,Bangalore,MP,1,0,0,0,0,0,0,0,2.1,Oppo,Reno,BSNL,Marathi,Android,16,app,play_store,8,2,326.0,google,brand,ag1,none,1
103087,Tue,14,Web,0,4,Female,27.0,Indore,Delhi,0,0,0,1,0,0,0,0,2.0,Apple,iPhone 13,Jio,Marathi,Android,17,app,app_store,12,2,157.6,google,brand,ag1,none,0
103088,Sun,14,iOS,1,1,Female,18.0,Mumbai,Unknown,0,0,0,1,1,0,0,0,2.0,Vivo,Reno,Other,Marathi,Android,15,app,web,2,7,302.7,influencer,activation,ag1,none,0
103089,Fri,4,Android,1,1,Male,27.0,Unknown,MP,0,0,0,0,1,0,0,0,2.1,Vivo,Reno,BSNL,Marathi,Android,17,app,play_store,8,4,208.4,google,remarketing,ag3,none,0
103090,Mon,22,iOS,0,1,Male,18.0,Mumbai,Delhi,0,0,0,0,0,0,0,0,2.1,Samsung,Note 10,Vi,English,Android,11,app,web,5,1,603.1,google,none,ag2,paid,0
103091,Fri,18,iOS,1,1,Male,33.0,Indore,Maharashtra,0,0,0,0,0,0,0,1,2.0,OnePlus,A12,BSNL,English,Android,17,app,play_store,12,6,670.1,meta,none,ag1,organic,1
103092,Fri,19,Android,0,1,Male,18.0,Unknown,MP,0,0,0,0,0,0,1,0,2.1,Xiaomi,Y21,Vi,Bengali,Android,17,app,play_store,9,1,143.3,google,activation,ag3,crm,0
103093,Tue,13,iOS,1,1,Female,22.0,Delhi,Rajasthan,1,0,0,0,0,0,0,0,1.2,Xiaomi,Reno,Vi,Hindi,Android,12,web,play_store,6,2,167.7,influencer,generic,ag3,organic,0
103094,Tue,16,Android,1,2,Male,27.0,Delhi,Unknown,1,0,0,0,0,1,0,0,2.0,Vivo,Note 10,Vi,Bengali,Android,12,app,play_store,7,5,352.9,influencer,remarketing,ag3,none,0
103095,Fri,17,Android,0,1,Male,42.0,Jaipur,MP,0,0,0,0,0,0,1,0,1.0,Xiaomi,Note 10,Vi,English,iOS,17,app,play_store,8,3,103.7,influencer,remarketing,ag1,crm,0
103096,Fri,20,Android,1,1,Female,21.0,Mumbai,Delhi,1,1,0,0,0,1,0,0,1.0,Xiaomi,iPhone 13,BSNL,English,Android,16,app,play_store,10,3,184.0,organic,none,ag3,paid,0
103097,Fri,2,Android,0,4,Male,30.0,Mumbai,Rajasthan,0,0,0,0,0,0,0,0,2.1,Xiaomi,A12,Airtel,Tamil,Android,11,app,app_store,12,4,95.4,influencer,none,none,organic,0
103098,Tue,1,Android,0,1,Female,35.0,Mumbai,Maharashtra,0,0,0,0,0,0,0,0,1.0,Samsung,iPhone 13,Airtel,Tamil,iOS,12,app,play_store,5,2,516.8,meta,brand,none,crm,0
103099,Fri,0,Android,0,2,Male,42.0,Unknown,Unknown,1,1,0,0,0,0,0,0,1.0,OnePlus,Reno,Jio,Marathi,Android,13,app,play_store,11,2,561.0,meta,brand,ag3,crm,1
103100,Fri,9,Web,1,4,Male,36.0,Delhi,Karnataka,0,0,0,0,0,0,0,0,2.0,Apple,Y21,Other,Tamil,iOS,13,app,play_store,9,1,568.2,meta,generic,ag3,paid,0
103101,Thu,18,iOS,1,1,Female,39.0,Bangalore,Karnataka,0,0,0,1,0,0,0,0,1.2,Oppo,Nord,Other,Hindi,Android,17,app,web,10,3,194.6,meta,generic,none,paid,0
103102,Mon,16,iOS,1,1,Female,37.0,Indore,Delhi,0,0,0,0,0,0,0,1,1.1,OnePlus,iPhone 13,Other,Bengali,iOS,13,app,app_store,4,10,269.9,meta,remarketing,none,none,1
103103,Wed,11,iOS,0,1,Male,20.0,Indore,Maharashtra,0,0,0,0,0,0,0,0,1.0,Samsung,Reno,Jio,Bengali,iOS,11,app,play_store,10,2,156.5,organic,none,ag3,crm,0
103104,Mon,0,Web,0,1,Female,33.0,Pune,Maharashtra,0,1,0,0,0,0,0,1,2.1,Apple,Reno,Other,English,iOS,13,web,play_store,9,2,340.9,referral,brand,ag1,none,0
103105,Thu,11,Android,1,2,Female,37.0,Pune,MP,0,1,1,0,0,0,0,0,1.1,Oppo,Nord,BSNL,Bengali,Android,12,app,play_store,7,3,406.7,influencer,activation,ag1,organic,0
103106,Wed,16,Android,0,1,Unknown,22.0,Bangalore,Karnataka,1,0,0,1,0,0,0,0,1.0,Oppo,iPhone 13,Airtel,Hindi,Android,17,app,play_store,7,3,465.4,google,none,ag1,organic,0
103107,Sun,23,Android,0,1,Female,25.0,Mumbai,MP,0,0,0,1,0,0,0,0,1.2,OnePlus,Note 10,Vi,Tamil,iOS,13,app,play_store,10,1,183.8,referral,brand,ag3,paid,0
103108,Fri,2,iOS,0,4,Female,24.0,Bangalore,Maharashtra,0,0,0,1,0,0,0,0,1.0,Samsung,Y21,Other,Tamil,Android,16,app,play_store,6,3,126.6,google,remarketing,ag3,organic,0
103109,Thu,10,Android,0,1,Male,36.0,Unknown,Delhi,0,1,0,0,0,0,0,0,2.1,Vivo,Nord,Jio,Hindi,Android,15,app,play_store,6,2,155.1,meta,none,ag2,none,0
103110,Sun,16,iOS,0,1,Male,29.0,Unknown,Delhi,0,0,0,0,0,0,1,0,1.2,Samsung,Nord,Jio,Tamil,Android,16,app,play_store,3,3,426.7,meta,brand,none,organic,0
103111,Fri,22,Android,1,1,Male,27.0,Pune,Rajasthan,1,0,0,0,0,0,0,1,2.1,Oppo,iPhone 13,BSNL,Marathi,Android,11,app,play_store,12,4,258.2,meta,brand,none,crm,0
103112,Tue,2,Android,0,1,Male,20.0,Jaipur,Delhi,1,1,0,0,0,0,0,0,2.1,OnePlus,Y21,Vi,Bengali,Android,14,app,play_store,11,3,37.7,influencer,none,ag2,none,0
103113,Sat,7,iOS,0,1,Male,29.0,Pune,Karnataka,1,0,0,0,0,0,0,0,2.1,Xiaomi,iPhone 13,Vi,Tamil,Android,13,app,play_store,4,3,252.0,referral,none,ag1,none,1
103114,Thu,19,Android,0,2,Female,25.0,Indore,Rajasthan,0,1,0,0,0,0,0,0,2.1,Xiaomi,Nord,Jio,Bengali,Android,15,app,play_store,9,1,202.6,google,none,ag1,crm,0
103115,Tue,3,Android,0,1,Male,32.0,Unknown,Karnataka,1,0,0,0,0,0,0,0,2.1,OnePlus,Y21,Other,Hindi,Android,13,web,play_store,6,1,243.8,influencer,generic,ag3,organic,0
103116,Thu,20,Android,0,2,Female,21.0,Bangalore,MP,0,0,0,0,0,0,0,0,1.2,OnePlus,iPhone 13,BSNL,Tamil,Android,14,app,web,8,2,1415.9,organic,brand,ag3,paid,1
103117,Thu,21,Android,0,1,Male,31.0,Delhi,MP,0,1,0,1,0,1,0,0,2.0,Vivo,Note 10,BSNL,Marathi,Android,14,app,play_store,8,2,241.1,organic,generic,ag3,paid,0
103118,Tue,6,Android,1,1,Male,26.0,Pune,Delhi,0,0,0,0,1,0,0,0,1.2,Samsung,Reno,Vi,Marathi,Android,15,app,play_store,5,3,44.4,google,none,ag1,crm,0
103119,Wed,13,Android,0,1,Male,20.0,Indore,Rajasthan,1,0,0,0,1,0,0,0,2.0,OnePlus,Y21,BSNL,Hindi,iOS,17,app,play_store,11,1,560.1,organic,activation,ag2,crm,0
103120,Mon,13,Android,1,1,Male,19.0,Mumbai,Karnataka,0,1,0,0,0,1,0,0,1.2,Oppo,Note 10,Airtel,Marathi,Android,16,app,play_store,7,2,1226.2,meta,remarketing,ag2,crm,0
103121,Fri,3,Android,1,4,Male,21.0,Bangalore,Karnataka,0,0,0,0,0,1,0,0,2.1,OnePlus,Reno,Vi,Hindi,Android,14,app,app_store,12,3,865.2,referral,remarketing,none,paid,0
103122,Thu,15,iOS,0,1,Female,28.0,Pune,Maharashtra,0,0,0,0,0,0,0,0,1.2,Xiaomi,Y21,Jio,Marathi,iOS,17,app,play_store,6,5,88.3,influencer,remarketing,ag3,none,0
103123,Fri,23,Android,0,4,Male,31.0,Delhi,Delhi,0,0,1,0,0,0,0,0,1.2,Apple,Reno,BSNL,Tamil,Android,17,app,play_store,8,3,296.1,organic,brand,ag2,paid,0
103124,Sat,21,Android,1,4,Male,32.0,Pune,Unknown,1,0,0,0,0,0,0,1,2.0,Xiaomi,Reno,Vi,Bengali,Android,13,app,play_store,7,1,514.7,google,generic,ag2,none,0
103125,Tue,0,iOS,0,4,Female,32.0,Delhi,MP,0,0,0,1,0,0,0,1,1.2,OnePlus,Reno,Other,Bengali,Android,17,app,play_store,7,4,85.2,referral,generic,none,organic,0
103126,Fri,16,Android,0,1,Male,24.0,Bangalore,Unknown,0,0,0,0,0,1,0,0,1.2,Vivo,Nord,Other,English,Android,15,app,play_store,5,7,358.5,referral,none,none,organic,0
103127,Tue,9,iOS,0,4,Male,38.0,Jaipur,Maharashtra,0,0,0,0,0,0,0,0,1.0,Samsung,Y21,Airtel,Bengali,Android,15,app,app_store,9,3,157.1,google,none,ag2,organic,1
103128,Fri,21,Android,0,1,Male,26.0,Delhi,MP,1,0,0,0,1,1,0,1,2.1,Samsung,Note 10,Jio,Marathi,iOS,12,app,play_store,6,4,107.2,google,remarketing,ag1,organic,0
103129,Mon,15,Android,0,1,Male,34.0,Delhi,MP,0,0,0,0,0,0,0,0,2.1,OnePlus,Reno,Other,English,Android,11,web,play_store,7,3,505.3,organic,activation,ag2,organic,0
103130,Mon,15,Android,1,1,Female,29.0,Indore,Karnataka,0,0,0,1,0,0,0,1,1.0,Xiaomi,iPhone 13,Vi,English,Android,14,app,play_store,8,4,137.9,google,remarketing,ag2,organic,0
103131,Mon,7,Web,1,3,Female,33.0,Jaipur,MP,0,0,0,0,0,0,0,0,1.2,Apple,Reno,BSNL,Tamil,Android,12,app,play_store,7,1,71.1,meta,none,ag1,none,1
103132,Mon,6,iOS,0,1,Female,28.0,Bangalore,Rajasthan,0,0,0,0,0,0,0,1,1.1,Samsung,Nord,Other,Tamil,Android,13,app,play_store,5,3,139.3,referral,none,ag2,paid,1
103133,Mon,5,Android,0,1,Male,33.0,Pune,MP,1,0,0,0,1,0,0,0,1.2,Samsung,Note 10,Other,Tamil,iOS,11,app,app_store,7,2,570.2,google,generic,ag2,paid,0
103134,Mon,15,Android,0,1,Female,30.0,Jaipur,Rajasthan,1,0,0,0,0,0,0,0,2.1,Oppo,A12,Airtel,Marathi,iOS,16,app,play_store,10,0,296.2,organic,brand,ag2,none,1
103135,Tue,19,iOS,0,1,Male,37.0,Mumbai,MP,0,0,0,0,0,1,0,0,1.2,Vivo,Y21,BSNL,Marathi,Android,13,app,play_store,9,1,581.6,meta,generic,ag1,organic,1
103136,Thu,15,Android,0,1,Male,23.0,Bangalore,Maharashtra,0,0,0,0,0,0,0,0,1.1,Oppo,A12,BSNL,Marathi,Android,12,app,play_store,4,5,503.8,meta,activation,ag2,crm,0
103137,Fri,6,iOS,0,2,Male,18.0,Jaipur,Karnataka,0,0,0,0,0,0,0,0,1.0,Vivo,Note 10,Other,Bengali,Android,12,app,play_store,8,4,73.5,referral,none,ag2,crm,0
103138,Mon,8,Android,0,1,Female,22.0,Bangalore,Maharashtra,0,1,0,0,0,0,0,0,2.1,Samsung,A12,BSNL,Hindi,Android,12,app,web,14,4,210.3,google,activation,ag1,crm,1
103139,Tue,13,Android,0,3,Female,39.0,Mumbai,Karnataka,0,0,0,0,0,0,0,0,1.1,Apple,Note 10,Jio,Tamil,Android,11,app,play_store,3,6,236.1,google,none,ag3,organic,0
103140,Tue,10,Android,0,1,Female,29.0,Pune,Maharashtra,0,1,0,0,0,0,0,1,1.1,Apple,Nord,Jio,English,Android,11,app,play_store,6,5,128.9,google,brand,ag2,paid,0
103141,Tue,13,Android,1,4,Female,31.0,Unknown,Delhi,1,0,0,1,0,0,0,0,1.1,Samsung,iPhone 13,Other,English,Android,16,app,play_store,11,1,389.9,organic,activation,ag1,none,0
103142,Thu,6,Android,0,1,Male,22.0,Indore,MP,1,1,0,1,0,0,0,0,2.0,Vivo,iPhone 13,Other,English,Android,16,app,play_store,10,2,1145.3,referral,none,ag3,organic,1
103143,Fri,0,Web,1,1,Male,31.0,Jaipur,MP,1,0,0,1,0,0,0,0,1.0,Oppo,Y21,Jio,Hindi,Android,12,app,app_store,8,4,354.8,organic,activation,ag1,crm,0
103144,Thu,12,Android,0,1,Female,22.0,Pune,Delhi,0,0,0,0,0,1,0,0,2.1,OnePlus,Nord,BSNL,Marathi,iOS,14,app,play_store,9,4,749.9,google,brand,ag2,organic,0
103145,Wed,19,Android,0,1,Female,23.0,Mumbai,Delhi,1,1,0,0,0,0,0,0,1.0,Oppo,A12,Airtel,Marathi,Android,16,app,web,12,3,329.7,google,remarketing,ag3,paid,1
103146,Sun,2,Android,0,2,Female,27.0,Pune,Rajasthan,0,0,0,0,0,1,0,0,2.0,Oppo,Nord,Airtel,Marathi,Android,16,app,play_store,3,4,45.8,meta,activation,ag1,crm,0
103147,Tue,19,Android,0,1,Male,34.0,Bangalore,Maharashtra,0,0,1,0,0,0,0,0,2.1,Vivo,A12,Airtel,English,Android,15,web,play_store,2,5,461.0,influencer,generic,ag3,paid,0
103148,Wed,3,iOS,0,1,Female,34.0,Indore,MP,1,0,0,0,1,0,0,0,1.2,Samsung,Nord,BSNL,Hindi,Android,14,app,web,13,3,338.1,influencer,none,ag3,paid,1
103149,Sat,10,iOS,1,1,Male,35.0,Delhi,Rajasthan,1,0,0,0,0,1,0,0,1.0,Apple,Reno,Airtel,Bengali,iOS,12,app,play_store,8,4,372.6,google,activation,none,none,0
103150,Mon,1,Android,1,1,Female,18.0,Jaipur,Unknown,1,1,0,0,0,0,0,0,2.0,Oppo,iPhone 13,Jio,Hindi,Android,14,app,play_store,14,5,219.6,influencer,generic,ag3,paid,1
103151,Sun,13,Web,0,1,Male,30.0,Pune,MP,1,0,0,0,0,0,0,0,1.2,OnePlus,Reno,BSNL,Hindi,Android,12,web,play_store,8,4,394.5,influencer,remarketing,ag3,crm,0
103152,Mon,11,iOS,0,1,Unknown,28.0,Delhi,Delhi,1,0,0,0,0,0,0,0,2.0,Vivo,Y21,Jio,Tamil,iOS,12,app,web,5,6,90.7,organic,none,ag1,organic,0
103153,Thu,16,iOS,0,1,Male,18.0,Indore,Rajasthan,0,0,1,0,0,1,0,0,2.1,Vivo,iPhone 13,BSNL,Bengali,Android,12,web,web,9,3,184.9,influencer,remarketing,ag3,organic,0
103154,Sun,11,Android,0,1,Female,30.0,Unknown,Unknown,1,0,0,0,0,1,0,1,1.0,Oppo,iPhone 13,Airtel,Hindi,iOS,13,app,play_store,12,7,585.9,meta,brand,ag3,none,1
103155,Fri,11,iOS,0,4,Female,28.0,Delhi,Rajasthan,0,0,0,0,0,0,0,1,2.0,Samsung,Reno,Airtel,Bengali,Android,14,app,play_store,8,1,13.8,organic,generic,ag2,paid,0
103156,Wed,0,Android,0,1,Male,34.0,Pune,Rajasthan,0,0,0,0,0,0,0,0,2.1,OnePlus,Nord,Other,Hindi,iOS,12,app,app_store,9,5,119.8,referral,generic,none,none,0
103157,Fri,12,Android,0,1,Male,31.0,Mumbai,Maharashtra,1,0,1,0,0,1,0,0,2.0,Apple,A12,Vi,Bengali,Android,13,app,play_store,6,1,152.9,meta,generic,ag2,crm,1
103158,Thu,13,iOS,0,1,Female,26.0,Jaipur,Unknown,1,0,0,1,0,0,0,0,1.1,Apple,Nord,Jio,Bengali,iOS,17,app,play_store,8,2,989.8,google,remarketing,none,paid,1
103159,Mon,23,Android,0,1,Male,37.0,Bangalore,Rajasthan,0,0,0,0,0,0,0,0,1.0,Vivo,A12,Airtel,Bengali,Android,16,app,play_store,11,2,281.4,referral,generic,ag3,organic,0
103160,Sun,1,Android,0,2,Male,18.0,Unknown,MP,1,0,0,1,0,1,0,0,1.1,Samsung,Note 10,BSNL,Tamil,Android,12,app,play_store,7,4,521.6,influencer,brand,ag3,none,0
103161,Fri,11,iOS,0,2,Unknown,29.0,Bangalore,Maharashtra,0,1,0,0,0,0,1,0,2.0,Xiaomi,Y21,Other,Marathi,Android,17,app,play_store,5,0,490.4,google,brand,ag3,crm,0
103162,Fri,20,iOS,1,1,Female,18.0,Jaipur,MP,1,0,0,0,0,0,0,0,1.2,Apple,A12,Jio,Hindi,iOS,14,app,play_store,6,2,282.0,google,brand,ag1,organic,1
103163,Mon,15,Android,0,2,Male,23.0,Delhi,Unknown,0,0,1,0,0,0,1,0,2.1,OnePlus,Note 10,Airtel,Tamil,Android,12,app,web,5,0,287.7,influencer,none,ag2,crm,0
103164,Sun,3,iOS,1,1,Female,34.0,Bangalore,Rajasthan,0,0,0,0,0,0,0,0,1.2,Xiaomi,Y21,Other,Hindi,Android,17,app,play_store,4,4,160.1,google,activation,ag2,crm,1
103165,Wed,7,Android,1,1,Male,20.0,Jaipur,Rajasthan,1,1,0,0,0,1,0,1,1.2,Vivo,A12,Airtel,Hindi,Android,13,app,web,9,4,66.5,referral,none,ag2,crm,1
103166,Mon,1,Android,1,1,Female,19.0,Jaipur,Unknown,1,0,0,0,0,0,0,0,1.1,OnePlus,iPhone 13,Airtel,English,iOS,14,app,play_store,10,7,156.7,google,activation,none,none,0
103167,Fri,9,iOS,1,2,Female,49.0,Bangalore,MP,1,0,0,0,0,0,0,0,2.1,Apple,Y21,Airtel,English,Android,15,app,app_store,5,5,260.6,google,activation,ag1,crm,0
103168,Wed,8,Android,1,1,Female,19.0,Mumbai,Karnataka,1,1,0,1,0,0,0,1,2.0,Samsung,Y21,Other,Tamil,iOS,16,app,play_store,6,1,395.4,organic,activation,none,crm,0
103169,Wed,22,Android,1,1,Male,43.0,Delhi,Rajasthan,0,0,0,1,0,0,0,0,2.0,Xiaomi,Nord,Vi,Hindi,Android,17,app,play_store,9,2,507.0,referral,none,ag1,paid,1
103170,Mon,14,Android,0,1,Female,29.0,Mumbai,Rajasthan,0,0,0,0,0,0,0,1,2.0,Oppo,Reno,Airtel,Tamil,iOS,17,app,play_store,5,1,171.0,influencer,activation,ag2,organic,0
103171,Fri,12,Android,0,1,Male,26.0,Mumbai,Maharashtra,1,0,0,0,0,0,1,0,2.0,Xiaomi,Y21,Jio,Marathi,Android,16,app,play_store,7,1,207.1,meta,brand,ag2,crm,0
103172,Thu,22,Android,1,4,Male,35.0,Indore,MP,1,0,0,1,0,0,0,0,1.1,OnePlus,Nord,Other,Marathi,Android,13,app,play_store,13,7,633.9,meta,generic,ag1,organic,1
103173,Fri,16,iOS,1,1,Female,41.0,Delhi,Rajasthan,0,0,0,0,0,0,0,0,2.1,Vivo,Note 10,Airtel,English,Android,12,app,play_store,6,2,837.6,google,brand,ag1,none,1
103174,Tue,15,iOS,1,1,Male,21.0,Unknown,MP,0,0,0,1,0,0,0,0,2.0,OnePlus,Reno,Other,English,Android,14,app,play_store,10,5,244.9,referral,activation,ag2,none,0
103175,Sun,1,Android,1,1,Female,26.0,Mumbai,Maharashtra,0,0,0,0,0,1,0,0,1.0,OnePlus,Y21,Jio,Tamil,Android,15,app,play_store,9,3,252.1,google,remarketing,ag2,none,1
103176,Sat,19,iOS,1,1,Female,37.0,Pune,MP,0,0,0,0,0,0,0,0,2.0,Vivo,A12,Jio,Marathi,Android,12,app,app_store,7,0,365.4,influencer,brand,ag1,none,0
103177,Thu,19,Android,1,1,Male,32.0,Bangalore,MP,1,1,0,0,0,0,0,0,1.1,Vivo,Y21,BSNL,Marathi,Android,11,app,play_store,8,8,1000.7,google,brand,none,crm,0
103178,Wed,13,Android,1,1,Male,39.0,Delhi,Maharashtra,0,0,0,0,0,1,0,0,1.0,Samsung,Y21,BSNL,Tamil,Android,12,app,play_store,10,4,239.7,google,brand,ag3,organic,0
103179,Thu,2,iOS,0,1,Female,34.0,Indore,Rajasthan,0,0,0,1,0,0,0,0,1.2,Samsung,A12,Vi,Marathi,Android,15,app,play_store,8,0,1378.5,organic,brand,ag3,crm,0
103180,Sun,22,Android,1,1,Unknown,44.0,Mumbai,MP,1,1,0,0,0,0,0,1,1.1,OnePlus,Y21,BSNL,English,iOS,13,app,app_store,4,3,124.4,referral,activation,ag2,none,1
103181,Wed,11,Android,1,1,Female,31.0,Pune,Karnataka,0,0,0,0,0,0,0,0,2.0,Vivo,Nord,Other,Tamil,Android,15,app,app_store,9,8,654.6,referral,remarketing,none,none,1
103182,Sun,7,Android,1,1,Female,32.0,Bangalore,Rajasthan,1,1,0,0,0,0,0,0,2.1,OnePlus,Reno,BSNL,Bengali,Android,12,app,play_store,8,3,227.4,organic,activation,ag2,paid,0
103183,Wed,1,Android,1,1,Male,33.0,Bangalore,Maharashtra,0,0,0,1,0,0,0,1,2.1,Apple,Reno,Other,Bengali,Android,13,app,play_store,13,5,452.1,influencer,generic,none,paid,0
103184,Thu,3,iOS,0,1,Male,29.0,Unknown,Delhi,0,1,0,0,0,0,0,0,1.0,Oppo,A12,Other,Bengali,Android,14,app,play_store,9,0,347.7,meta,remarketing,ag1,organic,0
103185,Wed,13,Android,0,1,Female,37.0,Pune,Unknown,0,1,0,0,0,1,0,0,1.1,Samsung,iPhone 13,Vi,Marathi,iOS,13,app,app_store,8,6,354.2,google,remarketing,ag3,organic,1
103186,Wed,15,Android,1,1,Male,32.0,Delhi,Karnataka,0,0,0,0,0,0,0,0,1.0,Apple,Y21,Other,English,iOS,12,app,play_store,5,2,128.1,influencer,activation,none,paid,0
103187,Tue,18,Android,0,1,Female,36.0,Bangalore,Rajasthan,0,0,0,0,0,0,0,0,1.0,OnePlus,Reno,BSNL,English,iOS,12,app,app_store,7,0,498.5,meta,brand,none,organic,0
103188,Fri,1,Android,0,3,Male,38.0,Bangalore,Unknown,1,0,0,0,0,0,1,0,2.1,Xiaomi,Y21,BSNL,Marathi,Android,13,app,app_store,11,2,231.2,google,remarketing,ag2,crm,0
103189,Fri,11,Android,0,1,Male,33.0,Bangalore,Maharashtra,0,0,0,0,0,0,0,0,1.1,Xiaomi,Nord,Airtel,English,Android,13,app,play_store,10,4,183.9,influencer,none,ag2,organic,0
103190,Sat,13,Android,1,2,Female,34.0,Jaipur,Karnataka,0,1,0,1,0,0,0,0,2.1,Apple,A12,Vi,Tamil,Android,16,app,play_store,8,3,338.6,meta,brand,ag1,none,1
103191,Sat,5,iOS,1,2,Female,22.0,Mumbai,Rajasthan,1,0,0,0,0,0,0,0,1.1,OnePlus,Y21,Jio,Tamil,iOS,17,app,play_store,7,3,569.4,referral,none,ag2,crm,1
103192,Tue,12,iOS,1,1,Female,26.0,Mumbai,Unknown,0,1,0,0,1,0,0,0,2.1,Oppo,Nord,Jio,Marathi,iOS,13,web,play_store,11,2,139.2,referral,remarketing,ag3,paid,0
103193,Sat,3,Android,0,1,Unknown,37.0,Bangalore,Delhi,1,1,0,1,0,1,0,0,1.1,Xiaomi,iPhone 13,Airtel,English,Android,12,app,play_store,5,2,252.2,referral,none,ag3,paid,1
103194,Sun,21,Android,0,1,Unknown,41.0,Indore,Rajasthan,0,0,1,0,0,1,0,0,1.2,Apple,Reno,BSNL,Marathi,Android,11,app,app_store,9,1,741.8,organic,remarketing,ag1,none,1
103195,Thu,17,Android,0,1,Unknown,18.0,Jaipur,Delhi,0,0,0,0,0,0,0,0,2.1,Apple,iPhone 13,Vi,English,Android,16,app,play_store,16,3,212.6,meta,remarketing,ag1,organic,0
103196,Mon,11,Web,0,2,Female,25.0,Bangalore,Delhi,0,0,0,0,0,0,0,0,1.2,Vivo,Nord,BSNL,English,Android,17,app,play_store,8,3,183.9,meta,none,ag3,crm,0
103197,Sun,19,Web,1,1,Female,30.0,Delhi,MP,0,0,0,1,0,0,0,0,1.0,Apple,A12,Airtel,Tamil,Android,13,app,app_store,9,1,124.8,meta,activation,ag3,none,0
103198,Mon,21,Android,0,1,Female,23.0,Unknown,Maharashtra,0,1,0,0,1,0,0,0,2.1,Oppo,Y21,Jio,Tamil,Android,13,app,app_store,10,3,220.5,google,generic,ag2,organic,0
103199,Mon,20,iOS,0,1,Male,23.0,Unknown,MP,0,0,0,0,0,0,0,1,1.0,Vivo,Nord,Vi,Tamil,Android,17,app,play_store,4,4,580.2,influencer,none,ag3,crm,0
103200,Tue,18,Android,0,4,Male,34.0,Jaipur,Delhi,0,0,0,0,0,0,0,0,2.1,Oppo,Nord,BSNL,Hindi,Android,14,app,play_store,7,1,343.4,google,generic,ag1,none,0
103201,Sun,7,Android,0,1,Male,43.0,Indore,Maharashtra,1,1,0,1,0,0,0,0,1.0,Oppo,Nord,Other,Marathi,iOS,17,app,play_store,5,3,162.1,organic,remarketing,ag1,organic,0
103202,Tue,6,Android,1,1,Male,18.0,Delhi,Maharashtra,1,0,0,1,0,0,0,0,2.0,Vivo,Reno,Other,Bengali,Android,17,app,play_store,9,9,616.1,google,generic,none,none,0
103203,Wed,15,Android,0,1,Male,29.0,Pune,Maharashtra,0,0,1,0,0,0,0,0,1.1,Vivo,Note 10,Other,English,Android,15,app,play_store,9,1,259.6,meta,remarketing,none,organic,0
103204,Mon,18,Android,1,1,Male,34.0,Pune,Karnataka,0,1,0,0,0,0,0,0,1.0,Xiaomi,Reno,Jio,Hindi,Android,17,app,play_store,9,4,582.5,influencer,remarketing,ag1,organic,1
103205,Thu,5,Android,0,1,Unknown,36.0,Mumbai,Rajasthan,0,0,0,0,0,0,0,0,1.1,Xiaomi,iPhone 13,Other,Tamil,Android,14,app,play_store,4,3,621.8,meta,remarketing,ag2,organic,1
103206,Sat,19,Android,0,1,Female,33.0,Jaipur,Delhi,0,1,0,0,0,1,0,1,1.0,OnePlus,Reno,Other,Marathi,Android,16,web,play_store,7,1,490.5,referral,remarketing,none,paid,1
103207,Thu,20,Android,0,1,Male,44.0,Mumbai,Maharashtra,1,1,0,1,0,0,0,0,2.1,Vivo,Note 10,Airtel,English,Android,11,app,play_store,14,2,46.2,google,generic,none,crm,0
103208,Sat,10,Android,0,1,Male,30.0,Mumbai,Unknown,0,0,0,0,0,0,0,0,1.1,Oppo,Nord,Airtel,English,Android,13,app,play_store,5,5,323.5,influencer,none,none,organic,0
103209,Mon,4,Android,1,1,Female,40.0,Jaipur,Karnataka,0,0,0,0,0,0,0,0,1.1,Samsung,Reno,Airtel,Hindi,iOS,12,app,play_store,10,4,113.2,influencer,none,ag2,none,1
103210,Mon,15,Android,0,1,Female,25.0,Unknown,Karnataka,0,0,0,1,0,0,0,1,1.2,Apple,iPhone 13,BSNL,Tamil,Android,11,app,play_store,7,4,427.3,influencer,generic,ag2,none,0
103211,Mon,6,Android,0,1,Unknown,30.0,Pune,Unknown,0,0,0,1,0,0,0,0,1.1,OnePlus,Y21,Other,Bengali,Android,12,app,play_store,12,1,226.4,organic,none,ag1,crm,0
103212,Tue,4,Android,0,1,Unknown,20.0,Jaipur,Delhi,1,0,0,0,0,0,0,0,1.1,Vivo,Y21,Jio,English,Android,13,app,web,6,4,335.9,google,activation,ag2,organic,1
103213,Sun,10,Android,0,1,Unknown,37.0,Delhi,MP,0,0,0,1,0,0,0,1,1.1,Apple,Reno,Other,Tamil,iOS,16,web,play_store,7,3,206.3,organic,activation,none,paid,0
103214,Sat,14,Android,1,1,Male,29.0,Indore,Karnataka,1,1,0,0,0,1,0,0,1.0,Xiaomi,Note 10,Other,Hindi,Android,15,app,play_store,5,2,351.8,google,activation,none,organic,0
103215,Sun,2,Android,0,1,Male,33.0,Mumbai,Delhi,0,0,0,0,0,1,0,0,2.0,Apple,Note 10,BSNL,Marathi,Android,12,app,play_store,6,3,1214.0,influencer,generic,ag1,organic,0
103216,Tue,4,Android,0,1,Female,27.0,Unknown,Karnataka,0,1,0,0,1,0,0,0,1.1,Xiaomi,Reno,Airtel,Marathi,iOS,16,app,app_store,12,3,150.4,organic,brand,ag2,none,0
103217,Tue,22,Android,1,1,Male,35.0,Pune,Delhi,0,0,0,0,0,0,0,0,2.0,Vivo,iPhone 13,Other,Hindi,iOS,14,app,play_store,10,4,1117.4,organic,activation,none,organic,1
103218,Fri,20,iOS,0,1,Female,33.0,Mumbai,Maharashtra,1,0,0,0,0,0,0,0,1.1,Xiaomi,Y21,Vi,Bengali,Android,14,app,play_store,12,2,1032.7,google,remarketing,ag3,none,0
103219,Thu,4,Android,0,1,Male,22.0,Unknown,MP,0,1,0,0,0,0,0,0,2.1,Oppo,Note 10,Vi,Marathi,Android,17,app,app_store,6,2,898.5,referral,brand,ag2,organic,0
103220,Thu,8,Android,0,1,Female,23.0,Bangalore,Unknown,0,1,0,0,0,0,0,0,2.0,Oppo,Reno,Airtel,Hindi,Android,12,app,app_store,10,2,143.7,organic,generic,none,crm,0
103221,Wed,14,Android,0,1,Male,30.0,Indore,Karnataka,0,0,0,0,0,1,0,0,1.2,Oppo,Nord,Airtel,Marathi,iOS,14,app,play_store,6,2,267.2,google,brand,ag2,none,0
103222,Tue,2,Android,1,1,Male,35.0,Delhi,Unknown,0,0,0,0,0,0,0,0,1.1,Apple,Nord,Other,Hindi,Android,11,app,play_store,7,5,833.8,google,brand,ag2,none,0
103223,Sat,5,Android,0,3,Female,45.0,Mumbai,Karnataka,1,0,0,1,0,1,0,0,2.1,Apple,Reno,Vi,Marathi,Android,11,web,play_store,12,2,196.8,google,generic,none,paid,0
103224,Fri,16,Android,1,1,Unknown,32.0,Bangalore,Karnataka,0,0,0,1,0,1,0,0,2.0,Samsung,Note 10,Jio,Bengali,Android,13,app,play_store,8,2,87.5,organic,generic,none,crm,1
103225,Fri,20,Android,0,1,Male,38.0,Bangalore,Rajasthan,0,1,0,0,0,0,0,0,2.1,Apple,Reno,Jio,Hindi,iOS,17,app,app_store,2,3,181.5,organic,generic,ag2,organic,0
103226,Sun,7,iOS,1,3,Unknown,18.0,Unknown,Rajasthan,0,0,0,0,1,0,0,0,1.2,OnePlus,Reno,Vi,Bengali,Android,12,app,play_store,8,2,680.7,google,brand,none,crm,1
103227,Thu,20,Android,0,1,Female,46.0,Indore,Unknown,0,0,0,1,0,0,0,1,1.2,OnePlus,Reno,Airtel,Bengali,Android,11,app,play_store,8,3,229.1,referral,brand,none,none,0
103228,Tue,10,Android,1,2,Female,35.0,Pune,Maharashtra,1,0,0,0,0,0,0,0,1.2,Samsung,A12,BSNL,English,iOS,13,app,play_store,8,4,213.0,influencer,brand,ag3,paid,0
103229,Wed,5,Android,0,1,Female,30.0,Pune,Karnataka,0,0,0,1,0,0,0,0,1.2,Vivo,Note 10,BSNL,Hindi,Android,11,app,play_store,6,6,427.2,organic,brand,ag2,organic,0
103230,Tue,7,Web,0,1,Female,29.0,Mumbai,MP,0,1,0,0,0,0,0,0,2.1,Vivo,A12,Jio,Bengali,Android,14,app,app_store,13,1,62.1,organic,brand,ag1,none,0
103231,Sun,9,iOS,1,1,Male,21.0,Mumbai,Rajasthan,1,0,0,0,0,0,0,0,2.0,Vivo,Y21,Airtel,English,Android,12,app,play_store,9,4,603.9,organic,remarketing,ag2,organic,0
103232,Mon,23,Android,1,1,Male,23.0,Pune,Delhi,0,1,0,0,0,0,0,0,1.2,Vivo,Note 10,Other,English,iOS,13,app,play_store,15,0,83.6,google,generic,none,paid,0
103233,Tue,2,iOS,0,1,Female,45.0,Delhi,Delhi,1,1,0,0,0,1,0,0,2.1,Apple,Y21,Vi,Bengali,Android,14,app,play_store,6,2,243.3,meta,activation,ag1,organic,1
103234,Sun,22,Android,0,1,Female,22.0,Delhi,Delhi,1,0,0,0,0,0,0,0,2.1,OnePlus,Note 10,Jio,Tamil,Android,11,app,play_store,4,5,28.2,google,remarketing,ag2,crm,0
103235,Mon,13,iOS,0,1,Male,22.0,Bangalore,Maharashtra,0,1,0,0,1,0,0,0,2.0,Oppo,Note 10,BSNL,Hindi,Android,15,app,play_store,4,3,267.7,organic,none,ag2,paid,1
103236,Mon,22,iOS,1,3,Female,24.0,Indore,Karnataka,0,0,0,1,0,1,0,0,2.1,Oppo,Nord,BSNL,Hindi,Android,15,app,app_store,11,5,176.9,influencer,activation,none,organic,1
103237,Wed,13,Android,1,1,Male,20.0,Delhi,Karnataka,0,0,0,0,0,0,0,0,1.0,Xiaomi,Nord,Other,Tamil,iOS,16,app,app_store,7,2,84.0,influencer,brand,ag2,crm,0
103238,Sat,9,Android,0,1,Male,30.0,Mumbai,Unknown,0,0,0,1,0,1,0,0,2.0,Vivo,A12,Other,Hindi,Android,15,app,play_store,8,4,48.2,influencer,activation,ag2,none,0
103239,Thu,11,Android,1,1,Male,39.0,Unknown,Rajasthan,0,1,0,1,0,0,0,1,2.1,Oppo,Reno,BSNL,Bengali,Android,13,app,app_store,10,5,356.6,google,activation,none,none,0
103240,Tue,5,Android,1,1,Male,25.0,Delhi,Delhi,1,0,0,0,0,1,0,0,1.1,Samsung,Y21,Airtel,English,Android,12,app,play_store,9,2,146.0,influencer,brand,ag3,paid,1
103241,Mon,11,Android,0,1,Male,19.0,Indore,Maharashtra,1,0,0,0,0,1,0,0,1.1,Vivo,iPhone 13,BSNL,English,Android,16,web,play_store,7,5,170.5,meta,activation,ag2,none,0
103242,Tue,22,iOS,1,1,Male,32.0,Mumbai,Unknown,0,0,0,0,1,0,0,0,1.2,Samsung,A12,Vi,Tamil,Android,14,app,app_store,10,6,216.5,influencer,generic,none,none,0
103243,Sat,13,Android,0,1,Female,30.0,Indore,MP,1,0,0,0,0,0,0,0,2.0,Apple,Reno,Airtel,Bengali,Android,17,app,play_store,9,2,649.4,referral,none,ag1,crm,0
103244,Thu,1,Android,1,1,Male,38.0,Pune,Karnataka,0,1,0,0,0,0,0,0,2.1,Vivo,Note 10,Other,Bengali,Android,13,app,play_store,8,6,30.9,influencer,activation,none,organic,1
103245,Sat,8,Android,0,2,Male,26.0,Indore,Karnataka,0,1,0,0,0,0,0,1,2.1,Vivo,Note 10,Other,English,Android,16,app,app_store,12,5,185.4,google,generic,ag1,organic,0
103246,Thu,9,Android,0,1,Male,28.0,Indore,Maharashtra,0,0,0,0,0,1,0,0,1.0,OnePlus,Nord,Other,Marathi,Android,15,app,app_store,10,1,687.8,referral,none,ag3,paid,1
103247,Fri,16,Android,0,1,Male,29.0,Indore,Unknown,0,0,1,0,1,0,0,0,1.0,Oppo,Reno,Vi,Marathi,Android,12,app,app_store,4,3,114.9,google,brand,ag3,paid,0
103248,Thu,16,Android,0,1,Male,31.0,Mumbai,Unknown,1,0,0,0,0,0,0,1,1.2,Apple,Reno,Other,Hindi,Android,17,app,play_store,7,1,120.2,google,generic,ag1,paid,1
103249,Wed,2,Android,1,1,Male,27.0,Indore,Rajasthan,0,0,0,0,0,0,0,0,2.0,Xiaomi,A12,Airtel,Hindi,Android,12,app,play_store,11,0,75.2,influencer,remarketing,ag1,none,0
103250,Sat,18,Android,0,1,Male,26.0,Indore,Maharashtra,0,1,0,0,0,0,0,0,1.2,Samsung,Note 10,Other,Hindi,Android,13,app,play_store,8,6,242.7,google,none,ag2,none,0
103251,Mon,0,Android,0,1,Female,18.0,Unknown,Unknown,0,0,0,1,0,0,0,0,1.0,Vivo,Reno,Other,Bengali,Android,16,app,play_store,7,3,257.8,google,generic,ag2,crm,0
103252,Fri,11,Web,1,3,Male,25.0,Unknown,Rajasthan,0,1,0,0,0,0,0,0,1.0,Samsung,Y21,BSNL,English,Android,17,app,play_store,8,4,172.9,meta,remarketing,ag2,crm,1
103253,Wed,6,Android,0,1,Male,36.0,Jaipur,Unknown,1,0,0,1,0,0,0,1,2.0,OnePlus,iPhone 13,BSNL,Bengali,Android,12,app,play_store,9,5,430.8,meta,brand,ag1,paid,1
103254,Tue,3,Android,0,1,Male,37.0,Jaipur,Karnataka,1,0,0,1,0,0,0,0,1.2,Vivo,Reno,Vi,Tamil,Android,15,app,play_store,9,4,386.9,google,remarketing,ag3,crm,0
103255,Sat,9,Android,1,1,Male,26.0,Unknown,Rajasthan,0,0,0,1,0,0,0,0,1.0,OnePlus,iPhone 13,Airtel,English,Android,13,app,play_store,7,6,427.8,influencer,none,ag3,none,0
103256,Sun,12,Android,1,1,Female,40.0,Bangalore,Unknown,0,0,0,0,1,0,0,0,2.1,OnePlus,Y21,Airtel,English,Android,14,app,app_store,6,0,475.4,meta,brand,ag3,crm,1
103257,Sun,1,Android,0,1,Male,30.0,Mumbai,Rajasthan,0,0,0,1,0,0,0,0,1.1,Vivo,A12,BSNL,English,Android,13,app,play_store,13,4,243.6,influencer,none,ag1,paid,0
103258,Mon,9,Android,0,1,Male,19.0,Jaipur,Rajasthan,0,0,1,0,0,1,0,0,1.0,Xiaomi,A12,Airtel,English,Android,11,app,play_store,10,4,573.0,meta,remarketing,ag3,paid,0
103259,Thu,20,Android,1,1,Male,18.0,Indore,Unknown,0,0,0,0,0,0,0,0,1.2,Oppo,iPhone 13,Other,Hindi,Android,11,app,play_store,3,1,204.8,influencer,brand,ag3,paid,0
103260,Mon,21,iOS,0,1,Female,40.0,Delhi,Rajasthan,0,0,0,0,0,0,0,0,1.0,Samsung,Reno,Vi,English,Android,15,app,play_store,10,1,667.0,meta,activation,ag2,crm,0
103261,Sun,3,Android,0,1,Male,27.0,Indore,Delhi,1,0,0,0,1,0,0,0,2.1,Samsung,Reno,BSNL,Bengali,Android,14,app,play_store,7,2,233.0,referral,remarketing,none,organic,0
103262,Tue,17,Android,0,1,Female,20.0,Delhi,Delhi,0,0,0,0,0,0,0,0,1.1,Apple,iPhone 13,Other,English,Android,11,app,play_store,9,1,538.6,meta,brand,ag3,crm,0
103263,Fri,4,iOS,0,1,Male,18.0,Unknown,Unknown,0,0,0,0,0,0,0,0,1.1,Apple,Y21,BSNL,Tamil,Android,15,app,play_store,6,2,289.5,google,activation,none,organic,0
103264,Fri,18,Android,1,1,Male,27.0,Unknown,Delhi,0,0,0,0,0,0,0,1,2.1,Oppo,iPhone 13,BSNL,Marathi,Android,14,app,web,7,0,313.6,organic,remarketing,none,crm,0
103265,Sat,1,Android,1,1,Female,33.0,Pune,Delhi,0,0,0,1,0,0,0,0,1.2,Oppo,Y21,Vi,Bengali,iOS,11,app,play_store,8,4,803.8,google,brand,ag1,crm,0
103266,Fri,11,Android,1,1,Female,24.0,Pune,Maharashtra,0,0,0,0,0,0,0,0,2.1,OnePlus,Y21,Vi,Bengali,iOS,14,app,play_store,6,3,672.4,referral,generic,ag2,crm,0
103267,Sat,16,Android,1,1,Female,22.0,Unknown,MP,0,0,0,0,0,0,0,0,2.1,Apple,Nord,BSNL,Bengali,iOS,12,app,play_store,8,7,873.1,referral,activation,ag1,crm,0
103268,Sat,9,iOS,0,1,Male,26.0,Unknown,Unknown,0,0,0,0,0,0,0,1,2.0,OnePlus,Reno,Other,Hindi,Android,16,app,play_store,7,3,434.4,organic,activation,ag1,paid,0
103269,Sat,1,Android,0,1,Male,40.0,Mumbai,Rajasthan,0,0,0,0,0,0,0,0,2.0,Apple,Reno,Jio,Tamil,Android,16,app,play_store,11,5,281.8,referral,brand,ag3,paid,0
103270,Sun,5,iOS,1,2,Male,19.0,Mumbai,Maharashtra,0,0,0,0,1,0,0,1,2.0,Apple,Nord,Other,English,Android,13,app,play_store,1,4,513.7,meta,none,ag3,none,0
103271,Sun,7,Web,0,1,Female,25.0,Unknown,Unknown,0,1,0,1,0,0,0,0,1.1,Oppo,Note 10,Airtel,Tamil,Android,13,web,app_store,9,1,352.4,meta,generic,ag3,organic,1
103272,Thu,18,iOS,0,2,Female,40.0,Pune,Delhi,1,0,0,1,0,1,0,0,1.1,Apple,Y21,BSNL,English,Android,15,app,play_store,13,1,432.9,referral,none,ag1,crm,0
103273,Wed,10,iOS,1,1,Male,34.0,Mumbai,Rajasthan,1,0,0,0,0,0,0,1,1.0,Xiaomi,Y21,BSNL,Hindi,iOS,14,app,play_store,8,3,888.4,referral,activation,ag1,paid,1
103274,Sat,11,Android,0,1,Female,31.0,Unknown,MP,1,0,0,1,1,0,0,0,2.0,OnePlus,Note 10,Vi,Marathi,Android,17,app,play_store,10,3,128.5,referral,none,none,crm,0
103275,Sat,8,Android,0,1,Female,25.0,Delhi,Unknown,0,0,0,0,0,0,0,1,1.2,Oppo,Nord,Airtel,Hindi,Android,14,app,play_store,9,2,198.6,google,activation,ag1,none,1
103276,Wed,1,Android,1,1,Male,30.0,Delhi,Rajasthan,0,0,0,0,0,0,0,0,1.2,Apple,Y21,Jio,Tamil,Android,12,app,app_store,3,4,43.5,influencer,remarketing,none,paid,0
103277,Mon,7,Android,1,4,Female,26.0,Bangalore,Karnataka,0,1,0,0,0,0,0,0,2.0,Oppo,A12,Jio,Hindi,Android,14,app,play_store,12,3,1097.6,meta,brand,ag3,paid,1
103278,Sat,10,iOS,0,1,Female,23.0,Mumbai,Karnataka,0,0,0,1,0,0,0,0,1.1,Xiaomi,Reno,Vi,Tamil,Android,16,app,app_store,6,3,651.9,google,generic,ag2,none,0
103279,Thu,20,Android,1,1,Male,21.0,Mumbai,Unknown,1,1,0,0,0,1,0,0,2.1,Samsung,iPhone 13,Jio,Tamil,Android,17,app,play_store,11,6,232.4,google,brand,ag2,crm,1
103280,Fri,3,iOS,0,1,Unknown,36.0,Bangalore,Maharashtra,0,0,0,0,0,0,0,0,1.1,Apple,iPhone 13,BSNL,Tamil,Android,14,app,play_store,12,4,381.9,meta,remarketing,ag1,crm,0
103281,Fri,9,iOS,0,1,Male,30.0,Indore,MP,1,0,0,0,1,1,0,0,1.0,Xiaomi,Note 10,Jio,Hindi,Android,14,app,play_store,10,3,528.4,referral,activation,ag1,paid,1
103282,Tue,20,Web,1,1,Female,33.0,Delhi,Maharashtra,1,1,0,0,0,0,0,0,2.0,Vivo,Nord,Jio,Marathi,Android,12,app,play_store,9,2,80.6,google,none,ag2,organic,1
103283,Tue,19,iOS,1,1,Female,31.0,Indore,Rajasthan,1,1,0,0,0,1,0,0,1.1,Oppo,iPhone 13,Other,English,Android,16,app,play_store,8,5,156.8,meta,brand,none,crm,1
103284,Fri,15,Android,0,1,Male,34.0,Jaipur,MP,1,0,0,0,0,1,0,0,2.1,Samsung,Note 10,Jio,Marathi,Android,17,app,play_store,11,3,274.4,referral,activation,ag3,organic,1
103285,Fri,7,Android,0,2,Male,28.0,Bangalore,Unknown,0,0,0,0,0,1,0,0,1.0,Vivo,Note 10,Other,English,Android,12,app,play_store,8,3,844.1,google,generic,ag3,crm,0
103286,Sun,3,Android,0,1,Unknown,26.0,Jaipur,Maharashtra,0,0,0,0,1,0,0,1,1.1,Apple,Nord,Airtel,Hindi,Android,12,app,play_store,10,8,97.7,referral,activation,ag1,crm,0
103287,Thu,9,Android,0,1,Male,23.0,Unknown,Rajasthan,0,0,0,0,0,0,0,0,2.0,Vivo,Nord,Other,Tamil,Android,14,app,app_store,12,7,128.0,referral,remarketing,ag3,organic,0
103288,Wed,11,Android,0,1,Male,19.0,Jaipur,Delhi,0,0,0,0,0,0,0,1,2.1,Apple,A12,Airtel,English,Android,14,app,play_store,13,3,160.4,influencer,none,ag3,none,0
103289,Tue,13,iOS,0,4,Male,21.0,Mumbai,Rajasthan,0,0,0,0,0,0,0,0,1.1,Xiaomi,Note 10,Vi,English,Android,13,app,app_store,6,1,214.4,referral,brand,ag3,crm,0
103290,Sun,15,iOS,0,1,Female,27.0,Indore,Maharashtra,0,0,0,1,0,0,0,0,2.0,Xiaomi,Note 10,BSNL,Hindi,Android,14,app,web,8,4,786.6,organic,generic,ag1,none,0
103291,Sun,21,Android,0,1,Unknown,18.0,Mumbai,Unknown,1,0,0,0,0,1,0,1,2.0,OnePlus,A12,Vi,Bengali,Android,17,app,play_store,6,3,246.8,google,generic,ag2,paid,0
103292,Wed,17,Android,0,4,Male,19.0,Unknown,Unknown,0,0,0,0,0,1,0,0,1.1,Samsung,Y21,Vi,English,Android,17,app,web,7,2,260.0,meta,remarketing,none,none,0
103293,Sun,20,Android,1,1,Female,38.0,Bangalore,MP,1,0,0,0,0,1,0,0,1.1,OnePlus,Reno,Vi,Hindi,Android,15,app,play_store,11,5,499.2,google,none,ag3,none,0
103294,Thu,21,Android,0,1,Male,32.0,Pune,MP,0,0,0,0,0,1,0,0,1.1,Vivo,Nord,Airtel,Marathi,iOS,12,app,play_store,8,6,147.4,influencer,none,none,none,0
103295,Fri,20,Android,0,1,Unknown,26.0,Mumbai,Delhi,1,0,0,0,0,0,0,0,2.1,Oppo,A12,Jio,Bengali,Android,14,app,play_store,5,1,421.8,influencer,generic,ag3,organic,0
103296,Sat,11,Android,1,3,Female,48.0,Jaipur,Maharashtra,0,0,0,0,0,0,0,0,1.1,OnePlus,Reno,Other,Marathi,Android,16,app,play_store,6,3,270.3,organic,none,ag3,none,0
103297,Wed,17,Android,1,4,Male,18.0,Unknown,Unknown,0,0,0,0,1,0,0,0,1.2,Xiaomi,iPhone 13,Vi,Tamil,Android,12,app,app_store,4,1,441.7,influencer,remarketing,none,paid,0
103298,Fri,6,Android,0,1,Male,38.0,Jaipur,Unknown,0,1,0,0,0,0,0,0,1.1,Xiaomi,Note 10,Vi,Tamil,Android,17,app,play_store,8,1,41.0,meta,remarketing,ag3,organic,0
103299,Fri,19,Android,0,1,Male,29.0,Indore,Delhi,1,0,0,1,0,1,0,0,1.0,Apple,Note 10,Jio,English,iOS,12,app,app_store,12,2,264.3,google,brand,ag1,paid,0
103300,Mon,23,Android,1,1,Male,36.0,Indore,Karnataka,0,0,0,0,0,1,0,0,1.2,OnePlus,Nord,Vi,Marathi,iOS,15,app,play_store,11,1,499.9,organic,generic,none,crm,0
103301,Wed,22,Android,0,1,Female,31.0,Bangalore,Unknown,1,1,0,0,0,0,0,0,1.0,Samsung,Y21,Airtel,Bengali,Android,12,app,play_store,8,3,329.5,meta,brand,ag2,crm,1
103302,Sun,6,Android,1,2,Male,18.0,Indore,Rajasthan,0,1,0,0,0,1,0,0,1.0,Samsung,Y21,Airtel,Marathi,iOS,12,app,play_store,10,2,464.9,google,remarketing,ag1,organic,0
103303,Sat,8,Android,0,3,Unknown,31.0,Delhi,Karnataka,0,0,0,0,0,0,0,0,2.0,OnePlus,Nord,Jio,Hindi,Android,12,app,play_store,8,7,99.2,referral,remarketing,ag2,paid,0
103304,Wed,0,Web,0,1,Female,33.0,Mumbai,Karnataka,0,0,0,1,0,0,0,1,2.1,Apple,Nord,Airtel,Marathi,iOS,13,web,app_store,4,2,599.0,referral,activation,ag2,organic,0
103305,Sun,5,Android,0,1,Female,18.0,Unknown,Delhi,1,0,0,1,0,1,0,0,1.2,Oppo,Y21,Vi,English,Android,13,app,play_store,8,0,687.7,influencer,brand,ag2,organic,1
103306,Fri,5,Android,1,1,Male,46.0,Unknown,Delhi,0,0,0,0,0,0,0,0,1.2,Xiaomi,Nord,Vi,Marathi,Android,14,app,play_store,6,1,604.5,google,remarketing,none,none,1
103307,Sat,21,iOS,1,1,Female,32.0,Jaipur,Rajasthan,1,0,0,0,0,0,0,0,2.0,Samsung,Reno,BSNL,Hindi,Android,13,app,play_store,11,2,357.8,influencer,generic,ag2,organic,0
103308,Sun,11,Android,0,1,Female,35.0,Delhi,Delhi,0,0,0,1,0,0,0,0,1.0,Apple,Y21,BSNL,Bengali,iOS,14,app,play_store,6,4,366.5,referral,brand,none,paid,0
103309,Thu,21,iOS,0,1,Female,21.0,Bangalore,Delhi,0,0,0,0,0,0,0,0,2.1,OnePlus,Reno,Jio,Tamil,Android,13,app,app_store,6,2,305.4,organic,activation,ag1,paid,0
103310,Sun,11,Android,0,1,Unknown,36.0,Jaipur,Delhi,0,1,0,0,1,0,0,1,2.1,Vivo,A12,Vi,Hindi,Android,17,web,play_store,8,3,274.3,google,activation,ag1,none,0
103311,Mon,9,Android,0,1,Male,39.0,Delhi,Unknown,0,0,0,0,0,0,0,0,2.0,OnePlus,Note 10,Vi,Hindi,iOS,15,app,play_store,6,3,246.0,influencer,remarketing,none,none,0
103312,Fri,22,Android,1,1,Male,32.0,Unknown,Delhi,0,1,0,0,0,1,0,0,1.1,Samsung,Nord,Other,Tamil,iOS,12,app,play_store,7,3,90.8,meta,generic,ag3,crm,0
103313,Sun,5,Android,0,2,Female,30.0,Delhi,Delhi,1,1,1,0,0,1,0,0,2.1,Xiaomi,iPhone 13,Airtel,Marathi,Android,15,app,play_store,8,5,130.4,influencer,generic,ag2,none,1
103314,Tue,16,Android,1,4,Female,23.0,Unknown,Karnataka,1,0,0,0,1,0,0,0,1.1,Xiaomi,Reno,Jio,English,Android,14,web,play_store,10,5,119.8,organic,none,ag1,none,1
103315,Tue,18,Android,0,1,Female,28.0,Jaipur,Karnataka,0,0,0,0,0,0,0,0,2.0,Xiaomi,iPhone 13,Jio,Bengali,iOS,14,app,play_store,7,4,463.5,referral,none,ag2,paid,0
103316,Mon,17,Android,1,1,Male,26.0,Mumbai,Rajasthan,0,0,0,0,0,0,0,1,1.0,Vivo,iPhone 13,Airtel,Marathi,Android,17,app,play_store,9,2,242.3,referral,activation,ag2,crm,0
103317,Thu,5,Android,1,1,Female,35.0,Mumbai,MP,0,0,0,0,0,0,0,0,1.1,Vivo,Reno,Other,Tamil,Android,11,app,play_store,4,2,712.4,meta,none,ag1,crm,0
103318,Fri,23,Android,0,4,Male,23.0,Pune,Rajasthan,1,0,0,0,1,0,0,1,1.2,Xiaomi,Y21,BSNL,English,Android,16,app,play_store,9,3,421.9,organic,activation,none,paid,0
103319,Wed,18,Android,0,1,Male,35.0,Delhi,Unknown,1,0,1,0,1,0,1,0,1.1,Apple,A12,Other,Bengali,Android,13,app,play_store,11,3,398.0,organic,brand,ag1,crm,0
103320,Mon,9,Android,0,1,Male,23.0,Mumbai,Unknown,0,1,0,0,0,0,0,0,1.0,OnePlus,Reno,BSNL,English,Android,17,app,play_store,5,1,270.1,google,brand,none,crm,0
103321,Thu,23,Android,0,1,Male,28.0,Unknown,Unknown,0,0,0,0,0,0,0,1,1.1,Apple,A12,BSNL,Tamil,iOS,16,app,app_store,13,4,387.6,google,none,ag2,crm,0
103322,Wed,7,Android,0,2,Male,35.0,Delhi,Maharashtra,1,0,0,1,0,1,0,0,2.0,Xiaomi,Nord,Other,English,Android,13,app,app_store,8,7,436.6,google,activation,ag1,crm,1
103323,Tue,20,iOS,0,1,Unknown,24.0,Delhi,Rajasthan,0,1,0,0,0,0,0,0,1.1,Apple,Reno,Jio,Bengali,Android,15,app,play_store,7,1,326.4,influencer,brand,ag2,none,0
103324,Tue,23,Android,1,1,Female,35.0,Bangalore,Rajasthan,1,0,0,0,0,1,0,0,1.2,Oppo,A12,Vi,Marathi,iOS,16,app,web,5,2,150.9,referral,activation,ag2,none,0
103325,Wed,5,Android,0,1,Unknown,34.0,Bangalore,Delhi,0,0,0,0,0,0,0,0,1.1,Xiaomi,iPhone 13,Jio,Tamil,Android,17,app,play_store,7,4,114.3,organic,brand,none,paid,0
103326,Mon,20,Android,1,2,Female,28.0,Jaipur,Delhi,0,0,0,0,0,0,0,1,2.0,Samsung,Reno,Vi,English,iOS,13,app,play_store,9,3,796.9,referral,generic,ag1,crm,0
103327,Tue,6,Android,1,1,Male,39.0,Delhi,Delhi,0,0,0,0,0,0,0,1,1.1,Oppo,A12,Jio,Tamil,Android,16,app,app_store,9,3,379.7,influencer,generic,ag3,crm,0
103328,Fri,23,iOS,1,1,Female,31.0,Bangalore,MP,0,0,0,0,0,1,0,0,2.1,OnePlus,Nord,Other,Bengali,iOS,17,app,play_store,6,3,266.5,influencer,remarketing,none,none,0
103329,Sat,0,Android,0,1,Unknown,39.0,Unknown,Unknown,1,0,0,0,0,1,0,0,1.0,Oppo,Note 10,Other,Bengali,Android,15,app,app_store,5,6,495.5,meta,remarketing,ag2,organic,0
103330,Sun,17,Android,0,1,Unknown,44.0,Jaipur,Delhi,0,0,0,0,0,0,0,0,1.2,Apple,Reno,Other,Marathi,Android,13,app,play_store,10,4,991.4,google,none,ag1,organic,0
103331,Wed,23,Android,0,1,Female,28.0,Mumbai,Maharashtra,0,1,0,0,0,0,0,0,1.0,Oppo,iPhone 13,Vi,Bengali,Android,12,app,play_store,7,2,386.9,influencer,activation,none,organic,0
103332,Wed,19,iOS,0,1,Male,35.0,Delhi,Karnataka,1,0,1,0,0,0,0,0,1.2,Vivo,Reno,Jio,Marathi,Android,17,app,play_store,7,5,16.3,influencer,brand,none,crm,0
103333,Tue,11,Android,0,1,Male,25.0,Bangalore,Maharashtra,0,1,0,1,0,1,0,0,1.0,Apple,Y21,BSNL,Hindi,Android,14,app,play_store,8,1,58.1,meta,activation,ag3,paid,1
103334,Mon,15,Web,1,3,Male,22.0,Mumbai,MP,0,0,0,0,1,0,0,0,1.2,Apple,iPhone 13,Jio,Marathi,Android,13,app,play_store,8,2,221.9,meta,none,none,paid,1
103335,Fri,9,Web,0,1,Unknown,28.0,Delhi,Delhi,0,0,0,1,1,0,0,0,1.1,Vivo,Nord,Jio,English,Android,17,app,web,9,6,416.6,influencer,remarketing,ag2,crm,1
103336,Mon,9,Android,0,1,Male,19.0,Jaipur,Rajasthan,0,0,0,0,0,0,0,0,1.0,Oppo,iPhone 13,Airtel,Hindi,Android,12,app,play_store,5,4,70.2,meta,none,ag3,crm,0
103337,Thu,13,iOS,1,1,Female,22.0,Delhi,Karnataka,0,1,0,0,0,0,0,1,1.2,Apple,A12,Jio,Bengali,iOS,17,app,play_store,6,3,513.6,organic,none,ag3,paid,1
103338,Thu,19,Android,0,1,Male,35.0,Bangalore,Unknown,0,0,0,1,0,0,0,0,1.1,Apple,Nord,BSNL,English,Android,17,app,play_store,6,6,150.6,referral,activation,ag3,crm,0
103339,Sat,9,iOS,0,2,Female,26.0,Mumbai,MP,0,0,0,0,0,0,0,0,1.2,OnePlus,Nord,Jio,English,Android,11,app,app_store,9,1,444.0,referral,generic,none,none,0
103340,Tue,9,Android,1,1,Male,36.0,Delhi,Maharashtra,0,0,1,0,0,0,0,0,1.2,Samsung,Note 10,Airtel,English,Android,11,app,play_store,7,3,185.1,influencer,remarketing,none,organic,0
103341,Tue,10,Android,0,1,Male,32.0,Delhi,Delhi,0,0,0,1,1,0,0,0,2.0,OnePlus,iPhone 13,Airtel,Bengali,iOS,16,app,play_store,8,0,597.3,organic,activation,ag2,paid,0
103342,Tue,22,Android,0,1,Male,45.0,Unknown,MP,0,0,0,0,1,0,0,0,2.0,Apple,iPhone 13,BSNL,Bengali,Android,15,app,app_store,10,1,1989.4,influencer,activation,none,crm,1
103343,Sat,1,iOS,0,1,Female,34.0,Jaipur,MP,0,1,1,0,0,0,1,0,1.0,Apple,iPhone 13,Jio,English,Android,16,app,play_store,12,4,646.1,meta,brand,ag1,none,0
103344,Thu,19,Android,1,1,Male,39.0,Pune,Rajasthan,0,0,0,0,0,1,0,0,1.1,Vivo,Nord,Other,Hindi,Android,12,app,web,11,5,191.9,meta,none,none,crm,0
103345,Mon,7,Android,0,1,Female,33.0,Delhi,Unknown,0,0,1,0,0,0,0,0,2.1,OnePlus,A12,Other,English,Android,17,app,web,6,1,343.4,google,activation,ag1,crm,0
103346,Sat,22,Android,0,3,Male,32.0,Pune,Rajasthan,0,1,0,0,0,1,0,0,1.2,Apple,Note 10,Airtel,Bengali,Android,11,app,app_store,14,6,325.9,referral,none,ag3,organic,1
103347,Sat,6,Android,0,1,Female,39.0,Pune,Rajasthan,0,1,1,0,0,0,0,0,1.0,Apple,Note 10,BSNL,Bengali,Android,15,app,play_store,11,2,119.2,referral,remarketing,ag1,organic,0
103348,Mon,7,Android,0,1,Male,35.0,Mumbai,Unknown,1,0,0,0,0,0,0,0,2.0,Oppo,Y21,Other,Marathi,iOS,15,app,play_store,4,3,200.6,organic,brand,ag1,none,0
103349,Tue,0,Android,0,1,Female,32.0,Indore,Maharashtra,0,0,0,0,0,0,0,0,1.1,Apple,Note 10,Airtel,Tamil,Android,11,app,play_store,3,5,373.6,google,brand,ag3,crm,0
103350,Fri,20,Android,0,4,Male,32.0,Jaipur,Rajasthan,0,0,0,0,1,0,0,0,2.0,Xiaomi,iPhone 13,Airtel,Hindi,iOS,11,app,play_store,10,1,119.4,google,none,ag3,paid,0
103351,Mon,1,Android,0,1,Female,34.0,Pune,Unknown,1,0,0,1,0,0,0,0,1.2,Xiaomi,Y21,Jio,Marathi,Android,13,app,play_store,8,6,262.6,referral,generic,ag1,crm,0
103352,Thu,17,Android,0,1,Male,25.0,Mumbai,MP,0,0,0,0,0,0,0,0,2.0,Samsung,Y21,BSNL,Tamil,Android,14,app,play_store,6,4,165.0,influencer,generic,ag3,none,0
103353,Wed,14,Android,0,1,Female,24.0,Jaipur,MP,1,0,0,0,0,0,0,0,2.0,Xiaomi,A12,Other,Bengali,Android,11,app,play_store,10,3,927.6,referral,remarketing,ag3,crm,0
103354,Wed,0,Android,0,2,Unknown,41.0,Unknown,Unknown,0,0,0,0,0,0,0,0,1.1,Xiaomi,Note 10,Jio,Tamil,iOS,17,app,web,11,4,191.0,meta,remarketing,ag2,organic,1
103355,Sun,4,Web,1,1,Male,45.0,Bangalore,MP,0,0,0,0,0,0,0,1,1.0,Vivo,Reno,Vi,Bengali,Android,13,app,play_store,13,3,742.9,meta,brand,ag1,crm,1
103356,Sun,1,Android,0,1,Male,23.0,Pune,Karnataka,0,0,1,0,0,0,0,0,1.2,Vivo,Note 10,BSNL,English,Android,15,app,play_store,7,4,213.6,organic,brand,ag3,organic,0
103357,Sat,19,Web,0,1,Female,25.0,Indore,Karnataka,0,0,0,0,0,1,1,0,1.2,Samsung,iPhone 13,Airtel,Hindi,Android,16,app,play_store,4,5,710.8,google,remarketing,ag3,none,0
103358,Wed,2,iOS,1,2,Female,39.0,Bangalore,Unknown,0,0,0,0,0,0,0,0,1.1,Vivo,A12,Jio,Bengali,iOS,16,app,play_store,10,2,237.5,google,remarketing,ag1,crm,0
103359,Fri,18,Android,1,1,Male,34.0,Jaipur,Unknown,1,0,0,0,0,1,0,0,1.0,Apple,Nord,Other,Bengali,Android,15,app,play_store,3,7,204.0,organic,generic,ag3,none,0
103360,Tue,17,Android,0,3,Male,35.0,Pune,Maharashtra,0,0,0,0,0,0,0,0,1.1,Samsung,Nord,Airtel,Bengali,Android,12,app,play_store,9,4,352.4,influencer,none,none,crm,0
103361,Thu,21,iOS,0,1,Male,37.0,Unknown,Unknown,0,0,0,1,0,0,0,1,1.1,Apple,Nord,Airtel,Tamil,Android,12,app,play_store,7,2,826.6,organic,activation,none,none,0
103362,Sun,17,Android,0,1,Male,28.0,Pune,Rajasthan,0,1,0,0,0,0,0,0,2.0,Oppo,Y21,Other,Bengali,Android,13,app,app_store,9,3,499.0,organic,brand,ag3,organic,0
103363,Fri,13,Android,0,1,Male,33.0,Indore,MP,1,1,0,0,1,1,0,0,1.0,Vivo,Reno,Vi,English,Android,11,app,play_store,7,2,1259.1,meta,activation,ag3,crm,1
103364,Thu,23,Android,1,1,Female,32.0,Delhi,Rajasthan,0,0,0,1,0,0,0,1,1.2,Apple,Nord,BSNL,Marathi,Android,15,app,play_store,9,5,398.0,meta,activation,ag3,crm,1
103365,Thu,7,Android,0,1,Male,23.0,Indore,Unknown,1,0,0,0,0,0,0,0,2.1,Oppo,iPhone 13,BSNL,Marathi,Android,17,web,play_store,7,1,944.9,organic,generic,ag1,organic,0
103366,Tue,11,iOS,1,1,Female,33.0,Unknown,MP,1,1,0,0,0,0,0,0,1.2,Vivo,Nord,Airtel,Marathi,Android,15,app,app_store,7,2,736.3,organic,remarketing,ag2,paid,1
103367,Sat,20,Android,0,1,Female,40.0,Mumbai,Karnataka,1,1,0,0,1,1,0,1,1.1,Vivo,Reno,Jio,Bengali,Android,17,app,app_store,5,5,141.3,meta,remarketing,ag2,none,0
103368,Wed,9,Android,0,1,Male,27.0,Mumbai,MP,1,1,0,0,0,0,0,0,2.1,Samsung,Note 10,Vi,English,iOS,16,app,app_store,7,2,262.0,referral,none,ag1,crm,1
103369,Tue,22,Android,1,1,Female,31.0,Unknown,Maharashtra,0,0,0,0,0,0,0,0,1.1,Xiaomi,A12,Vi,Tamil,Android,12,app,play_store,4,2,27.9,referral,generic,ag3,paid,0
103370,Fri,19,Android,0,1,Female,32.0,Unknown,Delhi,1,0,0,0,0,0,1,0,2.1,Xiaomi,A12,Airtel,Hindi,Android,13,app,play_store,8,1,655.6,organic,generic,ag3,paid,1
103371,Sat,16,Android,0,2,Male,28.0,Unknown,MP,0,1,0,0,0,0,0,0,2.0,Apple,Note 10,Jio,Tamil,Android,11,app,app_store,7,5,183.0,organic,generic,none,none,0
103372,Fri,10,Android,1,1,Male,35.0,Indore,Unknown,0,0,1,1,0,0,0,0,1.1,Samsung,A12,Other,Bengali,iOS,11,app,web,10,4,506.3,organic,brand,ag3,organic,1
103373,Sat,1,iOS,1,1,Unknown,25.0,Indore,Maharashtra,0,0,0,0,0,0,0,0,2.1,Xiaomi,Reno,Other,English,iOS,12,app,web,9,2,108.6,organic,generic,none,organic,0
103374,Sun,3,Android,1,1,Unknown,41.0,Indore,Karnataka,0,0,0,0,0,0,0,0,1.2,OnePlus,A12,Airtel,Hindi,Android,11,app,app_store,10,1,76.7,google,brand,ag1,crm,1
103375,Fri,0,iOS,0,1,Male,35.0,Indore,Karnataka,0,0,0,0,0,0,0,0,2.0,Apple,Note 10,Jio,Bengali,Android,13,app,play_store,9,4,109.1,organic,none,ag2,paid,0
103376,Tue,14,Android,0,1,Male,23.0,Unknown,Delhi,0,0,0,0,0,0,1,0,1.1,OnePlus,iPhone 13,Vi,English,Android,15,app,app_store,11,4,349.2,influencer,activation,ag1,organic,0
103377,Sat,12,Android,1,4,Male,44.0,Indore,Unknown,0,0,0,1,0,0,1,0,1.0,Apple,Y21,Vi,Tamil,iOS,17,app,play_store,9,3,182.8,referral,brand,ag3,crm,1
103378,Sat,7,Android,0,2,Male,31.0,Pune,Rajasthan,1,0,0,1,0,0,0,0,2.0,Xiaomi,Nord,Vi,English,Android,12,app,play_store,10,6,368.3,organic,generic,ag3,paid,0
103379,Thu,3,Android,1,1,Male,24.0,Jaipur,Rajasthan,0,0,0,0,0,0,0,0,2.1,Oppo,Note 10,BSNL,English,Android,11,app,play_store,4,1,382.4,organic,activation,ag2,none,0
103380,Thu,9,Android,0,1,Female,39.0,Jaipur,MP,0,0,0,0,0,0,0,0,1.0,Apple,Note 10,Vi,Tamil,Android,16,app,play_store,10,7,174.9,meta,activation,ag2,crm,0
103381,Mon,18,Android,0,1,Female,34.0,Bangalore,Karnataka,0,0,0,0,1,0,0,0,1.0,Xiaomi,A12,Other,Marathi,Android,16,app,play_store,6,3,257.7,google,remarketing,ag3,paid,0
103382,Fri,17,Android,1,1,Male,18.0,Mumbai,Maharashtra,0,1,0,0,0,1,0,0,1.0,Oppo,Nord,Jio,Hindi,Android,15,app,play_store,9,3,301.2,influencer,remarketing,ag2,none,1
103383,Thu,4,iOS,0,1,Female,26.0,Mumbai,Delhi,0,0,0,0,1,0,0,0,2.1,Xiaomi,Y21,Vi,Tamil,iOS,14,app,play_store,10,1,533.9,meta,generic,ag3,organic,0
103384,Mon,18,Android,0,1,Male,32.0,Jaipur,Rajasthan,1,0,0,0,0,0,0,0,2.0,Apple,Y21,Airtel,Hindi,Android,12,app,play_store,17,7,121.4,influencer,none,ag3,paid,0
103385,Sun,22,Android,0,1,Male,18.0,Unknown,MP,0,0,0,0,0,0,1,0,1.0,Oppo,Note 10,Airtel,Bengali,iOS,12,web,play_store,7,0,294.8,organic,brand,none,crm,0
103386,Sun,21,Android,0,1,Male,31.0,Unknown,MP,0,0,0,0,0,0,1,0,1.0,Apple,Reno,Other,Bengali,Android,14,app,app_store,14,4,94.5,meta,activation,ag1,crm,0
103387,Thu,15,Android,0,1,Male,31.0,Jaipur,Karnataka,0,0,0,0,1,0,0,0,2.1,Xiaomi,iPhone 13,Vi,Marathi,iOS,13,app,app_store,8,5,581.1,influencer,activation,ag2,crm,0
103388,Fri,0,Android,0,1,Male,21.0,Bangalore,Maharashtra,0,0,0,0,0,0,0,0,1.1,Samsung,iPhone 13,Other,Marathi,Android,12,app,play_store,6,3,603.4,organic,none,ag2,none,0
103389,Sat,11,Android,0,1,Female,32.0,Indore,Maharashtra,0,0,1,0,0,0,0,0,1.1,Samsung,Note 10,Other,Tamil,Android,15,app,app_store,14,3,397.5,referral,brand,none,none,1
103390,Wed,23,Web,1,1,Male,30.0,Jaipur,Rajasthan,1,0,0,0,0,1,0,0,2.0,Xiaomi,Reno,Other,Tamil,Android,15,web,play_store,10,3,274.4,organic,activation,ag3,paid,0
103391,Fri,1,iOS,0,1,Female,20.0,Unknown,MP,0,0,1,0,0,0,0,0,1.0,Vivo,iPhone 13,BSNL,Hindi,Android,12,app,app_store,8,2,490.9,organic,brand,ag2,paid,0
103392,Tue,20,Android,1,2,Male,37.0,Jaipur,Karnataka,0,0,0,0,1,0,0,0,1.2,Oppo,Reno,Vi,Tamil,Android,13,app,play_store,4,3,728.4,influencer,activation,ag2,organic,1
103393,Sun,7,Android,0,3,Male,37.0,Bangalore,Maharashtra,0,1,0,0,0,0,0,0,1.1,Samsung,Nord,Airtel,Marathi,iOS,14,app,play_store,6,3,605.4,referral,activation,ag1,crm,0
103394,Thu,17,Android,0,1,Female,28.0,Indore,MP,0,0,0,0,0,0,0,0,1.0,Xiaomi,iPhone 13,BSNL,Marathi,Android,12,app,app_store,5,3,158.0,organic,none,ag1,paid,0
103395,Thu,15,iOS,0,1,Female,28.0,Mumbai,Maharashtra,0,1,0,1,1,0,0,0,2.0,Vivo,Nord,Other,Marathi,Android,12,app,play_store,12,3,581.1,referral,none,ag1,crm,0
103396,Sat,4,Android,1,1,Male,36.0,Unknown,Delhi,1,1,0,0,0,0,0,0,1.2,Apple,Reno,Airtel,Hindi,Android,16,app,play_store,7,3,206.5,influencer,activation,ag1,crm,1
103397,Tue,21,Android,1,1,Female,28.0,Unknown,Maharashtra,0,1,0,0,0,1,0,0,1.1,Apple,iPhone 13,Other,Tamil,Android,17,app,play_store,6,1,123.2,referral,remarketing,none,paid,0
103398,Sat,12,iOS,1,1,Unknown,18.0,Jaipur,Maharashtra,0,1,0,0,0,1,0,0,1.1,Apple,Reno,BSNL,Tamil,Android,13,app,app_store,6,2,453.0,referral,generic,ag3,none,0
103399,Tue,18,Android,0,1,Female,34.0,Delhi,MP,0,0,0,0,0,1,0,0,1.0,Xiaomi,Y21,Jio,Hindi,iOS,13,app,play_store,7,2,34.6,meta,none,ag3,organic,0
103400,Wed,2,Android,0,1,Male,23.0,Mumbai,Maharashtra,1,0,0,0,0,0,0,0,1.0,OnePlus,Note 10,Other,Hindi,Android,15,app,play_store,5,3,60.9,meta,activation,none,organic,0
103401,Sun,7,Android,1,1,Female,27.0,Mumbai,Maharashtra,1,1,0,0,0,0,0,0,1.2,OnePlus,Reno,Other,English,Android,16,app,play_store,3,6,154.8,referral,activation,ag3,crm,1
103402,Thu,11,Android,1,4,Male,42.0,Delhi,Delhi,1,0,0,1,0,1,0,0,2.1,Oppo,Reno,Airtel,Hindi,Android,13,app,play_store,2,2,340.2,google,none,ag1,crm,1
103403,Thu,1,Android,1,1,Female,29.0,Bangalore,Maharashtra,0,0,0,0,0,0,0,0,2.0,Xiaomi,Nord,Airtel,Tamil,Android,15,app,play_store,6,5,298.3,organic,generic,ag3,crm,0
103404,Wed,10,Android,0,1,Male,30.0,Pune,Maharashtra,1,0,1,1,0,0,0,0,1.0,Vivo,Y21,Other,Tamil,Android,12,app,app_store,8,5,783.6,google,activation,none,paid,1
103405,Mon,11,Android,1,1,Male,34.0,Indore,MP,1,0,0,1,0,0,0,0,1.0,Oppo,Note 10,Vi,Marathi,Android,16,app,play_store,10,2,446.8,google,brand,ag3,organic,0
103406,Sun,17,Android,0,1,Female,34.0,Indore,Karnataka,0,0,0,0,0,0,0,0,1.1,Apple,Y21,Airtel,Marathi,Android,13,app,play_store,10,1,112.7,organic,activation,none,organic,0
103407,Sat,12,iOS,0,1,Male,23.0,Mumbai,Delhi,1,0,0,0,0,1,0,0,1.2,Samsung,Nord,Jio,English,Android,17,app,play_store,11,5,980.4,google,activation,none,paid,0
103408,Wed,4,Android,0,1,Male,30.0,Delhi,Maharashtra,1,1,0,0,1,0,0,0,2.1,Samsung,iPhone 13,Jio,Hindi,iOS,17,web,play_store,5,5,236.1,influencer,brand,ag1,organic,0
103409,Sat,21,Android,0,1,Female,30.0,Unknown,Karnataka,1,0,0,0,0,0,0,1,2.1,Samsung,Note 10,Other,Bengali,iOS,17,app,app_store,9,4,43.0,referral,remarketing,none,paid,0
103410,Fri,11,Android,1,4,Female,32.0,Mumbai,MP,1,0,0,0,0,0,0,0,2.0,OnePlus,Reno,Airtel,English,Android,13,app,web,8,2,104.2,meta,activation,none,crm,1
103411,Thu,1,iOS,1,1,Male,32.0,Mumbai,Delhi,1,0,0,0,0,0,0,0,2.0,Vivo,Reno,Jio,Hindi,Android,14,app,play_store,9,3,284.0,meta,none,ag1,organic,0
103412,Sat,4,iOS,1,2,Male,51.0,Unknown,Unknown,1,0,0,0,0,0,0,0,1.0,OnePlus,Y21,BSNL,Tamil,iOS,15,app,app_store,3,2,537.3,referral,none,ag2,organic,0
103413,Tue,6,Android,0,1,Male,21.0,Unknown,MP,0,0,0,0,0,0,0,0,1.2,Apple,iPhone 13,Jio,English,Android,15,app,play_store,9,6,125.6,referral,generic,none,organic,0
103414,Sat,23,Android,0,1,Male,38.0,Jaipur,Karnataka,1,0,0,0,0,0,0,0,1.1,Samsung,A12,Airtel,English,Android,16,web,play_store,9,1,371.7,referral,generic,ag1,none,0
103415,Fri,11,iOS,1,1,Unknown,39.0,Bangalore,Delhi,0,1,0,0,0,0,0,1,2.0,Oppo,Nord,Other,Hindi,Android,13,app,play_store,16,7,589.0,organic,brand,ag3,none,1
103416,Sun,15,Android,0,1,Female,34.0,Indore,Maharashtra,1,0,0,0,0,0,0,0,2.1,Samsung,Nord,Jio,Tamil,Android,12,app,web,6,6,222.3,organic,activation,ag1,crm,0
103417,Thu,22,Android,1,1,Male,25.0,Pune,Karnataka,1,0,0,0,0,1,0,0,1.0,Vivo,Reno,Other,Hindi,Android,13,app,play_store,4,3,179.9,influencer,activation,ag2,crm,0
103418,Wed,7,iOS,1,1,Male,43.0,Delhi,MP,0,1,0,0,0,1,0,0,1.0,Samsung,iPhone 13,BSNL,Tamil,iOS,15,app,play_store,10,4,223.0,google,brand,ag3,crm,1
103419,Fri,8,Android,1,1,Female,18.0,Pune,Delhi,1,0,0,0,0,0,0,0,1.1,OnePlus,iPhone 13,Jio,Tamil,Android,16,app,play_store,8,2,216.7,google,brand,ag1,crm,1
103420,Thu,14,Web,0,1,Female,25.0,Delhi,Karnataka,0,0,0,0,0,0,0,1,1.2,Vivo,Note 10,Other,Marathi,Android,14,app,play_store,13,4,289.8,meta,generic,none,organic,1
103421,Sat,4,iOS,1,1,Female,39.0,Indore,Unknown,0,1,0,0,0,0,0,1,2.1,Vivo,Reno,Jio,Bengali,Android,15,web,web,12,2,82.6,google,brand,ag2,paid,0
103422,Sun,12,Android,0,1,Male,27.0,Bangalore,Karnataka,0,0,0,1,0,0,0,0,1.0,Oppo,Y21,Jio,Marathi,iOS,16,app,app_store,10,5,180.6,meta,generic,none,organic,0
103423,Mon,4,iOS,0,1,Male,43.0,Pune,MP,0,0,0,0,0,1,0,0,1.0,Vivo,A12,Airtel,English,Android,17,app,web,14,2,35.7,referral,activation,ag2,organic,0
103424,Sun,10,iOS,1,1,Male,18.0,Delhi,MP,0,0,0,1,0,0,0,0,2.0,Xiaomi,Reno,Airtel,English,Android,12,app,play_store,10,3,493.9,referral,activation,ag2,none,1
103425,Mon,9,Android,0,1,Male,21.0,Mumbai,Maharashtra,0,0,0,0,0,1,0,0,2.1,Apple,Note 10,Vi,Hindi,iOS,12,app,play_store,4,4,441.5,meta,remarketing,ag1,paid,0
103426,Tue,19,Android,1,1,Male,26.0,Unknown,Maharashtra,0,0,0,0,0,0,0,0,1.1,Vivo,Note 10,Airtel,Hindi,Android,14,app,play_store,5,5,672.9,organic,activation,ag2,crm,0
103427,Sun,12,Android,0,1,Female,33.0,Indore,Karnataka,0,0,0,0,0,0,0,0,1.0,Xiaomi,A12,Airtel,Hindi,Android,12,app,play_store,11,0,575.8,organic,activation,ag3,none,1
103428,Thu,8,Android,0,1,Male,28.0,Bangalore,MP,0,0,0,0,0,0,1,0,2.1,Xiaomi,Reno,Vi,Marathi,Android,12,app,play_store,10,1,215.3,meta,none,ag3,none,0
103429,Mon,20,iOS,1,1,Unknown,26.0,Unknown,Karnataka,0,0,0,1,0,0,0,0,1.2,Samsung,Nord,Vi,Tamil,Android,11,app,play_store,8,4,522.8,organic,none,none,none,0
103430,Wed,13,Android,0,1,Male,41.0,Jaipur,Rajasthan,0,0,0,0,0,0,0,0,2.1,Oppo,Note 10,Jio,Bengali,Android,15,app,app_store,7,3,323.8,influencer,activation,ag2,none,0
103431,Thu,17,Android,0,1,Male,42.0,Mumbai,Unknown,0,1,0,0,0,0,0,1,1.2,Samsung,Reno,Jio,English,Android,17,app,play_store,7,2,355.0,google,generic,ag2,organic,0
103432,Wed,14,Android,0,1,Male,27.0,Bangalore,MP,1,1,0,0,0,0,0,0,1.2,Oppo,Nord,Jio,English,Android,12,app,play_store,8,5,655.0,influencer,activation,ag1,none,1
103433,Sun,9,iOS,0,1,Male,18.0,Delhi,Rajasthan,0,0,0,0,0,0,0,0,1.1,Samsung,Y21,Airtel,Hindi,Android,11,web,play_store,13,4,62.3,referral,remarketing,ag1,organic,0
103434,Wed,23,Android,1,1,Unknown,18.0,Mumbai,Rajasthan,0,0,0,0,0,1,0,0,1.0,Samsung,iPhone 13,Other,Marathi,Android,17,app,play_store,14,4,713.9,influencer,brand,none,organic,1
103435,Mon,6,Android,0,1,Male,32.0,Jaipur,MP,0,0,0,0,0,0,0,1,1.2,Xiaomi,Y21,Other,Hindi,iOS,15,app,play_store,2,3,853.1,organic,none,none,organic,0
103436,Thu,7,Android,1,1,Male,35.0,Jaipur,Maharashtra,1,0,0,1,0,0,0,0,1.1,Apple,iPhone 13,Airtel,Marathi,Android,11,app,web,8,5,527.4,organic,activation,ag2,none,0
103437,Sat,2,Android,1,1,Unknown,31.0,Bangalore,Karnataka,0,0,0,0,0,0,0,1,2.1,Xiaomi,Note 10,BSNL,Tamil,iOS,11,app,play_store,7,4,578.4,google,brand,ag2,none,0
103438,Fri,14,Android,0,3,Male,29.0,Indore,Delhi,1,0,0,0,0,0,0,1,1.0,Samsung,iPhone 13,Jio,Hindi,Android,13,app,play_store,12,4,200.3,meta,brand,none,crm,0
103439,Mon,15,Android,1,1,Male,24.0,Pune,Delhi,0,1,0,1,0,1,0,0,1.0,Apple,A12,Airtel,Tamil,Android,16,app,play_store,8,3,726.3,organic,remarketing,ag2,organic,1
103440,Mon,3,Android,0,1,Male,35.0,Jaipur,Unknown,0,0,1,0,0,0,0,0,1.1,Samsung,A12,BSNL,English,Android,14,app,app_store,9,1,862.9,influencer,none,none,crm,0
103441,Sat,20,Android,0,1,Male,43.0,Jaipur,MP,0,0,0,0,0,0,0,0,1.1,Samsung,Y21,Jio,English,iOS,11,app,play_store,8,2,250.7,google,generic,none,paid,0
103442,Thu,5,iOS,0,1,Male,18.0,Unknown,Maharashtra,0,0,0,0,0,0,0,0,2.0,Apple,A12,Vi,English,Android,12,app,play_store,9,4,480.9,organic,activation,none,organic,0
103443,Thu,0,Android,0,1,Male,29.0,Pune,Maharashtra,1,1,0,1,0,0,0,0,2.1,Xiaomi,Y21,Airtel,Tamil,Android,14,app,play_store,6,2,72.5,organic,activation,none,none,0
103444,Sun,3,Android,1,1,Female,22.0,Mumbai,Maharashtra,0,0,0,0,0,1,0,0,2.0,Vivo,Nord,BSNL,Hindi,Android,16,web,play_store,14,3,184.6,meta,remarketing,ag1,paid,0
103445,Wed,10,Android,0,1,Female,18.0,Indore,Delhi,0,1,0,0,0,0,0,0,2.0,OnePlus,Nord,Other,Marathi,Android,11,app,web,10,5,380.7,referral,brand,ag1,organic,0
103446,Sun,11,Android,0,1,Male,21.0,Indore,Rajasthan,0,0,0,0,0,0,0,0,1.0,Samsung,Y21,Airtel,Marathi,Android,16,app,play_store,12,2,240.0,influencer,generic,ag3,crm,0
103447,Sat,4,Android,1,2,Male,33.0,Unknown,Unknown,0,1,0,0,0,0,0,0,2.0,Vivo,Y21,Other,Hindi,Android,12,app,play_store,4,2,268.3,organic,none,ag3,organic,0
103448,Sun,22,Android,1,1,Male,33.0,Bangalore,Delhi,0,0,0,1,0,0,0,0,2.1,Xiaomi,Y21,BSNL,Bengali,Android,12,app,app_store,3,2,141.3,meta,generic,none,organic,0
103449,Sat,20,Android,0,1,Female,42.0,Mumbai,Maharashtra,1,0,0,0,0,1,0,0,1.1,Vivo,Reno,Airtel,Marathi,Android,17,app,play_store,7,6,623.8,referral,none,ag1,paid,1
103450,Thu,15,Android,1,1,Male,30.0,Unknown,Delhi,0,1,0,0,0,1,0,0,1.0,Xiaomi,Reno,Airtel,Marathi,Android,17,web,play_store,9,1,355.8,google,none,ag1,none,0
103451,Wed,12,Android,0,4,Female,18.0,Indore,Delhi,0,0,0,0,0,1,0,0,1.0,Vivo,iPhone 13,Airtel,Hindi,Android,11,web,play_store,11,2,112.3,meta,generic,ag1,none,0
103452,Sun,12,iOS,1,1,Female,28.0,Bangalore,Unknown,0,0,1,0,0,0,0,0,2.0,Vivo,Reno,Airtel,Hindi,Android,11,app,web,9,5,212.9,meta,activation,ag3,crm,0
103453,Mon,16,Android,0,2,Male,19.0,Indore,Karnataka,0,1,1,0,1,0,0,0,2.1,Samsung,Reno,Vi,Hindi,Android,11,app,play_store,18,6,67.4,influencer,remarketing,ag1,crm,0
103454,Tue,6,Android,1,1,Female,20.0,Mumbai,MP,0,0,0,0,0,0,0,0,1.1,Apple,A12,Airtel,Bengali,Android,15,app,play_store,10,3,227.5,google,activation,none,none,0
103455,Fri,7,Android,0,1,Male,35.0,Indore,Rajasthan,0,0,0,0,0,0,0,0,2.1,Apple,iPhone 13,BSNL,Tamil,Android,11,app,play_store,8,2,662.3,google,brand,ag3,paid,1
103456,Mon,12,Android,0,1,Male,32.0,Unknown,Karnataka,1,0,0,0,0,1,0,0,1.2,Xiaomi,iPhone 13,BSNL,English,iOS,14,app,play_store,8,3,539.7,organic,remarketing,ag2,crm,0
103457,Thu,22,Android,0,1,Male,35.0,Indore,MP,0,0,0,1,0,0,1,0,2.1,Samsung,iPhone 13,Vi,Tamil,Android,13,app,app_store,9,2,658.6,referral,activation,ag3,paid,1
103458,Fri,15,Android,0,1,Male,27.0,Indore,Maharashtra,1,0,0,0,0,0,0,0,1.2,Vivo,Nord,Airtel,Tamil,Android,11,web,app_store,9,3,322.8,influencer,brand,ag3,organic,0
103459,Tue,3,Android,1,1,Female,36.0,Pune,Unknown,0,0,0,0,0,0,0,0,1.0,Xiaomi,Nord,Airtel,Hindi,iOS,11,app,play_store,7,5,326.9,influencer,generic,ag1,none,0
103460,Tue,7,Android,0,1,Female,27.0,Delhi,Unknown,0,0,0,0,0,0,0,0,2.1,Apple,iPhone 13,Jio,Hindi,Android,15,app,play_store,6,3,461.2,google,generic,ag2,paid,1
103461,Wed,15,Android,1,1,Male,39.0,Mumbai,Karnataka,1,0,0,0,0,0,0,0,2.1,Vivo,Note 10,Jio,Hindi,Android,14,app,app_store,10,4,408.9,organic,none,none,organic,1
103462,Fri,20,Web,1,1,Unknown,33.0,Pune,MP,0,0,0,0,0,0,0,0,2.1,Samsung,iPhone 13,Other,English,Android,17,app,app_store,4,2,654.1,referral,remarketing,ag3,none,1
103463,Wed,9,Android,1,2,Male,28.0,Delhi,Unknown,0,0,0,0,0,0,0,0,2.0,Xiaomi,Note 10,Vi,Tamil,iOS,12,app,play_store,8,7,139.0,influencer,brand,none,organic,0
103464,Mon,11,Android,0,2,Male,32.0,Jaipur,Karnataka,0,0,0,0,0,1,0,0,1.0,OnePlus,Note 10,Jio,English,Android,11,app,play_store,3,1,98.1,organic,brand,ag3,organic,0
103465,Sat,11,iOS,1,1,Male,30.0,Indore,Unknown,1,0,0,1,0,0,0,1,2.1,Oppo,A12,BSNL,Marathi,Android,17,app,play_store,7,0,530.3,organic,activation,ag3,organic,0
103466,Sat,4,Android,1,4,Female,43.0,Indore,Delhi,0,0,0,1,0,0,0,0,1.1,Samsung,Y21,BSNL,Tamil,Android,12,app,app_store,8,3,165.5,referral,generic,ag2,crm,0
103467,Sat,15,Android,1,1,Unknown,32.0,Unknown,Delhi,1,0,0,0,0,0,0,0,1.0,OnePlus,iPhone 13,BSNL,English,iOS,13,app,app_store,6,6,629.7,meta,none,ag1,none,0
103468,Fri,0,Android,0,1,Female,30.0,Pune,Karnataka,0,1,0,0,0,1,0,1,2.1,Xiaomi,iPhone 13,Vi,English,Android,16,app,play_store,5,2,73.2,referral,brand,ag1,none,1
103469,Sat,8,Android,0,1,Unknown,28.0,Bangalore,Karnataka,0,0,0,0,0,0,0,0,1.1,Vivo,iPhone 13,BSNL,Bengali,Android,17,app,play_store,7,5,387.8,influencer,generic,ag2,paid,0
103470,Mon,11,Android,0,1,Male,37.0,Mumbai,Rajasthan,0,0,0,0,0,0,0,0,2.0,Xiaomi,Y21,Jio,English,Android,11,app,web,10,4,172.2,referral,remarketing,none,none,0
103471,Wed,4,iOS,0,1,Male,36.0,Delhi,Maharashtra,1,0,0,0,0,0,0,0,1.1,Samsung,Note 10,Jio,English,Android,16,app,play_store,8,1,382.2,influencer,generic,none,crm,0
103472,Fri,21,Android,0,1,Male,28.0,Indore,Delhi,1,0,0,0,0,0,1,0,1.0,Apple,iPhone 13,Other,Bengali,Android,13,app,play_store,3,3,77.6,referral,activation,none,crm,0
103473,Wed,19,Android,0,1,Female,21.0,Mumbai,Unknown,0,0,0,0,0,0,0,0,1.0,OnePlus,iPhone 13,Other,English,Android,12,app,play_store,8,1,467.3,organic,activation,ag3,organic,0
103474,Fri,21,Android,0,1,Male,23.0,Indore,Karnataka,0,1,0,0,0,0,0,0,1.2,OnePlus,Y21,Vi,Tamil,iOS,11,app,play_store,8,3,777.2,referral,brand,ag1,organic,1
103475,Wed,23,iOS,0,2,Female,29.0,Indore,MP,0,0,0,1,0,1,0,1,1.2,Apple,Nord,Other,Hindi,Android,11,app,web,7,0,352.1,google,none,ag1,organic,0
103476,Tue,2,Android,0,2,Male,41.0,Indore,Unknown,0,0,0,0,1,0,0,0,1.2,Samsung,Y21,Vi,Tamil,iOS,14,app,play_store,1,2,151.4,referral,none,none,organic,0
103477,Wed,4,Android,1,1,Male,28.0,Unknown,Maharashtra,0,0,0,0,0,0,1,0,2.0,Vivo,Reno,Airtel,Hindi,Android,17,web,play_store,13,5,189.5,meta,brand,ag3,none,0
103478,Sat,1,Android,0,1,Male,25.0,Mumbai,MP,1,1,0,1,0,0,0,0,1.0,Apple,Y21,Other,Bengali,Android,14,app,play_store,13,4,254.9,referral,generic,ag1,organic,0
103479,Tue,13,Android,1,1,Female,18.0,Pune,Unknown,0,1,0,0,0,0,0,0,2.0,Oppo,Nord,Vi,English,Android,11,app,play_store,7,4,298.1,meta,none,ag1,none,0
103480,Wed,1,Android,0,1,Male,42.0,Mumbai,Maharashtra,1,0,0,1,0,0,0,1,1.0,Oppo,A12,Jio,Bengali,Android,13,app,play_store,8,2,237.8,referral,generic,ag1,organic,0
103481,Fri,12,Android,0,1,Male,35.0,Mumbai,MP,0,1,0,0,0,0,0,0,1.2,Oppo,Y21,Other,Bengali,Android,15,app,play_store,7,0,170.5,meta,activation,ag3,none,0
103482,Fri,6,Web,0,1,Male,36.0,Jaipur,Delhi,0,0,0,0,0,0,0,0,1.2,Xiaomi,Y21,Other,Bengali,Android,13,app,app_store,8,3,541.4,referral,brand,ag1,organic,1
103483,Fri,9,Android,1,1,Female,38.0,Bangalore,Karnataka,1,0,0,0,0,1,0,0,1.1,Vivo,Reno,Vi,Tamil,Android,14,app,app_store,6,1,1133.8,google,generic,none,paid,0
103484,Thu,12,Android,0,1,Female,29.0,Unknown,Unknown,0,0,0,0,0,0,0,1,1.2,Vivo,iPhone 13,Airtel,Bengali,Android,14,app,app_store,13,3,1180.6,google,activation,ag1,none,1
103485,Mon,15,Android,1,4,Female,31.0,Bangalore,Karnataka,0,1,0,1,1,0,0,0,1.2,Apple,Note 10,Other,English,Android,15,app,web,9,2,123.3,organic,generic,ag1,none,0
103486,Fri,13,Android,0,2,Male,42.0,Unknown,Rajasthan,1,0,0,0,0,0,0,1,2.1,Samsung,Note 10,Vi,Marathi,Android,14,app,play_store,10,4,239.8,influencer,remarketing,ag3,organic,0
103487,Tue,10,Android,0,1,Unknown,31.0,Pune,Unknown,0,0,0,1,0,0,0,0,1.0,Oppo,Y21,Airtel,Bengali,Android,14,app,app_store,8,2,831.3,meta,activation,ag1,none,0
103488,Fri,9,Android,1,1,Female,35.0,Bangalore,Karnataka,0,0,0,0,1,0,0,0,1.2,OnePlus,Note 10,Vi,Hindi,Android,16,app,web,7,2,384.8,referral,none,ag2,none,0
103489,Thu,5,iOS,0,3,Male,37.0,Unknown,Unknown,0,0,0,0,0,0,0,0,2.1,Oppo,iPhone 13,Airtel,English,iOS,12,app,play_store,14,5,66.8,organic,generic,ag1,crm,0
103490,Sat,3,Android,1,1,Male,35.0,Pune,Delhi,0,0,0,0,0,0,0,0,2.1,Samsung,Y21,BSNL,English,Android,15,app,play_store,9,0,361.0,google,remarketing,none,paid,0
103491,Tue,20,Android,0,1,Male,29.0,Unknown,Maharashtra,0,0,0,0,0,0,0,1,2.1,Samsung,Y21,Other,Marathi,iOS,14,app,play_store,3,7,298.5,meta,generic,ag1,paid,0
103492,Thu,0,Android,0,1,Male,30.0,Indore,Maharashtra,0,0,0,0,1,0,0,0,1.2,Oppo,Y21,BSNL,English,Android,16,app,play_store,10,3,308.0,meta,remarketing,ag3,organic,0
103493,Sat,6,Android,1,1,Female,36.0,Indore,Karnataka,0,0,0,0,1,0,0,0,2.0,Samsung,iPhone 13,Vi,English,Android,16,app,play_store,5,4,254.1,influencer,generic,ag1,paid,1
103494,Sun,23,Android,1,2,Female,36.0,Mumbai,MP,0,0,0,0,0,0,0,0,2.0,Xiaomi,Note 10,BSNL,Bengali,Android,13,app,play_store,11,2,709.9,influencer,activation,ag1,crm,0
103495,Sun,8,iOS,0,1,Female,39.0,Indore,Karnataka,1,0,0,0,0,0,0,0,1.0,Apple,Y21,Airtel,Marathi,iOS,14,app,play_store,5,3,65.0,referral,activation,ag1,organic,0
103496,Tue,7,Web,1,1,Male,34.0,Bangalore,Unknown,0,0,0,0,0,0,0,0,2.0,OnePlus,Nord,Jio,Bengali,iOS,11,app,app_store,7,1,761.0,google,generic,ag1,paid,0
103497,Wed,4,Android,0,1,Female,35.0,Delhi,Maharashtra,0,0,0,0,0,1,1,0,1.2,OnePlus,Y21,BSNL,Marathi,Android,15,app,play_store,8,7,464.5,influencer,activation,ag2,paid,0
103498,Mon,18,Android,1,1,Male,26.0,Mumbai,Unknown,0,1,0,0,0,0,0,0,1.0,Xiaomi,Note 10,Vi,Marathi,iOS,17,app,app_store,9,1,140.9,meta,none,ag1,organic,1
103499,Mon,9,iOS,1,1,Male,25.0,Pune,Rajasthan,1,1,0,0,0,0,0,0,1.0,Oppo,A12,Other,Bengali,iOS,16,app,play_store,8,2,13.8,referral,generic,none,organic,0
103500,Thu,10,Android,0,1,Female,36.0,Indore,Maharashtra,0,0,0,1,0,1,0,1,1.0,Apple,A12,BSNL,English,Android,16,app,app_store,5,5,152.8,meta,remarketing,none,none,0
103501,Sat,14,Android,0,1,Male,25.0,Mumbai,MP,0,0,0,0,0,1,0,0,1.1,Apple,A12,BSNL,Tamil,Android,13,app,play_store,4,2,210.5,google,remarketing,none,organic,0
103502,Mon,5,Android,0,1,Female,30.0,Mumbai,MP,0,0,0,1,0,0,0,0,1.2,OnePlus,Reno,Jio,Bengali,Android,17,app,play_store,9,2,277.5,organic,activation,ag3,none,0
103503,Sat,14,iOS,0,1,Female,41.0,Mumbai,Rajasthan,1,1,0,0,0,0,0,0,1.2,Apple,Nord,Vi,Marathi,iOS,16,app,play_store,6,0,1039.9,influencer,brand,none,organic,1
103504,Sat,4,Android,0,1,Female,40.0,Indore,Unknown,0,0,0,0,0,0,0,0,2.0,Vivo,A12,BSNL,Bengali,Android,11,app,play_store,13,1,93.1,referral,generic,ag2,paid,0
103505,Thu,18,iOS,0,1,Male,32.0,Pune,Unknown,0,1,0,1,0,1,0,0,2.0,Vivo,iPhone 13,Other,English,Android,17,app,play_store,16,6,76.7,referral,generic,none,none,0
103506,Thu,21,iOS,1,1,Female,28.0,Mumbai,Unknown,0,1,0,0,0,1,0,0,1.2,Apple,iPhone 13,Airtel,Tamil,Android,11,app,play_store,4,2,164.9,referral,activation,ag1,organic,0
103507,Thu,18,Android,0,1,Unknown,29.0,Mumbai,MP,0,0,0,0,0,0,0,0,1.1,Vivo,A12,Other,English,Android,12,app,play_store,10,1,224.6,meta,brand,none,none,0
103508,Mon,9,Android,0,1,Female,37.0,Mumbai,Karnataka,1,0,0,0,0,0,0,0,2.1,Xiaomi,A12,BSNL,Marathi,Android,12,app,play_store,11,3,241.2,meta,none,ag3,none,0
103509,Sun,11,iOS,0,1,Female,30.0,Jaipur,Karnataka,1,0,0,0,0,0,0,0,1.1,Oppo,Note 10,BSNL,Marathi,iOS,13,app,play_store,8,3,374.6,google,generic,ag2,crm,0
103510,Thu,21,Android,1,4,Female,26.0,Indore,Maharashtra,0,0,0,0,0,0,0,1,1.1,OnePlus,iPhone 13,Jio,Marathi,Android,16,app,play_store,6,2,713.1,google,none,none,organic,0
103511,Mon,3,Android,0,1,Male,40.0,Jaipur,Delhi,1,0,0,0,0,0,0,0,2.0,Oppo,Note 10,Vi,Marathi,Android,15,app,play_store,7,2,231.8,meta,generic,none,none,0
103512,Thu,17,Android,0,1,Female,31.0,Bangalore,Karnataka,0,0,0,0,0,0,0,0,1.1,OnePlus,Reno,Jio,Tamil,Android,13,app,play_store,6,4,613.3,organic,none,none,crm,0
103513,Fri,15,Android,0,1,Female,25.0,Pune,Karnataka,1,1,0,0,0,0,0,0,2.0,Oppo,Note 10,Other,Tamil,iOS,17,app,app_store,8,4,256.1,meta,activation,ag1,organic,0
103514,Sat,7,Android,0,1,Female,34.0,Mumbai,Unknown,0,0,0,0,0,0,1,0,2.0,Samsung,A12,Vi,Marathi,Android,16,app,play_store,5,1,339.3,influencer,remarketing,ag2,organic,0
103515,Thu,3,Android,0,1,Female,38.0,Jaipur,Unknown,0,0,0,0,0,0,0,0,1.0,Xiaomi,Note 10,Jio,Bengali,iOS,11,app,play_store,9,5,220.0,organic,activation,ag2,crm,1
103516,Tue,22,Android,0,1,Male,22.0,Mumbai,Rajasthan,1,0,0,1,0,0,0,0,1.1,OnePlus,Reno,BSNL,Hindi,Android,12,web,play_store,8,1,277.7,meta,brand,ag1,none,0
103517,Sat,11,iOS,0,1,Male,28.0,Jaipur,Karnataka,1,0,0,0,0,0,0,0,1.1,Oppo,A12,Vi,Bengali,Android,11,app,play_store,6,4,324.1,influencer,generic,ag2,organic,0
103518,Sat,1,Android,0,1,Female,28.0,Mumbai,Maharashtra,1,0,0,0,0,0,0,0,1.1,Oppo,A12,Airtel,Bengali,iOS,11,app,web,6,3,841.7,meta,remarketing,ag3,paid,1
103519,Thu,3,Android,0,1,Male,34.0,Unknown,Unknown,1,0,1,0,0,0,0,0,1.2,Oppo,Y21,Airtel,Marathi,Android,17,app,play_store,6,2,264.6,meta,generic,ag3,organic,0
103520,Sun,4,Android,0,1,Male,35.0,Indore,Rajasthan,0,0,0,0,0,0,0,0,2.1,Oppo,iPhone 13,Other,Tamil,Android,12,app,play_store,12,3,715.5,organic,remarketing,ag2,crm,1
103521,Wed,2,Android,0,1,Male,26.0,Bangalore,Karnataka,0,1,1,0,0,0,0,1,2.1,Vivo,Nord,Jio,Tamil,Android,16,app,app_store,8,4,118.1,influencer,generic,none,crm,0
103522,Sun,8,Android,1,1,Male,18.0,Mumbai,Maharashtra,0,0,0,0,0,0,0,0,1.2,Vivo,Reno,Other,Bengali,Android,17,app,app_store,5,5,178.5,google,brand,none,none,0
103523,Thu,20,Android,1,2,Female,38.0,Jaipur,Rajasthan,0,0,0,0,0,0,0,0,1.1,Xiaomi,iPhone 13,Airtel,Bengali,iOS,12,app,play_store,9,1,435.7,google,none,ag3,none,0
103524,Sat,17,Android,0,3,Male,21.0,Mumbai,Delhi,0,0,0,0,0,1,0,0,2.0,Xiaomi,Nord,BSNL,Bengali,Android,15,app,app_store,8,3,141.3,referral,generic,ag1,paid,0
103525,Tue,10,Android,0,1,Male,32.0,Indore,Unknown,0,0,0,0,1,0,1,0,1.2,Oppo,Y21,BSNL,Marathi,Android,11,app,play_store,9,1,354.7,influencer,generic,ag1,paid,0
103526,Sat,2,iOS,0,1,Male,29.0,Pune,Maharashtra,0,0,0,0,0,0,0,0,2.0,Oppo,Y21,BSNL,English,iOS,12,app,play_store,8,7,858.3,referral,brand,ag2,paid,1
103527,Sun,22,Android,0,1,Male,31.0,Pune,Karnataka,0,1,0,0,0,0,0,0,1.2,Oppo,iPhone 13,BSNL,Hindi,iOS,13,app,app_store,4,4,360.4,organic,remarketing,ag3,organic,0
103528,Tue,1,Android,0,1,Male,43.0,Bangalore,Rajasthan,0,0,0,0,0,0,0,0,1.1,Samsung,Y21,BSNL,Marathi,Android,11,app,play_store,14,4,43.9,meta,activation,ag2,paid,0
103529,Mon,8,iOS,0,1,Male,54.0,Unknown,Delhi,0,0,0,0,0,0,0,0,1.1,OnePlus,Y21,Airtel,Hindi,Android,16,web,play_store,9,5,552.1,organic,brand,ag1,organic,0
103530,Fri,13,Android,1,1,Unknown,18.0,Pune,Maharashtra,0,0,0,1,1,0,0,0,1.2,Apple,A12,Vi,English,Android,16,app,play_store,5,5,147.9,google,generic,ag1,none,0
103531,Sat,3,Web,1,1,Male,38.0,Mumbai,Delhi,1,0,0,0,0,0,0,1,1.1,OnePlus,Y21,BSNL,English,Android,15,app,play_store,6,2,194.5,influencer,remarketing,ag3,crm,0
103532,Thu,8,iOS,0,1,Female,29.0,Indore,Maharashtra,0,0,0,0,0,0,0,0,1.0,Vivo,Note 10,Vi,Marathi,Android,15,app,play_store,6,1,176.0,referral,remarketing,none,none,0
103533,Mon,12,Android,0,1,Female,38.0,Unknown,Karnataka,0,0,0,0,0,0,0,0,1.2,Oppo,Y21,BSNL,Tamil,Android,16,app,play_store,11,2,122.5,influencer,remarketing,ag2,none,0
103534,Fri,17,Android,1,1,Unknown,38.0,Mumbai,Maharashtra,0,0,0,0,0,0,0,0,1.1,OnePlus,Reno,Other,Tamil,Android,11,web,play_store,2,2,320.6,google,brand,ag2,organic,0
103535,Thu,14,Android,1,1,Male,41.0,Mumbai,Karnataka,1,1,0,0,0,0,0,0,2.0,OnePlus,Reno,Jio,Hindi,iOS,14,app,play_store,6,4,95.9,referral,activation,ag1,none,0
103536,Wed,9,Android,1,1,Male,32.0,Bangalore,Maharashtra,0,0,0,0,0,0,0,0,2.1,Samsung,Reno,Vi,Tamil,Android,17,app,play_store,9,4,485.2,referral,none,ag2,none,0
103537,Thu,15,iOS,0,1,Male,23.0,Pune,Rajasthan,1,0,0,0,0,0,0,0,2.1,Samsung,Reno,Jio,Bengali,Android,11,app,app_store,8,1,88.6,google,generic,none,none,0
103538,Tue,11,Android,0,1,Male,37.0,Pune,Maharashtra,0,0,0,1,0,0,0,0,1.1,Samsung,Nord,Airtel,Bengali,Android,13,app,app_store,5,5,142.9,google,brand,ag2,none,0
103539,Tue,19,iOS,1,1,Male,31.0,Pune,Maharashtra,0,1,0,0,0,0,0,0,2.0,Vivo,iPhone 13,Other,English,Android,17,app,app_store,9,4,745.7,meta,none,ag1,organic,0
103540,Wed,4,iOS,0,1,Female,28.0,Jaipur,MP,0,0,0,0,1,0,0,0,2.0,OnePlus,Nord,BSNL,Marathi,Android,15,app,play_store,12,6,358.5,referral,none,ag3,paid,0
103541,Mon,1,Android,0,1,Male,26.0,Mumbai,MP,1,0,0,0,0,0,0,0,2.1,Apple,A12,BSNL,Tamil,Android,17,app,play_store,11,4,272.3,referral,none,ag2,none,0
103542,Fri,9,Android,0,1,Male,38.0,Indore,Maharashtra,0,0,0,0,0,1,0,0,1.0,Oppo,Y21,Airtel,English,Android,12,app,play_store,5,2,186.0,organic,brand,none,paid,1
103543,Thu,0,Android,1,1,Male,43.0,Indore,MP,0,0,0,0,0,0,1,0,1.0,Oppo,Note 10,Vi,Bengali,iOS,16,app,play_store,7,2,349.9,google,brand,none,organic,0
103544,Tue,6,Android,1,1,Unknown,20.0,Mumbai,Karnataka,0,0,0,0,0,1,0,0,1.2,Apple,Reno,BSNL,Tamil,Android,12,app,app_store,7,1,178.2,google,none,ag2,crm,1
103545,Mon,16,Android,0,1,Female,35.0,Delhi,MP,0,0,0,0,0,1,0,0,1.2,Vivo,A12,Vi,Tamil,Android,16,app,play_store,13,3,325.5,influencer,generic,none,organic,0
103546,Wed,15,Android,1,1,Male,27.0,Mumbai,Maharashtra,1,1,0,1,1,0,0,0,2.0,Samsung,Reno,BSNL,Marathi,iOS,16,app,play_store,5,2,335.5,influencer,brand,none,organic,1
103547,Sun,23,Android,0,1,Male,18.0,Unknown,Unknown,0,1,0,1,0,0,0,0,2.1,Oppo,iPhone 13,Vi,Tamil,Android,11,app,play_store,10,1,318.1,meta,brand,ag2,organic,0
103548,Sat,2,iOS,1,1,Male,31.0,Jaipur,Delhi,0,0,0,0,0,0,1,0,1.1,Samsung,Y21,Jio,Tamil,Android,12,app,play_store,6,4,420.9,referral,remarketing,ag1,organic,0
103549,Sun,13,Android,0,1,Female,23.0,Unknown,Unknown,0,0,0,0,0,0,0,0,1.2,Apple,Reno,Vi,Marathi,Android,11,app,app_store,12,1,339.4,google,remarketing,ag3,crm,1
103550,Sun,9,Android,0,2,Female,18.0,Pune,Unknown,0,0,0,0,0,0,0,0,1.0,Oppo,Reno,Airtel,Hindi,iOS,14,app,play_store,7,2,437.9,influencer,none,none,none,1
103551,Tue,21,Android,0,1,Female,24.0,Mumbai,Unknown,0,0,0,0,0,0,0,0,2.0,Oppo,iPhone 13,BSNL,Tamil,Android,12,web,play_store,4,1,226.4,referral,activation,ag1,none,0
103552,Wed,6,iOS,0,2,Male,22.0,Jaipur,Unknown,0,1,0,0,0,0,0,0,1.2,Oppo,A12,Other,Marathi,Android,16,app,play_store,4,0,531.1,meta,brand,ag3,organic,0
103553,Thu,16,Android,0,1,Female,25.0,Delhi,Delhi,0,0,0,0,0,0,0,0,2.0,Xiaomi,Note 10,Vi,English,Android,13,app,app_store,5,2,50.9,organic,brand,ag2,none,0
103554,Sun,5,Android,0,4,Female,19.0,Mumbai,Maharashtra,1,1,0,0,0,0,0,0,1.1,Apple,iPhone 13,Other,English,iOS,17,app,app_store,6,4,799.0,google,brand,ag1,paid,0
103555,Sun,22,iOS,1,1,Unknown,27.0,Unknown,Maharashtra,0,0,0,0,0,0,0,0,1.2,Apple,Y21,Vi,Bengali,Android,16,app,web,5,4,566.2,meta,generic,ag2,organic,0
103556,Fri,21,Android,0,4,Female,24.0,Pune,Delhi,1,0,0,0,0,1,0,1,2.1,Samsung,Nord,Jio,Marathi,Android,13,web,play_store,7,5,741.7,referral,none,ag2,crm,1
103557,Tue,3,Android,0,1,Male,33.0,Bangalore,Rajasthan,1,1,0,0,0,0,0,0,1.1,Vivo,Nord,Other,Tamil,Android,17,web,play_store,13,6,576.1,referral,none,ag3,paid,0
103558,Tue,16,Android,0,1,Male,35.0,Indore,MP,0,0,0,0,0,1,0,0,1.0,Oppo,iPhone 13,Airtel,English,Android,15,app,play_store,8,2,193.1,organic,generic,ag1,none,1
103559,Thu,8,iOS,0,1,Male,32.0,Delhi,Rajasthan,0,0,0,0,1,0,0,1,2.0,Oppo,Note 10,Other,Tamil,iOS,12,app,play_store,8,4,106.5,organic,none,ag3,organic,0
103560,Sat,3,Android,0,4,Female,28.0,Bangalore,Karnataka,1,0,0,1,0,0,0,0,1.1,OnePlus,Reno,Vi,Marathi,Android,11,app,play_store,6,2,488.7,organic,generic,ag1,crm,0
103561,Mon,6,Android,1,1,Female,28.0,Indore,Unknown,0,0,0,0,0,0,0,0,1.1,Oppo,A12,Airtel,English,Android,14,app,play_store,10,7,208.9,referral,generic,ag3,paid,1
103562,Fri,22,Android,0,1,Male,23.0,Bangalore,Unknown,0,0,0,0,0,0,0,0,1.1,Apple,Y21,Jio,Bengali,Android,17,app,play_store,10,2,314.9,referral,remarketing,none,organic,0
103563,Tue,1,Web,0,1,Male,23.0,Unknown,Delhi,0,1,0,0,0,0,0,1,2.0,Oppo,iPhone 13,Other,English,Android,13,app,app_store,7,5,66.3,referral,remarketing,ag2,paid,0
103564,Fri,16,Android,1,1,Male,36.0,Mumbai,Delhi,0,1,0,0,0,0,0,0,2.1,Apple,Y21,Airtel,Bengali,iOS,15,app,play_store,11,6,249.8,organic,generic,ag1,none,0
103565,Tue,23,Android,0,1,Unknown,18.0,Mumbai,Rajasthan,0,1,0,0,1,0,0,0,2.0,Vivo,Note 10,Other,Marathi,Android,11,app,app_store,9,4,284.0,meta,brand,ag2,organic,0
103566,Fri,7,iOS,0,1,Male,29.0,Indore,Karnataka,0,0,0,0,0,0,0,0,2.0,Vivo,Nord,Jio,Hindi,Android,13,web,play_store,3,5,118.1,influencer,generic,none,none,0
103567,Wed,22,Android,1,4,Male,27.0,Indore,Rajasthan,0,1,0,0,0,0,0,0,1.0,Apple,A12,Jio,Marathi,Android,17,app,app_store,11,2,278.3,organic,remarketing,none,none,0
103568,Sun,14,Web,0,2,Male,35.0,Mumbai,Karnataka,1,0,0,0,0,0,0,0,2.0,Oppo,Nord,Jio,Bengali,iOS,12,app,play_store,3,0,434.1,influencer,remarketing,none,paid,1
103569,Tue,14,Web,0,1,Male,19.0,Mumbai,Maharashtra,0,0,0,0,0,0,0,1,2.0,OnePlus,A12,Jio,Tamil,Android,17,app,play_store,11,2,622.5,influencer,generic,ag3,organic,0
103570,Fri,7,iOS,1,1,Female,30.0,Jaipur,Unknown,0,0,0,0,0,0,0,0,2.1,OnePlus,Nord,Airtel,English,Android,15,app,play_store,11,3,253.0,organic,remarketing,ag1,crm,1
103571,Mon,15,Android,0,1,Female,33.0,Indore,Maharashtra,0,0,0,1,0,0,0,0,2.0,Apple,iPhone 13,Airtel,English,Android,15,app,play_store,7,0,91.0,referral,none,none,none,0
103572,Wed,18,Android,0,1,Male,18.0,Indore,Delhi,0,0,0,1,0,1,0,0,2.0,Oppo,Note 10,Jio,Bengali,Android,11,app,play_store,7,6,694.7,organic,generic,none,paid,0
103573,Wed,10,iOS,1,1,Female,21.0,Unknown,Maharashtra,1,0,0,1,0,0,0,0,2.0,Oppo,Nord,Vi,English,Android,15,app,play_store,9,3,14.1,organic,activation,ag1,none,0
103574,Mon,1,Web,0,1,Male,29.0,Jaipur,Rajasthan,0,0,0,0,0,0,0,0,2.0,Xiaomi,Note 10,Airtel,Bengali,iOS,13,app,play_store,11,2,233.7,organic,activation,ag3,organic,0
103575,Fri,22,Android,0,1,Unknown,34.0,Indore,Karnataka,1,1,0,0,0,0,0,0,1.0,Apple,Nord,Jio,Tamil,Android,11,app,play_store,9,2,169.8,influencer,brand,none,paid,0
103576,Thu,23,iOS,1,2,Male,31.0,Unknown,Delhi,1,0,0,0,0,0,0,0,1.0,Samsung,Y21,Airtel,Hindi,Android,13,app,play_store,6,3,151.2,organic,remarketing,ag2,crm,0
103577,Mon,16,Android,1,3,Male,34.0,Pune,Maharashtra,0,0,0,0,0,0,0,0,2.0,Samsung,Nord,Other,Marathi,Android,13,app,play_store,8,4,765.8,google,generic,ag2,crm,0
103578,Fri,15,Android,0,1,Male,21.0,Unknown,Delhi,0,1,0,1,1,0,0,0,2.0,Vivo,A12,Vi,Tamil,Android,16,web,play_store,8,3,391.4,influencer,generic,none,paid,0
103579,Mon,14,Android,0,4,Male,18.0,Jaipur,Delhi,1,0,0,0,0,0,0,0,1.0,Oppo,Y21,Jio,Tamil,Android,12,app,app_store,8,5,249.8,referral,generic,ag3,paid,0
103580,Mon,12,iOS,1,1,Male,31.0,Pune,Karnataka,0,1,0,0,0,0,0,0,1.0,Oppo,iPhone 13,Vi,English,iOS,15,app,play_store,7,5,1510.6,meta,none,none,none,1
103581,Tue,14,Android,1,1,Female,20.0,Mumbai,Rajasthan,1,1,0,0,0,0,0,0,2.0,Xiaomi,iPhone 13,Airtel,English,Android,12,app,play_store,10,2,63.7,meta,activation,none,crm,0
103582,Fri,3,Android,0,1,Female,23.0,Pune,Unknown,0,0,0,0,0,0,0,0,2.0,Oppo,iPhone 13,Airtel,Hindi,iOS,16,app,play_store,6,5,196.9,google,activation,ag1,paid,0
103583,Thu,15,Web,0,1,Male,37.0,Unknown,Rajasthan,0,0,0,1,0,1,0,0,2.1,Vivo,Note 10,Other,Bengali,Android,14,app,play_store,7,6,303.8,google,generic,ag3,none,0
103584,Sun,11,Android,0,1,Female,32.0,Delhi,MP,1,0,0,0,0,1,0,1,1.0,Apple,Reno,Jio,Bengali,Android,14,app,app_store,6,1,277.0,referral,none,ag3,none,0
103585,Tue,3,Android,1,1,Male,25.0,Mumbai,Rajasthan,1,0,0,0,0,0,0,1,1.0,Apple,Reno,Jio,Tamil,Android,17,web,play_store,7,0,443.6,referral,activation,ag2,crm,1
103586,Mon,2,Android,1,1,Female,24.0,Delhi,Maharashtra,1,0,0,1,0,0,0,0,1.0,Vivo,iPhone 13,BSNL,Tamil,iOS,17,app,play_store,5,1,617.8,google,generic,ag3,none,0
103587,Sun,21,Android,1,1,Female,35.0,Bangalore,MP,0,0,1,0,0,0,0,0,1.2,OnePlus,Nord,Other,English,iOS,12,app,play_store,8,0,834.3,influencer,brand,ag2,organic,0
103588,Sat,16,Android,1,1,Female,32.0,Delhi,MP,1,0,0,1,0,0,0,0,1.1,Xiaomi,Y21,Vi,Bengali,Android,14,app,play_store,2,2,85.4,referral,activation,ag1,crm,0
103589,Sun,21,iOS,0,1,Male,20.0,Bangalore,MP,0,0,0,0,0,0,0,0,1.0,Apple,A12,Jio,Hindi,iOS,14,app,app_store,9,4,200.9,influencer,brand,none,none,0
103590,Mon,17,Android,0,1,Male,18.0,Delhi,MP,0,0,0,0,0,0,0,1,1.2,Vivo,Reno,BSNL,Tamil,iOS,16,app,app_store,7,6,1209.8,organic,brand,ag1,organic,0
103591,Mon,17,iOS,1,1,Male,45.0,Unknown,Rajasthan,1,1,0,0,0,0,0,0,1.1,Oppo,iPhone 13,Vi,English,Android,12,app,web,6,4,190.9,organic,brand,ag3,paid,1
103592,Fri,22,Android,1,1,Male,20.0,Unknown,MP,0,0,0,0,0,0,0,0,1.1,Apple,A12,Airtel,Marathi,Android,16,app,play_store,8,1,119.2,referral,remarketing,none,none,0
103593,Fri,16,Android,0,1,Female,34.0,Bangalore,Maharashtra,0,1,0,0,0,0,0,0,1.0,Vivo,Note 10,Airtel,Marathi,Android,12,app,play_store,3,2,149.6,meta,remarketing,ag2,none,0
103594,Tue,11,Android,0,2,Male,42.0,Bangalore,Maharashtra,0,0,1,0,0,0,0,0,1.1,Xiaomi,Reno,Other,Marathi,Android,12,app,play_store,2,0,349.6,meta,brand,none,none,0
103595,Thu,22,Android,1,1,Male,31.0,Mumbai,Delhi,0,0,1,0,0,0,0,0,1.2,OnePlus,Reno,Airtel,Marathi,Android,14,app,play_store,11,1,313.5,influencer,generic,ag3,organic,1
103596,Tue,20,Android,0,1,Male,25.0,Unknown,Maharashtra,1,0,0,0,0,1,0,0,1.0,Apple,Note 10,Airtel,Tamil,Android,15,app,play_store,12,4,175.1,meta,brand,ag3,organic,0
103597,Wed,23,Android,0,1,Male,19.0,Indore,Unknown,0,1,0,0,0,1,0,0,2.0,Xiaomi,Reno,BSNL,Bengali,Android,16,app,play_store,7,4,246.4,meta,remarketing,ag1,none,0
103598,Mon,3,Android,0,1,Female,18.0,Indore,Delhi,1,0,0,0,0,0,0,0,2.0,Samsung,A12,Vi,Bengali,iOS,13,app,web,9,2,494.8,influencer,none,ag3,paid,1
103599,Sun,11,Android,1,1,Male,33.0,Mumbai,Maharashtra,1,0,0,1,0,0,0,1,2.0,Xiaomi,Nord,Vi,Bengali,Android,13,app,play_store,9,1,1064.1,meta,generic,none,crm,1
103600,Sat,22,Android,0,1,Female,42.0,Bangalore,MP,0,0,0,0,0,0,0,1,1.2,Vivo,A12,BSNL,Hindi,Android,15,app,play_store,6,3,133.3,meta,activation,ag3,organic,0
103601,Mon,21,Android,1,1,Male,27.0,Indore,Karnataka,0,0,0,0,0,1,1,0,1.2,Oppo,Y21,Vi,Hindi,Android,12,app,play_store,8,4,646.4,influencer,none,ag1,paid,0
103602,Mon,20,iOS,0,1,Female,26.0,Indore,MP,0,0,0,0,0,0,0,0,1.1,Apple,iPhone 13,Vi,Bengali,iOS,11,app,app_store,4,1,696.6,organic,brand,ag1,none,0
103603,Tue,19,Android,0,1,Unknown,36.0,Delhi,Rajasthan,1,0,0,0,0,0,0,0,1.2,Xiaomi,Nord,Other,Tamil,iOS,11,app,app_store,8,4,503.6,influencer,brand,ag2,none,0
103604,Sat,14,Android,0,2,Female,25.0,Pune,Delhi,0,1,0,0,0,0,0,0,1.0,Apple,A12,Jio,Marathi,Android,12,app,app_store,11,0,215.8,influencer,remarketing,none,paid,1
103605,Sat,22,iOS,1,1,Female,32.0,Mumbai,Karnataka,1,0,0,0,0,0,0,1,2.1,Apple,Y21,Vi,Marathi,Android,13,app,app_store,12,3,168.6,google,activation,ag3,organic,0
103606,Sat,15,iOS,1,3,Male,30.0,Pune,Maharashtra,0,0,0,0,1,1,0,0,2.0,OnePlus,A12,Vi,Bengali,Android,11,app,play_store,8,2,328.9,influencer,generic,none,paid,0
103607,Tue,4,Android,1,1,Unknown,27.0,Bangalore,MP,0,1,0,0,0,1,0,0,1.1,Vivo,iPhone 13,Vi,English,Android,15,app,play_store,9,2,219.8,meta,generic,ag3,crm,0
103608,Mon,20,Android,1,1,Female,30.0,Delhi,Delhi,0,0,0,0,0,0,0,0,1.1,Vivo,Note 10,Airtel,Tamil,Android,11,app,play_store,10,3,649.6,referral,remarketing,ag3,crm,1
103609,Tue,14,Android,0,1,Unknown,44.0,Indore,Delhi,0,1,1,0,0,1,0,0,2.0,Samsung,A12,BSNL,English,Android,15,app,app_store,7,2,600.0,referral,none,ag1,paid,0
103610,Fri,16,Android,0,1,Female,35.0,Jaipur,Maharashtra,1,0,0,1,0,0,0,0,2.0,Oppo,Y21,Other,English,Android,11,app,app_store,4,2,282.7,organic,activation,ag2,crm,0
103611,Fri,17,iOS,0,1,Female,39.0,Delhi,Delhi,1,0,0,0,0,0,0,0,1.0,Samsung,Reno,Airtel,Tamil,Android,13,app,play_store,6,5,210.1,referral,none,ag3,none,0
103612,Tue,4,iOS,0,1,Male,23.0,Mumbai,Maharashtra,0,0,0,0,0,0,0,0,1.1,Vivo,Reno,BSNL,Tamil,Android,12,app,play_store,13,4,277.7,influencer,remarketing,ag3,organic,0
103613,Sat,12,Android,1,1,Male,39.0,Unknown,Maharashtra,0,1,0,1,0,0,0,0,2.0,Samsung,A12,Other,Hindi,Android,17,app,play_store,6,2,600.1,google,generic,ag1,none,1
103614,Mon,18,Web,1,1,Male,35.0,Bangalore,MP,0,1,0,0,0,0,0,1,1.2,Xiaomi,Reno,Airtel,Hindi,Android,17,app,app_store,4,4,322.0,google,brand,none,none,1
103615,Tue,12,Android,1,1,Female,18.0,Delhi,Delhi,0,1,0,0,0,0,0,1,1.1,OnePlus,iPhone 13,Other,Marathi,iOS,16,app,play_store,8,5,384.3,referral,remarketing,none,crm,0
103616,Tue,17,Android,0,1,Male,34.0,Delhi,Rajasthan,0,0,0,0,1,0,0,0,1.2,Xiaomi,Y21,Vi,Hindi,iOS,11,app,play_store,7,3,515.6,meta,generic,ag2,none,1
103617,Tue,13,iOS,0,4,Female,26.0,Delhi,Rajasthan,0,1,0,0,0,0,0,0,2.0,Apple,Note 10,Airtel,English,Android,16,app,app_store,8,4,77.8,organic,activation,ag3,none,0
103618,Wed,3,Android,0,2,Male,18.0,Indore,MP,0,1,0,0,0,0,0,0,1.0,Samsung,iPhone 13,Airtel,Tamil,Android,11,app,play_store,6,3,319.9,referral,activation,ag3,organic,1
103619,Fri,3,iOS,0,1,Male,31.0,Bangalore,MP,0,0,0,0,0,0,1,0,1.1,OnePlus,A12,Jio,Marathi,iOS,16,app,web,12,1,489.8,google,none,none,organic,0
103620,Sun,19,Web,0,1,Female,34.0,Indore,Maharashtra,1,0,0,0,0,0,0,1,1.1,Samsung,Reno,Vi,Hindi,Android,17,app,play_store,7,1,378.0,meta,none,ag1,none,0
103621,Sat,19,Android,0,1,Female,31.0,Delhi,Rajasthan,0,1,0,0,0,0,0,0,2.0,Vivo,Nord,Vi,Marathi,Android,16,app,play_store,5,6,762.5,meta,brand,ag2,organic,1
103622,Thu,18,Android,0,1,Female,29.0,Unknown,Delhi,0,0,0,1,0,0,0,0,1.2,Samsung,A12,Airtel,Bengali,Android,17,app,play_store,10,4,586.4,influencer,remarketing,ag3,none,0
103623,Sun,12,Android,0,3,Male,27.0,Indore,Rajasthan,0,0,0,0,0,1,0,0,2.1,OnePlus,Note 10,Airtel,Hindi,Android,16,app,play_store,5,3,187.6,referral,remarketing,ag3,none,0
103624,Sat,11,Android,0,1,Male,50.0,Indore,MP,1,1,0,0,0,0,0,0,2.0,Apple,Reno,BSNL,Marathi,Android,12,app,app_store,7,6,442.2,influencer,none,ag1,organic,0
103625,Thu,6,Android,0,1,Male,21.0,Mumbai,MP,0,0,0,1,0,0,0,0,1.2,Vivo,A12,Jio,Tamil,iOS,15,app,app_store,6,6,421.2,google,generic,none,crm,0
103626,Wed,11,Android,0,1,Male,37.0,Pune,Maharashtra,0,1,0,0,0,0,0,1,1.2,Apple,Reno,Airtel,English,Android,16,app,app_store,7,4,606.1,organic,generic,ag2,organic,0
103627,Tue,20,iOS,0,1,Male,30.0,Pune,Delhi,1,0,0,0,0,0,0,0,2.1,Xiaomi,Nord,Other,Tamil,Android,11,app,play_store,12,3,563.3,referral,brand,ag2,organic,0
103628,Wed,3,Android,0,3,Male,23.0,Mumbai,MP,0,0,0,0,0,0,0,0,1.1,Vivo,Note 10,BSNL,Bengali,Android,14,app,app_store,10,1,348.0,influencer,generic,ag1,crm,0
103629,Wed,1,Android,0,1,Male,30.0,Mumbai,Unknown,0,0,0,1,0,0,0,0,1.0,Oppo,Note 10,Airtel,Hindi,Android,17,app,play_store,9,4,30.3,organic,remarketing,ag1,organic,1
103630,Sun,1,Android,0,1,Female,19.0,Jaipur,Delhi,0,0,0,0,0,0,1,0,2.1,Apple,A12,Vi,Bengali,Android,15,app,play_store,10,1,433.7,organic,brand,none,crm,0
103631,Mon,4,iOS,0,1,Male,25.0,Indore,Rajasthan,1,0,0,0,1,0,0,0,2.0,Oppo,iPhone 13,Jio,English,Android,15,app,play_store,4,0,203.6,google,activation,ag2,paid,0
103632,Sun,22,Android,0,1,Male,30.0,Jaipur,Maharashtra,0,0,0,1,0,0,0,0,1.2,Oppo,Note 10,BSNL,Hindi,Android,15,app,play_store,7,2,299.2,organic,brand,ag3,paid,0
103633,Fri,9,Android,1,1,Male,18.0,Indore,Rajasthan,0,0,0,0,0,0,1,1,2.1,Apple,Y21,Other,Hindi,Android,16,app,web,9,4,76.1,influencer,activation,none,organic,0
103634,Thu,9,iOS,0,3,Unknown,34.0,Bangalore,Unknown,0,0,0,0,0,0,0,0,1.2,Vivo,Note 10,BSNL,English,Android,16,app,web,9,1,399.2,influencer,activation,ag2,crm,0
103635,Tue,8,Android,1,1,Male,22.0,Pune,MP,0,1,0,0,0,1,0,0,1.1,OnePlus,Reno,Jio,Bengali,Android,17,app,play_store,7,4,618.9,meta,none,ag3,organic,0
103636,Sun,12,Android,0,2,Male,18.0,Indore,MP,0,0,0,0,0,0,0,0,1.2,Oppo,Y21,Jio,Tamil,Android,14,app,play_store,15,4,81.3,google,generic,ag3,none,0
103637,Thu,6,iOS,0,1,Male,21.0,Bangalore,Delhi,0,0,0,0,0,0,0,0,1.0,Vivo,iPhone 13,BSNL,English,Android,14,app,play_store,11,5,322.9,organic,activation,ag1,paid,1
103638,Sat,4,Android,1,1,Female,47.0,Unknown,MP,0,0,0,0,0,0,0,0,2.0,Oppo,Nord,Other,Marathi,iOS,13,app,play_store,5,1,212.6,organic,brand,ag1,none,0
103639,Thu,9,Web,0,4,Female,18.0,Jaipur,Unknown,0,0,0,0,0,1,0,1,1.1,Apple,Reno,BSNL,Tamil,Android,17,web,play_store,8,1,1140.7,influencer,activation,ag2,none,0
103640,Sat,9,Android,1,1,Female,33.0,Pune,Delhi,0,0,0,0,1,0,1,1,1.2,Samsung,Y21,Vi,Hindi,Android,13,app,play_store,6,2,1010.9,organic,generic,ag3,crm,0
103641,Sun,5,Android,0,1,Male,24.0,Bangalore,Unknown,0,0,0,0,0,1,0,0,1.0,OnePlus,Y21,BSNL,English,Android,13,app,play_store,9,3,204.4,organic,none,ag2,paid,1
103642,Fri,18,iOS,0,1,Female,27.0,Bangalore,Karnataka,0,1,1,0,0,0,0,1,1.0,Vivo,Nord,Airtel,English,Android,17,app,play_store,4,1,64.5,google,generic,ag1,organic,0
103643,Sun,20,Android,1,1,Female,35.0,Mumbai,MP,0,0,0,0,0,0,0,0,2.0,Oppo,Note 10,Airtel,Marathi,Android,12,web,play_store,10,2,257.5,organic,none,none,none,1
103644,Sat,7,iOS,0,1,Female,34.0,Delhi,Rajasthan,0,1,0,1,0,0,0,0,1.1,Samsung,Y21,Other,Bengali,Android,16,web,play_store,10,4,109.7,influencer,generic,ag2,none,0
103645,Thu,0,iOS,0,2,Female,25.0,Delhi,Rajasthan,0,1,0,0,0,0,0,0,2.0,OnePlus,Y21,Airtel,Marathi,iOS,14,app,play_store,8,4,59.0,influencer,activation,ag3,crm,0
103646,Thu,16,iOS,0,4,Male,19.0,Delhi,Delhi,0,0,0,0,0,0,0,0,2.0,Samsung,Nord,Airtel,Marathi,Android,12,app,play_store,11,6,173.9,referral,none,ag3,none,0
103647,Sat,6,Web,0,1,Male,35.0,Bangalore,Unknown,1,0,0,0,0,0,0,0,1.0,Samsung,Note 10,BSNL,Bengali,Android,12,app,app_store,8,3,74.0,meta,remarketing,ag1,paid,0
103648,Wed,13,Android,0,1,Female,34.0,Indore,Unknown,1,1,0,0,0,0,0,0,2.1,OnePlus,A12,BSNL,Hindi,iOS,14,app,play_store,8,4,140.5,google,remarketing,ag2,crm,0
103649,Fri,20,Android,0,2,Female,28.0,Jaipur,Unknown,0,1,0,0,0,0,0,1,1.2,Apple,Reno,Jio,English,iOS,14,app,play_store,5,1,508.0,influencer,generic,ag2,paid,0
103650,Mon,20,Android,1,1,Male,34.0,Delhi,Unknown,0,0,1,0,0,0,0,1,1.1,Apple,Y21,Airtel,Tamil,Android,13,app,play_store,8,2,47.3,google,brand,ag3,crm,0
103651,Tue,16,Android,1,1,Male,26.0,Indore,Karnataka,0,0,0,0,0,0,0,0,2.1,Apple,iPhone 13,Airtel,Hindi,Android,11,app,app_store,9,2,1306.2,meta,brand,ag3,organic,1
103652,Thu,8,iOS,0,1,Female,23.0,Unknown,MP,0,0,0,1,0,0,0,1,2.0,Apple,Nord,Jio,Hindi,Android,16,app,play_store,8,5,815.6,influencer,brand,none,none,0
103653,Tue,16,Android,1,1,Male,30.0,Unknown,Unknown,0,0,0,0,0,1,0,0,1.1,Vivo,Y21,Jio,Hindi,Android,12,app,play_store,10,4,417.3,meta,activation,ag2,paid,0
103654,Mon,4,Android,0,1,Male,34.0,Pune,Maharashtra,1,1,0,0,1,1,0,1,2.0,Oppo,Note 10,Other,Tamil,Android,14,app,app_store,12,2,735.4,organic,none,ag1,paid,0
103655,Sun,19,Android,0,1,Male,32.0,Jaipur,Maharashtra,0,1,0,0,0,0,0,0,1.1,Vivo,iPhone 13,Jio,English,Android,14,app,play_store,5,3,302.1,influencer,brand,ag1,none,0
103656,Tue,7,Android,1,1,Unknown,34.0,Jaipur,Rajasthan,0,0,0,0,0,0,0,1,1.1,Samsung,A12,Jio,Hindi,Android,17,app,play_store,8,2,1024.1,referral,remarketing,ag1,organic,1
103657,Mon,5,Web,1,1,Unknown,24.0,Delhi,MP,0,0,0,0,1,0,0,0,1.2,OnePlus,iPhone 13,Airtel,Marathi,Android,17,app,play_store,12,4,262.7,organic,activation,none,none,0
103658,Sat,10,Android,1,1,Male,43.0,Bangalore,Maharashtra,1,1,0,0,0,0,0,1,1.0,Oppo,Reno,Vi,Tamil,Android,16,app,play_store,9,2,224.3,influencer,generic,ag1,paid,1
103659,Wed,18,Android,0,1,Female,27.0,Mumbai,Delhi,1,0,0,0,0,0,0,0,1.2,Oppo,Reno,Other,Bengali,Android,17,app,play_store,7,3,430.6,organic,remarketing,ag3,organic,0
103660,Thu,3,iOS,0,1,Male,29.0,Unknown,MP,1,0,0,0,1,0,0,1,1.2,OnePlus,Y21,Other,English,Android,13,app,web,6,4,486.6,referral,remarketing,ag2,organic,0
103661,Mon,17,Android,1,1,Male,19.0,Bangalore,Rajasthan,0,0,0,0,0,1,0,1,2.1,OnePlus,iPhone 13,BSNL,Marathi,iOS,17,app,web,6,5,313.7,influencer,none,ag2,organic,0
103662,Tue,0,Android,0,1,Female,28.0,Jaipur,Karnataka,0,0,0,0,0,0,0,0,1.2,Samsung,A12,Other,Tamil,Android,13,app,play_store,12,5,583.4,google,none,ag3,organic,1
103663,Thu,12,Android,1,2,Male,34.0,Unknown,Delhi,0,0,0,0,0,1,0,1,1.1,Xiaomi,Note 10,Jio,Tamil,Android,17,app,play_store,8,1,575.4,organic,brand,ag2,none,1
103664,Wed,13,Android,0,4,Male,36.0,Indore,Delhi,0,0,0,1,0,1,0,0,2.0,OnePlus,A12,Other,Bengali,Android,12,app,play_store,11,4,62.5,referral,brand,ag1,paid,0
103665,Sat,23,Android,1,1,Female,42.0,Unknown,Unknown,1,0,0,0,0,0,0,1,2.1,Oppo,Reno,Other,Tamil,Android,17,app,play_store,5,1,115.6,google,generic,none,none,0
103666,Sun,0,iOS,0,1,Male,34.0,Pune,MP,0,1,0,0,0,0,0,0,1.1,Vivo,Reno,BSNL,English,Android,11,app,play_store,8,4,1755.7,referral,activation,ag3,crm,1
103667,Thu,10,Android,0,3,Male,32.0,Jaipur,Karnataka,0,1,0,0,1,0,0,0,2.0,Oppo,A12,BSNL,Marathi,Android,11,app,play_store,4,2,125.7,referral,none,ag3,paid,0
103668,Sun,16,iOS,0,1,Female,26.0,Bangalore,Delhi,0,0,0,1,0,0,0,0,2.0,OnePlus,Nord,Other,Tamil,iOS,17,app,play_store,9,2,408.0,google,none,ag3,none,0
103669,Mon,3,iOS,1,4,Female,25.0,Jaipur,Karnataka,0,0,0,0,0,0,0,0,2.1,OnePlus,Nord,Airtel,Bengali,Android,15,app,app_store,7,2,532.4,referral,brand,ag2,crm,0
103670,Wed,11,Android,1,1,Male,38.0,Mumbai,Rajasthan,0,0,0,0,0,0,0,0,1.2,Samsung,Reno,Jio,English,Android,15,app,app_store,8,0,81.7,influencer,brand,ag2,paid,0
103671,Tue,9,Android,0,1,Male,38.0,Unknown,Delhi,0,0,0,0,0,1,0,0,2.1,Samsung,A12,Jio,Tamil,Android,13,app,play_store,16,2,467.0,organic,none,none,organic,0
103672,Wed,5,Android,1,1,Female,21.0,Mumbai,Maharashtra,0,0,0,0,0,1,0,1,2.1,OnePlus,iPhone 13,Jio,Hindi,iOS,16,web,play_store,8,2,52.3,referral,remarketing,ag3,paid,0
103673,Wed,0,Android,0,1,Unknown,36.0,Pune,Rajasthan,0,0,1,1,0,1,0,0,2.1,Vivo,iPhone 13,BSNL,Hindi,iOS,16,app,play_store,5,3,524.3,meta,generic,ag1,crm,0
103674,Fri,6,iOS,0,1,Male,35.0,Delhi,Rajasthan,0,1,0,0,0,1,0,0,2.0,Samsung,A12,Jio,Bengali,Android,12,app,play_store,10,5,75.0,influencer,brand,ag2,paid,0
103675,Wed,20,Android,0,1,Unknown,21.0,Bangalore,Unknown,1,1,0,0,0,0,0,0,1.2,Oppo,iPhone 13,Airtel,Hindi,Android,17,web,play_store,8,2,519.9,organic,brand,ag2,organic,0
103676,Wed,15,Android,0,1,Female,34.0,Jaipur,Delhi,0,1,0,0,0,0,0,0,1.0,Apple,Note 10,Jio,Hindi,Android,15,app,play_store,8,6,391.0,influencer,none,ag1,paid,0
103677,Thu,23,Android,0,1,Female,22.0,Bangalore,Maharashtra,0,0,0,1,1,0,0,0,2.0,Vivo,iPhone 13,BSNL,English,iOS,12,app,play_store,10,1,256.7,referral,none,ag3,crm,1
103678,Tue,13,Android,0,1,Male,18.0,Mumbai,Karnataka,0,0,0,0,0,0,0,0,2.1,Samsung,iPhone 13,Airtel,English,iOS,11,app,play_store,8,1,359.8,google,none,ag3,none,0
103679,Thu,22,Android,1,1,Male,29.0,Indore,Maharashtra,0,0,0,0,0,0,0,1,2.0,Xiaomi,A12,Other,Marathi,Android,13,app,play_store,9,3,253.0,organic,remarketing,ag1,none,0
103680,Thu,19,Android,1,1,Male,32.0,Bangalore,Rajasthan,1,0,0,0,1,0,0,0,1.1,Xiaomi,iPhone 13,Vi,Marathi,Android,12,app,play_store,7,1,100.6,google,generic,ag2,paid,0
103681,Mon,19,Android,0,1,Male,29.0,Unknown,Delhi,1,0,0,0,0,0,1,0,1.2,Apple,iPhone 13,Airtel,Marathi,Android,16,web,play_store,11,2,196.1,referral,activation,ag2,organic,0
103682,Thu,5,Android,0,1,Unknown,53.0,Mumbai,Maharashtra,0,0,0,0,0,1,0,0,1.0,Oppo,Nord,BSNL,English,Android,11,app,play_store,6,4,6.0,referral,none,ag1,paid,0
103683,Fri,21,Android,1,1,Male,33.0,Indore,Maharashtra,0,0,0,0,0,1,0,0,1.2,OnePlus,Nord,Airtel,English,iOS,11,app,play_store,6,4,102.7,referral,remarketing,none,none,0
103684,Fri,4,iOS,1,1,Female,31.0,Delhi,Rajasthan,0,0,0,0,1,0,0,0,1.1,Apple,iPhone 13,Airtel,English,Android,12,app,play_store,10,3,192.2,organic,activation,ag2,paid,0
103685,Sun,23,Android,0,1,Male,33.0,Unknown,Karnataka,0,1,0,0,0,0,0,0,1.0,Oppo,iPhone 13,BSNL,Hindi,Android,12,app,play_store,8,2,252.7,google,brand,ag2,organic,1
103686,Mon,20,Android,1,3,Female,26.0,Delhi,Maharashtra,1,0,0,0,0,0,0,0,2.0,OnePlus,Reno,Vi,Marathi,iOS,15,app,play_store,14,5,287.9,referral,brand,ag1,none,0
103687,Sun,17,Android,0,1,Male,37.0,Mumbai,Unknown,0,0,0,0,0,0,0,0,1.0,OnePlus,A12,Other,Hindi,iOS,15,web,play_store,7,4,524.0,influencer,activation,ag1,paid,0
103688,Sun,14,Android,0,1,Male,33.0,Unknown,Maharashtra,0,0,0,0,0,1,0,0,2.1,Xiaomi,Note 10,BSNL,Marathi,iOS,17,app,web,7,2,115.4,google,none,none,organic,0
103689,Sat,5,iOS,0,1,Male,33.0,Mumbai,MP,0,0,1,0,0,0,0,0,1.1,Samsung,Nord,Other,Bengali,Android,14,web,app_store,4,3,232.2,meta,none,ag3,organic,0
103690,Tue,18,Android,0,1,Female,25.0,Delhi,Rajasthan,0,0,0,0,0,0,0,1,2.1,Apple,Y21,Other,Hindi,Android,16,app,play_store,10,3,185.2,organic,none,none,organic,0
103691,Tue,0,Android,1,1,Male,18.0,Mumbai,MP,0,0,0,0,0,0,0,0,1.1,Samsung,iPhone 13,Jio,Marathi,Android,11,app,play_store,9,2,181.4,google,generic,none,crm,1
103692,Thu,0,iOS,0,4,Male,26.0,Unknown,Rajasthan,1,0,1,1,1,0,0,0,2.0,Xiaomi,Y21,Airtel,Tamil,Android,14,app,play_store,8,5,500.9,organic,brand,ag1,organic,0
103693,Thu,12,iOS,0,1,Male,32.0,Pune,Rajasthan,0,0,0,1,0,1,0,0,2.0,Oppo,A12,Vi,Bengali,Android,15,app,play_store,8,3,101.3,google,activation,ag1,organic,0
103694,Sat,2,Android,1,1,Unknown,26.0,Bangalore,MP,1,0,0,0,0,0,0,0,2.1,OnePlus,Y21,Other,Hindi,Android,11,app,app_store,4,1,109.8,influencer,generic,none,organic,0
103695,Thu,9,Android,1,2,Female,32.0,Pune,Karnataka,0,0,0,0,0,1,0,0,1.1,Samsung,Note 10,Other,Hindi,Android,12,web,play_store,6,3,239.8,referral,brand,none,crm,1
103696,Tue,20,Android,1,1,Female,28.0,Indore,Karnataka,1,0,0,1,0,0,0,0,1.1,Xiaomi,Note 10,Airtel,Tamil,Android,11,app,app_store,10,3,349.8,organic,none,ag2,paid,0
103697,Sun,2,Android,0,1,Female,33.0,Mumbai,Rajasthan,0,1,0,0,0,0,0,1,2.0,Vivo,Reno,Jio,English,Android,12,app,play_store,7,2,246.8,organic,brand,ag1,organic,0
103698,Wed,8,iOS,0,1,Male,22.0,Mumbai,MP,0,1,0,0,0,0,0,1,1.2,OnePlus,A12,Jio,Tamil,Android,13,app,play_store,6,4,798.4,referral,generic,ag3,none,0
103699,Fri,7,Android,1,1,Female,32.0,Unknown,Maharashtra,0,0,0,0,0,1,0,0,2.1,Apple,Nord,Vi,English,Android,12,app,play_store,7,2,330.9,google,activation,none,none,0
103700,Wed,2,iOS,0,1,Male,25.0,Indore,Rajasthan,0,0,0,0,0,0,0,0,2.1,Oppo,iPhone 13,Jio,Hindi,Android,11,app,web,7,3,462.9,influencer,generic,ag1,none,0
103701,Wed,12,Android,0,1,Male,18.0,Unknown,Unknown,0,0,0,0,1,1,0,1,1.1,Oppo,Y21,Vi,English,Android,17,web,play_store,5,1,356.2,influencer,activation,ag1,crm,0
103702,Tue,5,Android,0,1,Female,29.0,Bangalore,Rajasthan,0,1,0,0,0,0,0,0,1.0,Vivo,A12,Vi,Tamil,Android,15,app,app_store,8,1,228.6,organic,activation,ag2,crm,0
103703,Wed,12,Android,0,1,Female,42.0,Delhi,Delhi,0,0,0,0,0,0,0,0,2.0,OnePlus,Note 10,Other,Marathi,Android,12,web,play_store,7,1,325.3,influencer,none,ag1,paid,0
103704,Sat,22,iOS,0,3,Male,18.0,Pune,Karnataka,0,1,1,0,0,0,0,0,2.0,OnePlus,Reno,Vi,Bengali,iOS,17,web,app_store,10,1,554.5,referral,none,none,organic,0
103705,Mon,19,Android,0,1,Male,31.0,Bangalore,MP,1,0,0,0,0,0,0,0,1.2,Apple,Note 10,BSNL,Hindi,Android,14,app,app_store,5,4,685.5,influencer,generic,ag2,none,0
103706,Thu,19,Android,0,1,Female,36.0,Delhi,Maharashtra,0,0,0,1,0,1,0,0,1.0,Samsung,A12,Vi,Bengali,Android,13,app,play_store,5,2,182.0,meta,activation,ag2,none,0
103707,Mon,11,Android,0,1,Female,48.0,Delhi,Unknown,0,0,0,1,0,0,0,0,1.0,Xiaomi,A12,Vi,Tamil,Android,16,app,web,12,2,110.3,influencer,remarketing,ag2,organic,0
103708,Sun,12,Android,0,1,Male,26.0,Mumbai,Maharashtra,0,0,0,0,0,0,0,0,1.0,Xiaomi,A12,BSNL,Bengali,Android,13,app,play_store,10,2,250.2,referral,generic,ag3,crm,0
103709,Fri,1,Android,0,1,Male,25.0,Indore,Unknown,1,0,0,0,0,0,0,0,1.2,Samsung,Y21,Airtel,Marathi,Android,12,app,app_store,4,3,171.2,influencer,remarketing,none,none,1
103710,Thu,20,iOS,1,1,Female,21.0,Jaipur,Rajasthan,1,0,0,0,0,0,0,0,2.0,Samsung,Note 10,Jio,Marathi,Android,14,web,web,11,5,299.9,organic,brand,none,crm,1
103711,Wed,23,Android,1,1,Female,39.0,Mumbai,Maharashtra,0,1,0,0,0,0,0,0,1.0,Apple,A12,Jio,Marathi,Android,14,web,play_store,14,2,64.5,referral,brand,none,none,0
103712,Fri,22,iOS,0,1,Unknown,23.0,Unknown,Maharashtra,1,0,0,0,0,0,0,0,2.0,Vivo,iPhone 13,Jio,Tamil,Android,17,app,app_store,12,1,140.5,google,activation,ag1,paid,0
103713,Thu,15,Android,0,1,Male,27.0,Jaipur,Rajasthan,1,0,0,0,0,1,0,0,2.0,Xiaomi,A12,Airtel,Marathi,Android,11,app,play_store,9,3,530.8,referral,brand,ag2,organic,1
103714,Sat,22,Android,0,2,Male,18.0,Indore,Karnataka,0,0,1,1,0,1,0,0,1.2,Vivo,A12,BSNL,Hindi,Android,17,app,play_store,9,3,354.6,google,remarketing,ag3,crm,0
103715,Sat,5,Android,0,1,Male,37.0,Mumbai,Delhi,0,0,0,1,0,0,0,0,2.0,Apple,Y21,Jio,Marathi,Android,16,app,play_store,9,1,958.5,influencer,brand,ag2,none,0
103716,Sat,18,Android,0,1,Female,39.0,Pune,Karnataka,0,0,0,0,0,0,0,0,1.1,Samsung,Reno,Jio,Tamil,Android,13,app,play_store,13,5,206.5,google,remarketing,ag2,none,0
103717,Sat,20,iOS,0,1,Male,37.0,Mumbai,Karnataka,0,1,0,0,0,0,0,1,2.0,OnePlus,Nord,Vi,Marathi,Android,12,app,play_store,7,7,231.8,organic,none,ag2,organic,0
103718,Wed,12,Android,1,1,Male,18.0,Pune,Delhi,0,0,1,1,0,0,0,0,1.1,Xiaomi,Note 10,Airtel,Bengali,Android,14,app,play_store,12,3,67.1,influencer,remarketing,ag3,paid,0
103719,Mon,16,Android,0,1,Male,35.0,Jaipur,Rajasthan,0,1,0,0,0,0,0,0,1.0,Vivo,Reno,Jio,Marathi,Android,12,app,web,5,5,524.6,meta,remarketing,ag3,paid,0
103720,Thu,22,Android,0,1,Female,18.0,Bangalore,Karnataka,0,1,0,0,0,0,0,1,1.1,Oppo,A12,Airtel,Tamil,Android,11,app,play_store,14,3,373.8,organic,activation,ag1,organic,0
103721,Wed,8,iOS,0,2,Male,30.0,Bangalore,MP,0,0,0,0,0,1,0,0,1.0,Xiaomi,Y21,Jio,Bengali,iOS,12,web,play_store,5,3,54.9,meta,activation,none,crm,0
103722,Sat,16,Android,1,1,Female,32.0,Jaipur,MP,1,0,0,0,0,1,0,0,1.1,Oppo,Nord,Jio,English,Android,12,app,play_store,11,6,983.4,influencer,activation,none,crm,0
103723,Sun,1,Android,0,1,Female,32.0,Jaipur,Delhi,0,1,0,0,1,0,0,0,1.1,Oppo,Nord,Jio,Hindi,Android,16,app,app_store,7,0,491.9,influencer,none,none,crm,0
103724,Mon,18,Android,1,2,Female,34.0,Mumbai,MP,0,0,1,0,0,0,0,0,1.0,Oppo,Nord,BSNL,Marathi,Android,14,app,app_store,5,0,224.9,influencer,generic,ag2,organic,1
103725,Sun,18,Android,0,3,Male,30.0,Bangalore,Rajasthan,1,0,0,0,0,0,0,0,1.2,Oppo,A12,Vi,Tamil,Android,16,app,app_store,9,3,368.2,influencer,generic,ag2,paid,0
103726,Fri,23,Android,1,1,Unknown,18.0,Delhi,Maharashtra,0,1,0,0,0,0,0,0,2.0,OnePlus,Reno,BSNL,Hindi,iOS,14,app,play_store,12,4,402.8,meta,activation,ag2,none,0
103727,Sun,6,iOS,1,1,Male,34.0,Pune,Rajasthan,0,0,0,0,0,0,0,0,1.1,Xiaomi,A12,Airtel,Bengali,iOS,14,app,app_store,3,3,662.6,organic,none,ag3,organic,0
103728,Fri,21,Android,1,1,Male,31.0,Jaipur,Delhi,0,0,0,0,0,0,0,1,2.1,Oppo,Y21,Vi,Tamil,iOS,15,app,play_store,6,3,248.4,meta,remarketing,ag3,crm,0
103729,Fri,9,Android,0,1,Unknown,23.0,Unknown,Maharashtra,1,0,0,0,0,0,0,0,1.2,OnePlus,Note 10,Other,Marathi,iOS,11,app,play_store,9,4,337.2,influencer,generic,ag3,crm,0
103730,Sat,9,Android,0,1,Male,18.0,Indore,MP,0,1,0,0,0,0,0,0,2.0,Xiaomi,Y21,BSNL,Marathi,Android,17,app,play_store,10,1,560.5,meta,generic,ag1,crm,0
103731,Fri,19,Android,0,1,Male,42.0,Pune,Karnataka,1,0,0,0,0,0,0,0,1.2,Samsung,Nord,Vi,English,Android,17,app,play_store,4,3,507.3,influencer,activation,ag2,crm,0
103732,Tue,8,Android,1,4,Male,40.0,Mumbai,MP,1,0,0,0,0,1,0,0,1.2,Vivo,Reno,Jio,Hindi,Android,14,app,play_store,6,4,302.9,google,activation,ag2,none,1
103733,Thu,16,Web,0,1,Male,36.0,Bangalore,Rajasthan,0,0,0,0,0,0,0,0,1.0,Vivo,iPhone 13,Jio,Marathi,Android,15,app,play_store,7,3,292.3,google,generic,ag3,crm,1
103734,Thu,14,iOS,0,3,Female,25.0,Bangalore,Rajasthan,0,1,0,0,0,1,0,0,2.1,Vivo,Note 10,BSNL,Bengali,Android,11,app,app_store,7,3,286.2,organic,none,ag3,paid,0
103735,Sat,1,iOS,0,4,Male,18.0,Delhi,Delhi,0,1,0,0,0,0,0,0,2.0,Samsung,Y21,Vi,Bengali,Android,17,web,play_store,11,5,97.0,influencer,activation,none,organic,0
103736,Tue,3,iOS,0,1,Female,36.0,Bangalore,Karnataka,0,0,0,0,0,0,0,0,1.2,Vivo,Note 10,BSNL,Bengali,Android,16,app,play_store,13,2,326.1,referral,activation,ag2,crm,0
103737,Sun,18,Android,0,1,Female,33.0,Mumbai,Karnataka,0,0,0,0,0,1,1,0,1.0,OnePlus,iPhone 13,Other,Bengali,Android,11,app,play_store,7,4,494.7,influencer,remarketing,ag3,paid,0
103738,Wed,16,Android,0,1,Male,27.0,Mumbai,Maharashtra,1,0,1,0,0,0,0,0,2.0,Samsung,Nord,Airtel,Hindi,Android,13,app,app_store,10,6,58.7,google,none,ag2,crm,0
103739,Sun,4,Android,0,1,Male,39.0,Indore,Maharashtra,0,0,0,0,0,1,0,0,1.0,Apple,Y21,BSNL,English,Android,17,app,play_store,4,0,292.4,influencer,generic,ag3,paid,0
103740,Wed,6,Android,0,1,Male,37.0,Pune,Rajasthan,0,1,0,0,0,0,0,0,2.0,Xiaomi,Note 10,Airtel,English,Android,14,app,play_store,13,4,1229.3,google,none,ag3,organic,1
103741,Fri,17,Android,1,1,Female,31.0,Unknown,Delhi,0,0,0,0,1,1,0,1,1.2,Apple,Note 10,Vi,Tamil,iOS,13,app,play_store,10,3,77.1,influencer,remarketing,ag3,crm,1
103742,Mon,20,Android,1,1,Female,30.0,Pune,Rajasthan,0,1,0,0,0,0,0,0,1.1,Samsung,A12,Other,Hindi,Android,15,app,play_store,7,3,296.3,meta,none,ag3,none,0
103743,Wed,21,Android,1,1,Female,30.0,Pune,Unknown,0,0,0,0,0,0,0,0,2.1,Oppo,Nord,BSNL,Tamil,Android,17,app,play_store,5,2,365.6,organic,none,ag1,organic,0
103744,Mon,6,iOS,0,1,Male,35.0,Unknown,Karnataka,0,0,0,1,0,0,0,1,1.1,Samsung,Reno,Vi,Marathi,iOS,15,app,play_store,7,5,57.0,referral,activation,ag2,organic,1
103745,Thu,16,iOS,1,1,Male,23.0,Indore,Karnataka,1,1,0,0,0,0,0,0,1.1,OnePlus,Y21,BSNL,Tamil,iOS,15,web,play_store,9,4,114.2,meta,generic,ag2,organic,1
103746,Mon,6,iOS,0,1,Male,33.0,Indore,Rajasthan,0,0,1,0,1,0,0,0,1.2,Xiaomi,Nord,Jio,Bengali,Android,17,app,play_store,9,4,78.6,google,generic,ag3,crm,0
103747,Thu,3,Android,0,1,Male,23.0,Indore,Karnataka,1,0,0,1,0,0,0,0,1.0,Apple,Reno,Vi,English,Android,16,app,play_store,9,3,309.7,organic,remarketing,none,organic,0
103748,Tue,7,Android,0,4,Male,41.0,Delhi,Maharashtra,1,0,0,0,0,0,0,0,2.1,Samsung,A12,Other,English,Android,12,app,play_store,5,4,315.6,meta,none,ag1,organic,0
103749,Tue,12,Android,0,2,Unknown,34.0,Indore,Karnataka,0,1,0,0,0,0,0,0,1.1,Xiaomi,Reno,Vi,English,Android,11,app,play_store,3,7,356.2,organic,none,ag2,organic,0
103750,Sat,3,Android,0,1,Male,24.0,Bangalore,Maharashtra,0,0,0,0,0,0,0,0,1.0,Oppo,iPhone 13,Other,Hindi,iOS,12,app,app_store,11,3,508.8,organic,brand,ag1,organic,0
103751,Sat,5,Android,1,1,Unknown,31.0,Jaipur,MP,0,1,0,0,0,1,0,0,2.1,OnePlus,Reno,Jio,Bengali,Android,16,app,play_store,7,3,328.0,google,activation,ag2,organic,0
103752,Fri,4,Android,0,1,Male,23.0,Delhi,Delhi,0,1,0,0,1,0,0,0,1.2,Apple,Nord,Jio,Tamil,Android,14,app,app_store,12,5,333.0,google,generic,ag2,organic,0
103753,Wed,11,Android,0,1,Unknown,42.0,Unknown,Delhi,0,0,0,0,0,0,0,0,2.1,Apple,A12,Airtel,Marathi,Android,17,app,app_store,8,5,15.4,influencer,none,ag1,paid,0
103754,Fri,3,Android,0,1,Male,43.0,Bangalore,Karnataka,0,1,0,0,0,0,0,0,2.0,Vivo,iPhone 13,Airtel,Hindi,Android,16,app,play_store,8,0,424.4,meta,remarketing,ag2,paid,0
103755,Thu,23,Android,0,1,Unknown,36.0,Unknown,Delhi,0,0,1,0,0,0,1,1,1.2,Apple,Nord,Jio,Marathi,Android,13,app,play_store,13,3,930.2,influencer,activation,ag3,organic,0
103756,Fri,8,Android,0,1,Male,42.0,Pune,Unknown,0,0,0,1,0,0,0,0,1.1,Vivo,iPhone 13,Jio,Hindi,Android,12,app,play_store,11,2,282.4,meta,generic,none,paid,0
103757,Mon,3,Android,0,4,Unknown,31.0,Mumbai,MP,0,1,0,1,0,1,0,0,2.0,Apple,Reno,Airtel,Bengali,Android,15,app,play_store,6,4,188.8,google,remarketing,ag2,crm,0
103758,Thu,18,Android,1,1,Male,36.0,Pune,Karnataka,0,0,0,1,0,0,0,0,1.0,Apple,Y21,Airtel,Hindi,Android,16,app,play_store,5,4,247.2,organic,brand,ag1,organic,0
103759,Sat,23,Android,0,1,Male,40.0,Indore,Maharashtra,0,0,0,0,0,0,0,0,1.1,Samsung,Note 10,Airtel,Marathi,iOS,13,app,play_store,10,3,120.1,meta,generic,none,none,0
103760,Tue,13,Android,0,1,Male,30.0,Mumbai,MP,0,0,0,1,0,1,0,1,2.0,Oppo,Reno,Vi,Hindi,Android,17,web,play_store,6,5,1155.4,google,activation,none,paid,1
103761,Sat,4,Android,1,4,Male,31.0,Pune,Unknown,1,0,1,0,0,1,0,0,1.2,OnePlus,iPhone 13,Jio,Bengali,iOS,16,app,play_store,7,3,764.7,organic,remarketing,ag3,none,1
103762,Wed,17,iOS,1,1,Female,37.0,Delhi,MP,0,0,0,0,0,1,0,0,2.0,Oppo,Note 10,BSNL,English,Android,15,app,app_store,9,1,481.9,google,remarketing,none,organic,0
103763,Thu,9,iOS,1,2,Unknown,35.0,Indore,Delhi,1,0,0,0,0,1,0,0,2.0,Apple,Y21,Other,Hindi,Android,11,app,play_store,6,3,268.8,meta,brand,ag2,paid,1
103764,Thu,18,Android,0,1,Female,24.0,Pune,Unknown,0,0,0,0,0,0,0,0,1.1,Apple,Reno,Other,Marathi,Android,15,app,play_store,4,1,446.0,referral,activation,ag2,none,1
103765,Mon,11,Android,0,1,Female,18.0,Mumbai,Maharashtra,0,1,0,0,0,0,0,0,2.0,Vivo,Reno,Other,Marathi,iOS,15,app,play_store,4,3,306.3,meta,generic,ag3,crm,0
103766,Wed,17,Android,0,1,Male,29.0,Bangalore,Rajasthan,0,1,0,0,0,0,0,1,2.1,Oppo,iPhone 13,Other,Hindi,iOS,11,app,play_store,8,5,316.0,organic,generic,ag2,paid,0
103767,Tue,16,Android,1,1,Female,18.0,Pune,MP,1,0,1,0,0,0,0,0,1.1,OnePlus,Note 10,Airtel,Bengali,Android,14,app,play_store,4,1,51.6,google,remarketing,ag1,organic,0
103768,Sun,23,Android,1,1,Male,22.0,Delhi,Delhi,0,0,1,0,0,0,0,0,2.1,Samsung,iPhone 13,Airtel,Tamil,Android,14,app,play_store,8,2,57.0,meta,activation,ag3,crm,0
103769,Thu,10,Android,0,3,Female,23.0,Mumbai,MP,1,0,0,0,0,1,0,0,2.0,Oppo,A12,Jio,English,Android,12,app,play_store,5,1,428.7,organic,activation,none,organic,1
103770,Thu,2,Android,0,1,Male,25.0,Pune,Maharashtra,0,1,0,0,0,0,0,0,2.1,Xiaomi,iPhone 13,Airtel,Bengali,iOS,11,app,app_store,6,1,683.9,meta,remarketing,ag1,paid,0
103771,Mon,22,Android,1,1,Female,37.0,Bangalore,Maharashtra,0,0,0,0,0,0,0,0,1.2,Oppo,iPhone 13,Other,Tamil,Android,14,app,play_store,9,4,717.7,meta,remarketing,none,organic,0
103772,Fri,16,Android,0,1,Male,38.0,Indore,Karnataka,0,0,0,1,1,0,0,0,1.2,Samsung,Reno,Vi,Marathi,Android,16,app,play_store,14,3,211.6,meta,activation,none,none,1
103773,Tue,0,Android,0,1,Male,34.0,Indore,Rajasthan,1,1,0,1,0,0,0,0,2.0,Oppo,Nord,Vi,Hindi,iOS,11,app,play_store,11,2,519.1,influencer,brand,ag3,crm,0
103774,Sat,14,iOS,0,1,Male,35.0,Unknown,Rajasthan,1,0,0,0,0,0,0,0,2.1,OnePlus,Nord,BSNL,Marathi,iOS,13,web,play_store,4,2,876.2,meta,generic,ag2,crm,0
103775,Wed,8,Android,0,1,Male,35.0,Indore,Delhi,0,0,0,1,0,1,1,0,2.0,Samsung,Y21,Jio,Hindi,iOS,17,app,play_store,10,3,62.2,organic,brand,ag1,none,0
103776,Thu,14,Android,1,1,Male,18.0,Jaipur,Rajasthan,1,0,0,1,0,1,0,0,1.2,Vivo,Y21,Vi,English,Android,17,app,play_store,12,3,261.3,influencer,remarketing,none,organic,0
103777,Thu,23,Web,0,1,Male,30.0,Mumbai,Maharashtra,1,1,0,0,0,0,0,0,2.1,Apple,Y21,Vi,Hindi,Android,14,app,play_store,4,2,302.2,influencer,brand,none,organic,0
103778,Sat,2,Web,0,1,Female,18.0,Unknown,Rajasthan,0,0,1,1,1,0,0,0,1.2,OnePlus,Note 10,Vi,Marathi,Android,15,app,play_store,12,4,818.5,meta,brand,ag1,none,0
103779,Tue,21,Android,0,2,Male,34.0,Unknown,Delhi,0,0,0,0,0,0,0,0,2.1,OnePlus,Y21,Other,Tamil,Android,12,app,play_store,11,2,449.4,referral,activation,ag2,paid,0
103780,Fri,18,Android,0,1,Female,18.0,Unknown,MP,0,1,0,1,0,0,0,0,1.1,Vivo,Y21,Other,Tamil,Android,17,app,play_store,7,2,409.0,google,remarketing,none,organic,1
103781,Thu,12,Android,0,2,Male,29.0,Jaipur,Rajasthan,0,1,0,0,0,0,1,1,2.0,Apple,Nord,BSNL,Tamil,Android,16,app,app_store,10,3,72.0,referral,brand,ag3,crm,1
103782,Tue,11,Android,0,1,Male,34.0,Unknown,Rajasthan,1,0,0,1,0,0,0,0,2.1,Vivo,iPhone 13,Airtel,Hindi,Android,14,app,play_store,9,3,405.3,organic,remarketing,ag2,none,0
103783,Sat,19,iOS,0,1,Female,21.0,Bangalore,Maharashtra,0,0,0,0,0,0,1,0,2.1,Vivo,Reno,Airtel,Bengali,Android,16,web,play_store,5,2,411.6,referral,none,ag2,organic,1
103784,Mon,0,Web,1,1,Male,38.0,Bangalore,Maharashtra,1,0,0,0,0,1,0,0,1.1,Apple,Y21,Airtel,Marathi,Android,14,app,play_store,9,4,67.0,organic,brand,ag2,crm,1
103785,Fri,20,Android,1,1,Male,34.0,Pune,MP,1,0,0,0,0,0,0,0,1.0,Samsung,Y21,Vi,Marathi,Android,13,web,play_store,15,3,208.8,meta,brand,ag2,organic,0
103786,Wed,16,Android,0,2,Female,33.0,Indore,Unknown,1,0,0,0,0,0,0,0,1.1,Xiaomi,iPhone 13,Airtel,Bengali,Android,11,app,play_store,13,1,80.7,influencer,brand,ag2,organic,0
103787,Thu,12,Android,0,1,Male,36.0,Mumbai,Unknown,0,0,0,1,0,1,0,0,2.1,Apple,Nord,Airtel,Tamil,Android,17,app,app_store,10,3,176.9,meta,remarketing,ag2,paid,0
103788,Tue,0,Android,1,2,Female,27.0,Jaipur,Karnataka,0,0,0,0,0,0,0,1,1.0,Samsung,Reno,Other,Tamil,Android,17,app,app_store,8,2,274.5,organic,generic,none,crm,0
103789,Mon,9,iOS,0,1,Male,31.0,Jaipur,Rajasthan,0,0,0,1,0,1,0,1,1.2,Samsung,Nord,Other,Marathi,Android,16,app,play_store,12,1,589.2,google,brand,ag1,paid,0
103790,Wed,14,iOS,1,1,Male,30.0,Indore,Maharashtra,1,0,0,0,1,1,0,0,2.0,Samsung,iPhone 13,Airtel,Hindi,Android,15,app,web,8,1,601.3,influencer,brand,ag1,paid,0
103791,Sun,6,Android,0,2,Female,30.0,Jaipur,Karnataka,0,0,0,1,1,0,0,0,1.0,OnePlus,Nord,Other,Hindi,Android,17,app,app_store,12,6,295.5,influencer,generic,ag2,none,0
103792,Tue,21,Android,1,1,Female,25.0,Indore,Rajasthan,0,1,0,0,0,0,0,0,1.2,Oppo,Reno,Other,English,iOS,16,app,play_store,7,2,181.7,meta,none,ag3,crm,0
103793,Tue,17,Android,1,1,Male,20.0,Pune,Rajasthan,0,0,0,0,0,0,0,0,2.1,Apple,Nord,Vi,Tamil,iOS,15,app,app_store,5,3,194.6,organic,remarketing,ag3,crm,0
103794,Wed,15,Android,1,1,Female,27.0,Pune,Karnataka,0,0,0,0,0,1,0,0,1.0,Apple,A12,BSNL,Marathi,iOS,13,app,play_store,10,3,24.4,google,brand,ag3,paid,0
103795,Mon,13,iOS,1,3,Unknown,27.0,Pune,Maharashtra,0,0,0,0,0,0,0,1,1.1,Vivo,Note 10,Other,Hindi,Android,11,app,play_store,14,2,160.9,google,none,none,paid,0
103796,Sun,17,Android,1,1,Male,24.0,Delhi,MP,0,0,0,1,0,0,0,0,2.0,Apple,iPhone 13,BSNL,English,Android,12,app,play_store,5,3,527.6,referral,brand,ag3,organic,0
103797,Sat,6,Android,0,1,Male,37.0,Delhi,Unknown,0,0,0,0,0,0,0,1,1.1,Samsung,Note 10,Jio,Bengali,Android,11,app,web,12,5,193.8,meta,none,none,paid,0
103798,Mon,16,Android,0,1,Unknown,21.0,Jaipur,Rajasthan,1,0,0,0,0,0,0,0,1.1,Xiaomi,iPhone 13,Airtel,Hindi,Android,15,app,play_store,7,2,269.1,meta,generic,none,paid,0
103799,Fri,17,iOS,0,1,Male,29.0,Mumbai,Delhi,0,0,0,0,0,0,0,0,2.0,Xiaomi,A12,BSNL,Hindi,iOS,17,app,app_store,11,3,650.2,organic,activation,ag2,crm,0
103800,Thu,11,Android,1,3,Male,39.0,Mumbai,Delhi,0,0,0,0,0,0,0,0,1.1,Vivo,Reno,BSNL,Marathi,Android,12,app,play_store,7,7,302.0,influencer,brand,none,none,0
103801,Wed,7,iOS,1,2,Male,37.0,Pune,Delhi,0,0,0,0,0,0,0,0,2.1,Apple,iPhone 13,Jio,Tamil,iOS,15,app,play_store,6,2,637.2,organic,none,ag1,paid,0
103802,Sat,21,iOS,0,1,Female,40.0,Bangalore,MP,1,0,0,1,0,0,0,0,1.1,Xiaomi,iPhone 13,Airtel,Marathi,Android,16,app,play_store,7,5,146.7,google,none,ag2,paid,0
103803,Sun,1,Web,0,1,Unknown,25.0,Mumbai,Unknown,1,0,0,0,0,1,0,0,2.1,Apple,iPhone 13,Airtel,Bengali,Android,14,app,play_store,4,4,483.8,google,generic,ag3,none,0
103804,Wed,6,Android,1,1,Female,36.0,Jaipur,Rajasthan,1,0,0,0,0,0,0,1,1.1,Vivo,A12,Airtel,Tamil,Android,15,app,app_store,6,4,674.5,meta,none,none,organic,1
103805,Wed,3,Android,0,1,Unknown,21.0,Unknown,Maharashtra,0,0,0,0,0,0,0,0,2.1,Apple,Reno,Other,Marathi,Android,16,app,play_store,11,2,675.3,google,remarketing,ag1,none,0
103806,Mon,17,Android,0,1,Male,28.0,Delhi,Maharashtra,1,0,0,0,0,0,0,0,1.0,Vivo,Nord,Vi,Hindi,Android,13,app,app_store,10,1,357.7,meta,none,ag1,none,0
103807,Thu,5,Android,1,1,Male,29.0,Unknown,Unknown,0,0,1,0,0,0,0,0,2.1,Oppo,Y21,Vi,Marathi,Android,14,app,app_store,8,7,620.8,influencer,activation,ag2,organic,0
103808,Fri,8,Android,0,1,Female,25.0,Unknown,MP,0,0,0,0,0,1,0,0,2.0,Xiaomi,Reno,Other,Tamil,iOS,11,app,play_store,12,5,234.1,referral,generic,ag2,crm,0
103809,Tue,8,Android,0,1,Unknown,27.0,Jaipur,Unknown,0,0,0,0,0,0,0,0,1.1,Vivo,Note 10,Airtel,English,Android,14,web,play_store,10,1,65.4,organic,generic,ag3,organic,0
103810,Tue,13,Android,0,1,Male,26.0,Jaipur,Rajasthan,0,0,0,1,0,0,0,1,1.0,Vivo,Note 10,Jio,English,Android,16,app,app_store,11,5,1482.3,organic,generic,ag1,none,1
103811,Wed,7,iOS,0,1,Male,22.0,Delhi,Karnataka,0,0,0,0,1,0,0,0,1.1,Vivo,Note 10,Other,Bengali,Android,11,app,play_store,11,6,259.0,meta,none,none,paid,1
103812,Thu,18,Android,0,4,Male,37.0,Indore,Karnataka,0,1,0,0,0,0,0,0,2.1,Vivo,Y21,Other,Marathi,Android,11,app,play_store,10,2,243.7,meta,none,none,paid,0
103813,Sun,2,Android,0,1,Male,29.0,Unknown,Rajasthan,1,0,0,0,0,0,0,1,1.1,Vivo,Nord,BSNL,Hindi,Android,13,app,web,12,2,139.6,meta,generic,ag3,paid,0
103814,Sun,17,iOS,0,1,Male,32.0,Pune,Rajasthan,0,1,0,0,1,0,0,0,1.2,Vivo,A12,Other,Bengali,Android,17,app,play_store,9,4,647.1,google,remarketing,ag3,none,0
103815,Sat,4,iOS,0,1,Male,31.0,Unknown,Maharashtra,0,1,0,0,1,0,0,0,1.0,Apple,iPhone 13,Airtel,Bengali,Android,12,app,play_store,9,4,220.0,organic,activation,ag3,none,0
103816,Mon,13,iOS,0,1,Unknown,30.0,Jaipur,MP,0,0,0,0,0,0,0,0,1.2,OnePlus,iPhone 13,Other,Bengali,Android,15,app,play_store,8,3,538.9,influencer,activation,ag2,crm,0
103817,Thu,3,iOS,0,1,Male,31.0,Bangalore,MP,0,0,0,0,0,0,0,1,1.1,Samsung,Nord,Vi,Tamil,Android,14,app,play_store,7,1,235.7,meta,none,none,none,1
103818,Thu,6,iOS,1,1,Female,28.0,Pune,Unknown,0,0,0,0,0,1,0,0,2.1,Vivo,A12,Vi,English,Android,13,app,app_store,3,3,207.8,referral,brand,ag2,organic,0
103819,Mon,19,Android,0,1,Male,41.0,Unknown,Maharashtra,0,0,0,0,0,0,0,0,1.0,Samsung,Reno,Other,Tamil,iOS,13,app,play_store,8,2,289.3,organic,generic,ag3,paid,0
103820,Sun,11,Android,1,1,Male,36.0,Delhi,Delhi,1,0,0,0,0,0,0,0,1.0,Oppo,iPhone 13,Jio,English,Android,14,app,app_store,9,3,107.1,meta,remarketing,ag3,none,0
103821,Sun,1,Android,1,2,Female,30.0,Bangalore,Karnataka,1,0,0,0,0,0,0,0,2.1,OnePlus,Reno,BSNL,Marathi,Android,16,app,play_store,8,4,1090.7,referral,remarketing,ag1,none,1
103822,Sun,10,Android,0,1,Female,26.0,Mumbai,Rajasthan,0,0,0,0,0,0,0,1,1.0,Oppo,A12,Other,Tamil,Android,12,app,play_store,6,4,213.7,meta,activation,ag1,crm,0
103823,Wed,13,Android,1,4,Male,29.0,Indore,Unknown,0,0,1,0,0,1,0,0,2.1,Xiaomi,Nord,Airtel,Hindi,Android,15,app,app_store,5,3,385.9,referral,remarketing,none,paid,0
103824,Thu,21,Android,0,1,Female,33.0,Jaipur,Karnataka,0,1,0,0,0,1,0,0,1.2,Vivo,Nord,Jio,Marathi,Android,13,app,play_store,9,2,652.2,influencer,remarketing,none,paid,0
103825,Tue,22,Android,1,1,Female,42.0,Delhi,Karnataka,0,0,0,1,0,0,0,0,1.1,OnePlus,Nord,Airtel,Tamil,Android,11,app,play_store,12,4,58.4,organic,generic,ag1,paid,0
103826,Mon,15,Android,0,1,Male,19.0,Indore,Unknown,0,1,0,0,1,0,0,0,1.0,Xiaomi,iPhone 13,Airtel,Hindi,Android,12,app,play_store,7,1,74.6,google,brand,ag1,none,0
103827,Sun,19,Android,1,1,Male,35.0,Jaipur,MP,0,0,0,0,0,0,0,0,1.0,Xiaomi,A12,BSNL,Marathi,Android,15,app,play_store,6,0,255.7,meta,none,ag2,none,0
103828,Sat,5,iOS,0,1,Female,39.0,Unknown,Maharashtra,0,0,0,0,0,0,0,0,1.0,Xiaomi,Note 10,BSNL,Marathi,Android,14,app,app_store,7,6,146.0,google,activation,ag3,paid,0
103829,Sun,22,Android,1,1,Male,18.0,Unknown,Delhi,0,1,0,0,1,0,0,0,1.2,Xiaomi,Note 10,Vi,Hindi,iOS,13,app,play_store,6,4,374.8,organic,remarketing,ag1,none,0
103830,Sun,3,iOS,0,1,Male,29.0,Jaipur,Delhi,0,0,0,0,0,1,0,0,2.1,Apple,iPhone 13,Airtel,Hindi,Android,15,app,play_store,7,2,190.6,organic,activation,ag3,paid,0
103831,Fri,14,Android,1,1,Male,21.0,Pune,Unknown,1,0,0,0,0,1,0,0,2.1,Vivo,Y21,Other,Bengali,Android,13,app,play_store,7,2,125.7,google,generic,ag3,paid,0
103832,Wed,23,iOS,0,1,Male,33.0,Bangalore,Unknown,1,0,0,1,0,0,0,0,1.2,Apple,Y21,Airtel,Tamil,iOS,15,app,play_store,3,3,165.1,referral,remarketing,ag2,crm,0
103833,Mon,0,iOS,1,1,Unknown,27.0,Pune,Maharashtra,1,1,0,0,0,0,0,0,1.1,Xiaomi,Nord,Vi,English,Android,11,app,play_store,7,3,164.0,influencer,generic,ag2,crm,0
103834,Fri,6,Android,0,1,Male,29.0,Indore,Karnataka,1,1,0,1,0,0,0,0,1.2,Vivo,A12,Airtel,Hindi,Android,15,app,play_store,9,6,639.9,referral,remarketing,none,organic,1
103835,Fri,11,Android,0,1,Male,27.0,Unknown,Maharashtra,0,0,0,0,0,1,0,0,1.0,Oppo,Note 10,BSNL,English,Android,16,app,app_store,8,2,488.5,meta,remarketing,none,none,0
103836,Sat,9,Android,0,1,Male,36.0,Delhi,Maharashtra,1,0,0,0,0,0,0,0,1.1,Apple,Nord,Vi,Bengali,Android,11,app,play_store,10,3,148.5,influencer,none,none,crm,0
103837,Thu,4,Web,1,1,Female,32.0,Indore,Rajasthan,0,0,0,1,0,0,0,0,2.0,Oppo,Reno,Jio,English,Android,14,app,play_store,6,3,35.0,meta,remarketing,none,organic,0
103838,Sat,11,iOS,0,1,Female,32.0,Delhi,Rajasthan,1,1,0,0,0,0,0,0,1.1,Vivo,Reno,Airtel,Hindi,Android,12,app,play_store,10,9,13.5,meta,activation,ag3,none,0
103839,Thu,17,iOS,1,1,Unknown,31.0,Unknown,Karnataka,1,0,0,0,0,0,0,0,1.2,OnePlus,iPhone 13,Airtel,Tamil,iOS,15,app,app_store,5,5,331.3,referral,activation,ag2,crm,0
103840,Thu,9,Android,0,1,Female,35.0,Unknown,MP,0,1,0,0,0,0,0,0,1.0,Xiaomi,Y21,BSNL,English,Android,16,app,play_store,9,6,300.2,organic,brand,ag1,organic,0
103841,Mon,5,Android,1,1,Female,28.0,Indore,Delhi,0,0,0,0,0,0,0,0,1.1,Vivo,iPhone 13,Jio,Marathi,iOS,13,app,play_store,11,3,72.3,influencer,remarketing,none,organic,0
103842,Sun,11,iOS,0,1,Male,44.0,Pune,Rajasthan,0,1,0,0,1,1,0,0,2.1,Xiaomi,A12,Airtel,English,iOS,14,app,play_store,14,4,269.1,influencer,none,ag2,crm,0
103843,Mon,6,Android,0,1,Male,20.0,Unknown,Karnataka,0,0,0,0,0,0,0,0,1.1,Oppo,A12,Airtel,Bengali,Android,15,web,play_store,12,5,905.2,referral,activation,ag2,paid,1
103844,Wed,17,Android,1,2,Female,18.0,Indore,Unknown,1,0,0,0,0,0,0,0,2.0,Vivo,A12,Jio,Bengali,Android,17,app,play_store,6,1,145.3,meta,none,none,paid,0
103845,Thu,1,Android,0,1,Female,18.0,Mumbai,Maharashtra,1,0,0,0,0,1,0,0,1.1,Vivo,Y21,BSNL,Hindi,Android,17,app,play_store,6,2,437.8,referral,generic,ag2,crm,0
103846,Fri,9,iOS,0,1,Unknown,18.0,Unknown,Rajasthan,0,0,0,0,0,1,0,0,1.1,Vivo,Y21,Other,Tamil,Android,14,app,play_store,12,1,421.2,meta,none,ag1,paid,0
103847,Sun,14,Android,0,1,Female,35.0,Pune,Maharashtra,0,0,0,0,1,0,0,0,1.1,Apple,Nord,Jio,English,Android,14,app,app_store,10,3,347.2,influencer,generic,ag2,none,0
103848,Tue,11,Android,0,1,Male,34.0,Indore,Maharashtra,0,1,0,0,0,0,0,0,1.0,Samsung,iPhone 13,BSNL,Hindi,Android,14,app,play_store,8,5,398.3,meta,activation,ag3,organic,0
103849,Wed,16,Android,0,1,Male,40.0,Indore,Rajasthan,1,1,0,0,0,0,0,0,1.2,OnePlus,Note 10,Airtel,Tamil,iOS,14,app,web,8,2,42.3,google,remarketing,ag2,none,0
103850,Mon,3,iOS,1,1,Male,22.0,Bangalore,Karnataka,1,1,0,0,0,0,0,1,1.0,Apple,Note 10,Jio,Bengali,Android,13,app,app_store,13,1,413.1,organic,brand,ag3,paid,0
103851,Sat,6,Android,0,2,Male,36.0,Unknown,Unknown,0,0,1,1,0,1,0,0,1.1,Oppo,Note 10,BSNL,English,Android,11,app,web,8,1,1046.4,referral,generic,ag1,crm,0
103852,Wed,8,Android,0,1,Male,30.0,Pune,Delhi,0,0,0,0,0,0,0,0,2.1,Xiaomi,Y21,Airtel,Hindi,Android,11,app,play_store,8,1,239.1,meta,remarketing,none,organic,0
103853,Wed,18,Android,0,1,Male,31.0,Bangalore,Karnataka,1,0,0,0,0,1,0,0,2.1,Oppo,Nord,Vi,English,Android,16,app,app_store,9,3,138.0,organic,none,none,paid,0
103854,Sun,22,iOS,0,1,Male,35.0,Pune,MP,0,1,0,1,0,0,0,1,2.1,Vivo,A12,BSNL,English,Android,13,app,play_store,5,4,195.5,referral,brand,ag3,organic,0
103855,Wed,6,Web,0,3,Female,24.0,Delhi,MP,1,0,0,0,1,0,0,0,1.1,Samsung,A12,BSNL,Marathi,iOS,14,app,web,5,3,111.2,referral,generic,ag1,organic,0
103856,Wed,22,iOS,1,1,Male,51.0,Pune,Delhi,0,0,1,0,0,0,0,0,1.1,Vivo,Nord,BSNL,Bengali,Android,13,app,play_store,8,4,160.5,organic,generic,ag1,organic,1
103857,Tue,1,Android,1,1,Female,41.0,Pune,Unknown,0,0,0,0,0,0,0,0,2.0,Apple,Y21,Airtel,Tamil,Android,14,app,play_store,8,4,225.4,google,activation,ag1,paid,0
103858,Sat,5,iOS,0,1,Male,26.0,Indore,MP,0,0,0,0,0,0,0,0,2.0,Xiaomi,Note 10,Other,Bengali,Android,16,app,app_store,9,4,240.5,meta,none,none,organic,0
103859,Sat,17,Android,1,1,Male,21.0,Mumbai,Maharashtra,0,0,0,0,0,0,0,0,1.2,OnePlus,iPhone 13,Other,Hindi,Android,14,web,play_store,9,3,523.5,meta,activation,ag1,organic,0
103860,Sat,5,Android,0,1,Unknown,29.0,Jaipur,MP,0,0,0,0,0,0,0,0,1.1,Oppo,Reno,Vi,Bengali,Android,12,app,play_store,9,4,583.7,influencer,generic,none,paid,1
103861,Thu,12,Android,1,4,Male,31.0,Pune,Rajasthan,0,0,0,1,0,0,0,0,1.1,Apple,Reno,Jio,Hindi,Android,11,web,play_store,8,4,215.0,meta,activation,ag2,paid,0
103862,Fri,18,Android,0,1,Unknown,39.0,Bangalore,Maharashtra,1,0,0,0,0,0,0,1,2.1,Samsung,Reno,Vi,Bengali,iOS,13,app,web,3,1,364.0,organic,remarketing,ag2,none,0
103863,Sat,1,iOS,1,1,Male,21.0,Mumbai,Karnataka,1,1,0,0,0,0,0,0,2.0,Apple,Y21,Jio,Hindi,Android,15,app,app_store,7,5,397.4,influencer,none,none,none,1
103864,Wed,11,Android,0,3,Male,32.0,Pune,Unknown,0,0,0,0,0,0,0,0,1.0,Apple,Note 10,Jio,Hindi,Android,16,app,app_store,7,3,715.7,meta,activation,ag2,crm,0
103865,Wed,14,Android,0,1,Male,18.0,Mumbai,Delhi,0,1,1,0,0,1,1,0,2.0,Samsung,A12,Vi,English,Android,17,app,play_store,15,5,383.5,referral,generic,ag1,paid,0
103866,Sat,13,Android,0,1,Male,33.0,Delhi,Rajasthan,0,0,0,0,0,0,0,0,1.2,Oppo,Nord,Vi,Marathi,Android,16,web,play_store,7,3,478.6,organic,brand,ag1,crm,0
103867,Sun,5,Android,0,1,Male,29.0,Mumbai,Rajasthan,0,0,0,0,0,0,0,0,1.0,Xiaomi,Nord,BSNL,Marathi,Android,14,app,app_store,5,3,1105.5,referral,brand,none,organic,0
103868,Sat,17,Android,0,1,Female,45.0,Delhi,Delhi,0,0,0,0,0,0,0,0,2.1,Apple,Note 10,Airtel,English,Android,15,app,app_store,5,0,485.6,google,remarketing,ag1,paid,0
103869,Wed,4,Android,0,1,Male,18.0,Mumbai,MP,1,1,0,0,0,0,0,0,2.0,Vivo,Y21,Other,Marathi,iOS,12,app,play_store,11,4,156.0,influencer,activation,none,crm,1
103870,Thu,17,Android,0,3,Female,41.0,Mumbai,Delhi,1,1,0,1,1,0,0,0,1.1,Oppo,Note 10,Jio,Tamil,Android,16,app,play_store,7,0,399.4,influencer,none,ag3,paid,1
103871,Mon,2,Android,1,1,Male,18.0,Bangalore,Delhi,0,0,0,0,0,0,0,0,1.2,Oppo,Y21,Jio,English,Android,11,app,play_store,13,3,147.3,organic,none,ag2,none,1
103872,Mon,2,Android,0,1,Male,19.0,Jaipur,MP,1,0,0,0,0,0,0,0,1.2,OnePlus,A12,BSNL,Marathi,Android,14,app,app_store,7,3,350.2,meta,generic,ag1,paid,1
103873,Sat,21,iOS,0,1,Unknown,18.0,Bangalore,Karnataka,0,0,0,0,0,0,0,0,1.0,OnePlus,Nord,Other,English,Android,15,app,play_store,6,0,596.5,google,brand,ag1,organic,0
103874,Tue,21,Android,0,1,Female,32.0,Indore,Unknown,1,1,0,0,0,1,0,0,1.0,Samsung,Reno,Airtel,English,Android,12,web,play_store,6,5,364.2,influencer,none,none,none,0
103875,Sat,9,iOS,1,1,Male,21.0,Mumbai,Delhi,0,0,0,1,0,1,0,0,1.2,Oppo,Y21,BSNL,English,iOS,11,app,play_store,8,0,513.1,meta,brand,ag2,crm,0
103876,Sun,18,iOS,1,1,Male,19.0,Delhi,MP,1,1,0,0,0,0,0,0,2.0,OnePlus,A12,Airtel,Marathi,Android,15,app,play_store,12,1,152.5,meta,brand,ag2,organic,1
103877,Sat,2,iOS,0,1,Male,32.0,Unknown,Rajasthan,0,0,0,0,0,0,1,0,1.1,Vivo,iPhone 13,Jio,Marathi,Android,13,app,play_store,10,8,680.2,organic,none,ag2,none,1
103878,Mon,11,Android,0,1,Unknown,34.0,Mumbai,Delhi,0,0,0,0,0,0,0,0,2.1,Oppo,Note 10,Other,Tamil,iOS,17,app,app_store,9,3,633.2,influencer,activation,ag3,organic,1
103879,Wed,15,Android,0,1,Male,30.0,Unknown,Unknown,0,0,0,1,0,1,0,0,1.1,Xiaomi,Y21,Jio,English,Android,17,app,play_store,6,6,550.0,organic,brand,none,paid,1
103880,Sat,16,Web,1,1,Female,29.0,Pune,Delhi,0,0,1,0,0,0,0,1,2.0,Samsung,Note 10,BSNL,Marathi,Android,14,app,play_store,11,3,390.6,meta,generic,ag2,none,0
103881,Wed,6,Android,0,1,Male,45.0,Delhi,Karnataka,0,1,0,1,0,0,0,1,1.0,Vivo,Note 10,Airtel,Tamil,Android,17,app,play_store,5,4,876.4,meta,brand,none,organic,0
103882,Wed,12,Android,0,1,Unknown,31.0,Pune,Karnataka,0,1,0,1,0,0,0,0,2.1,Xiaomi,Nord,Airtel,Bengali,iOS,12,app,play_store,6,3,108.6,google,none,ag3,crm,0
103883,Tue,23,Android,0,1,Male,36.0,Indore,Rajasthan,1,1,0,0,0,0,1,0,1.1,Samsung,Reno,Jio,Tamil,Android,15,app,play_store,12,5,150.6,google,brand,ag2,paid,0
103884,Wed,1,Android,0,1,Male,31.0,Pune,Karnataka,0,0,0,0,0,0,0,0,1.1,Samsung,Note 10,BSNL,Marathi,Android,17,app,play_store,4,2,480.1,influencer,remarketing,ag3,organic,0
103885,Mon,3,Web,0,1,Female,21.0,Indore,Unknown,1,0,0,0,0,0,0,1,2.1,Xiaomi,iPhone 13,Other,Bengali,Android,13,app,play_store,17,5,242.2,meta,remarketing,none,paid,0
103886,Thu,9,Android,1,1,Unknown,34.0,Indore,Rajasthan,0,0,0,0,0,0,0,0,1.2,Oppo,Nord,Vi,Hindi,iOS,17,app,play_store,5,2,787.0,meta,activation,ag2,paid,1
103887,Thu,6,Android,0,1,Unknown,25.0,Indore,Delhi,1,0,0,0,0,0,0,0,2.1,Vivo,Note 10,BSNL,Marathi,Android,15,app,web,9,5,478.0,influencer,brand,ag3,organic,0
103888,Fri,23,Android,0,1,Female,29.0,Pune,MP,0,1,0,1,0,0,0,0,1.1,Vivo,iPhone 13,Other,Tamil,Android,12,app,play_store,5,4,380.2,google,activation,ag3,paid,0
103889,Sun,16,Android,0,1,Female,32.0,Indore,Karnataka,0,0,0,0,0,0,0,0,2.1,Apple,Y21,Other,Bengali,Android,14,app,app_store,9,4,252.7,google,activation,ag2,crm,0
103890,Sat,19,Android,0,1,Female,18.0,Indore,Rajasthan,0,1,0,0,1,0,0,1,1.1,Apple,A12,Airtel,English,iOS,11,app,play_store,10,1,454.5,referral,remarketing,ag2,organic,0
103891,Sun,5,Android,0,1,Female,18.0,Bangalore,Karnataka,0,0,0,0,0,0,0,0,2.0,Samsung,iPhone 13,Vi,Tamil,iOS,16,app,play_store,9,2,145.5,meta,remarketing,none,crm,1
103892,Mon,18,Android,1,1,Female,37.0,Unknown,Karnataka,0,0,0,0,0,0,0,0,1.2,Apple,Y21,Vi,Marathi,Android,11,app,play_store,7,2,581.5,referral,brand,ag3,organic,0
103893,Wed,4,Android,0,1,Male,25.0,Jaipur,Maharashtra,1,0,0,0,0,0,0,0,2.1,Vivo,Y21,Vi,Tamil,Android,17,app,app_store,6,4,64.4,influencer,activation,ag3,crm,0
103894,Thu,9,iOS,0,1,Female,25.0,Mumbai,Delhi,1,0,0,0,0,0,0,0,2.0,Vivo,Y21,Jio,English,Android,11,app,play_store,3,4,197.7,influencer,none,ag2,organic,0
103895,Sun,8,Android,0,1,Male,31.0,Indore,Karnataka,1,0,1,0,0,0,0,0,2.0,Apple,A12,Airtel,Hindi,iOS,12,app,app_store,10,4,270.3,google,generic,ag1,none,0
103896,Mon,12,Android,0,1,Female,27.0,Delhi,MP,1,0,0,0,0,0,0,0,1.2,Apple,Note 10,BSNL,Tamil,Android,16,app,play_store,7,4,488.3,organic,activation,ag1,crm,0
103897,Thu,18,Android,0,1,Female,33.0,Delhi,Unknown,0,1,0,0,0,0,0,1,1.0,OnePlus,Note 10,Jio,Marathi,Android,16,app,web,6,5,287.8,referral,activation,ag1,paid,0
103898,Wed,20,Android,0,1,Male,30.0,Bangalore,Maharashtra,0,0,0,1,0,0,0,0,2.1,OnePlus,Note 10,Jio,Bengali,Android,11,app,play_store,6,1,85.1,google,activation,ag3,paid,0
103899,Sun,23,iOS,0,1,Male,32.0,Pune,Rajasthan,1,0,0,0,0,1,0,0,1.2,Samsung,Reno,Vi,Hindi,Android,14,app,app_store,4,4,59.2,referral,activation,ag3,none,0
103900,Thu,5,iOS,0,1,Male,24.0,Pune,Rajasthan,1,0,0,0,0,0,0,1,1.2,Vivo,iPhone 13,Vi,Hindi,Android,12,web,play_store,5,5,287.6,organic,brand,ag3,organic,0
103901,Sat,3,Android,0,1,Male,32.0,Pune,MP,1,1,0,0,0,0,0,0,1.1,OnePlus,A12,Other,English,Android,15,app,play_store,3,4,262.0,organic,remarketing,ag3,none,0
103902,Sat,23,Android,0,1,Male,39.0,Indore,MP,1,0,0,0,0,0,0,0,1.2,Oppo,Nord,Other,Hindi,Android,16,app,app_store,9,3,341.0,meta,remarketing,none,crm,0
103903,Fri,2,iOS,0,1,Unknown,25.0,Jaipur,Unknown,0,0,0,0,1,0,0,0,1.2,Vivo,A12,Airtel,Hindi,Android,16,app,play_store,11,2,125.0,influencer,none,none,paid,0
103904,Fri,2,Android,1,3,Female,37.0,Unknown,Delhi,1,0,0,0,0,0,0,0,2.1,Samsung,Reno,Airtel,Hindi,Android,16,app,app_store,8,3,189.1,influencer,remarketing,none,none,1
103905,Thu,3,Android,0,1,Female,30.0,Jaipur,MP,0,0,1,0,0,0,0,0,1.2,Xiaomi,Nord,BSNL,Marathi,Android,15,app,play_store,6,1,78.8,influencer,none,ag2,none,1
103906,Mon,4,Web,0,3,Male,36.0,Pune,Rajasthan,0,0,1,0,0,0,0,0,1.2,OnePlus,Y21,Jio,Hindi,Android,12,app,web,7,6,52.9,google,generic,ag2,crm,0
103907,Sat,7,Android,0,1,Unknown,31.0,Pune,Delhi,0,0,0,0,0,0,0,1,1.0,Apple,Note 10,Vi,Tamil,Android,14,app,play_store,12,1,227.1,organic,remarketing,ag3,crm,0
103908,Mon,15,Web,0,1,Female,30.0,Mumbai,MP,0,1,1,0,1,0,0,0,2.0,Xiaomi,Nord,Vi,Hindi,iOS,17,app,app_store,13,5,415.6,organic,generic,ag3,organic,0
103909,Mon,21,Android,0,1,Male,33.0,Jaipur,MP,0,0,0,0,0,0,0,0,2.1,Apple,Note 10,Airtel,English,iOS,12,app,play_store,5,6,423.5,google,generic,ag3,organic,0
103910,Thu,2,Android,1,1,Female,40.0,Indore,Rajasthan,1,0,0,0,0,0,0,0,1.0,Apple,A12,Other,Hindi,Android,12,app,app_store,8,3,1365.0,influencer,activation,none,none,1
103911,Mon,23,Android,1,1,Unknown,32.0,Indore,Delhi,1,0,0,0,0,0,0,0,2.1,Oppo,Note 10,BSNL,Tamil,Android,15,app,play_store,10,1,344.9,organic,none,none,none,0
103912,Sat,11,Android,0,2,Male,34.0,Unknown,Maharashtra,0,1,0,0,0,0,0,0,2.0,Oppo,Reno,Jio,English,iOS,12,app,app_store,14,3,455.2,referral,brand,none,crm,0
103913,Wed,7,Android,0,2,Female,27.0,Delhi,Maharashtra,0,1,0,0,1,0,0,0,1.2,Apple,Note 10,Airtel,Marathi,Android,14,app,play_store,9,3,132.6,meta,none,ag1,crm,0
103914,Fri,12,Android,0,1,Unknown,43.0,Delhi,Unknown,1,1,0,0,0,0,0,0,1.2,Vivo,Reno,Other,English,Android,11,app,play_store,13,3,294.8,google,none,none,organic,0
103915,Wed,3,Android,0,1,Male,35.0,Mumbai,Delhi,0,0,0,0,0,0,0,1,1.1,Samsung,iPhone 13,Other,Tamil,Android,17,app,play_store,5,1,269.1,meta,none,none,none,1
103916,Mon,13,Android,1,3,Female,31.0,Bangalore,MP,0,1,0,0,0,0,0,0,2.0,Samsung,Nord,Jio,English,Android,17,app,app_store,11,5,844.4,influencer,brand,ag1,none,1
103917,Wed,13,Android,1,2,Male,29.0,Indore,MP,0,0,0,0,0,0,0,0,1.2,Apple,iPhone 13,Jio,Bengali,Android,14,app,app_store,9,4,252.7,google,remarketing,ag3,paid,0
103918,Sat,12,Android,1,1,Male,38.0,Unknown,Delhi,1,0,0,0,0,0,0,0,2.1,Samsung,A12,Airtel,Tamil,iOS,14,app,play_store,10,2,349.2,referral,brand,ag2,organic,0
103919,Sat,5,Android,0,1,Female,25.0,Delhi,Maharashtra,0,1,0,0,0,1,1,0,2.1,Samsung,Reno,Jio,English,Android,15,app,play_store,5,1,224.5,google,brand,ag3,crm,0
103920,Mon,16,Android,0,1,Male,18.0,Pune,Unknown,1,0,0,0,0,0,0,0,1.1,Vivo,Reno,Vi,Hindi,iOS,16,app,play_store,11,3,791.8,meta,brand,ag3,organic,1
103921,Thu,3,Android,1,1,Female,31.0,Indore,Karnataka,0,0,0,0,0,0,0,0,1.2,OnePlus,Y21,Other,English,Android,11,app,web,8,2,15.1,google,generic,ag1,paid,1
103922,Wed,7,Android,1,1,Male,40.0,Indore,Rajasthan,0,1,0,0,0,0,0,0,2.1,Vivo,Y21,Other,Hindi,Android,13,app,play_store,8,3,162.3,referral,generic,ag2,paid,0
103923,Thu,16,Android,1,1,Male,43.0,Indore,Delhi,0,0,0,0,0,0,0,0,2.0,Apple,Note 10,Vi,Bengali,Android,12,app,play_store,9,3,224.6,organic,activation,ag3,organic,0
103924,Thu,2,Android,0,1,Male,29.0,Jaipur,Unknown,0,0,0,0,0,1,0,0,1.1,OnePlus,Y21,BSNL,Marathi,iOS,11,app,play_store,4,4,156.4,influencer,none,ag2,crm,0
103925,Tue,16,iOS,0,1,Male,30.0,Delhi,Karnataka,0,0,0,0,0,0,0,0,1.2,Samsung,iPhone 13,BSNL,Tamil,Android,15,app,play_store,7,2,1250.7,referral,none,ag2,none,1
103926,Mon,8,Android,0,1,Male,34.0,Mumbai,Rajasthan,0,0,0,0,0,1,0,0,1.2,Apple,Reno,Jio,Marathi,Android,16,app,web,7,0,668.3,influencer,remarketing,ag2,none,0
103927,Fri,1,Android,0,4,Female,28.0,Delhi,Karnataka,0,0,0,0,0,0,0,0,1.1,Vivo,Reno,Airtel,English,iOS,12,web,web,7,3,196.7,influencer,remarketing,ag3,crm,0
103928,Sat,12,iOS,0,4,Unknown,34.0,Pune,Karnataka,0,0,0,1,0,0,0,0,1.0,Samsung,Note 10,BSNL,Bengali,Android,15,app,play_store,12,1,537.6,referral,brand,ag2,paid,1
103929,Sat,19,Android,0,1,Female,29.0,Pune,Rajasthan,1,1,0,1,0,0,0,1,2.1,Vivo,Note 10,Airtel,English,Android,12,app,play_store,8,4,530.4,google,generic,ag1,organic,1
103930,Mon,1,Android,0,1,Male,38.0,Bangalore,Karnataka,1,1,0,0,0,0,0,0,2.1,Xiaomi,Nord,Airtel,Bengali,iOS,15,app,play_store,7,0,228.3,google,activation,ag1,none,0
103931,Sun,19,iOS,0,1,Female,36.0,Delhi,Maharashtra,1,0,0,0,0,0,0,1,1.1,OnePlus,Note 10,BSNL,Marathi,Android,15,app,play_store,8,2,98.7,referral,remarketing,ag1,organic,0
103932,Sun,10,Android,0,1,Unknown,36.0,Delhi,Unknown,1,0,0,0,0,0,0,0,1.2,Samsung,Y21,Airtel,Bengali,Android,15,app,play_store,13,5,334.8,meta,brand,ag2,paid,0
103933,Sun,21,iOS,0,1,Male,28.0,Bangalore,Delhi,0,0,0,0,0,0,0,0,1.0,Xiaomi,Nord,Jio,English,Android,12,app,play_store,5,3,650.8,google,generic,ag1,organic,0
103934,Fri,14,Android,1,1,Male,45.0,Bangalore,Unknown,0,1,0,0,0,0,0,0,2.0,Xiaomi,Reno,Vi,Bengali,Android,13,app,play_store,8,5,274.1,meta,generic,ag1,paid,0
103935,Sat,10,Android,0,1,Male,34.0,Indore,Maharashtra,0,1,0,0,0,0,0,0,1.2,Vivo,iPhone 13,Vi,Hindi,Android,16,app,play_store,11,2,163.0,influencer,none,ag2,paid,0
103936,Mon,22,Web,0,1,Male,32.0,Indore,Maharashtra,0,0,0,1,1,0,0,0,2.1,Vivo,Y21,Jio,Hindi,Android,11,web,play_store,13,3,487.9,referral,activation,ag2,paid,0
103937,Sat,2,Android,1,1,Unknown,24.0,Pune,Rajasthan,0,1,0,0,0,1,0,0,1.1,Oppo,Y21,Jio,Bengali,Android,12,app,web,9,5,341.1,influencer,remarketing,ag3,organic,1
103938,Thu,2,Android,1,2,Female,29.0,Unknown,Rajasthan,1,0,0,0,0,0,0,0,1.0,OnePlus,Reno,Other,Bengali,Android,13,app,play_store,7,3,295.1,google,activation,ag1,none,0
103939,Wed,11,Android,0,1,Female,31.0,Unknown,Rajasthan,1,0,0,0,0,1,1,0,2.1,Samsung,Y21,Vi,Bengali,Android,17,app,app_store,5,2,737.2,google,none,ag2,none,0
103940,Wed,23,Android,1,1,Male,24.0,Unknown,Karnataka,0,0,0,0,0,0,0,1,2.1,OnePlus,iPhone 13,Jio,Bengali,Android,11,app,play_store,7,3,411.5,google,remarketing,ag2,paid,0
103941,Sat,4,Android,0,1,Male,28.0,Unknown,Karnataka,0,0,0,0,0,0,0,1,1.2,Oppo,Nord,BSNL,Bengali,Android,12,app,play_store,12,3,337.5,influencer,remarketing,ag2,none,0
103942,Tue,19,Android,0,1,Male,29.0,Mumbai,Delhi,0,0,0,0,1,0,0,0,1.1,OnePlus,Nord,Airtel,Hindi,Android,17,app,play_store,9,8,127.3,influencer,remarketing,none,crm,0
103943,Fri,6,Android,0,1,Unknown,30.0,Pune,Karnataka,1,0,0,1,0,0,0,0,1.0,Apple,Y21,Jio,Tamil,Android,11,web,play_store,8,1,182.7,google,brand,ag1,crm,0
103944,Sun,6,Android,0,1,Male,18.0,Jaipur,Delhi,0,0,0,0,0,0,0,0,1.2,Apple,Note 10,BSNL,Marathi,Android,13,app,play_store,10,3,123.3,referral,activation,none,none,0
103945,Fri,12,Android,1,1,Female,29.0,Delhi,Maharashtra,0,0,0,1,1,0,0,0,2.0,OnePlus,Note 10,Other,Hindi,Android,17,app,play_store,12,3,949.4,google,activation,ag2,none,0
103946,Fri,8,Android,1,1,Male,27.0,Unknown,Delhi,1,0,0,0,0,1,0,0,2.1,Vivo,Reno,Vi,Bengali,Android,15,app,app_store,16,4,180.5,organic,remarketing,ag3,crm,0
103947,Thu,20,Android,1,1,Female,30.0,Mumbai,Delhi,1,0,0,0,0,1,0,0,1.2,Apple,Y21,BSNL,Tamil,iOS,16,app,app_store,8,5,390.9,referral,none,ag3,none,0
103948,Fri,12,iOS,1,1,Female,38.0,Indore,Rajasthan,0,1,0,0,1,0,0,0,2.1,Xiaomi,Note 10,Airtel,Tamil,Android,14,app,web,8,3,361.0,google,brand,none,none,0
103949,Wed,11,Android,0,1,Female,46.0,Bangalore,Karnataka,0,1,0,0,0,0,0,0,1.2,OnePlus,iPhone 13,BSNL,Marathi,Android,11,app,app_store,10,2,601.2,organic,remarketing,ag3,paid,1
103950,Thu,12,Android,1,1,Male,35.0,Bangalore,MP,0,0,0,0,1,0,0,0,1.1,Apple,Nord,Other,English,iOS,12,app,play_store,13,3,341.5,meta,generic,ag1,paid,0
103951,Mon,23,iOS,1,1,Male,20.0,Unknown,MP,1,1,1,0,0,0,0,0,1.0,Oppo,iPhone 13,Airtel,English,Android,14,app,play_store,10,4,360.1,organic,activation,none,crm,1
103952,Fri,9,iOS,1,3,Male,27.0,Pune,Rajasthan,0,0,0,0,0,0,0,0,1.1,Samsung,Y21,Vi,English,Android,11,app,app_store,2,2,684.7,referral,activation,ag3,none,0
103953,Fri,0,Android,1,1,Unknown,35.0,Unknown,Unknown,1,0,0,0,0,0,0,0,2.1,Vivo,Note 10,Airtel,English,Android,11,app,play_store,5,4,476.1,referral,brand,ag3,paid,0
103954,Mon,7,iOS,1,1,Male,34.0,Delhi,Unknown,0,0,0,0,0,0,0,0,2.1,Samsung,Y21,BSNL,Hindi,Android,14,web,app_store,6,1,87.8,organic,remarketing,ag1,crm,0
103955,Fri,21,Android,0,2,Male,38.0,Delhi,Unknown,0,0,0,0,1,0,0,0,1.2,Vivo,iPhone 13,Jio,Hindi,Android,15,app,app_store,6,4,136.5,meta,brand,ag1,crm,0
103956,Mon,15,iOS,1,1,Male,29.0,Bangalore,Maharashtra,1,0,0,1,0,0,0,0,1.2,OnePlus,Nord,Jio,Bengali,Android,12,app,play_store,7,3,92.0,organic,brand,none,organic,1
103957,Thu,12,Android,1,1,Male,27.0,Pune,Maharashtra,0,0,0,0,0,1,0,0,1.2,Apple,A12,Airtel,Tamil,Android,12,app,play_store,6,2,153.8,meta,activation,ag2,none,0
103958,Wed,2,Android,1,1,Female,44.0,Jaipur,Maharashtra,0,1,0,0,0,0,1,0,2.1,Apple,Y21,Airtel,Hindi,Android,17,app,play_store,11,1,224.7,referral,generic,ag2,crm,0
103959,Mon,2,Android,0,1,Unknown,30.0,Pune,Delhi,0,0,0,1,0,0,0,0,1.0,Vivo,Y21,Other,Hindi,Android,15,app,play_store,6,2,232.3,referral,generic,ag2,none,0
103960,Tue,23,iOS,0,1,Male,22.0,Indore,Karnataka,1,0,0,0,0,0,0,0,2.0,Samsung,Y21,BSNL,Marathi,iOS,13,app,app_store,6,1,653.5,influencer,brand,ag3,none,1
103961,Mon,4,Android,1,1,Unknown,42.0,Unknown,Maharashtra,0,1,0,0,0,0,0,0,2.0,Xiaomi,Y21,Airtel,Hindi,Android,11,app,play_store,3,4,156.8,meta,none,ag3,organic,0
103962,Fri,10,Android,0,1,Female,18.0,Indore,MP,0,0,0,0,0,1,0,0,2.0,Vivo,Nord,Jio,English,Android,13,app,play_store,8,2,413.6,organic,generic,ag2,none,0
103963,Sun,6,Android,0,1,Male,18.0,Indore,Delhi,0,0,0,0,1,1,0,0,2.0,OnePlus,Nord,Vi,Hindi,Android,16,app,play_store,6,5,409.6,meta,remarketing,ag2,organic,1
103964,Sun,20,iOS,0,1,Unknown,36.0,Unknown,Maharashtra,0,0,0,0,0,0,0,0,1.1,Xiaomi,iPhone 13,BSNL,English,Android,14,app,app_store,8,3,179.0,organic,remarketing,ag1,none,0
103965,Thu,23,iOS,0,1,Female,37.0,Jaipur,Maharashtra,1,0,0,1,0,0,0,0,1.0,Oppo,A12,Other,Hindi,Android,12,app,play_store,12,6,124.5,referral,remarketing,ag3,paid,1
103966,Sat,9,Android,0,1,Male,33.0,Mumbai,Unknown,0,0,0,0,0,0,1,0,2.0,Vivo,Y21,BSNL,Bengali,iOS,14,app,app_store,8,3,334.7,referral,none,ag2,paid,0
103967,Thu,9,Android,0,3,Female,20.0,Pune,Unknown,0,0,0,0,0,0,0,0,1.0,Vivo,iPhone 13,Jio,Bengali,Android,11,app,play_store,4,3,93.0,google,brand,ag2,none,0
103968,Sat,19,Android,0,1,Male,30.0,Pune,Karnataka,0,0,0,0,0,1,0,0,1.0,Xiaomi,Nord,BSNL,Marathi,iOS,12,app,play_store,4,8,249.4,referral,brand,ag2,none,0
103969,Sun,1,Android,0,1,Male,28.0,Jaipur,Karnataka,1,1,0,1,0,0,0,0,2.0,OnePlus,Note 10,Other,Tamil,Android,17,app,play_store,7,7,118.4,referral,none,none,paid,1
103970,Sun,2,iOS,0,1,Female,26.0,Unknown,Delhi,0,0,0,0,1,0,0,0,1.1,Xiaomi,Reno,Other,Marathi,Android,14,app,play_store,5,2,562.0,referral,none,ag2,crm,0
103971,Mon,7,Android,0,1,Female,41.0,Indore,MP,1,0,0,0,0,0,0,1,1.2,OnePlus,Nord,Vi,Hindi,Android,12,app,app_store,10,1,350.7,organic,brand,ag3,paid,0
103972,Wed,10,Android,0,1,Female,22.0,Bangalore,Rajasthan,0,0,0,1,0,0,0,0,1.2,Apple,Nord,BSNL,Hindi,iOS,12,app,play_store,7,2,201.6,organic,activation,ag2,paid,0
103973,Tue,12,Android,0,1,Male,33.0,Indore,Unknown,0,0,0,1,0,0,0,0,1.1,Samsung,Note 10,Vi,Hindi,Android,17,app,play_store,8,1,198.8,google,activation,ag3,crm,0
103974,Thu,6,Android,0,1,Unknown,40.0,Mumbai,MP,0,0,0,0,0,0,0,0,2.1,OnePlus,Note 10,Airtel,Hindi,iOS,12,web,app_store,9,1,294.5,google,generic,none,none,0
103975,Fri,12,Android,1,2,Male,33.0,Jaipur,Unknown,0,0,0,0,0,0,0,0,2.0,Apple,iPhone 13,Vi,English,Android,13,app,play_store,8,2,134.2,meta,brand,none,organic,0
103976,Sat,1,Android,0,4,Male,40.0,Unknown,Karnataka,0,0,0,0,0,0,0,0,2.1,Apple,A12,Airtel,Tamil,Android,16,app,web,11,2,470.4,meta,brand,ag2,paid,0
103977,Fri,5,Android,0,1,Male,35.0,Bangalore,Karnataka,0,0,0,0,0,0,0,0,1.0,Xiaomi,A12,Airtel,Bengali,Android,14,app,app_store,8,0,636.7,meta,activation,ag1,organic,0
103978,Wed,8,Android,1,1,Male,33.0,Pune,Rajasthan,0,0,0,1,0,1,0,0,1.2,OnePlus,Nord,Airtel,Tamil,Android,15,app,play_store,7,6,164.6,influencer,activation,ag2,none,1
103979,Sat,19,Android,0,1,Male,33.0,Mumbai,MP,1,0,0,0,0,0,0,1,2.1,Vivo,Note 10,Jio,English,Android,12,app,play_store,5,0,80.6,meta,remarketing,ag3,none,0
103980,Thu,1,Android,1,1,Female,35.0,Mumbai,MP,1,1,0,0,0,0,0,0,1.0,Vivo,Nord,Other,Hindi,Android,11,app,play_store,7,5,244.3,google,activation,ag2,organic,1
103981,Mon,17,Android,1,1,Female,27.0,Jaipur,Rajasthan,0,0,0,0,0,0,0,0,1.0,Xiaomi,A12,Airtel,English,Android,16,app,play_store,10,4,281.2,influencer,none,ag2,paid,0
103982,Fri,15,iOS,0,2,Unknown,20.0,Bangalore,Karnataka,0,1,0,1,0,0,0,1,1.1,Vivo,A12,BSNL,Bengali,iOS,13,app,play_store,11,2,376.5,meta,none,none,crm,0
103983,Wed,11,Android,0,1,Female,38.0,Indore,Delhi,1,0,0,1,0,1,0,1,1.0,OnePlus,Y21,Jio,Tamil,iOS,13,app,play_store,10,1,321.0,google,brand,ag1,none,0
103984,Thu,6,Android,0,1,Male,39.0,Indore,MP,0,0,0,0,0,0,0,0,2.1,Samsung,A12,Airtel,Hindi,Android,16,app,play_store,9,4,1376.4,google,activation,ag1,crm,1
103985,Sun,6,iOS,0,1,Female,32.0,Delhi,Maharashtra,1,0,0,0,0,1,0,0,1.0,Oppo,Reno,Airtel,Marathi,Android,15,app,play_store,7,1,435.4,google,brand,ag1,crm,0
103986,Sun,16,Android,0,3,Female,26.0,Bangalore,MP,0,0,0,0,0,1,0,0,2.0,OnePlus,Y21,Other,Bengali,Android,17,app,play_store,13,6,453.6,influencer,none,ag3,crm,0
103987,Thu,12,Android,0,1,Male,18.0,Indore,MP,1,0,0,0,0,0,1,1,1.1,Vivo,Nord,Jio,Hindi,Android,15,app,play_store,7,3,470.0,referral,generic,ag1,crm,0
103988,Thu,10,Android,1,3,Female,31.0,Mumbai,MP,0,0,0,0,0,0,0,0,2.0,Vivo,iPhone 13,Jio,Marathi,Android,13,app,play_store,11,5,279.8,meta,remarketing,ag3,organic,0
103989,Thu,5,Android,0,4,Male,19.0,Jaipur,Karnataka,0,0,0,0,0,1,0,0,2.1,Apple,A12,Vi,Bengali,Android,13,app,play_store,7,1,336.8,referral,generic,ag2,none,1
103990,Sat,22,Android,0,1,Male,18.0,Indore,Maharashtra,0,1,0,0,0,1,0,0,1.0,OnePlus,Y21,BSNL,Hindi,iOS,14,app,play_store,9,1,111.6,google,remarketing,ag2,crm,0
103991,Thu,13,Android,1,1,Male,30.0,Jaipur,MP,0,0,0,0,0,0,0,0,2.1,Xiaomi,iPhone 13,Other,Marathi,Android,13,app,play_store,5,3,376.2,organic,generic,ag1,crm,0
103992,Fri,5,iOS,0,1,Female,24.0,Indore,Delhi,0,0,0,0,0,1,1,1,1.0,OnePlus,iPhone 13,Vi,Hindi,Android,13,app,play_store,12,4,345.9,organic,generic,none,crm,1
103993,Wed,5,iOS,0,1,Female,33.0,Jaipur,Unknown,0,1,0,1,0,0,0,0,1.0,Vivo,Nord,Vi,Tamil,iOS,12,app,web,10,4,112.8,influencer,generic,ag1,crm,0
103994,Sat,1,Android,0,1,Male,29.0,Mumbai,Unknown,0,0,0,0,0,1,0,0,1.0,OnePlus,Note 10,BSNL,Tamil,Android,15,app,play_store,0,6,125.9,referral,generic,ag2,crm,0
103995,Thu,21,Android,0,1,Female,25.0,Bangalore,Maharashtra,0,0,0,0,0,0,0,0,1.1,Xiaomi,iPhone 13,Other,Marathi,Android,14,app,app_store,9,1,195.5,referral,remarketing,ag3,crm,0
103996,Tue,19,Android,1,1,Unknown,18.0,Delhi,Rajasthan,0,0,0,1,0,0,0,0,2.1,Apple,Nord,BSNL,Tamil,Android,13,app,play_store,5,1,601.3,organic,remarketing,ag3,paid,0
103997,Tue,14,Android,0,1,Unknown,23.0,Jaipur,Delhi,0,1,0,0,0,0,0,0,1.1,Samsung,Note 10,Other,Tamil,Android,14,app,play_store,6,2,190.2,organic,remarketing,ag3,paid,0
103998,Wed,16,Android,0,1,Male,23.0,Indore,Rajasthan,0,0,1,0,0,0,0,0,1.0,Oppo,Reno,Airtel,Bengali,Android,15,app,play_store,6,4,525.3,referral,none,ag3,paid,1
103999,Sun,7,iOS,0,1,Male,20.0,Jaipur,MP,0,1,0,0,1,1,0,0,1.1,OnePlus,iPhone 13,Jio,English,Android,13,app,app_store,8,1,311.8,organic,none,ag3,crm,0
104000,Mon,4,Android,0,1,Female,27.0,Jaipur,Karnataka,0,0,0,0,1,1,0,0,1.1,Samsung,Nord,Airtel,Tamil,Android,12,app,web,13,4,503.6,referral,generic,ag2,none,0
104001,Mon,16,iOS,0,1,Male,21.0,Indore,MP,1,0,0,0,0,0,0,0,1.2,Oppo,Nord,Airtel,Marathi,Android,16,app,web,3,3,437.2,google,generic,none,paid,0
104002,Sun,19,Android,1,1,Male,29.0,Unknown,MP,1,0,1,0,0,0,0,0,1.1,Samsung,Y21,Airtel,Bengali,Android,13,app,play_store,6,5,227.7,meta,brand,ag3,none,0
104003,Sat,0,iOS,1,1,Male,32.0,Indore,Rajasthan,0,0,0,0,0,0,0,0,2.1,OnePlus,Nord,BSNL,Marathi,Android,15,app,web,6,0,58.6,organic,none,ag2,paid,0
104004,Sat,21,Android,0,1,Female,23.0,Bangalore,MP,0,1,0,0,0,0,0,0,2.0,Oppo,iPhone 13,Other,Tamil,Android,14,app,play_store,8,4,1212.8,influencer,brand,ag3,crm,0
104005,Sat,17,Android,0,4,Female,33.0,Mumbai,Delhi,0,0,0,0,0,0,0,1,2.1,Samsung,iPhone 13,Airtel,Hindi,iOS,12,app,app_store,6,2,275.8,meta,remarketing,ag1,paid,0
104006,Mon,14,Android,0,1,Male,19.0,Mumbai,Karnataka,0,0,0,0,1,1,0,0,2.1,Xiaomi,A12,Jio,Hindi,Android,11,app,app_store,5,4,181.7,meta,none,ag2,paid,1
104007,Tue,4,Android,0,1,Male,21.0,Mumbai,Rajasthan,0,0,0,1,0,1,1,0,2.0,Oppo,iPhone 13,Airtel,Tamil,iOS,17,app,app_store,9,2,268.7,meta,activation,ag3,paid,0
104008,Mon,6,Android,0,1,Female,29.0,Mumbai,Maharashtra,0,1,0,0,0,0,0,0,1.1,Xiaomi,Note 10,Vi,Hindi,Android,11,app,play_store,6,3,428.0,referral,none,ag2,crm,0
104009,Fri,17,Android,0,1,Male,35.0,Mumbai,Unknown,0,1,0,0,0,0,0,0,2.0,Apple,A12,Vi,English,iOS,15,app,play_store,9,3,421.2,influencer,remarketing,none,organic,0
104010,Thu,5,Android,0,2,Male,37.0,Unknown,MP,0,0,0,0,0,0,0,0,2.0,OnePlus,Nord,BSNL,Marathi,Android,15,app,app_store,3,5,347.7,referral,activation,none,none,0
104011,Sat,21,Android,0,1,Male,43.0,Mumbai,Unknown,0,1,0,0,0,0,0,0,2.1,Vivo,A12,Jio,English,Android,12,app,play_store,6,4,318.7,meta,remarketing,ag1,paid,0
104012,Tue,20,iOS,1,1,Male,27.0,Indore,Rajasthan,0,0,0,0,0,1,0,0,2.1,Apple,Note 10,BSNL,Bengali,Android,16,app,play_store,6,6,539.6,influencer,generic,none,paid,0
104013,Wed,4,Android,1,1,Male,29.0,Indore,Unknown,0,0,0,0,0,0,0,1,1.2,Apple,A12,BSNL,Tamil,iOS,14,app,play_store,8,3,394.9,organic,none,none,paid,0
104014,Wed,18,Android,0,1,Female,22.0,Mumbai,MP,0,0,0,0,1,0,0,0,1.0,Oppo,Note 10,BSNL,Marathi,Android,13,app,play_store,8,3,252.9,organic,generic,ag3,paid,1
104015,Thu,9,Android,0,1,Female,20.0,Mumbai,MP,0,0,0,0,0,0,0,1,1.1,Oppo,Nord,Airtel,Tamil,iOS,11,app,app_store,5,3,673.8,influencer,none,none,crm,0
104016,Tue,14,Web,1,1,Male,32.0,Bangalore,Rajasthan,0,1,0,0,0,0,0,0,2.0,Apple,A12,Other,Tamil,Android,11,app,play_store,3,4,675.9,referral,none,ag3,organic,1
104017,Mon,9,Android,0,1,Male,24.0,Jaipur,Delhi,0,0,0,0,0,0,0,0,2.1,Samsung,iPhone 13,Other,English,Android,15,app,play_store,7,1,132.2,influencer,none,ag2,organic,0
104018,Mon,15,Android,1,1,Male,40.0,Bangalore,Maharashtra,0,1,1,0,0,0,0,0,2.1,Vivo,iPhone 13,Jio,Hindi,iOS,15,app,app_store,5,5,706.2,meta,activation,ag2,none,1
104019,Fri,11,Android,0,1,Female,18.0,Pune,MP,1,1,0,0,0,1,0,0,1.1,OnePlus,Note 10,Airtel,Hindi,Android,14,app,play_store,6,4,587.5,referral,brand,ag3,none,1
104020,Fri,17,iOS,0,2,Male,34.0,Indore,Delhi,0,0,0,0,0,0,0,1,1.2,Xiaomi,Note 10,Other,Marathi,Android,17,app,play_store,8,1,104.6,referral,brand,ag3,crm,0
104021,Mon,22,iOS,0,1,Male,22.0,Unknown,MP,0,0,0,0,0,0,0,0,2.1,Xiaomi,Note 10,Vi,Marathi,iOS,17,app,app_store,7,1,139.7,organic,brand,none,paid,0
104022,Wed,0,Android,1,1,Female,23.0,Mumbai,MP,0,1,0,0,0,1,0,0,2.0,Samsung,Reno,BSNL,Marathi,Android,12,app,play_store,13,4,381.9,influencer,none,none,crm,0
104023,Sat,15,Android,0,1,Female,34.0,Unknown,Delhi,0,0,0,0,0,0,0,0,1.1,Vivo,Nord,Other,Bengali,Android,16,app,play_store,9,6,264.8,influencer,activation,ag2,organic,0
104024,Wed,21,Android,0,1,Male,25.0,Jaipur,MP,1,1,0,0,0,1,0,1,2.0,Samsung,Reno,BSNL,Hindi,Android,11,app,web,10,2,118.0,meta,brand,none,crm,0
104025,Fri,5,Android,0,4,Male,26.0,Unknown,Maharashtra,1,0,0,0,0,0,0,0,1.0,Xiaomi,Note 10,Airtel,Bengali,Android,14,app,play_store,5,3,108.0,google,none,ag2,paid,0
104026,Thu,2,Android,1,1,Unknown,24.0,Indore,Unknown,0,1,0,0,0,0,0,1,2.1,Samsung,iPhone 13,Other,Marathi,iOS,12,app,app_store,7,2,93.8,google,activation,ag3,organic,0
104027,Mon,1,iOS,1,2,Unknown,44.0,Unknown,Rajasthan,0,1,0,0,0,0,0,0,1.1,Oppo,iPhone 13,BSNL,English,Android,11,app,play_store,15,5,338.7,influencer,remarketing,ag1,none,0
104028,Fri,1,Web,1,1,Male,25.0,Pune,Unknown,0,1,0,0,0,1,0,0,2.1,Xiaomi,Note 10,Other,Marathi,Android,13,app,play_store,12,3,567.8,organic,activation,ag2,crm,1
104029,Fri,12,Android,1,1,Female,30.0,Bangalore,Delhi,1,0,1,0,0,0,0,0,1.0,Oppo,Y21,Other,English,Android,14,app,play_store,6,3,535.5,google,generic,ag2,none,1
104030,Sat,8,Android,0,1,Female,28.0,Pune,Unknown,1,0,0,0,0,0,0,0,1.1,OnePlus,Reno,Jio,Hindi,iOS,11,web,play_store,6,6,295.7,meta,activation,ag2,organic,1
104031,Mon,15,Android,0,1,Unknown,32.0,Delhi,Karnataka,0,0,0,1,0,0,0,0,2.0,OnePlus,Note 10,Jio,Tamil,iOS,12,app,play_store,7,6,810.1,meta,none,ag2,organic,0
104032,Sat,4,Android,0,1,Male,25.0,Unknown,MP,0,0,0,0,0,0,0,0,2.0,OnePlus,Y21,Airtel,Tamil,Android,11,app,play_store,11,0,438.5,organic,brand,ag3,organic,0
104033,Mon,22,iOS,0,1,Female,28.0,Bangalore,Rajasthan,1,0,0,0,0,0,0,0,1.0,Vivo,A12,BSNL,Marathi,Android,13,app,web,10,5,523.4,meta,remarketing,ag1,crm,1
104034,Sat,20,Android,1,1,Female,33.0,Indore,Maharashtra,0,1,0,0,0,0,0,1,2.1,Oppo,A12,Jio,Hindi,Android,15,web,play_store,7,4,137.2,meta,brand,none,none,0
104035,Wed,6,Android,1,4,Male,23.0,Bangalore,Maharashtra,0,0,0,0,0,1,0,0,1.1,Samsung,iPhone 13,Jio,English,Android,15,app,play_store,5,6,630.9,google,activation,ag1,none,0
104036,Thu,12,Android,0,1,Female,39.0,Pune,Karnataka,0,0,0,1,0,1,0,0,2.0,OnePlus,A12,Airtel,Tamil,Android,16,app,play_store,6,4,651.9,google,generic,none,organic,1
104037,Thu,19,Android,0,1,Male,39.0,Mumbai,Unknown,0,1,0,1,1,0,0,0,2.0,Vivo,A12,Vi,Tamil,Android,14,app,play_store,5,1,425.1,google,generic,none,crm,1
104038,Mon,23,iOS,1,2,Male,35.0,Jaipur,Maharashtra,1,0,0,0,0,0,0,0,2.1,Apple,A12,Vi,Hindi,Android,12,app,web,9,0,174.0,meta,generic,ag3,none,0
104039,Tue,12,Android,0,1,Male,31.0,Pune,Unknown,1,1,0,1,0,1,0,0,1.0,OnePlus,Nord,Other,English,iOS,13,app,play_store,9,0,90.6,meta,activation,ag1,none,1
104040,Sun,6,iOS,0,1,Unknown,18.0,Pune,Rajasthan,0,1,1,0,0,1,0,0,1.0,Vivo,Nord,Airtel,Tamil,iOS,12,app,play_store,7,1,385.3,organic,activation,ag3,crm,0
104041,Fri,9,Android,0,1,Male,33.0,Unknown,Karnataka,0,0,0,0,0,0,0,0,1.0,OnePlus,Reno,BSNL,Hindi,Android,17,app,app_store,10,1,113.5,referral,activation,ag2,organic,0
104042,Fri,14,iOS,0,1,Female,27.0,Unknown,Unknown,0,0,0,0,0,0,0,0,2.0,Apple,Note 10,Jio,Hindi,iOS,14,app,play_store,10,1,1026.3,organic,remarketing,none,crm,0
104043,Mon,20,Android,0,2,Female,28.0,Mumbai,Delhi,0,1,0,0,0,1,0,0,2.0,Apple,Y21,Vi,Bengali,iOS,13,app,play_store,8,3,388.5,meta,none,ag3,crm,0
104044,Sat,5,iOS,0,2,Male,18.0,Jaipur,Unknown,0,0,0,0,0,0,0,0,2.0,OnePlus,iPhone 13,Jio,Hindi,Android,11,app,app_store,8,4,95.7,referral,brand,none,none,0
104045,Tue,4,Android,0,1,Male,34.0,Indore,Unknown,0,0,0,0,0,0,0,0,2.0,Vivo,Reno,Other,Tamil,Android,17,app,play_store,4,2,260.0,organic,generic,none,crm,0
104046,Wed,22,Android,1,1,Female,18.0,Jaipur,Karnataka,1,1,0,0,0,0,0,0,2.0,Apple,Reno,Jio,English,Android,15,app,play_store,12,1,602.3,google,remarketing,ag1,crm,0
104047,Sat,1,Android,0,1,Unknown,31.0,Unknown,Delhi,0,0,0,0,0,0,0,0,2.0,Oppo,Nord,Airtel,Hindi,iOS,17,app,play_store,10,1,167.5,meta,generic,none,crm,0
104048,Sat,20,Android,0,3,Male,37.0,Indore,Maharashtra,0,0,0,0,1,0,0,1,1.2,OnePlus,Nord,BSNL,Tamil,Android,11,app,play_store,10,7,1322.3,organic,generic,ag3,paid,1
104049,Mon,14,Android,1,1,Male,26.0,Bangalore,Rajasthan,0,0,0,0,0,0,0,0,1.1,Oppo,Reno,Jio,Bengali,Android,17,app,play_store,11,5,236.9,google,none,ag3,none,0
104050,Mon,15,Android,0,1,Male,40.0,Pune,Unknown,0,0,0,0,0,0,0,0,1.0,Vivo,iPhone 13,BSNL,English,Android,16,app,play_store,9,1,358.3,meta,none,ag2,crm,0
104051,Fri,18,Web,0,1,Male,24.0,Bangalore,MP,0,0,0,0,0,0,0,0,1.1,Apple,Reno,Airtel,Marathi,Android,11,app,app_store,7,2,215.1,influencer,none,ag3,crm,0
104052,Mon,8,Android,1,1,Male,35.0,Mumbai,Karnataka,0,1,0,0,0,0,0,0,2.1,Samsung,Nord,Other,Marathi,Android,12,app,app_store,2,5,231.6,google,generic,none,organic,1
104053,Mon,21,iOS,0,1,Male,20.0,Delhi,Maharashtra,0,0,0,0,0,0,0,0,1.0,Vivo,iPhone 13,Airtel,Hindi,Android,16,web,play_store,4,2,65.4,referral,activation,ag1,organic,0
104054,Mon,18,Web,1,1,Male,38.0,Unknown,Unknown,0,1,0,0,0,0,0,0,1.0,Apple,Note 10,Vi,Marathi,Android,12,app,play_store,6,1,419.2,google,none,ag2,crm,0
104055,Fri,6,Android,0,1,Male,37.0,Indore,Rajasthan,0,0,0,0,0,0,0,0,2.0,OnePlus,Note 10,Other,English,iOS,16,app,play_store,10,2,562.6,organic,brand,ag2,paid,0
104056,Wed,3,Android,0,2,Female,34.0,Mumbai,MP,0,0,0,0,0,0,0,0,2.0,Apple,Reno,Jio,English,Android,14,app,play_store,9,4,579.9,google,remarketing,ag1,paid,0
104057,Wed,2,Android,0,1,Unknown,27.0,Indore,Karnataka,0,1,0,1,1,1,1,0,2.1,OnePlus,A12,BSNL,Tamil,Android,17,app,play_store,7,6,751.4,referral,none,none,paid,0
104058,Sun,23,Android,0,2,Male,19.0,Bangalore,Rajasthan,0,0,0,0,0,0,0,0,1.1,Apple,iPhone 13,Other,Marathi,Android,11,web,play_store,8,3,227.7,influencer,remarketing,ag3,organic,0
104059,Sun,19,Android,1,1,Female,27.0,Delhi,Maharashtra,0,0,0,0,0,0,0,1,1.1,Samsung,iPhone 13,Other,Marathi,Android,11,app,play_store,6,3,587.3,google,none,ag1,none,0
104060,Mon,10,iOS,0,1,Male,39.0,Unknown,Unknown,0,0,0,0,0,0,0,0,1.1,Oppo,Note 10,Vi,Tamil,iOS,11,app,play_store,12,3,223.1,referral,brand,ag1,paid,0
104061,Sun,0,Android,1,1,Unknown,31.0,Jaipur,Unknown,0,0,0,0,0,0,0,0,2.1,Xiaomi,Nord,Jio,Marathi,iOS,16,app,play_store,12,5,740.1,google,activation,ag3,crm,0
104062,Fri,5,Android,1,1,Female,18.0,Pune,Unknown,0,0,0,0,0,0,0,0,1.2,OnePlus,iPhone 13,Other,Marathi,Android,15,app,app_store,5,3,166.4,influencer,activation,ag3,organic,1
104063,Wed,10,Android,0,3,Female,21.0,Jaipur,Karnataka,0,0,0,0,0,0,0,0,1.1,Samsung,Reno,Vi,English,Android,13,app,play_store,8,5,84.4,referral,generic,ag1,none,0
104064,Sat,0,iOS,1,1,Male,40.0,Indore,Unknown,0,0,0,0,0,0,0,0,1.0,Xiaomi,iPhone 13,BSNL,Marathi,Android,15,app,app_store,8,5,781.4,referral,remarketing,ag3,crm,1
104065,Wed,20,Android,0,1,Female,34.0,Pune,Karnataka,0,0,0,0,0,0,0,0,1.0,OnePlus,Nord,BSNL,Marathi,Android,11,app,play_store,12,2,121.1,meta,generic,ag1,organic,0
104066,Wed,6,Android,1,2,Male,20.0,Unknown,Unknown,0,1,0,0,0,0,0,1,2.0,Oppo,Note 10,Jio,Marathi,Android,14,app,play_store,4,1,220.3,meta,activation,ag3,none,0
104067,Fri,5,Android,1,2,Male,18.0,Bangalore,Delhi,0,0,0,0,1,0,0,0,2.0,Apple,iPhone 13,Jio,Bengali,Android,13,app,play_store,9,3,133.6,referral,generic,ag2,crm,0
104068,Sun,13,Android,0,1,Male,25.0,Indore,Unknown,1,1,0,0,0,0,0,0,1.1,Xiaomi,iPhone 13,Jio,Marathi,Android,16,app,play_store,8,4,493.2,meta,brand,ag1,crm,0
104069,Sat,1,Web,0,3,Female,18.0,Jaipur,Delhi,0,0,0,0,0,0,0,0,1.1,Xiaomi,Nord,BSNL,Bengali,iOS,13,app,web,5,2,149.0,organic,generic,ag1,none,0
104070,Fri,3,iOS,0,1,Female,29.0,Bangalore,Karnataka,1,1,0,0,0,0,0,0,2.0,OnePlus,A12,Airtel,Bengali,Android,11,app,app_store,8,1,100.6,organic,none,ag2,organic,0
104071,Mon,10,Android,0,1,Male,50.0,Pune,Rajasthan,0,0,0,0,0,0,0,0,1.0,Samsung,Nord,Jio,Marathi,Android,14,app,play_store,6,2,364.3,meta,none,ag2,crm,0
104072,Thu,14,Android,0,1,Female,18.0,Bangalore,Maharashtra,0,0,0,0,0,0,0,0,2.1,Oppo,Reno,Airtel,Tamil,Android,15,app,play_store,11,5,668.3,organic,none,none,none,0
104073,Wed,17,Android,0,1,Male,29.0,Unknown,MP,1,0,0,1,0,1,0,0,2.1,Vivo,Nord,Airtel,Marathi,iOS,12,app,play_store,10,3,170.9,meta,brand,ag3,organic,0
104074,Thu,0,Android,0,1,Male,40.0,Unknown,Delhi,1,0,0,0,0,0,0,0,2.1,OnePlus,A12,Jio,Bengali,Android,15,app,play_store,4,5,601.6,meta,generic,none,none,0
104075,Fri,2,Android,0,1,Female,36.0,Unknown,Maharashtra,0,1,0,0,0,0,0,0,1.1,Xiaomi,iPhone 13,Airtel,Marathi,iOS,13,web,play_store,9,5,101.2,meta,activation,ag1,crm,0
104076,Fri,2,Android,0,1,Male,29.0,Unknown,Unknown,0,0,0,1,0,0,0,0,2.1,Samsung,A12,Airtel,Tamil,Android,14,app,play_store,9,2,287.5,meta,none,ag3,crm,0
104077,Fri,6,Android,0,2,Male,29.0,Unknown,Karnataka,0,0,0,0,0,0,0,0,1.2,Apple,Y21,Airtel,Tamil,Android,11,web,app_store,8,1,268.6,referral,remarketing,ag2,paid,0
104078,Thu,0,Web,0,1,Male,21.0,Bangalore,Maharashtra,1,1,0,0,0,0,0,0,1.1,Oppo,A12,Vi,Hindi,iOS,15,web,play_store,7,0,509.4,meta,activation,ag3,none,1
104079,Fri,10,Android,1,4,Female,28.0,Bangalore,Maharashtra,0,0,0,1,0,0,0,0,1.2,Apple,Note 10,Other,English,Android,13,web,play_store,10,5,966.4,referral,activation,ag3,organic,0
104080,Mon,5,iOS,0,1,Male,32.0,Mumbai,Unknown,0,0,0,0,1,0,0,1,1.1,Apple,iPhone 13,Jio,Marathi,Android,12,app,web,9,1,623.3,influencer,none,ag3,organic,0
104081,Fri,19,Android,0,1,Unknown,39.0,Mumbai,Maharashtra,0,0,0,0,0,1,0,0,1.1,Vivo,Y21,Vi,Hindi,Android,11,app,play_store,5,5,1377.7,google,remarketing,none,crm,1
104082,Tue,2,Android,0,1,Male,25.0,Indore,Karnataka,0,0,0,1,0,0,0,1,2.1,Xiaomi,Y21,Jio,Hindi,Android,17,app,app_store,2,4,323.2,meta,brand,ag3,crm,0
104083,Sun,18,iOS,1,1,Female,28.0,Bangalore,Delhi,0,0,0,0,0,0,0,1,1.1,Vivo,A12,Other,Hindi,iOS,11,app,web,9,1,725.6,google,generic,ag2,crm,0
104084,Thu,1,Android,0,2,Male,22.0,Jaipur,MP,0,1,0,0,1,0,0,0,1.2,Samsung,Y21,Airtel,Tamil,Android,12,app,play_store,3,3,150.5,influencer,activation,ag3,organic,0
104085,Tue,17,Android,1,1,Male,32.0,Bangalore,Rajasthan,0,0,0,0,0,0,0,0,1.0,Vivo,Reno,Vi,Marathi,Android,17,app,play_store,10,4,419.1,influencer,activation,ag2,paid,0
104086,Fri,11,Android,1,1,Female,36.0,Unknown,Delhi,0,0,0,0,0,0,1,0,1.2,Samsung,iPhone 13,Jio,Marathi,iOS,15,app,play_store,10,6,189.4,google,remarketing,ag1,crm,0
104087,Mon,9,Android,1,3,Male,35.0,Bangalore,MP,1,1,0,0,0,0,0,0,2.0,Xiaomi,iPhone 13,Airtel,Marathi,Android,16,app,play_store,11,3,112.0,influencer,none,none,organic,0
104088,Wed,4,iOS,1,1,Male,21.0,Mumbai,Karnataka,0,1,0,0,0,0,0,0,1.1,Xiaomi,Nord,BSNL,Bengali,Android,13,app,play_store,8,2,508.9,organic,remarketing,ag2,none,1
104089,Sat,8,iOS,0,1,Male,31.0,Pune,MP,0,0,0,0,0,0,0,0,1.2,Vivo,Nord,Vi,English,iOS,15,app,play_store,12,5,100.8,organic,none,ag1,organic,0
104090,Sun,1,Android,0,1,Male,25.0,Bangalore,Karnataka,0,0,1,0,0,0,0,0,2.1,Apple,Reno,Vi,Bengali,iOS,12,app,play_store,6,5,446.5,influencer,brand,ag2,paid,1
104091,Sat,1,Android,1,2,Male,38.0,Unknown,MP,0,0,0,0,0,0,0,0,2.0,Vivo,Note 10,BSNL,Tamil,Android,14,app,play_store,8,2,309.5,referral,none,none,organic,1
104092,Fri,5,Android,1,2,Female,29.0,Delhi,Delhi,1,1,0,0,0,0,0,0,1.0,Oppo,Reno,Airtel,Hindi,Android,16,app,play_store,11,7,29.5,organic,activation,ag3,crm,1
104093,Sun,9,Android,1,1,Female,18.0,Indore,Unknown,0,1,0,1,0,1,0,1,1.2,Xiaomi,A12,Other,Hindi,Android,14,app,app_store,8,3,436.7,referral,brand,none,crm,1
104094,Sun,17,Android,1,1,Male,28.0,Mumbai,Unknown,0,0,0,0,0,0,0,0,1.2,Oppo,Y21,BSNL,Bengali,Android,12,app,app_store,5,3,539.1,google,brand,ag2,paid,0
104095,Mon,11,Android,1,2,Male,34.0,Pune,Unknown,0,1,0,1,0,0,0,0,1.2,Oppo,Nord,BSNL,Tamil,iOS,16,app,play_store,13,1,279.7,referral,activation,ag3,crm,0
104096,Sun,3,Android,0,1,Male,32.0,Unknown,Karnataka,0,0,0,1,0,1,0,0,2.0,Oppo,iPhone 13,Jio,English,Android,11,app,play_store,6,3,221.3,referral,brand,none,none,0
104097,Thu,21,Android,1,1,Male,26.0,Delhi,Maharashtra,0,1,0,0,0,0,0,0,2.1,Apple,Reno,Vi,English,Android,13,app,play_store,13,5,633.9,referral,brand,none,crm,1
104098,Tue,20,Android,1,1,Female,25.0,Bangalore,Unknown,1,1,0,1,0,0,0,0,2.0,OnePlus,Y21,Other,Hindi,iOS,13,app,play_store,3,1,341.3,organic,remarketing,ag1,none,0
104099,Tue,16,Android,1,3,Female,22.0,Jaipur,Karnataka,0,1,0,0,0,0,0,1,2.1,Xiaomi,A12,Other,Hindi,Android,11,app,play_store,8,2,155.8,google,remarketing,ag3,crm,0
104100,Tue,14,Android,0,1,Male,27.0,Jaipur,Karnataka,0,1,0,0,1,0,0,0,2.1,Xiaomi,Y21,Other,Marathi,Android,16,app,web,5,3,97.4,influencer,none,none,none,0
104101,Thu,5,Web,1,1,Male,23.0,Mumbai,MP,0,0,0,0,0,0,0,0,1.0,OnePlus,Y21,Vi,Bengali,Android,16,app,play_store,4,5,200.1,referral,activation,ag2,organic,1
104102,Sat,15,iOS,1,1,Female,38.0,Bangalore,Karnataka,0,0,0,0,0,1,0,0,1.1,Xiaomi,Note 10,Other,Hindi,Android,14,app,app_store,6,7,426.6,organic,none,ag3,none,1
104103,Mon,16,Android,0,1,Male,23.0,Indore,MP,1,0,0,1,0,0,0,1,1.1,OnePlus,A12,Jio,Tamil,iOS,11,app,app_store,9,1,484.9,meta,remarketing,none,crm,0
104104,Sun,2,Android,0,2,Male,31.0,Mumbai,Delhi,0,1,0,0,1,0,1,0,1.2,OnePlus,Y21,Airtel,English,Android,14,app,app_store,8,1,301.8,google,none,ag3,none,0
104105,Thu,9,iOS,0,1,Female,30.0,Delhi,Karnataka,1,1,0,0,0,0,0,0,1.1,Vivo,iPhone 13,Jio,English,Android,15,app,play_store,3,5,717.0,meta,none,ag2,crm,0
104106,Tue,4,iOS,1,2,Female,38.0,Jaipur,Maharashtra,0,0,0,0,0,0,0,0,1.2,Samsung,iPhone 13,Airtel,Tamil,Android,12,app,play_store,8,3,800.2,influencer,none,ag1,none,1
104107,Fri,13,iOS,0,1,Male,39.0,Unknown,Maharashtra,1,0,0,0,0,0,0,0,2.0,Xiaomi,Note 10,Vi,English,Android,17,app,play_store,11,3,246.3,meta,none,ag2,organic,0
104108,Wed,20,Android,0,1,Female,36.0,Pune,Delhi,0,0,0,0,0,0,0,0,1.1,Apple,Nord,BSNL,Bengali,Android,14,app,app_store,10,2,810.1,meta,remarketing,none,paid,1
104109,Sun,12,Web,0,1,Male,33.0,Pune,Unknown,0,0,0,0,0,0,0,0,1.0,Apple,A12,BSNL,Tamil,Android,11,app,app_store,7,8,581.2,referral,none,ag3,crm,0
104110,Thu,5,Android,1,1,Female,22.0,Indore,Maharashtra,1,0,0,0,0,1,1,0,1.0,Samsung,Y21,Other,Marathi,Android,12,web,app_store,10,3,277.9,referral,none,none,paid,1
104111,Thu,11,iOS,0,1,Male,21.0,Pune,MP,0,1,0,0,0,0,0,0,1.0,Vivo,Note 10,Other,English,Android,14,app,play_store,6,3,126.3,referral,none,ag3,organic,0
104112,Mon,7,iOS,0,1,Female,23.0,Pune,Karnataka,0,0,1,0,1,0,0,0,2.0,Apple,iPhone 13,Vi,Bengali,iOS,11,web,app_store,9,1,631.2,organic,activation,none,none,0
104113,Mon,4,Android,1,1,Female,36.0,Unknown,Rajasthan,1,0,0,0,0,0,1,0,1.2,Samsung,Reno,BSNL,Hindi,Android,15,app,web,7,1,518.5,influencer,remarketing,ag3,none,0
104114,Thu,14,iOS,1,1,Male,31.0,Indore,Karnataka,1,0,0,0,0,1,0,0,2.0,Apple,Y21,Airtel,Tamil,Android,16,web,app_store,7,4,154.9,google,activation,none,crm,0
104115,Tue,15,Android,0,2,Female,37.0,Jaipur,Karnataka,1,1,0,0,0,0,1,0,2.0,Samsung,iPhone 13,Vi,Hindi,Android,11,app,play_store,9,0,298.9,google,generic,none,paid,0
104116,Wed,0,Web,1,1,Female,38.0,Delhi,Rajasthan,0,0,0,0,0,0,0,0,2.0,Apple,Reno,BSNL,Marathi,iOS,15,app,play_store,6,0,132.8,referral,activation,ag1,none,0
104117,Sun,15,Android,1,1,Male,24.0,Mumbai,Unknown,0,0,0,0,0,1,0,0,2.1,Vivo,Y21,Airtel,Hindi,iOS,12,app,play_store,4,1,364.9,referral,remarketing,ag2,organic,1
104118,Mon,4,Web,0,1,Female,30.0,Jaipur,Maharashtra,0,0,0,0,0,1,0,0,2.0,Vivo,A12,Other,English,iOS,17,app,play_store,8,1,278.6,organic,remarketing,ag2,paid,0
104119,Sun,2,Android,0,3,Unknown,30.0,Mumbai,Maharashtra,0,0,0,0,1,0,1,0,1.1,OnePlus,iPhone 13,Other,English,Android,15,web,play_store,11,4,443.7,organic,none,ag3,none,0
104120,Tue,19,Android,0,1,Female,27.0,Indore,Karnataka,0,1,0,1,1,0,0,0,1.2,Apple,Note 10,BSNL,English,Android,14,app,play_store,8,5,546.4,google,generic,none,none,0
104121,Sun,14,Android,1,1,Male,26.0,Jaipur,Maharashtra,0,1,0,1,0,1,0,0,1.0,OnePlus,Note 10,Airtel,English,Android,15,app,play_store,6,6,887.5,influencer,remarketing,ag1,organic,1
104122,Fri,12,Android,0,1,Male,39.0,Bangalore,MP,0,1,0,0,0,0,0,1,2.1,OnePlus,Note 10,Vi,Tamil,Android,11,app,play_store,10,7,301.3,referral,remarketing,none,none,0
104123,Mon,23,Android,0,1,Male,30.0,Indore,MP,0,0,0,0,1,0,0,0,1.2,Apple,Reno,BSNL,Bengali,iOS,14,app,web,6,1,311.5,influencer,none,ag1,none,0
104124,Tue,15,Android,1,1,Male,30.0,Indore,Rajasthan,0,0,0,0,0,0,0,0,1.2,Oppo,Note 10,BSNL,English,Android,15,app,play_store,9,2,480.3,organic,remarketing,ag1,organic,0
104125,Tue,22,Android,0,4,Male,24.0,Indore,Karnataka,0,0,0,0,0,0,0,0,2.0,Xiaomi,Nord,Jio,Marathi,Android,11,web,play_store,5,2,253.4,meta,remarketing,ag3,none,0
104126,Wed,10,Android,1,1,Male,35.0,Indore,Unknown,1,0,0,0,0,0,0,0,1.0,Vivo,Reno,Jio,Marathi,Android,17,app,play_store,6,0,629.2,influencer,remarketing,ag1,none,1
104127,Wed,20,Android,1,1,Male,22.0,Pune,MP,0,1,0,0,0,0,0,0,1.2,Apple,Y21,Jio,English,iOS,12,app,app_store,10,5,514.1,google,brand,none,none,1
104128,Fri,1,Web,0,1,Male,34.0,Pune,Delhi,0,0,0,1,0,0,0,0,1.1,OnePlus,Reno,BSNL,Bengali,iOS,16,app,play_store,7,6,675.0,referral,generic,none,paid,1
104129,Tue,21,Android,1,2,Male,34.0,Jaipur,Maharashtra,0,0,0,1,0,0,0,0,1.0,Xiaomi,Y21,Airtel,Marathi,iOS,13,app,web,11,7,105.6,influencer,remarketing,ag3,crm,0
104130,Sat,5,Android,0,1,Female,27.0,Delhi,Unknown,0,0,0,1,0,0,1,0,1.1,Apple,Y21,Vi,Tamil,Android,16,app,play_store,8,1,393.2,google,brand,ag2,paid,0
104131,Tue,5,Android,0,1,Female,33.0,Indore,Karnataka,0,1,0,0,0,0,0,0,2.1,Xiaomi,Nord,Vi,Bengali,Android,17,app,app_store,4,4,954.7,influencer,remarketing,ag2,paid,0
104132,Wed,13,Android,0,1,Male,31.0,Mumbai,MP,0,1,0,0,0,1,0,1,1.2,Xiaomi,Reno,Other,Bengali,Android,17,app,app_store,8,2,270.4,referral,none,ag2,organic,1
104133,Sat,10,Android,0,1,Male,30.0,Bangalore,Rajasthan,0,0,1,0,0,0,0,0,2.1,Vivo,Note 10,BSNL,Bengali,iOS,16,app,play_store,13,4,235.6,influencer,generic,ag3,organic,0
104134,Mon,7,Android,1,1,Male,30.0,Pune,MP,1,0,0,0,0,0,0,0,1.1,Oppo,A12,Jio,Marathi,Android,11,app,play_store,5,6,532.8,referral,remarketing,ag3,organic,0
104135,Mon,7,iOS,0,1,Male,30.0,Mumbai,Delhi,0,0,0,1,0,0,0,1,2.1,Samsung,Note 10,Vi,Tamil,iOS,14,app,app_store,6,3,364.3,google,brand,ag2,paid,0
104136,Sun,0,Android,0,1,Male,31.0,Pune,MP,0,0,0,1,0,0,1,0,1.1,Apple,Nord,Airtel,English,Android,16,app,play_store,10,5,228.7,referral,brand,ag3,paid,0
104137,Thu,20,Android,1,1,Female,30.0,Jaipur,Karnataka,0,1,0,0,1,0,0,0,2.0,Xiaomi,A12,Airtel,Marathi,Android,16,app,play_store,9,3,245.6,organic,generic,ag1,paid,1
104138,Wed,6,Android,0,1,Male,21.0,Delhi,Rajasthan,1,0,0,0,0,0,0,0,2.0,Oppo,Nord,BSNL,Bengali,Android,17,app,play_store,8,5,159.7,referral,brand,ag1,none,0
104139,Thu,5,Android,1,1,Unknown,29.0,Bangalore,Rajasthan,0,1,0,0,0,1,0,1,2.1,Xiaomi,iPhone 13,Airtel,Bengali,Android,12,web,play_store,4,3,90.3,influencer,generic,ag3,none,0
104140,Sat,20,Android,0,1,Male,32.0,Pune,Delhi,1,1,0,0,0,0,0,0,1.1,Apple,Y21,Other,Bengali,Android,17,app,app_store,7,5,160.8,google,generic,ag1,none,0
104141,Wed,7,iOS,1,1,Male,31.0,Bangalore,Karnataka,1,0,0,0,0,0,0,0,1.2,Samsung,Y21,BSNL,Bengali,Android,12,app,play_store,7,2,435.0,influencer,remarketing,ag3,crm,0
104142,Fri,18,Android,0,1,Female,38.0,Bangalore,Delhi,0,0,0,1,0,1,0,0,1.0,Vivo,Nord,BSNL,Marathi,Android,17,app,play_store,0,4,216.8,referral,brand,none,none,0
104143,Tue,21,Android,0,1,Female,35.0,Jaipur,Delhi,0,1,0,0,0,0,0,0,2.1,Samsung,A12,Other,Hindi,iOS,17,app,play_store,8,4,376.9,referral,remarketing,none,crm,0
104144,Fri,20,Android,0,1,Female,23.0,Mumbai,Delhi,0,0,0,1,0,1,0,0,1.2,Vivo,iPhone 13,Other,Hindi,iOS,12,app,play_store,7,3,594.4,influencer,generic,ag2,paid,0
104145,Sat,23,iOS,0,4,Unknown,29.0,Pune,MP,0,0,0,0,0,0,0,0,1.1,Xiaomi,iPhone 13,Airtel,Marathi,Android,17,app,play_store,7,4,450.5,google,brand,ag2,organic,0
104146,Wed,19,Android,1,4,Male,28.0,Bangalore,Maharashtra,0,0,0,0,0,1,0,0,1.1,Oppo,Note 10,Jio,Hindi,Android,15,app,play_store,8,4,304.5,organic,none,ag3,crm,0
104147,Sat,7,Android,0,1,Female,30.0,Jaipur,MP,1,0,0,0,0,0,0,0,2.1,Vivo,Note 10,Vi,Marathi,Android,12,app,app_store,4,2,491.5,influencer,brand,none,crm,0
104148,Tue,13,Android,0,1,Male,30.0,Indore,Karnataka,0,1,0,1,0,0,0,0,1.2,Xiaomi,A12,BSNL,Marathi,Android,16,app,play_store,9,2,538.2,google,remarketing,ag3,crm,0
104149,Mon,17,Android,0,1,Female,35.0,Unknown,Unknown,0,0,0,0,0,0,0,1,2.1,OnePlus,Note 10,BSNL,Marathi,iOS,12,app,play_store,5,3,119.9,influencer,generic,ag1,paid,1
104150,Mon,15,iOS,1,2,Male,31.0,Bangalore,Delhi,0,0,0,1,0,0,0,0,2.0,Apple,Y21,Vi,Bengali,iOS,13,app,play_store,6,5,419.6,referral,brand,ag1,crm,0
104151,Sat,8,Android,1,1,Male,40.0,Bangalore,Delhi,0,0,0,0,1,0,0,0,1.1,Apple,Nord,Airtel,English,Android,15,web,play_store,9,5,371.3,influencer,brand,ag3,paid,0
104152,Thu,14,Android,0,1,Female,32.0,Pune,Maharashtra,1,1,0,1,0,0,0,0,2.0,Oppo,Y21,Vi,Hindi,Android,11,app,app_store,13,4,188.8,influencer,generic,none,crm,0
104153,Wed,9,iOS,0,1,Male,23.0,Unknown,Rajasthan,0,1,0,0,0,0,0,0,2.1,Oppo,iPhone 13,Jio,Marathi,Android,11,app,play_store,10,5,323.3,meta,activation,ag3,paid,0
104154,Wed,21,Android,0,3,Male,26.0,Indore,Delhi,0,0,1,0,0,1,0,0,1.1,Apple,iPhone 13,Airtel,Tamil,Android,14,app,play_store,9,4,363.2,meta,activation,ag3,none,0
104155,Mon,15,Android,0,1,Male,35.0,Bangalore,MP,0,0,0,0,0,0,0,0,2.1,Apple,Nord,BSNL,Bengali,Android,12,app,play_store,8,3,249.3,referral,activation,ag2,crm,0
104156,Sun,3,Android,0,1,Female,18.0,Pune,Delhi,1,0,0,0,0,0,0,0,1.0,Vivo,A12,Vi,Tamil,iOS,17,app,play_store,7,1,79.6,google,brand,ag2,none,0
104157,Fri,19,Android,0,1,Female,19.0,Pune,Karnataka,0,0,0,0,0,0,0,0,1.2,Oppo,iPhone 13,Vi,Hindi,Android,14,app,play_store,7,3,786.8,meta,brand,ag1,none,0
104158,Sun,12,Android,0,1,Female,30.0,Jaipur,Maharashtra,0,1,0,0,1,1,0,0,1.1,Apple,A12,Airtel,Hindi,Android,11,app,play_store,8,3,182.6,organic,activation,ag1,crm,0
104159,Tue,21,iOS,1,1,Female,38.0,Unknown,Unknown,1,1,0,0,0,0,0,0,1.1,OnePlus,Y21,BSNL,Tamil,Android,12,app,play_store,10,2,470.2,referral,brand,ag3,none,1
104160,Fri,4,Android,0,3,Male,40.0,Bangalore,Rajasthan,1,1,0,0,0,0,0,0,2.0,Vivo,Reno,Vi,Marathi,Android,12,app,play_store,8,4,469.7,organic,activation,ag1,none,0
104161,Fri,21,Android,1,2,Male,28.0,Delhi,Unknown,0,0,0,0,1,0,0,0,1.0,Xiaomi,Reno,Other,Tamil,iOS,11,app,web,10,2,560.4,meta,brand,none,organic,0
104162,Sat,6,iOS,0,1,Male,38.0,Delhi,Karnataka,0,1,0,1,0,0,0,0,2.0,Oppo,Note 10,Vi,Marathi,Android,12,app,play_store,8,3,169.1,influencer,brand,ag1,crm,0
104163,Mon,22,Android,1,2,Female,31.0,Mumbai,MP,1,0,0,1,0,0,0,0,1.2,Oppo,Nord,Vi,Bengali,iOS,15,app,app_store,9,3,76.2,referral,generic,ag2,organic,0
104164,Sun,8,Android,0,1,Male,18.0,Delhi,Unknown,1,0,0,1,0,0,0,0,2.1,Apple,Note 10,Jio,Marathi,Android,17,app,web,9,5,580.3,referral,remarketing,ag3,paid,1
104165,Sun,7,Android,0,1,Male,30.0,Delhi,Karnataka,0,1,1,0,0,0,0,0,1.0,Apple,A12,Jio,Tamil,Android,12,app,play_store,10,3,239.3,referral,remarketing,ag3,crm,0
104166,Mon,15,iOS,1,4,Male,25.0,Pune,Unknown,0,0,0,0,0,0,0,0,2.0,Apple,Reno,Vi,English,Android,12,app,web,8,1,500.6,influencer,activation,ag1,none,0
104167,Sun,5,iOS,0,1,Female,37.0,Pune,Delhi,0,0,0,0,0,0,0,0,2.1,OnePlus,A12,Vi,Bengali,iOS,14,app,app_store,15,4,264.3,influencer,generic,ag3,paid,0
104168,Mon,15,Web,0,1,Male,30.0,Jaipur,Maharashtra,0,0,1,0,0,1,0,0,1.2,Apple,Y21,Jio,Bengali,Android,17,app,play_store,6,2,108.3,influencer,activation,ag1,paid,0
104169,Sat,5,iOS,0,4,Female,20.0,Unknown,Delhi,0,0,0,0,0,1,0,0,1.2,Samsung,Y21,Other,Tamil,Android,17,app,play_store,7,3,707.2,google,none,none,organic,1
104170,Thu,13,Android,1,1,Female,18.0,Bangalore,Maharashtra,0,0,0,0,0,0,0,0,1.0,Apple,A12,BSNL,English,Android,13,app,play_store,10,4,55.1,organic,activation,ag2,crm,0
104171,Fri,20,Android,0,1,Female,30.0,Unknown,MP,1,0,0,0,0,0,0,0,1.0,Xiaomi,Y21,Airtel,English,Android,11,app,play_store,6,0,392.2,referral,generic,ag2,organic,0
104172,Sat,0,iOS,1,3,Unknown,18.0,Unknown,Karnataka,0,0,0,0,0,1,0,0,1.1,Apple,Nord,Vi,Hindi,Android,17,app,play_store,7,7,310.0,google,remarketing,ag2,organic,0
104173,Wed,8,Android,0,1,Male,26.0,Bangalore,Unknown,1,0,0,0,0,0,1,0,1.2,Apple,iPhone 13,BSNL,English,Android,11,app,play_store,3,1,91.8,influencer,none,ag1,crm,0
104174,Tue,23,Android,0,1,Female,32.0,Pune,Maharashtra,0,0,0,0,0,0,0,1,1.1,Xiaomi,Nord,Vi,Hindi,Android,16,app,app_store,7,5,147.0,organic,none,none,paid,0
104175,Thu,12,Android,0,1,Female,22.0,Bangalore,Karnataka,0,0,0,0,0,1,0,0,2.1,OnePlus,A12,Jio,Marathi,Android,11,app,app_store,12,8,533.7,referral,generic,ag1,crm,1
104176,Wed,18,Android,0,1,Female,38.0,Pune,Unknown,0,0,0,0,0,0,0,0,1.0,Vivo,Reno,Vi,Marathi,Android,17,app,app_store,4,4,110.9,google,brand,none,none,0
104177,Fri,16,iOS,0,1,Female,40.0,Unknown,Maharashtra,0,0,0,0,1,1,0,0,1.1,Xiaomi,iPhone 13,BSNL,Marathi,iOS,14,app,play_store,11,3,465.7,google,brand,ag3,none,0
104178,Sun,10,Android,1,1,Male,22.0,Unknown,Delhi,0,0,0,0,0,1,0,0,1.2,Oppo,A12,Airtel,Hindi,Android,17,app,play_store,9,2,308.1,organic,generic,none,crm,0
104179,Mon,7,Android,0,1,Female,28.0,Delhi,Maharashtra,0,0,0,1,0,0,0,0,2.1,Xiaomi,Reno,Jio,English,Android,17,app,web,6,4,299.0,organic,generic,none,crm,1
104180,Fri,22,Web,0,1,Male,38.0,Bangalore,Maharashtra,1,0,0,0,0,1,0,0,1.0,Oppo,Nord,Other,Tamil,Android,16,app,app_store,7,3,492.9,organic,activation,none,organic,1
104181,Sat,4,Android,1,1,Unknown,30.0,Delhi,Rajasthan,0,1,0,0,1,0,0,0,1.2,Samsung,Reno,Vi,Bengali,Android,12,app,play_store,5,3,162.9,referral,brand,none,paid,0
104182,Tue,9,Android,1,1,Female,19.0,Mumbai,Unknown,1,0,0,1,0,0,0,1,2.0,Xiaomi,A12,Airtel,English,iOS,13,web,play_store,6,0,818.0,organic,none,ag2,paid,0
104183,Sat,6,Android,1,2,Female,29.0,Jaipur,Unknown,0,1,0,0,0,0,0,1,2.1,Vivo,Y21,BSNL,Hindi,Android,14,app,play_store,6,1,679.1,meta,generic,ag3,crm,1
104184,Thu,9,iOS,1,1,Female,23.0,Jaipur,MP,1,0,0,0,1,1,1,0,2.1,Samsung,A12,Jio,Tamil,iOS,13,app,play_store,7,4,320.5,google,remarketing,none,paid,1
104185,Thu,3,iOS,0,2,Male,39.0,Unknown,Unknown,0,0,0,0,1,0,0,0,2.0,Apple,Nord,Airtel,Hindi,Android,15,app,play_store,8,4,802.4,referral,generic,none,organic,1
104186,Tue,8,iOS,1,1,Male,35.0,Unknown,Delhi,1,1,0,0,0,1,0,0,1.0,Vivo,Reno,Other,Hindi,iOS,16,app,app_store,13,5,452.8,organic,remarketing,ag3,crm,1
104187,Wed,13,Android,0,1,Female,27.0,Bangalore,Delhi,0,0,0,0,0,0,0,0,1.2,Xiaomi,Y21,Vi,Bengali,Android,16,app,play_store,9,1,54.9,google,none,ag2,paid,0
104188,Wed,1,Android,0,1,Male,31.0,Unknown,Karnataka,0,0,0,0,1,0,0,1,2.1,Xiaomi,iPhone 13,Jio,Tamil,iOS,17,app,play_store,5,4,158.9,organic,none,ag2,crm,0
104189,Thu,8,iOS,1,1,Male,20.0,Pune,Maharashtra,0,0,0,0,0,0,1,0,1.1,Vivo,Nord,Airtel,Marathi,Android,15,app,play_store,10,3,369.8,organic,remarketing,ag3,paid,0
104190,Thu,20,iOS,1,1,Female,24.0,Jaipur,Maharashtra,0,1,0,0,0,0,0,0,1.0,Apple,Note 10,BSNL,English,Android,14,app,play_store,11,4,148.6,google,generic,ag2,organic,0
104191,Sun,0,Android,1,1,Male,42.0,Pune,Unknown,1,0,0,0,0,0,0,1,1.0,Apple,Note 10,BSNL,Marathi,Android,14,app,play_store,14,3,122.4,meta,brand,ag2,paid,0
104192,Mon,22,Android,0,3,Female,30.0,Jaipur,Maharashtra,0,0,0,1,0,1,0,0,1.2,Samsung,Nord,Other,Hindi,Android,13,app,play_store,2,4,236.1,referral,brand,ag1,paid,0
104193,Sun,9,Web,0,1,Male,37.0,Mumbai,Delhi,0,0,0,0,0,0,0,1,2.0,Vivo,Nord,Vi,Bengali,Android,14,app,play_store,11,5,713.5,google,generic,ag2,organic,0
104194,Sun,9,iOS,0,3,Female,32.0,Pune,Rajasthan,0,0,0,0,0,0,0,0,2.1,Oppo,Note 10,Other,Tamil,Android,12,app,play_store,14,3,295.1,referral,brand,ag1,none,0
104195,Wed,19,iOS,1,1,Female,41.0,Delhi,Karnataka,0,1,0,1,0,0,0,0,2.1,Vivo,Note 10,Airtel,Bengali,Android,17,app,play_store,9,3,191.9,influencer,generic,ag1,none,1
104196,Tue,21,iOS,0,1,Male,18.0,Pune,Maharashtra,0,0,0,0,0,0,0,0,1.1,Apple,Reno,Jio,Bengali,Android,14,app,play_store,7,2,155.7,google,generic,none,crm,0
104197,Wed,2,Android,1,1,Male,28.0,Mumbai,Rajasthan,0,0,0,0,1,1,0,0,1.1,OnePlus,Note 10,Jio,Tamil,iOS,14,app,play_store,9,3,242.2,meta,none,none,paid,0
104198,Mon,5,Android,0,1,Male,43.0,Indore,Unknown,1,0,0,0,0,0,0,0,1.1,Apple,Nord,Airtel,Tamil,iOS,16,app,app_store,15,7,304.5,google,remarketing,none,paid,0
104199,Sat,5,Android,1,2,Unknown,38.0,Indore,MP,0,0,0,0,0,1,0,0,1.1,Samsung,Reno,Jio,Tamil,Android,12,web,app_store,10,3,343.6,organic,brand,ag1,paid,0
104200,Thu,20,Android,1,1,Male,41.0,Delhi,Delhi,0,0,0,0,0,0,0,1,1.2,Vivo,Y21,Airtel,Bengali,Android,11,app,play_store,8,2,643.7,referral,brand,ag2,paid,1
104201,Thu,1,iOS,0,1,Male,30.0,Indore,MP,0,1,0,0,0,0,0,0,1.2,Xiaomi,A12,Other,Hindi,iOS,11,app,app_store,4,5,506.1,referral,remarketing,ag2,paid,0
104202,Mon,17,Android,0,1,Female,26.0,Unknown,Delhi,0,0,0,0,0,1,0,0,1.1,Oppo,Reno,Vi,Bengali,iOS,15,app,play_store,5,1,438.8,influencer,remarketing,none,none,1
104203,Sun,22,Android,1,1,Male,22.0,Pune,Karnataka,1,1,0,1,0,1,0,0,1.1,Vivo,Reno,BSNL,Hindi,iOS,14,app,play_store,11,3,492.4,influencer,brand,ag1,paid,1
104204,Tue,1,Android,0,2,Unknown,21.0,Mumbai,Unknown,0,0,0,0,0,0,0,1,1.1,OnePlus,A12,BSNL,English,iOS,17,app,play_store,13,2,799.4,google,remarketing,ag1,crm,0
104205,Thu,11,Android,1,1,Female,36.0,Jaipur,MP,0,1,0,0,0,0,0,0,2.1,Oppo,Y21,BSNL,Hindi,iOS,15,web,app_store,8,5,32.2,organic,remarketing,ag1,none,0
104206,Fri,21,Android,0,1,Male,34.0,Delhi,Karnataka,0,0,0,1,0,1,0,0,1.2,Vivo,A12,Jio,English,Android,17,app,play_store,7,3,228.7,google,generic,ag3,paid,0
104207,Sun,4,Android,0,1,Female,29.0,Indore,Karnataka,0,1,0,0,0,0,0,0,1.0,Apple,Reno,Other,Marathi,Android,14,app,app_store,13,1,306.0,google,remarketing,ag2,organic,0
104208,Thu,19,Android,1,3,Male,34.0,Pune,Karnataka,0,0,0,0,0,0,0,1,1.2,OnePlus,Y21,Other,English,Android,12,app,play_store,8,2,238.3,influencer,remarketing,ag1,organic,0
104209,Fri,6,Android,0,1,Female,31.0,Jaipur,MP,1,0,0,1,0,0,0,0,1.2,Oppo,Y21,BSNL,Bengali,Android,13,app,play_store,6,5,731.1,meta,brand,none,paid,0
104210,Mon,23,Web,1,1,Female,38.0,Jaipur,MP,0,1,0,0,0,0,0,0,2.1,Vivo,A12,Other,Marathi,Android,14,app,app_store,13,4,279.8,influencer,brand,ag3,organic,0
104211,Mon,15,Android,0,1,Male,38.0,Pune,MP,0,1,1,0,0,0,0,0,2.1,Xiaomi,A12,Airtel,Bengali,Android,15,app,play_store,9,0,536.6,referral,remarketing,ag1,none,0
104212,Sun,19,Android,1,3,Male,21.0,Bangalore,Maharashtra,1,0,0,0,0,0,1,0,1.1,OnePlus,A12,BSNL,Bengali,iOS,15,app,play_store,9,2,460.4,organic,brand,none,paid,0
104213,Thu,0,Android,0,1,Unknown,32.0,Bangalore,Karnataka,0,0,0,1,0,1,0,0,2.0,Apple,iPhone 13,BSNL,English,Android,14,app,play_store,7,2,66.8,organic,remarketing,none,organic,0
104214,Wed,0,Android,0,1,Male,18.0,Unknown,Unknown,0,0,0,0,0,1,1,0,1.2,Xiaomi,A12,Vi,Tamil,iOS,17,web,app_store,10,6,109.1,meta,generic,ag3,none,0
104215,Fri,16,Android,0,1,Female,31.0,Mumbai,Maharashtra,0,1,0,0,0,0,1,1,2.0,Samsung,Nord,BSNL,Bengali,iOS,15,app,app_store,9,7,29.6,google,brand,none,paid,0
104216,Tue,0,iOS,1,1,Male,35.0,Unknown,Delhi,0,0,0,0,0,0,0,0,1.0,Samsung,Nord,Jio,Marathi,Android,15,web,web,10,2,463.0,referral,generic,none,none,0
104217,Thu,20,iOS,0,1,Male,19.0,Unknown,MP,0,0,0,0,0,0,0,0,1.1,Samsung,iPhone 13,Airtel,Bengali,iOS,12,web,play_store,8,4,674.7,referral,activation,ag1,organic,0
104218,Tue,19,Android,1,1,Female,27.0,Delhi,Unknown,0,1,1,0,0,0,0,0,1.2,Apple,Nord,Other,Tamil,Android,15,app,play_store,2,1,167.8,meta,activation,ag1,none,0
104219,Thu,12,Android,0,1,Male,30.0,Indore,Rajasthan,0,0,0,0,0,1,0,0,2.1,Xiaomi,A12,Jio,Tamil,Android,11,app,play_store,6,3,598.2,meta,generic,ag2,crm,0
104220,Wed,8,iOS,1,1,Female,32.0,Indore,Delhi,0,0,0,0,0,0,0,0,2.1,Vivo,iPhone 13,Airtel,Bengali,Android,11,app,play_store,7,1,553.3,organic,remarketing,ag3,none,0
104221,Wed,14,iOS,1,1,Male,28.0,Pune,Karnataka,0,0,0,0,1,0,0,0,2.0,Apple,Reno,Vi,Tamil,Android,17,app,play_store,9,4,193.9,meta,brand,ag2,organic,0
104222,Sun,2,Android,0,1,Male,21.0,Indore,Karnataka,0,0,0,0,0,0,0,1,2.1,Vivo,Note 10,BSNL,English,Android,13,app,play_store,10,2,95.9,meta,generic,none,crm,0
104223,Sun,13,Android,0,3,Unknown,30.0,Unknown,Unknown,0,0,0,0,0,0,0,0,2.0,Apple,Reno,Other,Hindi,iOS,11,app,play_store,5,3,222.1,organic,brand,ag3,crm,0
104224,Wed,22,Android,0,2,Female,18.0,Mumbai,Maharashtra,0,0,0,0,0,0,0,0,1.1,Oppo,Note 10,BSNL,Tamil,Android,11,app,web,8,1,1177.1,referral,generic,ag2,paid,0
104225,Sat,10,Android,0,1,Unknown,28.0,Bangalore,MP,0,0,0,0,0,0,0,0,2.0,OnePlus,Y21,Jio,Bengali,Android,12,app,play_store,10,2,116.9,influencer,activation,ag2,crm,0
104226,Wed,23,Android,0,1,Unknown,26.0,Pune,Unknown,0,0,0,1,0,0,0,1,1.2,OnePlus,A12,BSNL,Tamil,iOS,14,app,app_store,7,4,243.4,google,activation,ag1,organic,0
104227,Mon,21,Android,1,1,Unknown,29.0,Delhi,MP,1,0,0,0,0,1,0,1,2.1,Samsung,Y21,Airtel,Bengali,Android,12,app,play_store,8,4,532.3,google,activation,ag2,none,0
104228,Mon,11,Android,0,1,Female,26.0,Pune,Delhi,1,0,0,0,0,0,1,0,2.1,Samsung,Note 10,BSNL,Marathi,Android,15,app,play_store,8,3,420.1,organic,none,ag1,paid,0
104229,Sat,12,Android,1,1,Male,18.0,Unknown,Unknown,0,0,0,0,0,0,0,1,1.2,Oppo,Nord,BSNL,Bengali,iOS,11,app,play_store,7,5,468.2,influencer,remarketing,none,none,0
104230,Fri,12,iOS,1,3,Unknown,27.0,Indore,Delhi,1,0,0,0,0,0,0,0,1.0,Xiaomi,iPhone 13,Vi,Marathi,Android,15,app,play_store,8,3,726.1,meta,brand,ag3,paid,0
104231,Tue,0,iOS,0,1,Male,37.0,Mumbai,Delhi,0,0,0,1,0,0,0,0,1.1,Samsung,Note 10,BSNL,Hindi,Android,16,app,play_store,10,0,236.1,meta,none,ag2,crm,1
104232,Thu,23,Android,0,1,Male,40.0,Unknown,Rajasthan,0,0,1,0,0,0,0,0,2.0,Samsung,Y21,Vi,English,Android,17,app,play_store,9,3,969.4,google,generic,none,crm,0
104233,Thu,9,iOS,0,1,Male,50.0,Delhi,Rajasthan,0,0,0,0,0,0,0,0,1.1,Xiaomi,Nord,Jio,Hindi,Android,17,app,play_store,4,5,769.8,google,none,ag2,organic,0
104234,Sat,2,Android,1,1,Male,44.0,Pune,Karnataka,0,0,0,0,0,1,0,0,1.2,Xiaomi,iPhone 13,Vi,Bengali,Android,16,app,play_store,8,4,658.0,google,generic,ag2,crm,0
104235,Mon,23,iOS,0,1,Female,20.0,Indore,Karnataka,0,1,0,1,0,0,0,0,1.1,Oppo,Reno,Vi,Hindi,Android,16,app,play_store,6,1,254.3,meta,generic,ag3,crm,0
104236,Sun,3,Android,0,3,Male,27.0,Pune,Karnataka,0,0,0,0,1,0,0,0,1.0,Samsung,Nord,Jio,Marathi,Android,14,app,play_store,9,3,213.2,referral,activation,none,crm,0
104237,Thu,15,Android,1,1,Male,30.0,Delhi,Unknown,0,0,0,0,0,0,0,0,1.1,Oppo,Note 10,Vi,Hindi,iOS,14,app,play_store,7,5,566.6,organic,remarketing,ag2,organic,0
104238,Mon,7,Android,0,1,Male,29.0,Unknown,MP,0,0,0,0,0,1,0,0,2.0,Apple,Nord,BSNL,English,Android,13,app,app_store,6,8,468.0,referral,none,ag3,none,0
104239,Fri,15,Android,1,2,Male,31.0,Indore,Karnataka,0,0,0,0,0,0,0,0,1.2,Xiaomi,Nord,Jio,Tamil,Android,13,app,app_store,6,2,151.5,meta,brand,ag3,paid,1
104240,Tue,16,iOS,0,1,Female,49.0,Bangalore,Maharashtra,0,0,0,0,0,0,0,0,1.0,OnePlus,Y21,Jio,Marathi,Android,12,app,play_store,7,4,194.7,influencer,remarketing,ag1,none,0
104241,Fri,18,Android,0,1,Male,21.0,Jaipur,Delhi,0,0,0,1,0,0,0,0,1.0,Xiaomi,Nord,Vi,Hindi,Android,11,app,web,17,5,500.2,organic,brand,ag2,crm,0
104242,Sat,21,Android,1,1,Male,24.0,Delhi,Unknown,0,0,0,0,0,0,1,0,1.0,Samsung,iPhone 13,Vi,Hindi,Android,16,app,play_store,7,3,617.9,google,activation,ag2,paid,0
104243,Wed,14,Android,0,2,Male,43.0,Bangalore,MP,0,1,0,0,1,0,0,0,2.1,OnePlus,Note 10,Airtel,Hindi,Android,15,app,play_store,6,1,101.3,google,activation,none,crm,0
104244,Wed,15,Android,1,1,Male,25.0,Bangalore,Rajasthan,1,1,0,0,0,1,0,0,1.1,Vivo,A12,Jio,Marathi,iOS,17,app,app_store,9,4,245.7,organic,remarketing,ag3,organic,0
104245,Wed,14,Android,0,1,Female,33.0,Indore,Delhi,0,0,0,1,0,1,0,0,2.0,Oppo,Nord,Other,Hindi,Android,13,app,play_store,9,2,20.0,meta,activation,none,paid,0
104246,Fri,1,Android,1,1,Male,38.0,Pune,Karnataka,0,0,0,0,0,0,0,0,2.1,Xiaomi,Reno,BSNL,Tamil,Android,14,app,play_store,9,3,297.8,influencer,brand,ag2,none,0
104247,Thu,10,iOS,0,1,Male,34.0,Unknown,Rajasthan,0,1,0,1,0,0,0,0,2.0,Xiaomi,Note 10,Vi,Bengali,iOS,14,app,app_store,10,4,435.7,meta,none,ag3,organic,0
104248,Tue,0,iOS,0,1,Male,32.0,Pune,Rajasthan,1,0,0,0,0,0,0,0,2.0,Samsung,Nord,Jio,Hindi,Android,13,app,app_store,9,4,391.6,organic,none,ag2,none,0
104249,Wed,14,Web,0,1,Male,38.0,Mumbai,Rajasthan,0,0,0,0,0,1,0,0,2.0,Samsung,Nord,Jio,Tamil,Android,14,app,play_store,8,3,406.2,influencer,none,none,paid,0
104250,Sat,18,Android,0,1,Unknown,23.0,Delhi,Unknown,0,0,0,0,0,0,0,0,2.0,Vivo,Reno,BSNL,Marathi,iOS,11,app,play_store,2,3,405.1,referral,remarketing,ag3,paid,0
104251,Sat,3,Android,0,1,Male,26.0,Delhi,Delhi,0,0,0,0,0,1,0,1,1.1,Apple,Y21,Jio,Bengali,Android,11,app,app_store,5,1,600.1,meta,brand,ag1,organic,0
104252,Wed,10,Android,0,1,Female,34.0,Unknown,MP,0,0,0,0,0,0,0,1,1.1,Apple,Note 10,Other,Marathi,Android,12,app,app_store,20,1,612.6,referral,none,none,none,0
104253,Wed,4,Android,0,1,Female,18.0,Indore,Delhi,0,0,0,0,0,0,0,0,2.0,Samsung,iPhone 13,Airtel,Bengali,iOS,11,app,play_store,9,2,219.1,referral,remarketing,ag2,crm,0
104254,Tue,2,Android,0,1,Male,41.0,Indore,Maharashtra,0,0,0,0,0,0,0,0,2.0,Vivo,A12,BSNL,Tamil,Android,13,app,play_store,6,3,222.6,google,generic,ag3,none,0
104255,Wed,12,Web,0,3,Unknown,32.0,Mumbai,Karnataka,0,1,0,0,0,0,0,0,1.0,Samsung,Nord,Other,Tamil,Android,13,app,play_store,6,2,197.0,google,brand,none,none,0
104256,Tue,9,iOS,0,2,Female,31.0,Mumbai,Unknown,0,0,0,0,1,0,0,0,2.1,Apple,Note 10,Jio,Bengali,Android,11,web,play_store,4,2,384.3,referral,remarketing,ag1,organic,0
104257,Sat,10,Web,0,4,Female,18.0,Bangalore,MP,0,0,1,0,0,0,1,0,1.1,Oppo,Note 10,Jio,Tamil,Android,13,app,play_store,14,4,307.3,referral,remarketing,ag3,paid,0
104258,Wed,17,iOS,1,1,Male,20.0,Jaipur,Unknown,0,0,0,0,0,0,0,0,1.0,Xiaomi,Nord,Vi,English,Android,12,app,play_store,5,5,72.9,referral,generic,ag1,organic,1
104259,Fri,1,iOS,0,1,Female,27.0,Mumbai,MP,0,0,0,0,0,1,0,0,1.2,Xiaomi,A12,BSNL,Bengali,Android,12,app,web,14,1,182.2,referral,remarketing,ag3,crm,1
104260,Sun,6,iOS,0,1,Male,36.0,Pune,Karnataka,1,0,0,1,0,0,0,0,1.0,Vivo,Nord,Airtel,Hindi,Android,14,app,play_store,7,2,265.9,influencer,none,ag3,organic,0
104261,Fri,8,Android,0,1,Male,18.0,Bangalore,Maharashtra,1,0,0,0,0,0,0,0,2.1,Apple,A12,Vi,Hindi,Android,12,app,play_store,6,5,351.0,referral,brand,ag1,crm,0
104262,Sat,9,Android,1,1,Female,36.0,Jaipur,Rajasthan,1,0,0,0,1,1,0,0,1.2,OnePlus,Note 10,Jio,Hindi,iOS,15,app,app_store,5,3,398.0,google,brand,none,paid,0
104263,Tue,17,Android,0,1,Female,27.0,Mumbai,Karnataka,1,0,0,0,0,1,0,0,2.0,Vivo,Nord,Airtel,Hindi,Android,11,app,play_store,8,4,384.3,referral,brand,ag2,paid,0
104264,Fri,22,Android,1,1,Male,28.0,Jaipur,Rajasthan,0,1,0,0,0,0,0,0,1.0,Vivo,Note 10,BSNL,Hindi,Android,17,app,app_store,7,0,546.1,referral,generic,ag1,organic,0
104265,Tue,6,Android,0,1,Female,32.0,Pune,Karnataka,1,0,0,0,0,0,0,0,2.1,Vivo,Nord,Other,English,iOS,17,app,app_store,3,2,145.0,influencer,remarketing,none,organic,0
104266,Fri,6,Android,0,1,Female,32.0,Pune,Delhi,0,0,0,0,0,0,0,0,1.0,Xiaomi,Nord,Airtel,Hindi,Android,16,app,play_store,2,0,101.8,influencer,generic,ag3,paid,1
104267,Fri,2,Android,1,1,Male,24.0,Bangalore,Unknown,1,1,0,0,0,0,0,0,2.1,Vivo,iPhone 13,Vi,Tamil,Android,13,app,play_store,6,2,386.5,meta,none,ag3,organic,1
104268,Tue,11,Web,0,1,Male,35.0,Bangalore,Maharashtra,0,0,0,0,0,1,0,0,1.0,Apple,Y21,Other,Marathi,Android,13,app,play_store,7,2,220.4,referral,generic,none,none,0
104269,Thu,6,iOS,0,1,Male,18.0,Pune,Unknown,0,1,0,0,0,1,0,0,2.1,OnePlus,Nord,Other,Tamil,Android,12,app,play_store,7,1,1286.2,google,brand,ag2,crm,1
104270,Fri,16,Android,1,4,Female,26.0,Indore,Maharashtra,1,1,0,0,0,1,0,0,2.0,Apple,Reno,Airtel,Tamil,Android,12,app,play_store,3,2,503.6,influencer,none,ag3,paid,1
104271,Wed,0,Android,0,1,Female,31.0,Unknown,Karnataka,0,0,0,0,1,0,0,0,2.1,OnePlus,Nord,Airtel,English,Android,12,app,play_store,7,4,225.0,referral,activation,ag3,organic,0
104272,Sun,4,Android,1,1,Male,27.0,Bangalore,Maharashtra,1,0,0,0,0,0,1,0,1.1,Oppo,Note 10,Vi,English,Android,13,web,web,7,2,694.2,google,none,ag1,crm,0
104273,Sat,15,Android,0,2,Female,18.0,Unknown,Rajasthan,0,0,0,0,0,0,0,0,1.0,OnePlus,A12,Airtel,Tamil,Android,15,app,web,8,7,210.1,meta,none,ag2,none,0
104274,Thu,14,iOS,1,1,Female,36.0,Delhi,Maharashtra,0,0,0,0,0,0,0,1,1.2,Apple,Note 10,BSNL,Tamil,Android,13,app,play_store,10,3,188.9,influencer,activation,none,organic,1
104275,Tue,1,Android,1,1,Female,20.0,Indore,Maharashtra,0,0,0,0,1,0,0,0,1.2,Xiaomi,Reno,Other,Hindi,iOS,12,app,play_store,14,5,277.5,influencer,brand,none,organic,0
104276,Thu,8,Android,0,1,Male,29.0,Delhi,Unknown,0,0,0,0,0,0,0,0,1.2,Apple,Y21,Other,Marathi,Android,15,app,play_store,4,2,687.9,google,none,none,organic,1
104277,Mon,6,iOS,1,1,Male,31.0,Jaipur,Maharashtra,1,0,0,0,0,0,0,0,2.1,OnePlus,Nord,Vi,English,iOS,12,app,play_store,9,3,369.1,google,activation,ag3,crm,1
104278,Mon,3,iOS,0,1,Female,30.0,Jaipur,MP,1,0,0,1,0,0,0,0,1.2,Samsung,Note 10,Airtel,Marathi,iOS,15,app,play_store,8,2,194.3,referral,remarketing,ag1,paid,0
104279,Fri,19,Android,0,1,Male,39.0,Jaipur,Karnataka,1,0,0,0,0,0,0,0,2.1,Vivo,Reno,Airtel,Marathi,Android,16,app,play_store,10,0,894.6,meta,remarketing,ag1,paid,0
104280,Fri,17,Android,0,1,Male,30.0,Mumbai,Delhi,1,0,0,1,1,1,0,0,1.2,OnePlus,A12,Other,English,Android,16,app,play_store,10,4,451.3,organic,remarketing,ag1,organic,0
104281,Wed,20,Android,0,1,Female,33.0,Bangalore,Delhi,0,1,0,0,0,0,0,0,1.2,Oppo,Y21,Other,Marathi,iOS,12,app,play_store,3,4,108.4,organic,none,ag1,paid,1
104282,Sun,3,Android,1,1,Male,30.0,Bangalore,MP,0,1,0,1,0,1,0,0,2.0,Samsung,Y21,Vi,Hindi,iOS,15,app,play_store,9,5,88.1,google,remarketing,ag1,none,0
104283,Sat,12,Android,0,1,Female,35.0,Pune,Unknown,0,0,0,0,0,1,0,0,2.0,Apple,Nord,Airtel,English,Android,11,app,play_store,8,2,797.5,referral,activation,ag3,paid,1
104284,Thu,0,Android,1,1,Male,41.0,Unknown,MP,0,0,0,0,0,0,0,0,2.0,Apple,Y21,Jio,Tamil,iOS,15,app,play_store,10,2,527.5,meta,activation,ag3,crm,1
104285,Mon,23,Android,0,1,Male,31.0,Bangalore,Delhi,0,0,0,0,0,1,0,0,1.0,OnePlus,A12,Airtel,Bengali,Android,17,app,play_store,9,1,135.2,influencer,brand,ag1,organic,0
104286,Fri,2,Android,0,2,Male,36.0,Unknown,Rajasthan,0,0,0,0,0,0,0,0,2.1,Vivo,Note 10,Vi,Hindi,Android,17,app,play_store,5,4,68.8,organic,generic,ag2,paid,0
104287,Sat,15,Android,0,1,Male,42.0,Jaipur,Delhi,0,0,0,0,0,1,0,0,2.1,Vivo,Y21,Other,English,Android,16,app,play_store,10,4,1020.2,organic,activation,ag2,crm,1
104288,Thu,21,iOS,0,2,Male,41.0,Delhi,Delhi,0,0,0,0,0,1,0,0,2.0,Xiaomi,Reno,Other,Marathi,Android,12,web,play_store,5,3,939.3,referral,generic,none,crm,0
104289,Fri,3,Android,1,1,Female,27.0,Indore,Karnataka,0,0,0,1,0,1,0,0,2.0,OnePlus,iPhone 13,Jio,Tamil,Android,14,app,web,5,2,92.1,google,remarketing,ag2,organic,0
104290,Fri,22,Android,1,2,Male,38.0,Mumbai,Delhi,0,0,0,0,0,0,0,1,1.2,Oppo,Note 10,Jio,Bengali,Android,12,app,play_store,8,4,431.6,meta,generic,ag2,crm,0
104291,Mon,15,iOS,1,1,Unknown,32.0,Unknown,Delhi,1,0,0,0,0,1,0,0,1.2,Xiaomi,A12,Vi,English,Android,17,app,play_store,7,2,230.5,influencer,brand,none,none,1
104292,Mon,18,Android,1,1,Male,39.0,Unknown,Maharashtra,0,1,0,0,1,1,0,0,1.2,Apple,A12,Airtel,Hindi,Android,17,app,play_store,7,5,222.5,google,none,none,crm,1
104293,Fri,0,iOS,0,1,Male,35.0,Indore,MP,0,0,0,1,0,1,0,0,1.0,OnePlus,Nord,Other,Hindi,Android,14,app,app_store,7,0,34.8,referral,remarketing,ag1,none,0
104294,Tue,4,Android,0,1,Male,32.0,Delhi,Delhi,1,0,0,1,1,0,1,1,2.0,Oppo,Reno,BSNL,Tamil,Android,17,app,play_store,15,4,175.9,google,remarketing,ag3,crm,0
104295,Fri,18,Android,1,1,Female,33.0,Mumbai,Delhi,0,1,0,0,1,0,0,0,2.0,Oppo,Y21,BSNL,Hindi,Android,13,app,play_store,11,3,520.4,influencer,activation,ag1,none,0
104296,Sat,21,Android,0,4,Male,32.0,Unknown,Rajasthan,0,1,0,0,0,0,0,1,2.0,OnePlus,Nord,BSNL,English,Android,15,app,play_store,10,3,109.4,organic,generic,ag1,organic,0
104297,Fri,23,Android,0,1,Male,32.0,Pune,Delhi,1,0,0,0,0,0,0,0,1.2,Xiaomi,Y21,Other,Tamil,Android,15,app,play_store,9,2,1318.9,organic,brand,ag1,crm,1
104298,Wed,10,Android,0,1,Female,29.0,Bangalore,Karnataka,0,0,0,0,0,0,0,0,1.0,Apple,Reno,Other,Bengali,iOS,12,app,play_store,6,2,697.7,organic,brand,ag3,paid,0
104299,Sun,12,Android,0,1,Male,28.0,Bangalore,Unknown,0,0,0,0,1,1,0,0,1.1,Apple,Reno,BSNL,English,Android,17,app,play_store,6,1,280.0,referral,activation,ag2,none,0
104300,Wed,19,Android,0,1,Male,44.0,Pune,Rajasthan,0,0,0,1,1,0,0,0,1.1,Xiaomi,Note 10,Jio,Hindi,Android,13,app,app_store,9,3,234.6,influencer,brand,ag2,crm,0
104301,Wed,4,Android,1,4,Male,34.0,Delhi,Delhi,0,0,0,0,1,0,0,0,1.2,Oppo,Nord,BSNL,Bengali,Android,16,app,app_store,7,2,580.9,influencer,remarketing,none,organic,1
104302,Tue,20,Android,0,1,Female,25.0,Unknown,Unknown,0,0,0,0,1,0,1,0,1.2,Oppo,Nord,Jio,Bengali,iOS,12,app,play_store,8,4,156.5,meta,none,ag2,none,0
104303,Tue,3,Android,0,1,Male,28.0,Pune,Karnataka,0,0,0,0,0,0,0,0,2.0,Samsung,Nord,Vi,Tamil,Android,11,app,play_store,11,5,510.7,meta,remarketing,none,organic,0
104304,Fri,3,Android,0,1,Female,38.0,Unknown,MP,1,0,0,1,0,0,0,0,2.1,OnePlus,Nord,BSNL,Hindi,Android,11,app,app_store,8,2,860.5,meta,brand,ag1,paid,1
104305,Wed,3,Android,1,1,Female,24.0,Jaipur,Delhi,0,0,0,0,0,0,0,0,1.2,Xiaomi,iPhone 13,BSNL,Marathi,Android,16,app,app_store,4,3,253.5,influencer,brand,none,paid,0
104306,Tue,3,Android,1,1,Female,18.0,Unknown,MP,0,0,0,0,0,0,0,0,1.2,Apple,iPhone 13,Jio,Bengali,Android,14,app,play_store,7,1,359.2,referral,activation,none,crm,0
104307,Mon,19,Android,1,1,Male,19.0,Delhi,Delhi,0,0,0,1,0,0,0,0,1.1,Samsung,Reno,Jio,Bengali,iOS,16,app,app_store,10,2,280.5,google,activation,ag3,organic,1
104308,Fri,20,iOS,0,1,Unknown,18.0,Mumbai,Rajasthan,1,0,0,0,0,0,0,1,1.2,Xiaomi,Nord,Jio,English,iOS,15,app,play_store,9,5,262.5,google,activation,ag2,none,1
104309,Sat,17,Android,1,1,Male,20.0,Indore,Rajasthan,0,0,0,0,0,0,0,0,2.1,OnePlus,Y21,Vi,Tamil,iOS,14,app,play_store,6,4,490.3,influencer,none,ag3,paid,1
104310,Sun,17,iOS,1,1,Female,21.0,Indore,Unknown,0,0,0,0,0,0,0,0,2.0,Oppo,Nord,BSNL,Marathi,Android,16,app,app_store,3,5,80.5,referral,activation,none,paid,0
104311,Thu,15,Android,1,1,Male,41.0,Pune,Karnataka,0,0,0,0,0,0,0,1,2.1,Vivo,iPhone 13,Jio,Hindi,Android,16,app,play_store,12,1,166.9,organic,activation,ag3,paid,0
104312,Fri,8,Android,1,1,Female,30.0,Bangalore,Maharashtra,0,0,0,0,0,0,0,0,1.0,Xiaomi,iPhone 13,Vi,Hindi,iOS,14,web,play_store,4,3,180.7,referral,generic,ag1,crm,0
104313,Thu,17,Android,0,1,Male,27.0,Pune,Unknown,0,0,0,0,0,0,0,0,1.2,Oppo,Nord,Vi,English,Android,15,app,play_store,10,7,139.3,influencer,brand,ag2,none,0
104314,Wed,21,Android,0,1,Male,18.0,Bangalore,Unknown,0,0,0,0,0,0,0,0,1.2,OnePlus,Nord,Other,Marathi,Android,11,app,play_store,10,1,478.9,influencer,generic,ag2,paid,0
104315,Sun,1,Android,0,1,Female,29.0,Pune,Karnataka,0,0,0,0,0,0,0,0,2.1,Vivo,Y21,Jio,Hindi,Android,14,app,app_store,7,3,336.7,organic,generic,ag1,organic,0
104316,Thu,20,Android,0,1,Male,18.0,Pune,Delhi,0,0,0,1,0,0,0,0,1.0,Apple,Reno,Jio,Bengali,Android,15,app,play_store,11,5,506.6,organic,generic,ag2,paid,0
104317,Wed,3,Android,1,1,Male,27.0,Unknown,MP,0,0,0,1,0,0,0,0,2.0,Vivo,Reno,Jio,Bengali,Android,16,app,play_store,11,2,118.1,meta,generic,none,crm,0
104318,Mon,11,Android,1,4,Female,47.0,Indore,MP,0,0,0,0,0,0,0,0,2.1,Apple,Reno,Other,English,Android,11,app,app_store,8,2,187.2,referral,remarketing,ag2,paid,0
104319,Thu,6,Android,1,1,Female,35.0,Jaipur,Delhi,0,0,0,1,0,0,0,0,1.1,Vivo,iPhone 13,Jio,Hindi,Android,15,app,play_store,6,2,523.7,meta,activation,ag2,organic,0
104320,Sun,14,Android,0,1,Male,28.0,Bangalore,Maharashtra,0,0,0,1,0,0,0,0,1.0,Oppo,Nord,Jio,English,Android,15,app,app_store,8,4,383.0,meta,none,none,organic,0
104321,Fri,6,Android,0,1,Male,36.0,Jaipur,Maharashtra,1,0,0,0,0,0,0,0,2.0,Samsung,A12,Vi,English,iOS,12,app,app_store,4,1,686.9,organic,brand,ag1,organic,0
104322,Wed,21,Android,0,1,Unknown,26.0,Jaipur,Maharashtra,0,0,1,0,0,0,0,0,1.0,Apple,Nord,Jio,Tamil,iOS,11,app,app_store,7,4,893.2,organic,activation,ag3,crm,0
104323,Fri,20,Android,0,3,Female,24.0,Jaipur,Delhi,1,0,0,1,0,1,0,0,1.1,OnePlus,iPhone 13,BSNL,Hindi,Android,14,app,play_store,8,1,99.0,organic,remarketing,ag3,none,0
104324,Sun,16,iOS,0,4,Male,44.0,Indore,Rajasthan,0,0,0,1,0,0,0,0,1.0,Xiaomi,A12,Airtel,Hindi,Android,16,web,play_store,14,4,394.2,referral,none,none,paid,0
104325,Tue,15,Android,0,1,Female,21.0,Jaipur,Unknown,0,0,0,0,1,0,0,0,2.1,Vivo,A12,Jio,English,Android,15,app,play_store,11,3,191.7,google,generic,ag1,paid,0
104326,Wed,18,Android,0,1,Male,27.0,Unknown,Rajasthan,0,1,0,1,0,1,0,0,2.1,Xiaomi,A12,Vi,English,Android,12,app,app_store,7,1,432.9,google,generic,ag1,organic,1
104327,Thu,8,Android,1,1,Male,32.0,Bangalore,Delhi,0,0,0,0,0,0,0,1,1.0,Apple,Y21,Other,Bengali,Android,13,app,play_store,15,4,363.2,meta,brand,ag1,paid,0
104328,Wed,13,iOS,0,1,Male,23.0,Mumbai,Rajasthan,0,0,0,0,0,0,0,0,1.2,Apple,Nord,Other,Tamil,Android,17,app,play_store,7,5,1061.7,influencer,remarketing,ag1,none,0
104329,Fri,16,Android,1,1,Male,35.0,Jaipur,Maharashtra,0,1,0,0,0,0,0,1,1.0,Vivo,Reno,Airtel,English,iOS,16,app,app_store,9,1,455.9,organic,brand,ag1,crm,1
104330,Mon,4,Android,0,1,Female,28.0,Jaipur,Rajasthan,0,0,0,0,0,1,0,0,2.1,Xiaomi,A12,Vi,Hindi,iOS,13,app,play_store,11,4,43.2,google,brand,ag3,organic,0
104331,Wed,1,iOS,0,1,Male,35.0,Mumbai,Delhi,1,0,0,0,0,1,0,0,2.0,Samsung,Y21,Jio,Tamil,Android,12,app,play_store,4,7,403.7,google,brand,ag2,none,0
104332,Thu,19,Android,1,4,Male,35.0,Jaipur,Unknown,0,0,0,0,0,0,0,0,1.0,Samsung,iPhone 13,Other,Hindi,Android,11,app,play_store,10,4,87.1,meta,activation,ag3,organic,1
104333,Tue,15,Android,1,4,Female,28.0,Mumbai,Rajasthan,1,0,0,0,0,0,0,0,1.1,Samsung,A12,Other,Tamil,Android,13,web,play_store,8,5,162.2,referral,none,ag2,paid,0
104334,Sat,13,iOS,0,3,Male,44.0,Delhi,Rajasthan,1,0,0,0,0,1,0,0,1.1,OnePlus,Reno,BSNL,Bengali,Android,14,app,play_store,10,0,341.8,meta,generic,ag2,organic,0
104335,Mon,13,Android,0,1,Female,25.0,Indore,Rajasthan,0,0,0,0,0,1,0,0,2.0,OnePlus,Nord,Airtel,Marathi,Android,17,app,play_store,6,4,342.0,referral,activation,ag1,none,1
104336,Tue,0,iOS,0,1,Male,41.0,Indore,Rajasthan,0,0,0,0,0,1,0,0,2.0,Samsung,A12,BSNL,Marathi,Android,17,app,play_store,6,2,303.5,referral,generic,none,organic,0
104337,Wed,2,iOS,1,1,Female,39.0,Mumbai,Unknown,0,0,0,1,1,0,0,1,2.0,Samsung,iPhone 13,Other,English,Android,12,app,app_store,9,6,939.1,influencer,activation,none,paid,0
104338,Fri,6,Web,1,1,Male,44.0,Pune,Delhi,0,0,0,0,0,0,0,0,2.0,Vivo,iPhone 13,Jio,Marathi,Android,15,app,play_store,8,4,75.2,google,none,none,none,0
104339,Sun,14,Android,0,1,Male,31.0,Indore,Karnataka,0,1,0,0,0,1,0,1,1.0,Samsung,A12,Jio,Hindi,Android,12,app,play_store,5,5,169.2,referral,activation,ag2,none,1
104340,Fri,18,Android,0,1,Female,24.0,Bangalore,Rajasthan,0,0,0,0,0,0,0,1,2.0,Apple,Nord,BSNL,Hindi,Android,14,app,play_store,8,4,264.9,organic,none,ag1,paid,0
104341,Thu,19,Android,1,1,Female,47.0,Indore,Karnataka,0,0,1,1,0,0,0,0,2.0,OnePlus,Y21,Jio,Tamil,Android,12,app,play_store,10,6,279.2,google,activation,none,none,0
104342,Fri,1,Android,0,1,Female,27.0,Indore,Unknown,0,0,0,0,1,0,0,0,1.2,Apple,A12,Airtel,Bengali,Android,14,app,web,13,3,328.2,influencer,none,ag3,none,1
104343,Mon,18,Android,1,1,Female,23.0,Bangalore,Delhi,0,0,0,0,0,0,0,0,1.1,Vivo,iPhone 13,BSNL,English,Android,14,app,play_store,13,3,343.2,organic,generic,none,paid,0
104344,Fri,8,Android,0,1,Male,28.0,Mumbai,MP,0,0,0,0,0,1,1,0,1.0,Samsung,Y21,Vi,English,iOS,12,app,play_store,7,4,504.0,meta,generic,ag3,none,1
104345,Thu,18,Android,0,1,Male,22.0,Unknown,Karnataka,0,0,0,0,0,0,1,0,2.1,OnePlus,Nord,Jio,Hindi,iOS,17,app,play_store,13,3,178.0,meta,generic,ag2,none,0
104346,Sat,4,Android,0,1,Female,34.0,Unknown,Delhi,1,1,0,0,0,0,0,0,1.2,Vivo,A12,Jio,Hindi,iOS,12,app,play_store,10,4,232.3,organic,none,ag3,organic,0
104347,Wed,17,Android,0,1,Female,25.0,Mumbai,MP,1,0,0,0,0,0,0,0,1.2,Vivo,iPhone 13,Vi,Marathi,iOS,12,app,play_store,11,3,278.0,meta,remarketing,none,organic,0
104348,Sun,15,iOS,0,4,Female,28.0,Bangalore,Rajasthan,0,0,0,0,0,0,0,0,2.1,Oppo,Y21,Airtel,English,Android,15,app,play_store,4,5,162.1,organic,brand,none,paid,0
104349,Wed,3,iOS,1,1,Female,38.0,Unknown,Unknown,1,0,0,0,0,0,0,0,1.2,Apple,Note 10,BSNL,Tamil,Android,15,app,play_store,15,3,653.3,google,none,none,paid,0
104350,Fri,11,iOS,1,1,Male,35.0,Indore,Unknown,0,0,0,0,0,0,0,0,1.0,Xiaomi,Y21,BSNL,Bengali,Android,16,app,play_store,12,3,382.0,influencer,none,ag1,crm,1
104351,Tue,6,Android,1,1,Male,30.0,Jaipur,Delhi,1,1,0,1,0,1,0,0,1.1,Vivo,iPhone 13,Airtel,English,Android,14,app,play_store,7,2,269.6,organic,generic,ag1,organic,1
104352,Wed,13,Web,0,1,Male,31.0,Indore,Maharashtra,0,1,0,1,0,0,0,0,2.0,Vivo,iPhone 13,BSNL,Tamil,Android,13,app,play_store,8,1,472.7,referral,generic,ag2,none,1
104353,Sat,22,iOS,0,1,Unknown,30.0,Mumbai,MP,0,1,0,1,0,0,0,0,1.2,Vivo,Note 10,Jio,Hindi,Android,17,app,play_store,6,4,691.3,google,activation,ag2,organic,0
104354,Fri,11,Android,0,3,Female,27.0,Jaipur,Maharashtra,0,0,1,0,0,0,1,0,1.0,OnePlus,Note 10,Airtel,Tamil,Android,12,app,play_store,12,2,369.1,organic,none,ag2,organic,0
104355,Sun,2,Android,1,3,Female,30.0,Delhi,Unknown,0,0,0,0,0,0,0,0,1.2,OnePlus,Reno,Jio,Tamil,Android,16,app,web,11,3,171.1,meta,activation,ag3,crm,0
104356,Thu,4,Android,0,1,Male,34.0,Mumbai,Unknown,1,0,0,0,0,1,0,1,1.0,Samsung,Reno,Jio,English,Android,13,web,play_store,10,5,411.2,google,remarketing,ag2,none,0
104357,Sat,16,Android,0,1,Male,29.0,Bangalore,Rajasthan,0,1,1,0,0,0,0,0,1.2,Xiaomi,Note 10,Jio,Tamil,iOS,11,app,play_store,4,3,460.6,influencer,brand,ag1,organic,0
104358,Fri,9,Android,0,1,Female,33.0,Jaipur,Rajasthan,0,0,0,0,0,0,0,1,1.0,Samsung,Nord,Vi,English,Android,11,app,play_store,8,4,318.6,meta,activation,ag2,none,0
104359,Sat,9,Android,0,1,Female,23.0,Delhi,Karnataka,0,0,1,0,0,1,0,1,2.0,Samsung,iPhone 13,Airtel,Marathi,Android,12,app,app_store,5,1,85.0,organic,generic,ag2,crm,0
104360,Wed,10,iOS,0,1,Male,25.0,Unknown,Unknown,0,1,0,0,0,0,0,0,1.0,Xiaomi,A12,Jio,Marathi,iOS,11,app,play_store,5,3,183.3,meta,generic,ag1,organic,0
104361,Sun,16,Android,1,1,Female,24.0,Delhi,Rajasthan,0,0,1,1,0,0,0,0,2.1,Oppo,Nord,Airtel,Tamil,iOS,13,app,web,6,2,540.0,organic,activation,ag3,crm,0
104362,Thu,4,Android,1,1,Male,25.0,Bangalore,Karnataka,1,1,0,0,0,0,0,0,1.2,Apple,iPhone 13,Other,Tamil,Android,11,app,play_store,8,3,94.0,meta,generic,ag1,organic,0
104363,Fri,12,iOS,1,1,Male,40.0,Jaipur,MP,0,0,0,0,0,0,0,0,2.0,OnePlus,Y21,Jio,Bengali,iOS,12,app,play_store,8,1,374.7,organic,remarketing,ag2,none,0
104364,Mon,9,Android,1,1,Female,36.0,Pune,Maharashtra,0,1,0,0,0,0,1,0,1.2,Apple,Note 10,BSNL,Hindi,Android,14,app,app_store,3,5,551.6,referral,brand,ag1,crm,0
104365,Thu,8,Web,1,1,Female,21.0,Mumbai,MP,1,0,0,0,0,1,0,0,1.0,Apple,Y21,Other,Marathi,Android,15,app,play_store,10,2,212.7,influencer,brand,ag1,crm,1
104366,Mon,16,Android,0,1,Female,33.0,Indore,Maharashtra,0,0,0,0,0,0,0,0,1.2,Samsung,Reno,BSNL,Tamil,Android,15,app,play_store,12,2,231.4,meta,none,ag2,organic,0
104367,Sat,0,Web,0,1,Male,27.0,Unknown,Delhi,0,0,0,0,0,1,0,0,1.1,Samsung,A12,Other,Tamil,Android,15,app,play_store,6,1,570.5,organic,remarketing,ag3,organic,0
104368,Tue,3,Android,1,1,Male,25.0,Jaipur,MP,0,1,0,0,0,0,0,0,1.0,Samsung,Nord,Vi,Tamil,Android,14,app,play_store,7,5,167.2,meta,activation,ag2,crm,0
104369,Thu,3,Android,0,1,Male,18.0,Mumbai,Delhi,0,0,0,0,0,1,0,0,1.0,Oppo,Y21,Vi,Tamil,Android,17,app,play_store,5,4,92.6,google,generic,ag1,organic,0
104370,Sat,17,Android,0,1,Male,38.0,Bangalore,Maharashtra,0,0,0,1,0,1,0,1,1.2,Samsung,A12,Other,Tamil,Android,11,app,play_store,10,1,220.7,organic,generic,ag1,crm,1
104371,Mon,8,Android,0,1,Male,19.0,Indore,Unknown,0,0,0,0,0,0,0,0,2.0,Xiaomi,Y21,Other,Bengali,Android,15,app,play_store,3,3,181.8,influencer,generic,none,organic,0
104372,Wed,17,iOS,0,1,Male,30.0,Pune,Unknown,0,0,0,0,0,0,0,0,2.1,Samsung,Reno,Airtel,Hindi,Android,13,app,play_store,5,5,306.6,organic,generic,ag3,paid,0
104373,Wed,13,Android,0,1,Male,22.0,Unknown,Karnataka,1,0,0,1,0,0,0,0,2.0,Samsung,iPhone 13,Vi,Bengali,Android,11,app,play_store,7,3,237.9,meta,none,none,organic,0
104374,Tue,14,iOS,0,1,Male,36.0,Bangalore,MP,0,0,0,0,0,0,0,1,2.1,Vivo,Reno,Airtel,English,Android,14,app,play_store,12,5,305.8,referral,activation,ag2,paid,0
104375,Thu,5,Android,0,1,Female,27.0,Mumbai,MP,1,0,0,0,0,0,0,0,1.1,OnePlus,Y21,BSNL,Bengali,Android,16,app,play_store,5,2,91.1,influencer,activation,none,crm,1
104376,Thu,23,Android,1,1,Female,29.0,Unknown,Karnataka,0,0,0,0,0,0,0,0,2.1,Xiaomi,Reno,Vi,Hindi,Android,15,app,play_store,7,4,83.3,referral,remarketing,ag3,paid,0
104377,Thu,9,iOS,0,1,Female,29.0,Delhi,Karnataka,0,0,0,0,0,0,0,0,2.0,Vivo,Note 10,Airtel,Hindi,iOS,11,app,play_store,9,2,353.0,organic,remarketing,none,crm,0
104378,Sat,14,Android,1,1,Male,32.0,Bangalore,Rajasthan,0,1,1,0,0,0,0,0,2.1,Vivo,Note 10,Jio,English,Android,14,app,app_store,8,3,323.3,influencer,remarketing,none,organic,0
104379,Sun,3,Android,0,1,Male,30.0,Bangalore,Unknown,0,0,1,0,1,0,0,0,2.1,Samsung,iPhone 13,BSNL,English,Android,12,app,play_store,5,5,520.5,influencer,remarketing,ag3,crm,0
104380,Sun,17,iOS,0,3,Male,30.0,Mumbai,Rajasthan,0,0,0,0,0,0,0,0,1.1,Oppo,Reno,Vi,Hindi,Android,16,app,play_store,9,7,121.0,influencer,none,ag1,organic,0
104381,Tue,17,iOS,0,1,Male,26.0,Pune,Maharashtra,0,0,0,0,0,0,0,0,2.1,Xiaomi,Nord,Jio,Marathi,Android,15,app,play_store,5,1,140.7,google,activation,ag3,organic,0
104382,Thu,16,Web,0,1,Male,18.0,Mumbai,Unknown,1,0,0,0,0,0,0,1,1.2,Samsung,Note 10,Other,Hindi,Android,17,app,app_store,8,1,328.7,meta,activation,none,organic,0
104383,Sat,11,iOS,1,1,Male,21.0,Mumbai,MP,0,0,0,1,0,0,0,0,1.1,Apple,Y21,Jio,English,Android,12,app,web,8,2,637.2,referral,remarketing,ag3,organic,0
104384,Wed,6,Android,1,1,Female,36.0,Pune,Karnataka,0,1,0,0,0,0,0,0,1.1,Apple,Note 10,Other,Marathi,iOS,12,web,app_store,7,3,75.4,influencer,activation,ag3,paid,0
104385,Mon,15,iOS,1,1,Unknown,28.0,Pune,Karnataka,0,0,0,0,0,1,0,0,1.2,Oppo,Reno,Other,English,Android,15,app,play_store,10,1,283.0,meta,remarketing,none,none,1
104386,Sat,10,Android,1,2,Male,25.0,Bangalore,Unknown,1,0,0,0,0,0,0,0,1.1,Xiaomi,iPhone 13,Other,Bengali,Android,13,app,play_store,7,5,101.7,organic,activation,ag2,paid,0
104387,Sun,13,Web,0,1,Female,19.0,Delhi,Delhi,0,0,0,1,0,0,0,0,1.1,Xiaomi,Reno,Other,Hindi,iOS,12,app,play_store,1,3,500.0,organic,generic,none,organic,0
104388,Sun,2,Android,0,1,Male,18.0,Mumbai,Rajasthan,0,0,0,0,0,1,1,0,2.0,Vivo,Reno,BSNL,Bengali,iOS,14,app,play_store,9,2,231.9,meta,remarketing,none,crm,1
104389,Wed,18,Android,0,1,Female,24.0,Delhi,Unknown,1,0,0,0,0,1,0,0,2.0,Apple,Nord,Other,Tamil,Android,13,app,app_store,6,1,183.2,influencer,remarketing,none,paid,0
104390,Wed,17,Android,0,1,Female,37.0,Pune,Unknown,1,1,0,0,0,0,0,0,1.0,OnePlus,Reno,Other,Bengali,Android,12,app,play_store,8,1,117.4,referral,activation,none,paid,0
104391,Mon,9,Android,0,2,Unknown,26.0,Pune,Delhi,0,0,0,0,1,0,0,1,1.0,Apple,Reno,Other,Tamil,Android,12,web,app_store,5,7,144.2,referral,none,ag3,crm,0
104392,Wed,5,Android,0,1,Male,33.0,Mumbai,Karnataka,0,0,0,0,0,1,0,0,1.1,Apple,iPhone 13,Vi,Hindi,Android,15,app,play_store,7,3,100.1,organic,brand,ag2,paid,0
104393,Tue,12,iOS,0,1,Male,25.0,Bangalore,MP,0,1,0,0,0,0,0,0,1.1,Xiaomi,Y21,Airtel,English,Android,15,web,play_store,4,3,278.9,influencer,brand,ag1,crm,0
104394,Mon,9,iOS,0,2,Male,35.0,Unknown,MP,1,1,0,0,0,0,0,1,1.2,Samsung,Note 10,Jio,Marathi,Android,17,app,play_store,7,7,189.0,google,generic,ag3,organic,1
104395,Wed,17,Android,0,1,Male,27.0,Mumbai,Delhi,0,0,0,0,0,0,0,0,1.2,Apple,Y21,Jio,Marathi,iOS,11,app,play_store,9,0,155.4,influencer,remarketing,none,crm,0
104396,Fri,19,iOS,1,1,Unknown,20.0,Bangalore,Rajasthan,0,0,0,1,0,0,0,1,1.1,Apple,Note 10,Airtel,Tamil,Android,16,app,play_store,8,4,87.8,google,none,ag2,none,0
104397,Sat,15,Android,0,2,Female,28.0,Indore,Maharashtra,0,0,1,1,0,0,0,0,2.1,Oppo,Note 10,BSNL,English,Android,15,app,app_store,8,2,237.6,referral,activation,ag1,organic,1
104398,Wed,5,Android,1,1,Female,45.0,Bangalore,Unknown,0,1,0,0,1,0,0,0,2.0,Vivo,A12,Other,Tamil,Android,15,app,play_store,10,5,1515.0,referral,brand,ag1,paid,1
104399,Tue,12,Android,1,1,Male,44.0,Mumbai,MP,0,0,0,1,0,0,0,0,2.1,Oppo,Reno,Vi,Marathi,Android,17,app,play_store,5,3,583.8,google,generic,ag2,none,0
104400,Thu,3,iOS,0,1,Female,34.0,Mumbai,Maharashtra,0,0,0,0,0,1,0,0,2.0,Samsung,iPhone 13,Jio,Marathi,Android,17,app,app_store,5,1,348.5,google,none,ag2,none,0
104401,Wed,22,Android,0,1,Male,29.0,Bangalore,Unknown,0,0,0,0,0,0,0,0,1.1,Oppo,A12,Airtel,Hindi,Android,11,app,play_store,7,2,275.9,influencer,generic,ag3,organic,0
104402,Sun,13,Android,0,1,Male,32.0,Delhi,Rajasthan,1,0,0,1,0,1,0,0,2.0,OnePlus,Reno,Other,Tamil,Android,13,app,web,10,3,390.0,organic,brand,ag1,none,0
104403,Sun,0,Android,1,1,Female,33.0,Bangalore,Delhi,1,0,0,0,0,0,0,0,1.0,Oppo,Y21,Jio,Tamil,Android,16,app,app_store,14,3,598.9,influencer,generic,none,crm,0
104404,Sun,19,Android,1,4,Male,30.0,Indore,Rajasthan,1,0,0,0,0,0,0,0,1.1,OnePlus,Y21,Jio,Marathi,iOS,17,app,play_store,5,2,76.8,meta,brand,ag2,none,0
104405,Thu,4,Android,0,4,Male,34.0,Indore,Karnataka,1,0,0,0,0,0,0,0,1.1,Apple,Nord,Jio,Marathi,Android,16,app,play_store,9,1,257.6,google,activation,none,paid,0
104406,Sun,7,Android,0,2,Male,32.0,Delhi,Rajasthan,0,1,1,1,0,0,0,0,1.1,Apple,Reno,Other,Hindi,Android,11,app,app_store,14,4,152.6,influencer,generic,ag1,crm,0
104407,Fri,11,Android,1,1,Female,27.0,Indore,Delhi,0,0,0,1,0,0,0,0,1.2,Vivo,Note 10,BSNL,English,Android,15,app,play_store,5,5,85.9,referral,activation,ag3,none,0
104408,Wed,1,Android,0,4,Female,20.0,Mumbai,Delhi,0,0,0,0,0,0,0,0,1.1,OnePlus,A12,Airtel,English,Android,13,app,play_store,8,0,205.1,referral,brand,ag1,paid,0
104409,Sun,11,iOS,1,1,Male,26.0,Delhi,Rajasthan,0,1,0,0,0,0,0,0,1.1,Vivo,Nord,Airtel,English,Android,16,app,play_store,10,3,243.5,influencer,brand,none,organic,0
104410,Mon,4,Android,0,1,Female,36.0,Delhi,Unknown,0,0,0,1,0,0,0,0,1.1,Oppo,A12,Jio,Bengali,Android,11,app,play_store,10,2,140.4,influencer,remarketing,ag2,none,1
104411,Thu,21,Android,0,1,Female,30.0,Delhi,Delhi,0,0,0,0,0,1,0,0,2.1,Xiaomi,Y21,BSNL,English,iOS,11,app,play_store,1,3,155.9,organic,activation,ag3,none,0
104412,Fri,4,Android,1,1,Unknown,32.0,Jaipur,Karnataka,1,0,0,0,0,0,0,0,2.0,Xiaomi,Nord,BSNL,Hindi,Android,16,app,web,3,2,756.7,organic,none,none,crm,1
104413,Mon,12,iOS,1,1,Female,28.0,Bangalore,Maharashtra,0,1,0,0,0,0,0,0,1.0,Vivo,iPhone 13,Other,Tamil,Android,11,app,app_store,6,4,384.6,meta,none,ag2,paid,1
104414,Mon,8,iOS,1,2,Female,22.0,Bangalore,Rajasthan,0,1,0,0,0,1,1,0,1.1,Samsung,Nord,Airtel,Tamil,Android,15,app,app_store,7,3,147.2,referral,none,ag3,none,0
104415,Mon,9,iOS,0,1,Female,28.0,Delhi,Delhi,0,0,1,1,0,0,0,0,2.0,Vivo,Note 10,Jio,English,Android,12,web,web,5,3,441.7,referral,brand,none,none,0
104416,Mon,0,Android,0,1,Male,22.0,Unknown,Unknown,1,0,0,0,0,1,0,1,1.0,OnePlus,Y21,Jio,Bengali,iOS,11,app,play_store,11,2,555.2,meta,brand,ag3,none,1
104417,Wed,2,iOS,1,1,Male,21.0,Indore,Unknown,1,1,0,0,1,1,0,1,2.0,Oppo,iPhone 13,BSNL,Tamil,Android,13,web,play_store,11,1,404.6,influencer,remarketing,none,crm,1
104418,Sun,17,Android,0,3,Male,40.0,Jaipur,Unknown,0,0,0,0,0,0,0,0,1.1,OnePlus,Y21,Vi,Bengali,iOS,15,app,play_store,7,3,436.3,meta,activation,ag2,crm,1
104419,Sat,11,Android,0,1,Male,27.0,Jaipur,Maharashtra,0,0,0,0,0,1,0,0,2.0,Xiaomi,Note 10,Other,English,Android,13,app,play_store,10,1,4.0,organic,generic,none,paid,0
104420,Wed,2,Android,1,1,Male,24.0,Mumbai,Karnataka,0,0,0,0,1,1,1,0,2.0,OnePlus,Y21,BSNL,Bengali,Android,12,app,play_store,7,2,505.0,organic,generic,ag2,organic,1
104421,Wed,8,Android,0,1,Male,43.0,Mumbai,Rajasthan,1,1,0,0,1,0,0,0,2.0,Oppo,Reno,Other,Marathi,Android,16,app,play_store,7,5,363.8,google,activation,ag1,none,1
104422,Fri,1,iOS,0,1,Male,37.0,Bangalore,Delhi,0,1,1,1,0,1,0,0,1.1,Samsung,iPhone 13,BSNL,Marathi,Android,16,app,play_store,10,5,185.7,influencer,brand,none,paid,0
104423,Fri,2,iOS,1,4,Male,27.0,Pune,Maharashtra,1,1,0,0,0,0,0,0,1.2,Apple,Nord,BSNL,Marathi,Android,13,app,app_store,9,4,663.4,influencer,none,ag3,none,1
104424,Sun,13,Android,1,1,Male,33.0,Delhi,Karnataka,0,1,0,0,0,1,0,0,1.2,OnePlus,Nord,BSNL,Hindi,Android,11,app,play_store,9,3,360.4,influencer,generic,ag1,crm,1
104425,Sat,3,Android,0,1,Female,28.0,Pune,MP,0,1,0,0,0,0,0,0,2.0,Vivo,Reno,Vi,Hindi,iOS,16,app,play_store,10,0,606.4,google,none,ag2,crm,1
104426,Fri,18,Android,0,1,Female,24.0,Mumbai,Delhi,0,0,0,0,0,0,0,0,1.1,Apple,Nord,Airtel,English,Android,13,app,play_store,7,2,77.5,meta,generic,ag2,crm,0
104427,Sun,12,Android,1,2,Male,34.0,Unknown,Unknown,1,0,0,0,0,0,0,0,2.0,Xiaomi,iPhone 13,Jio,Bengali,Android,13,web,play_store,9,1,102.3,influencer,activation,ag1,organic,0
104428,Sun,6,Android,1,1,Male,27.0,Bangalore,Unknown,1,1,0,0,0,0,0,0,1.2,OnePlus,Reno,Other,Bengali,iOS,17,app,play_store,11,4,458.3,referral,activation,ag3,none,1
104429,Tue,11,iOS,1,1,Male,31.0,Bangalore,Karnataka,1,0,0,0,0,0,0,0,2.1,Samsung,Nord,BSNL,Marathi,Android,15,app,app_store,6,1,592.7,referral,brand,ag3,none,0
104430,Sat,2,Web,0,1,Male,38.0,Bangalore,Maharashtra,0,1,0,0,0,1,0,0,2.1,OnePlus,A12,Jio,Marathi,Android,16,app,web,11,3,610.5,referral,remarketing,ag2,none,0
104431,Fri,22,Android,0,1,Male,37.0,Bangalore,Unknown,0,1,0,0,0,0,0,0,2.0,Oppo,Reno,BSNL,Marathi,Android,13,app,play_store,5,6,332.5,organic,activation,none,paid,1
104432,Sat,22,iOS,0,3,Female,26.0,Bangalore,Rajasthan,1,0,0,0,0,1,0,0,1.2,Vivo,A12,Airtel,Bengali,Android,14,app,play_store,4,4,541.7,influencer,activation,ag3,paid,1
104433,Wed,8,Android,1,3,Male,34.0,Delhi,Maharashtra,0,0,0,0,0,0,0,0,2.1,Xiaomi,Nord,Airtel,Bengali,Android,14,app,play_store,5,3,330.4,google,brand,ag2,organic,0
104434,Wed,1,Android,1,3,Female,21.0,Jaipur,Unknown,1,0,0,0,0,1,1,1,2.1,Samsung,Reno,Airtel,Marathi,Android,15,app,play_store,6,3,842.4,referral,generic,ag2,organic,1
104435,Sat,21,Android,0,3,Female,34.0,Pune,Rajasthan,0,0,0,0,0,0,0,1,2.0,Oppo,Note 10,BSNL,Bengali,Android,14,app,play_store,3,2,217.8,organic,brand,ag1,organic,0
104436,Tue,8,Android,0,1,Male,31.0,Unknown,Karnataka,1,0,0,0,0,0,0,0,2.0,Oppo,iPhone 13,Jio,Hindi,Android,17,app,play_store,7,3,261.0,influencer,remarketing,ag2,paid,0
104437,Tue,11,iOS,0,1,Male,33.0,Jaipur,Karnataka,1,0,0,0,0,0,0,1,1.2,OnePlus,Reno,Airtel,English,iOS,15,app,web,10,4,239.0,organic,brand,ag2,none,0
104438,Sat,11,Android,1,2,Male,28.0,Mumbai,Maharashtra,0,1,0,0,0,0,0,0,1.0,Xiaomi,Note 10,Other,Marathi,Android,17,app,play_store,8,4,230.9,meta,remarketing,ag1,crm,0
104439,Fri,14,Android,1,1,Male,47.0,Mumbai,Maharashtra,0,0,0,0,0,1,0,0,2.1,Oppo,Reno,Vi,Tamil,Android,13,app,app_store,7,3,448.7,influencer,none,none,crm,0
104440,Thu,1,Android,0,1,Male,23.0,Jaipur,Rajasthan,0,1,1,0,0,0,0,0,1.0,Apple,Y21,Vi,Hindi,Android,17,app,app_store,10,5,880.1,referral,remarketing,ag1,organic,1
104441,Tue,17,Web,0,1,Unknown,38.0,Bangalore,Delhi,0,0,0,0,0,0,0,0,2.1,Apple,Reno,Vi,Marathi,Android,16,app,web,6,2,195.0,referral,brand,ag2,crm,0
104442,Mon,12,Android,0,4,Female,22.0,Bangalore,Maharashtra,0,0,0,0,0,0,0,0,2.1,Samsung,Note 10,Vi,Marathi,iOS,15,app,play_store,9,3,338.3,influencer,brand,ag2,crm,0
104443,Wed,13,iOS,0,1,Unknown,34.0,Jaipur,Unknown,0,0,0,0,0,1,0,1,2.1,Apple,Note 10,Vi,Bengali,Android,14,app,play_store,11,3,38.3,organic,generic,none,none,0
104444,Sat,4,iOS,1,2,Male,35.0,Bangalore,Delhi,0,0,1,0,0,0,0,0,2.0,Xiaomi,Note 10,Vi,Hindi,iOS,11,app,play_store,8,4,363.7,influencer,activation,ag1,none,0
104445,Mon,9,Android,1,1,Male,30.0,Jaipur,Delhi,0,0,0,0,0,0,1,0,1.0,Samsung,Nord,BSNL,English,Android,11,app,play_store,6,1,466.6,organic,activation,ag1,none,0
104446,Sat,11,Android,0,1,Male,26.0,Unknown,Delhi,1,1,0,1,0,0,0,0,1.1,Vivo,Y21,Jio,Tamil,Android,14,app,play_store,11,2,124.6,influencer,none,ag3,paid,1
104447,Sun,9,iOS,0,1,Male,31.0,Indore,Karnataka,0,0,0,0,0,0,0,0,2.0,Oppo,Y21,Other,Marathi,Android,11,app,play_store,17,5,597.4,meta,generic,ag2,crm,0
104448,Wed,23,Android,1,1,Male,32.0,Mumbai,Karnataka,1,0,1,0,0,0,0,1,2.1,Apple,Nord,Jio,English,Android,15,app,app_store,9,4,411.1,google,generic,ag1,paid,0
104449,Wed,10,Web,0,1,Female,44.0,Bangalore,Delhi,0,0,0,0,0,1,1,0,1.0,Vivo,A12,Other,Tamil,iOS,14,app,app_store,9,3,183.2,google,none,ag1,paid,0
104450,Tue,1,Android,0,1,Male,23.0,Pune,Delhi,1,1,1,0,0,0,0,0,1.0,Oppo,A12,Airtel,English,Android,12,app,play_store,11,0,591.4,organic,remarketing,none,paid,1
104451,Tue,4,Android,1,2,Unknown,26.0,Indore,Karnataka,0,0,0,0,0,1,1,1,1.2,Xiaomi,Y21,Other,Bengali,Android,13,app,play_store,10,1,457.8,influencer,generic,none,crm,0
104452,Mon,6,iOS,1,1,Unknown,32.0,Delhi,Rajasthan,0,0,0,0,0,0,1,0,2.0,Vivo,Reno,BSNL,Hindi,Android,12,app,play_store,12,1,284.7,influencer,none,ag3,none,0
104453,Sun,5,iOS,1,1,Male,28.0,Unknown,Unknown,0,0,0,0,0,0,0,1,1.1,Samsung,Reno,Airtel,Marathi,Android,17,app,play_store,4,2,1085.9,meta,brand,ag1,none,1
104454,Sat,21,Web,0,1,Female,29.0,Indore,MP,1,0,0,0,0,0,0,0,1.2,Xiaomi,iPhone 13,Vi,Tamil,Android,15,app,app_store,13,3,816.9,google,generic,ag3,none,0
104455,Sun,22,Android,0,1,Male,39.0,Indore,Maharashtra,0,0,0,0,0,0,0,0,1.0,Apple,Nord,BSNL,Marathi,Android,14,app,play_store,6,4,729.9,influencer,none,ag3,crm,0
104456,Wed,2,iOS,0,1,Male,18.0,Unknown,Delhi,0,0,0,0,0,0,0,0,1.2,Vivo,Note 10,BSNL,Tamil,Android,17,app,play_store,9,3,275.6,referral,none,none,organic,1
104457,Mon,12,iOS,0,1,Female,25.0,Indore,Karnataka,1,0,0,1,0,0,0,0,2.1,OnePlus,iPhone 13,Jio,English,iOS,17,app,play_store,6,6,352.9,influencer,generic,ag2,none,0
104458,Thu,2,iOS,1,1,Male,18.0,Pune,Delhi,0,0,1,0,1,0,0,0,2.0,Xiaomi,A12,Jio,Marathi,iOS,17,web,play_store,9,4,466.6,organic,activation,ag2,paid,0
104459,Mon,23,Android,0,1,Female,20.0,Unknown,Delhi,0,0,0,0,0,0,0,1,1.1,Xiaomi,Y21,Airtel,Hindi,iOS,13,web,play_store,5,3,749.2,referral,activation,ag3,none,1
104460,Fri,20,Android,1,1,Female,49.0,Mumbai,Delhi,0,0,0,0,0,1,0,0,1.1,Vivo,A12,BSNL,Tamil,iOS,17,app,play_store,9,3,186.1,google,none,ag2,organic,0
104461,Mon,5,iOS,0,1,Female,35.0,Unknown,Delhi,0,0,0,0,0,0,0,0,1.0,Apple,Y21,Airtel,Bengali,Android,12,app,play_store,10,5,421.0,meta,activation,ag2,none,0
104462,Sun,10,Android,0,1,Unknown,38.0,Bangalore,Rajasthan,0,0,0,0,1,0,0,0,1.2,Xiaomi,Nord,Vi,English,iOS,15,app,play_store,10,3,25.0,referral,remarketing,ag2,paid,0
104463,Fri,16,Android,1,1,Male,29.0,Pune,Maharashtra,0,0,0,0,0,1,0,0,1.1,OnePlus,Reno,Jio,Bengali,Android,16,web,play_store,5,3,196.7,google,generic,ag3,organic,0
104464,Fri,9,Android,0,1,Male,36.0,Pune,Maharashtra,0,0,0,1,0,0,0,0,1.1,Vivo,Y21,BSNL,English,Android,15,app,web,4,4,72.7,organic,remarketing,ag1,none,0
104465,Fri,11,Android,0,1,Male,18.0,Unknown,Karnataka,0,1,0,0,0,0,0,1,2.1,Xiaomi,iPhone 13,Vi,Hindi,Android,17,app,play_store,6,4,190.8,meta,remarketing,none,none,0
104466,Thu,16,Android,0,1,Male,38.0,Jaipur,Rajasthan,0,0,0,0,0,1,0,0,2.1,Samsung,iPhone 13,BSNL,Bengali,Android,11,app,play_store,6,4,517.6,influencer,activation,ag2,none,1
104467,Mon,3,Android,0,1,Male,23.0,Bangalore,Rajasthan,1,0,0,0,0,0,0,0,1.0,Vivo,iPhone 13,Vi,English,Android,17,app,app_store,9,2,592.9,influencer,none,ag2,organic,1
104468,Sun,1,iOS,0,1,Female,26.0,Jaipur,Maharashtra,1,0,0,0,0,0,0,0,1.2,Vivo,iPhone 13,Other,Bengali,Android,13,app,app_store,5,2,102.8,influencer,none,ag3,crm,0
104469,Mon,10,Android,0,1,Male,34.0,Jaipur,Karnataka,0,0,0,0,0,0,0,1,2.1,OnePlus,Note 10,Vi,English,Android,13,app,play_store,7,1,394.2,organic,none,ag2,paid,0
104470,Thu,6,Android,1,4,Unknown,33.0,Unknown,Rajasthan,1,0,0,0,0,0,0,0,1.2,Xiaomi,A12,Other,Hindi,Android,12,app,play_store,7,5,289.6,referral,brand,ag3,paid,0
104471,Wed,1,Android,1,2,Female,31.0,Indore,Karnataka,1,0,0,0,0,0,0,0,1.0,Vivo,Nord,Jio,Marathi,Android,13,app,play_store,7,3,480.4,influencer,activation,ag3,none,0
104472,Tue,17,Android,0,2,Male,19.0,Jaipur,Maharashtra,0,0,0,1,0,1,0,0,2.0,Samsung,Nord,Other,English,Android,12,app,play_store,3,5,274.5,organic,activation,ag3,none,1
104473,Sun,20,Android,0,1,Male,31.0,Delhi,Delhi,1,0,0,0,0,0,0,0,1.0,OnePlus,Nord,Airtel,Tamil,iOS,14,app,play_store,8,6,315.2,influencer,generic,ag1,crm,1
104474,Sun,3,Android,0,1,Male,38.0,Indore,Unknown,0,0,0,0,0,0,0,1,2.0,Apple,A12,Vi,Marathi,iOS,14,app,play_store,6,5,300.0,influencer,generic,none,crm,0
104475,Mon,7,Android,0,1,Male,26.0,Indore,Unknown,1,0,0,1,0,0,0,1,2.1,Samsung,Y21,Jio,Bengali,Android,14,web,play_store,14,7,592.4,influencer,remarketing,none,crm,1
104476,Tue,19,iOS,0,1,Male,41.0,Jaipur,Unknown,0,0,0,0,1,0,0,0,1.1,OnePlus,Nord,BSNL,Bengali,Android,12,app,play_store,8,3,213.7,meta,activation,ag1,crm,0
104477,Sat,13,Android,1,1,Male,23.0,Jaipur,Rajasthan,0,0,0,0,0,0,0,0,1.0,OnePlus,Nord,Vi,Bengali,Android,17,app,play_store,9,3,521.8,meta,none,ag3,none,0
104478,Sat,11,Android,0,1,Female,30.0,Mumbai,Karnataka,0,1,0,0,0,0,0,0,1.2,Vivo,Reno,Vi,Tamil,Android,16,app,play_store,10,3,319.1,meta,brand,ag1,organic,1
104479,Thu,21,Android,1,1,Male,42.0,Indore,Delhi,0,0,0,0,0,0,0,0,1.2,Vivo,Note 10,Other,Tamil,iOS,16,app,app_store,8,3,393.1,meta,none,ag2,none,0
104480,Sat,20,Android,1,2,Female,25.0,Delhi,Maharashtra,0,0,0,0,0,0,0,0,2.0,Xiaomi,Reno,Other,Tamil,Android,12,app,play_store,6,1,313.3,meta,brand,ag3,none,0
104481,Sun,17,iOS,1,1,Female,38.0,Pune,MP,0,1,0,0,0,1,0,0,1.2,Oppo,Nord,Vi,Tamil,iOS,14,app,app_store,8,4,521.1,google,brand,ag2,crm,0
104482,Sat,10,iOS,0,1,Male,46.0,Unknown,Unknown,0,0,0,0,0,0,0,0,2.1,Oppo,Nord,Vi,Tamil,Android,14,app,app_store,5,3,221.2,influencer,generic,ag1,none,0
104483,Wed,7,Android,0,1,Male,31.0,Jaipur,Rajasthan,0,1,0,0,0,1,0,0,2.0,Apple,Y21,Airtel,Tamil,Android,17,app,play_store,7,2,650.6,google,brand,ag3,paid,1
104484,Wed,1,Android,1,1,Female,26.0,Indore,Rajasthan,0,0,0,0,0,0,1,0,1.1,Xiaomi,Nord,BSNL,Marathi,iOS,13,app,play_store,11,2,215.1,organic,generic,ag2,none,0
104485,Wed,14,Android,0,1,Unknown,24.0,Pune,Karnataka,0,0,0,0,0,0,0,0,1.0,OnePlus,Nord,Airtel,Marathi,Android,13,app,app_store,7,4,218.6,meta,remarketing,ag3,organic,0
104486,Sat,8,Android,1,1,Male,40.0,Jaipur,Maharashtra,0,0,0,0,0,0,0,1,2.0,Samsung,A12,Airtel,Bengali,Android,12,web,web,9,3,161.3,organic,brand,ag2,paid,0
104487,Thu,18,Web,0,1,Male,40.0,Mumbai,Unknown,0,0,0,0,0,0,0,0,2.1,Xiaomi,Note 10,BSNL,Tamil,iOS,11,app,play_store,14,4,39.4,meta,none,ag3,organic,0
104488,Fri,19,Android,0,1,Male,42.0,Unknown,Maharashtra,1,0,0,0,0,1,0,0,2.0,Xiaomi,A12,Jio,Hindi,Android,16,app,play_store,9,1,56.7,referral,activation,ag1,none,0
104489,Fri,7,iOS,1,1,Male,30.0,Jaipur,Rajasthan,1,0,0,0,0,0,0,0,2.1,Samsung,Nord,BSNL,Bengali,Android,11,app,play_store,10,2,401.1,influencer,generic,ag3,paid,0
104490,Tue,18,Android,1,1,Male,38.0,Delhi,Rajasthan,0,0,0,0,0,0,0,0,2.0,Xiaomi,Note 10,Jio,Bengali,Android,13,app,play_store,9,3,262.4,google,activation,ag3,crm,0
104491,Fri,4,Android,1,1,Male,30.0,Bangalore,Unknown,1,0,0,0,0,0,0,1,2.0,Vivo,Reno,Vi,English,iOS,17,app,play_store,8,0,121.2,influencer,generic,ag3,organic,0
104492,Fri,10,Android,1,1,Female,23.0,Bangalore,Unknown,1,0,0,0,0,0,0,0,1.1,Apple,Y21,Airtel,Bengali,iOS,15,app,play_store,8,3,315.0,google,remarketing,ag3,none,1
104493,Wed,14,Android,0,1,Male,39.0,Jaipur,Karnataka,0,1,0,0,0,0,0,0,2.0,Oppo,A12,Vi,Bengali,iOS,11,app,play_store,7,2,241.6,google,activation,none,crm,0
104494,Wed,7,iOS,0,2,Male,43.0,Mumbai,Karnataka,0,0,0,0,0,0,0,0,2.1,Samsung,Y21,Airtel,Bengali,Android,12,app,app_store,5,1,141.0,meta,none,ag2,none,0
104495,Sat,18,Android,1,1,Male,22.0,Delhi,MP,0,1,0,0,1,0,0,0,2.0,Oppo,Nord,Other,English,Android,17,app,play_store,8,4,723.8,organic,none,ag1,organic,1
104496,Tue,22,iOS,0,1,Female,22.0,Jaipur,Delhi,0,0,0,0,0,1,0,0,1.2,Vivo,Nord,Airtel,Hindi,Android,15,web,app_store,4,1,222.1,google,none,none,paid,0
104497,Mon,7,Android,1,3,Male,30.0,Pune,Karnataka,1,0,0,0,0,0,1,0,1.1,Oppo,Note 10,Airtel,Tamil,Android,12,app,play_store,11,2,177.0,meta,remarketing,ag3,crm,1
104498,Sun,18,Web,0,2,Unknown,38.0,Mumbai,Delhi,0,0,0,1,0,1,0,0,2.1,Vivo,Reno,Airtel,English,Android,13,app,app_store,7,1,231.1,meta,remarketing,none,paid,0
104499,Tue,17,Android,0,4,Male,21.0,Indore,Rajasthan,1,1,0,0,0,0,0,0,1.0,Oppo,Y21,Jio,Tamil,Android,16,app,play_store,9,1,271.1,google,remarketing,ag2,crm,0
104500,Tue,9,iOS,0,1,Male,32.0,Pune,MP,0,1,0,0,0,0,0,1,2.0,Apple,Nord,Other,Marathi,iOS,12,app,play_store,11,3,130.9,referral,remarketing,ag2,none,0
104501,Thu,6,iOS,0,1,Male,25.0,Jaipur,MP,1,0,0,0,0,0,0,0,2.1,Vivo,Y21,Jio,Bengali,Android,11,app,web,4,0,241.6,google,remarketing,ag3,crm,0
104502,Sat,8,Web,1,1,Female,36.0,Indore,MP,0,0,1,0,0,1,0,0,1.2,Samsung,Y21,BSNL,Bengali,iOS,14,app,play_store,7,1,95.7,referral,activation,none,paid,0
104503,Thu,0,Android,1,1,Male,24.0,Indore,Maharashtra,0,0,0,1,1,0,0,0,2.0,Samsung,Note 10,BSNL,Bengali,Android,12,app,play_store,12,0,478.3,organic,generic,none,crm,1
104504,Tue,18,iOS,0,4,Female,36.0,Unknown,Unknown,0,0,0,0,0,0,0,0,1.2,Xiaomi,Note 10,Other,Bengali,Android,11,app,play_store,13,3,650.6,meta,none,ag2,organic,0
104505,Tue,4,Android,0,1,Female,29.0,Pune,Unknown,1,0,0,0,0,0,0,0,2.0,Xiaomi,Nord,BSNL,Hindi,Android,14,web,play_store,5,2,540.9,meta,activation,ag1,organic,0
104506,Tue,18,Android,0,2,Female,23.0,Unknown,Rajasthan,1,1,0,0,0,0,0,0,2.0,Apple,Nord,Vi,Tamil,iOS,12,app,play_store,2,4,203.2,influencer,activation,none,organic,1
104507,Fri,0,Android,0,1,Male,31.0,Indore,Maharashtra,0,0,0,0,0,0,0,1,1.0,Oppo,Y21,Jio,English,iOS,15,app,web,8,3,254.9,organic,remarketing,ag1,none,0
104508,Sun,14,Android,0,1,Female,18.0,Unknown,Maharashtra,0,1,0,1,0,1,0,0,1.0,OnePlus,Reno,Airtel,English,Android,12,app,play_store,8,3,488.4,organic,activation,ag3,crm,1
104509,Sun,15,Web,0,3,Male,26.0,Bangalore,MP,0,0,1,1,0,0,0,0,1.2,Oppo,A12,Vi,Hindi,Android,12,app,web,4,4,110.3,influencer,remarketing,none,none,0
104510,Thu,22,Android,0,1,Male,33.0,Unknown,Maharashtra,1,1,0,0,0,0,0,0,1.1,OnePlus,Nord,Airtel,Hindi,Android,12,app,app_store,2,2,649.0,google,remarketing,ag1,none,0
104511,Tue,6,Android,0,4,Male,18.0,Pune,Rajasthan,0,0,0,0,0,0,1,0,2.0,OnePlus,Y21,BSNL,Marathi,Android,15,app,app_store,10,1,638.8,google,activation,ag2,none,0
104512,Sun,11,Android,0,1,Female,18.0,Mumbai,Rajasthan,0,0,0,0,0,0,0,0,1.0,Vivo,Reno,Jio,Tamil,Android,12,app,play_store,7,4,255.0,referral,remarketing,ag1,organic,0
104513,Wed,7,Android,0,1,Male,18.0,Bangalore,Maharashtra,0,0,0,0,0,0,0,0,1.1,OnePlus,Y21,BSNL,Bengali,Android,17,web,app_store,9,3,299.4,influencer,remarketing,ag3,paid,0
104514,Sun,4,Android,0,1,Male,41.0,Mumbai,Unknown,0,0,0,0,0,1,0,0,1.2,Apple,iPhone 13,Jio,Bengali,iOS,15,app,play_store,9,3,336.6,influencer,none,ag1,none,0
104515,Sat,9,Android,0,3,Male,29.0,Delhi,Rajasthan,0,0,0,0,1,0,0,0,2.1,OnePlus,Reno,Airtel,Hindi,Android,12,app,app_store,9,2,750.2,referral,activation,ag3,paid,0
104516,Sat,20,Android,0,1,Male,26.0,Mumbai,Unknown,1,0,0,0,0,0,0,0,1.0,Vivo,iPhone 13,Airtel,Hindi,Android,17,app,play_store,9,1,269.1,organic,brand,none,none,1
104517,Sun,4,Android,1,1,Male,38.0,Pune,Delhi,1,0,0,1,0,0,1,0,2.0,Samsung,Reno,Airtel,English,Android,14,app,play_store,7,5,976.2,google,activation,none,organic,1
104518,Wed,16,Web,0,1,Male,27.0,Mumbai,Maharashtra,1,0,0,0,0,0,0,0,1.0,Samsung,A12,Other,English,Android,14,app,play_store,6,2,243.8,referral,remarketing,ag2,paid,0
104519,Sat,4,iOS,1,1,Male,32.0,Delhi,MP,0,0,0,0,0,0,0,0,2.0,Oppo,Note 10,BSNL,Hindi,Android,15,app,play_store,11,2,993.7,influencer,generic,ag3,none,1
104520,Fri,21,Web,0,1,Male,30.0,Indore,MP,0,1,0,0,0,0,0,0,1.0,Xiaomi,A12,Other,Marathi,Android,14,app,play_store,8,1,540.5,referral,generic,ag3,organic,0
104521,Sun,14,Android,1,1,Female,26.0,Pune,Rajasthan,1,0,0,0,0,0,0,0,1.2,Xiaomi,A12,Vi,Marathi,Android,12,app,play_store,10,2,236.3,meta,remarketing,ag2,paid,0
104522,Fri,12,Android,0,1,Male,32.0,Jaipur,Rajasthan,0,1,0,0,0,0,1,0,1.2,Samsung,Nord,Other,Bengali,Android,11,app,web,12,1,86.5,influencer,none,ag2,crm,0
104523,Sun,0,Android,1,1,Male,36.0,Bangalore,MP,0,0,0,0,0,0,0,0,1.2,Vivo,Y21,Airtel,Marathi,iOS,11,app,play_store,10,2,154.6,referral,none,ag2,none,0
104524,Mon,10,Android,0,1,Male,29.0,Bangalore,Delhi,0,1,0,0,0,0,0,0,1.2,Oppo,Reno,Jio,Bengali,Android,12,app,play_store,8,2,41.2,google,brand,ag2,organic,0
104525,Mon,22,Android,1,1,Female,26.0,Mumbai,MP,0,0,0,1,0,1,0,0,1.2,Vivo,A12,BSNL,Marathi,Android,14,app,play_store,3,5,541.9,google,activation,ag3,paid,1
104526,Mon,0,Android,0,2,Male,27.0,Bangalore,Maharashtra,0,0,0,0,0,0,0,0,2.0,Xiaomi,Reno,BSNL,Marathi,Android,13,app,play_store,3,2,123.7,meta,activation,ag1,organic,1
104527,Sat,10,Android,0,1,Male,18.0,Unknown,MP,1,0,0,1,0,0,0,0,2.0,Apple,Note 10,BSNL,Hindi,Android,11,app,app_store,6,2,371.8,meta,brand,none,none,0
104528,Fri,17,Android,1,4,Male,32.0,Delhi,Karnataka,1,0,0,0,0,1,0,0,2.1,Xiaomi,Y21,Vi,Marathi,Android,14,app,web,8,4,1219.8,meta,none,none,paid,1
104529,Fri,17,iOS,0,1,Unknown,20.0,Jaipur,Delhi,0,0,1,0,0,0,0,0,1.2,Vivo,Reno,BSNL,Bengali,iOS,16,app,app_store,11,4,224.2,google,generic,ag3,crm,0
104530,Fri,20,Android,1,1,Female,35.0,Unknown,Delhi,0,0,0,0,0,0,0,0,1.1,Xiaomi,Nord,Vi,Tamil,Android,16,app,play_store,7,3,56.9,organic,generic,ag3,crm,1
104531,Wed,15,Android,0,2,Male,29.0,Bangalore,MP,0,0,0,0,0,0,0,0,2.0,Xiaomi,iPhone 13,Airtel,Tamil,Android,15,app,play_store,10,3,204.3,organic,remarketing,ag2,paid,0
104532,Fri,12,Android,0,1,Male,31.0,Unknown,Karnataka,0,0,0,0,0,0,0,1,2.0,Xiaomi,A12,Jio,English,Android,14,app,play_store,16,6,411.8,google,brand,ag1,paid,0
104533,Wed,6,Android,1,1,Male,36.0,Mumbai,Maharashtra,1,0,0,0,0,1,0,0,2.1,Xiaomi,Reno,Airtel,Bengali,Android,11,app,play_store,10,3,272.5,influencer,generic,ag3,crm,1
104534,Mon,0,Android,0,4,Male,23.0,Bangalore,MP,0,0,1,0,0,0,0,0,2.0,Oppo,Y21,Other,Hindi,Android,17,app,play_store,7,3,81.4,referral,none,ag2,crm,0
104535,Mon,15,Android,0,1,Female,33.0,Unknown,Maharashtra,0,1,0,0,0,0,0,0,1.0,Samsung,iPhone 13,BSNL,Hindi,Android,13,app,app_store,6,5,350.1,organic,activation,ag1,crm,1
104536,Sat,0,Android,1,4,Male,32.0,Indore,Karnataka,0,1,0,1,0,0,0,1,2.0,Xiaomi,Reno,Other,English,iOS,13,app,play_store,6,5,59.0,influencer,none,ag1,organic,0
104537,Sun,16,iOS,1,1,Female,29.0,Indore,MP,1,0,0,1,0,0,0,0,1.0,OnePlus,Nord,Vi,Tamil,Android,11,app,play_store,10,0,499.6,organic,brand,ag2,paid,0
104538,Mon,5,iOS,1,1,Male,23.0,Bangalore,MP,0,1,0,0,1,1,0,1,2.1,Xiaomi,Note 10,Airtel,Bengali,iOS,12,app,app_store,10,2,591.8,google,remarketing,ag3,none,1
104539,Sun,1,Android,0,1,Female,35.0,Pune,Maharashtra,0,0,0,0,0,0,0,0,1.0,Oppo,Reno,BSNL,Marathi,Android,11,app,web,10,1,370.3,meta,none,none,crm,0
104540,Sun,16,Android,0,1,Male,36.0,Jaipur,MP,0,0,0,0,0,0,0,0,1.1,Oppo,Nord,Vi,English,iOS,15,app,play_store,7,3,463.0,influencer,none,none,organic,0
104541,Sat,5,Android,0,1,Male,31.0,Bangalore,Karnataka,0,0,0,0,0,0,0,1,2.0,Apple,Note 10,Airtel,Bengali,Android,14,app,app_store,11,3,380.4,organic,brand,ag1,organic,0
104542,Tue,13,iOS,0,1,Female,21.0,Indore,MP,0,0,0,1,0,0,0,0,1.1,Oppo,Note 10,Airtel,Marathi,Android,11,app,app_store,6,2,411.6,influencer,brand,none,organic,0
104543,Tue,17,Android,1,1,Male,26.0,Indore,Rajasthan,1,0,0,0,0,0,0,0,1.2,Apple,Note 10,Vi,Marathi,iOS,15,app,play_store,11,3,241.7,influencer,remarketing,none,organic,0
104544,Thu,5,Android,0,1,Female,30.0,Delhi,Karnataka,0,0,0,0,0,1,0,0,2.1,Apple,Nord,Jio,Bengali,Android,17,app,play_store,10,2,116.2,referral,activation,ag2,crm,0
104545,Sat,9,Android,0,1,Female,36.0,Mumbai,Delhi,0,0,1,0,0,1,0,0,2.1,Xiaomi,A12,Airtel,Hindi,Android,12,web,play_store,12,0,100.4,influencer,generic,none,organic,0
104546,Thu,23,Android,0,2,Male,18.0,Delhi,Maharashtra,1,0,0,0,1,0,0,0,2.0,OnePlus,iPhone 13,BSNL,Bengali,Android,13,app,app_store,9,5,503.8,referral,activation,none,organic,0
104547,Thu,17,iOS,1,1,Female,25.0,Pune,Unknown,0,0,0,0,0,1,0,0,2.0,Vivo,Y21,Other,Bengali,Android,12,app,app_store,7,3,132.3,google,none,ag2,none,0
104548,Tue,8,Android,1,1,Male,27.0,Mumbai,Unknown,1,0,0,0,0,1,0,0,2.1,OnePlus,A12,Vi,Hindi,Android,17,app,play_store,10,1,613.4,referral,generic,none,none,1
104549,Sat,7,Android,1,4,Male,29.0,Bangalore,Karnataka,0,0,0,0,0,0,0,0,2.0,Xiaomi,A12,Jio,English,Android,11,app,app_store,12,1,594.3,organic,none,ag2,none,0
104550,Tue,9,Android,0,1,Female,20.0,Bangalore,Unknown,0,0,0,1,0,0,0,0,1.0,Samsung,Y21,Airtel,Hindi,Android,13,web,play_store,6,1,307.9,referral,brand,ag1,paid,0
104551,Thu,16,Android,1,4,Female,28.0,Pune,Delhi,1,1,0,1,1,0,0,0,1.0,OnePlus,Y21,Other,Marathi,Android,14,app,play_store,8,1,775.4,influencer,generic,ag3,none,1
104552,Sat,22,iOS,0,1,Male,28.0,Jaipur,Delhi,0,0,0,0,0,0,0,0,1.0,Apple,iPhone 13,Jio,Tamil,Android,11,app,play_store,3,3,825.6,referral,activation,none,crm,0
104553,Thu,5,iOS,0,1,Female,22.0,Indore,Karnataka,0,1,0,0,0,1,0,1,2.1,Vivo,Reno,Vi,English,iOS,16,app,play_store,7,3,247.7,referral,brand,none,crm,1
104554,Fri,13,Android,0,1,Unknown,29.0,Jaipur,Delhi,1,0,0,0,0,0,0,0,2.1,Oppo,A12,Airtel,Bengali,Android,17,app,app_store,14,5,117.5,referral,generic,none,paid,0
104555,Sun,21,Android,0,1,Male,26.0,Bangalore,Delhi,1,0,0,1,0,0,0,0,1.1,Oppo,iPhone 13,Airtel,Bengali,Android,13,app,play_store,6,3,208.1,google,brand,ag3,crm,0
104556,Sat,21,Android,0,2,Female,34.0,Delhi,Unknown,0,0,0,0,0,0,0,0,1.2,Oppo,A12,Vi,Marathi,Android,11,app,play_store,11,2,304.5,referral,activation,ag3,none,0
104557,Sat,5,Android,1,1,Female,23.0,Indore,Rajasthan,0,0,0,0,0,0,0,0,2.0,Vivo,Reno,Other,Marathi,Android,14,app,web,2,0,20.9,referral,none,ag3,paid,0
104558,Sun,6,Android,0,1,Unknown,31.0,Bangalore,MP,0,1,0,1,1,0,0,1,2.1,Oppo,Reno,Other,English,iOS,11,app,play_store,10,8,712.8,referral,none,none,organic,0
104559,Thu,11,Android,0,1,Male,24.0,Indore,Unknown,1,0,0,0,0,0,0,0,1.1,Oppo,Y21,BSNL,English,Android,15,app,app_store,8,5,233.1,influencer,brand,none,organic,1
104560,Fri,2,Android,1,1,Female,25.0,Jaipur,Unknown,1,0,0,0,0,0,0,0,1.2,Apple,Note 10,Airtel,English,iOS,12,app,play_store,8,1,819.9,referral,brand,ag1,organic,1
104561,Wed,13,Android,1,1,Male,32.0,Mumbai,Rajasthan,0,0,0,0,0,0,0,0,1.0,Oppo,iPhone 13,Vi,Marathi,iOS,11,app,play_store,6,2,522.9,influencer,remarketing,none,organic,1
104562,Sun,21,Android,1,1,Female,32.0,Bangalore,MP,0,0,0,0,0,1,0,0,2.0,Vivo,iPhone 13,Airtel,Tamil,Android,16,app,play_store,15,8,151.7,referral,none,ag1,none,0
104563,Tue,18,iOS,0,3,Female,27.0,Bangalore,Delhi,1,1,0,0,0,1,1,0,2.1,Oppo,Note 10,BSNL,Hindi,Android,17,app,play_store,7,3,87.4,influencer,generic,ag1,crm,0
104564,Thu,22,Android,0,2,Male,28.0,Indore,MP,0,0,0,0,0,0,0,1,1.1,Xiaomi,Reno,BSNL,Marathi,Android,17,web,play_store,12,3,182.7,organic,activation,ag3,crm,0
104565,Sun,15,Android,0,1,Male,18.0,Mumbai,Rajasthan,0,0,0,0,1,0,0,0,1.0,Apple,A12,Jio,Tamil,iOS,16,app,play_store,15,1,402.7,influencer,none,none,none,0
104566,Sun,6,Android,0,1,Female,41.0,Delhi,Maharashtra,0,1,0,0,0,0,0,0,1.2,Samsung,Note 10,Airtel,Marathi,Android,16,app,app_store,5,2,73.4,influencer,generic,ag2,crm,0
104567,Sat,7,Android,0,1,Female,35.0,Mumbai,Maharashtra,0,0,0,1,0,0,0,0,1.1,Xiaomi,Reno,Vi,Hindi,Android,15,app,play_store,7,2,129.7,organic,brand,ag1,none,0
104568,Tue,17,Android,0,1,Male,35.0,Delhi,MP,1,0,0,0,0,0,0,0,1.2,Samsung,Note 10,Jio,English,Android,15,app,play_store,6,4,508.3,organic,none,ag2,paid,0
104569,Tue,12,Android,0,1,Male,18.0,Unknown,Maharashtra,1,0,0,0,0,0,0,0,2.1,Vivo,Nord,Vi,Tamil,Android,16,app,play_store,10,0,462.1,referral,activation,ag3,paid,1
104570,Tue,20,iOS,0,1,Female,25.0,Unknown,Karnataka,0,0,0,0,0,0,0,0,1.1,Samsung,A12,BSNL,English,Android,11,app,play_store,8,6,97.5,referral,brand,ag3,paid,1
104571,Sun,8,Android,0,1,Male,27.0,Pune,Maharashtra,1,0,0,0,1,0,0,0,2.0,OnePlus,Note 10,Other,Hindi,Android,16,app,play_store,6,0,403.1,organic,activation,none,paid,1
104572,Wed,9,Android,0,3,Male,18.0,Jaipur,MP,0,0,1,0,0,0,0,0,1.0,OnePlus,Reno,Other,Marathi,iOS,13,app,app_store,9,4,684.2,meta,activation,ag3,none,0
104573,Mon,20,Android,0,2,Unknown,37.0,Mumbai,Delhi,1,1,0,0,0,0,0,1,1.1,Samsung,Reno,Vi,Bengali,iOS,17,app,play_store,7,5,315.1,google,remarketing,ag2,paid,0
104574,Thu,22,Android,0,1,Male,42.0,Delhi,Rajasthan,0,1,0,0,0,1,0,0,2.1,OnePlus,Note 10,Vi,Hindi,Android,13,app,app_store,5,4,156.5,meta,none,ag2,paid,0
104575,Mon,8,Android,0,1,Male,46.0,Indore,Maharashtra,1,0,0,0,0,0,0,0,2.1,Oppo,Nord,Other,Hindi,Android,12,app,app_store,18,3,1952.8,influencer,brand,ag2,none,1
104576,Sun,14,Android,0,1,Male,22.0,Delhi,MP,0,0,0,0,0,0,1,0,1.2,Apple,Nord,Jio,Tamil,Android,13,app,web,5,4,599.6,influencer,none,ag3,none,0
104577,Mon,19,Android,0,1,Female,31.0,Pune,Rajasthan,0,0,0,0,0,0,0,1,1.2,Samsung,Nord,Other,Bengali,Android,14,app,play_store,11,3,160.0,referral,activation,ag3,none,0
104578,Sun,1,Android,0,1,Male,41.0,Delhi,Karnataka,1,0,1,0,0,1,0,0,2.0,OnePlus,Y21,BSNL,Tamil,Android,11,app,play_store,12,4,137.2,influencer,activation,ag1,organic,0
104579,Mon,12,Android,1,1,Female,28.0,Jaipur,Delhi,0,0,0,0,0,0,0,0,2.1,Vivo,iPhone 13,Airtel,Tamil,iOS,17,app,app_store,5,2,132.3,referral,generic,none,organic,0
104580,Tue,1,Android,1,2,Female,25.0,Unknown,Unknown,1,0,0,1,0,1,1,1,2.1,Vivo,Nord,Vi,English,Android,13,app,play_store,8,3,742.4,meta,brand,ag1,organic,0
104581,Fri,18,Android,0,4,Male,18.0,Mumbai,Rajasthan,0,0,0,0,0,0,1,0,2.1,Vivo,A12,Jio,Hindi,iOS,14,app,play_store,7,3,396.2,google,activation,ag2,paid,0
104582,Tue,1,Android,1,1,Female,39.0,Delhi,Unknown,0,1,0,0,0,0,0,0,1.0,OnePlus,Y21,BSNL,Hindi,Android,16,app,app_store,9,4,141.4,meta,remarketing,none,organic,0
104583,Tue,2,iOS,0,1,Male,30.0,Mumbai,Rajasthan,1,0,0,0,0,0,0,0,1.0,Oppo,iPhone 13,Airtel,Hindi,Android,14,app,play_store,6,3,348.4,google,brand,ag1,none,1
104584,Sat,5,iOS,0,1,Female,24.0,Pune,MP,0,0,1,0,0,0,0,0,2.1,Xiaomi,Y21,Jio,Bengali,Android,15,app,app_store,7,3,642.0,influencer,activation,ag1,paid,0
104585,Sat,2,Android,1,3,Male,32.0,Delhi,Karnataka,0,1,0,0,0,0,0,0,1.0,Oppo,Nord,Vi,English,Android,13,app,app_store,7,3,278.3,meta,none,ag2,paid,0
104586,Mon,9,Web,0,2,Female,31.0,Delhi,Maharashtra,0,0,0,0,0,0,0,0,2.1,Oppo,Note 10,Jio,Bengali,Android,12,app,play_store,13,0,69.8,organic,none,ag1,crm,0
104587,Sun,23,Android,1,1,Male,31.0,Pune,Karnataka,0,1,0,0,0,0,0,0,1.2,Samsung,Note 10,BSNL,Marathi,Android,14,app,play_store,9,3,721.0,organic,activation,ag3,none,1
104588,Tue,5,iOS,0,1,Male,28.0,Jaipur,Delhi,0,0,0,0,0,0,0,1,1.2,Apple,Reno,Other,Tamil,Android,16,app,app_store,6,4,260.8,meta,none,ag3,organic,0
104589,Mon,22,Android,0,1,Unknown,43.0,Delhi,Unknown,0,0,1,0,0,0,0,0,1.0,Vivo,Y21,Vi,Tamil,Android,13,app,play_store,9,3,144.9,organic,none,ag2,none,0
104590,Sat,15,iOS,0,1,Male,29.0,Mumbai,Maharashtra,0,1,0,0,0,0,0,0,1.2,Apple,iPhone 13,Airtel,Bengali,Android,11,app,app_store,10,4,1091.1,google,activation,ag1,crm,0
104591,Fri,16,Android,0,1,Female,43.0,Jaipur,Unknown,0,0,0,0,0,0,0,0,1.2,Xiaomi,iPhone 13,Vi,Bengali,Android,12,app,play_store,11,5,60.2,referral,activation,ag1,none,0
104592,Thu,18,Android,0,1,Male,35.0,Bangalore,Karnataka,1,0,0,0,0,0,0,0,2.0,Apple,A12,BSNL,Tamil,iOS,13,app,play_store,6,2,774.1,organic,none,ag2,crm,0
104593,Mon,2,Android,0,1,Male,33.0,Jaipur,Delhi,0,0,0,0,0,0,0,0,2.0,Apple,Nord,Airtel,English,iOS,11,app,app_store,14,0,368.0,referral,activation,ag2,crm,0
104594,Fri,17,Android,0,1,Female,29.0,Unknown,Rajasthan,0,0,0,1,1,0,0,1,2.1,Xiaomi,Note 10,BSNL,English,iOS,14,app,play_store,5,3,455.5,meta,remarketing,none,organic,0
104595,Thu,6,Android,1,2,Male,38.0,Bangalore,Rajasthan,0,0,0,1,0,0,0,0,1.1,Xiaomi,iPhone 13,Vi,Tamil,Android,14,app,play_store,3,3,268.1,influencer,generic,ag3,none,0
104596,Wed,8,iOS,1,1,Female,31.0,Unknown,Unknown,0,1,1,0,0,0,0,0,1.1,Vivo,A12,Jio,Marathi,Android,11,app,play_store,6,3,17.4,google,activation,ag1,none,0
104597,Mon,19,Android,0,1,Male,23.0,Mumbai,Unknown,0,0,0,0,0,0,0,0,2.0,Vivo,Y21,BSNL,Bengali,Android,13,app,play_store,4,3,76.7,influencer,generic,ag1,crm,0
104598,Mon,11,iOS,0,1,Male,22.0,Unknown,Rajasthan,0,0,0,0,0,0,0,0,2.1,Xiaomi,Reno,Other,Hindi,iOS,14,app,play_store,12,3,276.5,organic,none,ag2,paid,1
104599,Wed,4,Android,1,1,Female,33.0,Delhi,Unknown,1,0,0,0,0,1,0,0,2.0,Xiaomi,A12,Other,Marathi,Android,16,app,play_store,10,2,411.9,meta,activation,none,paid,1
104600,Wed,2,Android,0,1,Male,23.0,Mumbai,Rajasthan,1,0,0,0,0,0,0,0,1.2,OnePlus,Note 10,Vi,English,Android,13,app,play_store,10,4,260.1,google,brand,ag1,paid,1
104601,Mon,10,Android,0,1,Male,30.0,Pune,Unknown,0,1,0,0,0,0,0,0,2.1,Oppo,Reno,Airtel,Hindi,Android,14,app,app_store,7,6,675.1,organic,remarketing,ag3,none,0
104602,Wed,3,Android,0,3,Female,38.0,Mumbai,Maharashtra,0,0,0,0,0,0,0,1,2.1,Vivo,Nord,Jio,Hindi,Android,15,web,play_store,8,6,549.1,organic,brand,none,paid,0
104603,Tue,4,Android,1,1,Male,32.0,Bangalore,Unknown,0,0,0,0,0,1,0,0,1.1,OnePlus,Reno,Airtel,Marathi,Android,16,app,app_store,4,6,1224.9,meta,none,ag2,organic,0
104604,Thu,0,iOS,0,1,Male,24.0,Unknown,Rajasthan,0,0,0,0,0,1,0,0,1.1,OnePlus,A12,BSNL,Marathi,Android,17,app,play_store,9,2,245.6,organic,brand,ag2,organic,1
104605,Thu,17,Android,0,1,Female,41.0,Jaipur,Maharashtra,1,1,0,1,1,1,1,0,1.1,Vivo,Y21,Vi,Bengali,Android,14,app,play_store,9,3,154.3,meta,brand,ag3,crm,0
104606,Thu,11,Android,0,1,Female,34.0,Unknown,Maharashtra,1,0,0,1,0,1,0,0,1.0,Oppo,A12,Jio,Marathi,Android,17,app,play_store,16,7,442.9,referral,brand,ag3,organic,0
104607,Tue,12,iOS,0,2,Male,38.0,Indore,Karnataka,0,0,0,0,1,0,0,0,1.2,Oppo,Y21,Vi,Tamil,Android,14,app,web,9,5,37.0,meta,generic,ag3,organic,0
104608,Sun,8,Android,0,1,Male,18.0,Pune,Rajasthan,1,0,0,0,0,0,0,0,1.2,OnePlus,A12,Vi,English,Android,15,app,play_store,6,3,354.8,referral,generic,ag1,none,0
104609,Wed,1,Web,0,1,Female,33.0,Delhi,MP,0,0,0,1,0,0,0,0,1.2,Vivo,Note 10,Vi,Bengali,Android,17,app,play_store,9,2,35.5,influencer,brand,ag2,crm,0
104610,Fri,4,Web,0,1,Male,37.0,Unknown,Unknown,0,0,0,0,0,0,0,0,1.2,Oppo,iPhone 13,Airtel,Bengali,Android,16,app,play_store,7,1,147.5,influencer,none,ag3,organic,0
104611,Wed,12,Android,0,1,Male,44.0,Jaipur,Rajasthan,0,0,0,0,0,0,0,1,1.2,Vivo,Nord,BSNL,Tamil,iOS,16,app,play_store,10,3,325.9,meta,remarketing,ag3,organic,0
104612,Mon,15,Android,0,3,Unknown,18.0,Mumbai,MP,1,0,1,1,0,0,0,0,1.2,OnePlus,Y21,BSNL,Hindi,Android,12,app,play_store,12,2,185.9,organic,none,ag1,none,0
104613,Sat,15,Android,1,1,Male,40.0,Pune,Rajasthan,0,0,0,0,0,1,0,0,1.0,Samsung,Note 10,Airtel,Marathi,iOS,17,app,app_store,9,3,509.4,meta,brand,ag1,none,0
104614,Thu,23,iOS,1,1,Female,43.0,Bangalore,Maharashtra,1,0,0,0,0,1,0,1,2.1,OnePlus,Y21,Other,Hindi,Android,15,app,app_store,6,6,17.0,referral,none,none,none,0
104615,Wed,2,Android,0,1,Female,18.0,Unknown,Rajasthan,0,0,0,0,0,0,0,0,1.1,OnePlus,iPhone 13,Jio,English,iOS,16,app,app_store,9,6,579.7,meta,none,ag2,crm,0
104616,Fri,21,Android,0,1,Female,34.0,Delhi,Rajasthan,0,0,0,0,0,0,0,0,1.1,Vivo,Y21,Jio,English,Android,12,app,app_store,11,1,326.8,google,remarketing,none,none,0
104617,Mon,3,iOS,0,1,Female,35.0,Mumbai,Rajasthan,0,0,0,1,1,1,0,0,1.1,OnePlus,iPhone 13,Airtel,Bengali,iOS,14,app,play_store,12,5,55.0,influencer,generic,ag2,none,0
104618,Tue,10,Android,0,1,Male,27.0,Unknown,Rajasthan,0,0,0,0,0,0,0,1,1.2,Oppo,iPhone 13,Vi,Marathi,Android,12,app,play_store,8,0,206.0,meta,generic,none,crm,0
104619,Sun,22,iOS,1,1,Male,26.0,Jaipur,Karnataka,0,0,0,0,0,1,0,0,1.1,Xiaomi,Y21,Vi,Hindi,Android,11,app,play_store,5,2,746.4,influencer,brand,ag1,organic,0
104620,Tue,13,Android,0,1,Female,35.0,Mumbai,Unknown,1,0,0,0,0,0,0,0,1.0,Apple,Note 10,BSNL,Marathi,Android,11,app,play_store,6,4,436.4,influencer,remarketing,none,paid,1
104621,Fri,2,Android,1,1,Male,25.0,Delhi,Karnataka,0,0,0,1,0,0,0,0,1.2,OnePlus,A12,Airtel,Bengali,Android,11,app,play_store,11,1,479.9,google,brand,ag1,none,0
104622,Mon,15,iOS,1,1,Female,28.0,Jaipur,Maharashtra,1,0,0,0,0,0,0,0,1.2,Apple,Reno,Other,Bengali,iOS,15,app,play_store,5,3,82.4,meta,none,none,crm,0
104623,Thu,21,Android,1,1,Male,36.0,Indore,Maharashtra,0,0,0,0,0,1,0,0,1.0,Apple,Reno,Other,Hindi,Android,11,app,play_store,7,3,256.0,meta,remarketing,none,none,0
104624,Wed,14,Android,0,1,Female,44.0,Indore,MP,0,0,0,0,0,0,0,1,2.1,Apple,Note 10,Jio,Marathi,Android,13,app,app_store,10,5,270.2,influencer,none,ag1,none,0
104625,Mon,9,Android,0,1,Male,34.0,Pune,Maharashtra,0,0,0,0,0,0,0,0,1.0,Xiaomi,Reno,Jio,Tamil,Android,11,app,play_store,2,3,314.0,google,generic,ag3,none,1
104626,Sun,8,Android,0,3,Male,31.0,Unknown,Karnataka,0,0,0,0,0,0,0,1,1.0,OnePlus,Note 10,Vi,English,Android,14,app,play_store,7,3,404.6,google,brand,ag2,crm,0
104627,Tue,10,Android,1,1,Male,26.0,Mumbai,Maharashtra,0,0,0,0,1,0,0,0,1.0,Apple,Note 10,Vi,English,Android,16,app,app_store,10,4,158.5,meta,none,none,crm,0
104628,Sun,15,Web,1,2,Female,22.0,Pune,MP,0,1,0,0,0,0,0,0,2.1,OnePlus,Y21,Airtel,English,Android,17,app,play_store,8,2,460.3,organic,none,ag3,organic,0
104629,Sun,9,Android,0,1,Male,39.0,Delhi,MP,0,0,0,0,0,0,0,1,1.1,Samsung,Reno,Vi,Bengali,Android,11,app,play_store,10,0,510.3,organic,generic,ag3,crm,0
104630,Fri,16,Android,0,1,Female,29.0,Jaipur,Karnataka,0,0,0,0,0,0,0,0,1.0,Oppo,A12,Vi,Tamil,iOS,12,app,play_store,7,4,42.1,google,none,ag3,crm,0
104631,Fri,18,Android,0,1,Male,39.0,Pune,Maharashtra,0,0,1,1,1,1,0,0,1.2,Vivo,A12,BSNL,Bengali,Android,14,app,play_store,10,4,330.4,organic,generic,none,organic,0
104632,Wed,1,Android,0,4,Male,27.0,Unknown,Unknown,0,0,0,0,0,0,0,1,1.1,Xiaomi,iPhone 13,Airtel,Hindi,Android,14,app,play_store,12,3,404.5,google,generic,ag1,crm,0
104633,Fri,23,iOS,0,1,Female,25.0,Mumbai,MP,1,0,0,0,0,1,0,0,1.1,Apple,A12,Jio,Marathi,Android,11,app,play_store,8,3,156.9,referral,none,ag1,none,0
104634,Fri,22,iOS,0,1,Male,33.0,Unknown,Maharashtra,1,1,0,0,0,0,0,0,2.0,Apple,Note 10,Airtel,Marathi,Android,16,app,play_store,9,2,80.1,google,activation,none,organic,1
104635,Mon,1,Android,0,4,Male,29.0,Indore,Maharashtra,0,0,0,0,0,0,0,1,1.0,Apple,Y21,Other,Marathi,Android,12,app,play_store,9,5,227.4,influencer,brand,ag2,organic,0
104636,Thu,5,Android,1,2,Male,20.0,Indore,Unknown,1,0,0,0,0,0,0,0,1.1,OnePlus,A12,Vi,Marathi,Android,14,app,play_store,7,1,309.1,google,brand,ag2,none,0
104637,Wed,18,Android,0,1,Female,45.0,Delhi,Karnataka,0,1,1,0,0,1,0,0,1.2,Oppo,iPhone 13,Jio,Bengali,Android,14,app,app_store,9,1,597.9,influencer,remarketing,none,organic,1
104638,Mon,7,Android,0,4,Unknown,25.0,Bangalore,Karnataka,0,0,0,0,0,0,0,0,2.1,Xiaomi,A12,Airtel,Marathi,Android,13,app,play_store,8,2,128.1,organic,none,none,organic,0
104639,Thu,2,Android,0,1,Male,37.0,Pune,Maharashtra,0,0,0,0,1,0,0,0,2.1,Samsung,Y21,Jio,Hindi,Android,15,app,play_store,7,2,1030.4,influencer,none,none,paid,0
104640,Sun,13,Android,1,1,Male,37.0,Delhi,Rajasthan,1,0,0,0,0,0,0,0,1.1,Vivo,Note 10,Vi,Tamil,Android,12,app,play_store,5,0,310.2,google,activation,ag2,crm,0
104641,Mon,15,Web,0,1,Male,20.0,Indore,Rajasthan,0,0,0,0,1,1,0,0,2.1,Samsung,A12,Jio,Bengali,Android,11,app,play_store,8,2,132.8,organic,remarketing,none,organic,0
104642,Sat,0,Android,1,1,Female,22.0,Unknown,Delhi,0,0,0,0,0,0,0,0,2.0,Samsung,Y21,Jio,Hindi,Android,14,app,web,7,2,263.3,google,generic,ag3,crm,0
104643,Mon,20,iOS,0,1,Male,28.0,Mumbai,Delhi,0,0,0,0,0,1,0,0,2.1,OnePlus,iPhone 13,Jio,Hindi,iOS,14,app,play_store,6,5,164.0,google,generic,ag1,crm,0
104644,Fri,2,Android,1,1,Female,23.0,Mumbai,Delhi,0,0,0,0,0,1,0,1,2.1,Apple,Note 10,Other,English,iOS,15,app,app_store,11,5,397.2,google,generic,ag3,crm,0
104645,Thu,21,Android,1,1,Male,44.0,Jaipur,Karnataka,0,1,0,1,0,0,0,0,2.1,Xiaomi,Reno,BSNL,Tamil,Android,16,app,play_store,14,3,171.3,meta,none,ag3,crm,1
104646,Wed,17,iOS,0,1,Female,28.0,Bangalore,Maharashtra,1,0,0,0,1,0,0,0,1.2,Apple,iPhone 13,Airtel,English,Android,11,web,play_store,4,2,632.8,referral,remarketing,ag2,crm,0
104647,Wed,8,Android,1,2,Male,37.0,Bangalore,Unknown,1,0,0,0,0,0,0,0,2.0,Vivo,Nord,Jio,Marathi,Android,13,app,play_store,11,2,221.2,organic,none,none,crm,0
104648,Thu,5,iOS,0,1,Unknown,34.0,Indore,Unknown,1,0,0,1,0,0,0,0,2.0,OnePlus,Reno,Other,Hindi,Android,17,app,play_store,4,5,534.2,referral,brand,none,organic,0
104649,Fri,22,Android,0,4,Male,32.0,Bangalore,MP,1,1,0,0,0,0,0,0,2.1,Xiaomi,iPhone 13,Jio,English,Android,13,app,app_store,9,4,318.2,referral,brand,ag3,none,0
104650,Tue,20,Android,0,4,Male,30.0,Bangalore,Maharashtra,0,0,0,0,0,0,0,0,1.1,Samsung,iPhone 13,Jio,Hindi,Android,12,web,play_store,4,1,100.2,meta,generic,ag2,crm,0
104651,Mon,0,iOS,0,3,Female,40.0,Mumbai,Maharashtra,0,0,1,0,0,1,0,0,1.2,Apple,A12,BSNL,Marathi,Android,15,app,web,10,3,659.6,meta,none,ag1,organic,1
104652,Fri,20,Android,1,1,Female,23.0,Jaipur,Delhi,0,1,0,0,0,0,0,0,1.1,Samsung,A12,Other,Marathi,iOS,16,app,play_store,8,0,34.0,meta,none,ag1,paid,0
104653,Sat,9,iOS,1,1,Male,44.0,Pune,Maharashtra,0,0,0,0,0,0,0,0,1.0,OnePlus,iPhone 13,BSNL,Tamil,Android,16,app,play_store,8,2,378.0,google,generic,ag3,paid,0
104654,Sun,5,iOS,0,1,Unknown,20.0,Unknown,Unknown,0,0,0,0,0,0,0,1,1.2,Vivo,Y21,Other,Marathi,Android,15,app,web,3,2,877.0,referral,generic,ag1,paid,1
104655,Thu,22,Android,0,1,Male,36.0,Mumbai,Delhi,0,0,0,0,0,1,0,0,2.1,OnePlus,Nord,Airtel,Tamil,Android,17,web,play_store,11,3,119.4,influencer,generic,none,paid,0
104656,Mon,11,Android,0,1,Male,19.0,Jaipur,Maharashtra,0,0,0,0,0,0,0,0,1.2,Oppo,A12,Airtel,Marathi,iOS,14,app,play_store,2,2,149.5,google,brand,ag1,paid,1
104657,Wed,3,Android,1,1,Male,27.0,Mumbai,MP,1,0,0,0,0,0,0,0,1.2,Vivo,Note 10,BSNL,Marathi,Android,14,app,app_store,5,1,166.6,google,generic,none,organic,0
104658,Sun,12,Android,0,1,Male,31.0,Indore,Rajasthan,0,1,0,0,0,0,0,0,1.1,OnePlus,Y21,Airtel,Tamil,Android,14,app,play_store,6,1,1307.5,google,generic,none,organic,1
104659,Tue,16,iOS,1,4,Female,26.0,Jaipur,Rajasthan,0,0,0,1,0,0,0,0,1.0,Xiaomi,A12,Jio,English,Android,14,app,app_store,13,7,75.2,referral,brand,none,none,0
104660,Sat,7,Android,0,3,Male,29.0,Jaipur,Karnataka,0,0,0,0,0,0,0,0,1.2,Oppo,Note 10,Airtel,Bengali,Android,11,web,play_store,7,4,120.1,influencer,remarketing,ag3,paid,0
104661,Wed,19,Android,0,1,Male,19.0,Indore,MP,0,0,0,0,0,0,0,0,1.0,OnePlus,Note 10,Airtel,English,Android,11,app,play_store,9,2,64.6,google,generic,ag1,crm,0
104662,Thu,2,Android,1,1,Male,22.0,Jaipur,Unknown,0,1,0,0,1,1,0,0,1.0,Samsung,iPhone 13,Airtel,Marathi,iOS,12,app,play_store,10,3,67.1,organic,generic,ag2,crm,0
104663,Mon,11,Android,0,1,Male,34.0,Unknown,Maharashtra,0,0,0,0,0,1,0,0,1.1,Oppo,Nord,Jio,Hindi,Android,17,app,play_store,5,2,142.4,influencer,none,ag1,paid,0
104664,Thu,6,iOS,0,2,Unknown,30.0,Pune,MP,0,0,0,1,0,1,0,0,1.1,OnePlus,Reno,Other,Bengali,iOS,17,app,play_store,12,3,456.4,influencer,none,none,paid,0
104665,Sun,11,Android,0,1,Female,24.0,Delhi,Maharashtra,0,0,1,0,0,0,0,0,2.1,Apple,A12,Airtel,Marathi,iOS,13,app,play_store,9,5,574.1,google,none,ag2,none,0
104666,Mon,1,Web,0,1,Male,41.0,Bangalore,MP,0,1,0,0,0,0,0,0,2.1,Samsung,iPhone 13,Airtel,Tamil,Android,12,app,app_store,7,6,247.6,organic,activation,ag2,crm,0
104667,Fri,23,Android,1,1,Male,20.0,Jaipur,MP,0,0,0,0,0,0,0,0,1.2,OnePlus,iPhone 13,Vi,Hindi,Android,14,app,play_store,10,3,280.2,influencer,activation,ag3,organic,0
104668,Tue,13,Android,0,1,Unknown,27.0,Bangalore,Rajasthan,1,0,0,0,0,0,0,0,2.1,OnePlus,Nord,Vi,Bengali,Android,15,app,play_store,6,9,371.8,meta,generic,none,paid,0
104669,Fri,21,Android,0,4,Male,26.0,Mumbai,MP,0,0,0,0,0,1,0,0,1.1,Oppo,Y21,Other,Bengali,iOS,11,web,app_store,12,5,377.1,google,brand,ag1,none,0
104670,Fri,22,Android,0,1,Male,35.0,Mumbai,Karnataka,0,0,0,0,0,0,1,0,2.1,Vivo,iPhone 13,Airtel,Bengali,Android,17,web,play_store,7,5,127.4,meta,brand,ag2,crm,0
104671,Thu,4,Web,0,1,Male,30.0,Jaipur,Maharashtra,1,0,0,0,0,1,0,0,2.1,Oppo,Y21,Airtel,Hindi,Android,17,app,app_store,7,2,482.9,meta,none,none,crm,1
104672,Sun,8,Android,1,2,Male,29.0,Jaipur,Delhi,1,1,0,1,0,0,0,0,2.1,Xiaomi,Nord,Other,Hindi,iOS,11,app,app_store,17,2,267.1,organic,remarketing,ag2,none,0
104673,Tue,20,iOS,1,2,Female,18.0,Jaipur,MP,1,0,0,1,0,0,0,0,1.0,Samsung,iPhone 13,Other,Tamil,Android,16,app,play_store,6,4,89.4,google,generic,ag2,none,0
104674,Mon,10,Android,1,2,Female,37.0,Unknown,Delhi,0,0,0,0,0,1,1,0,2.1,Oppo,A12,Vi,Hindi,iOS,17,app,play_store,6,4,314.6,meta,none,none,none,0
104675,Mon,4,Android,0,1,Unknown,28.0,Unknown,Rajasthan,0,0,0,0,0,1,0,0,1.1,Samsung,Y21,Jio,Hindi,Android,17,app,app_store,7,3,929.8,influencer,activation,ag1,organic,1
104676,Sat,2,Android,0,1,Male,31.0,Pune,Delhi,0,0,0,0,0,0,0,0,1.0,Vivo,Nord,Other,English,Android,17,app,play_store,10,2,367.0,organic,remarketing,ag3,paid,0
104677,Wed,16,Android,0,1,Male,24.0,Jaipur,Karnataka,0,0,0,0,0,0,0,0,2.1,Xiaomi,Reno,Vi,Tamil,iOS,16,web,play_store,9,4,535.6,organic,none,ag1,organic,1
104678,Sat,1,Android,1,1,Unknown,23.0,Unknown,Karnataka,1,0,0,0,0,0,0,0,2.1,Samsung,Note 10,BSNL,Tamil,Android,11,app,play_store,13,1,120.3,meta,activation,none,crm,0
104679,Sat,23,Android,0,1,Female,42.0,Bangalore,Rajasthan,0,0,0,0,0,0,0,0,1.1,Xiaomi,iPhone 13,Jio,Bengali,Android,16,app,app_store,7,2,349.3,organic,generic,ag1,crm,0
104680,Mon,0,iOS,0,1,Female,18.0,Mumbai,Unknown,0,0,0,1,0,0,0,0,1.2,Vivo,iPhone 13,Vi,Marathi,Android,11,app,play_store,7,2,431.5,google,brand,ag2,organic,0
104681,Thu,6,Android,1,1,Male,22.0,Mumbai,Karnataka,0,0,0,0,0,0,0,0,1.1,Samsung,iPhone 13,Other,Bengali,Android,15,app,play_store,6,1,607.6,organic,generic,ag3,none,0
104682,Fri,13,Android,0,3,Female,42.0,Unknown,Maharashtra,1,1,1,1,0,0,1,0,2.0,Vivo,A12,BSNL,Tamil,Android,16,app,play_store,8,3,238.4,meta,remarketing,ag2,none,0
104683,Sun,4,Android,0,1,Male,35.0,Jaipur,Unknown,0,0,0,0,0,0,0,0,1.1,Vivo,A12,BSNL,Tamil,Android,12,app,play_store,7,3,319.9,influencer,generic,ag3,none,0
104684,Fri,18,Android,0,3,Male,27.0,Indore,Karnataka,1,1,0,0,0,0,0,0,1.2,OnePlus,Note 10,Other,Marathi,Android,11,app,play_store,8,3,502.0,referral,generic,none,none,0
104685,Fri,10,iOS,0,1,Female,40.0,Unknown,Unknown,0,0,0,0,0,0,0,0,1.1,Xiaomi,Reno,Other,Marathi,Android,14,app,app_store,8,1,999.7,meta,brand,none,paid,1
104686,Tue,22,Android,0,1,Female,34.0,Delhi,MP,1,0,0,0,0,0,0,0,1.0,Vivo,iPhone 13,BSNL,Marathi,Android,14,app,play_store,9,3,616.8,google,generic,none,crm,1
104687,Mon,1,Android,0,1,Female,32.0,Jaipur,Karnataka,0,0,0,1,0,0,1,0,1.0,Vivo,Nord,Jio,Marathi,Android,12,app,play_store,4,3,246.6,referral,brand,none,paid,0
104688,Sun,7,Android,0,1,Female,32.0,Pune,Unknown,1,0,1,1,0,0,0,0,1.1,Oppo,A12,BSNL,Bengali,Android,12,app,app_store,7,1,419.8,referral,generic,ag2,crm,0
104689,Thu,8,Android,0,1,Male,34.0,Delhi,Maharashtra,0,0,0,0,0,0,0,0,1.0,Samsung,A12,Other,Hindi,iOS,16,app,play_store,12,3,628.6,meta,none,none,none,0
104690,Tue,2,Android,1,2,Male,34.0,Delhi,Rajasthan,1,0,0,0,0,0,1,1,1.2,OnePlus,Reno,Jio,Bengali,Android,12,app,play_store,8,4,251.4,google,activation,ag3,none,0
104691,Wed,1,Android,0,1,Female,48.0,Jaipur,Karnataka,0,0,0,0,1,0,0,1,2.0,OnePlus,Note 10,Vi,Marathi,iOS,17,app,play_store,10,6,292.9,google,none,none,paid,0
104692,Thu,6,Android,1,3,Male,28.0,Pune,Maharashtra,0,0,0,0,0,0,0,0,2.0,Vivo,Nord,Airtel,Bengali,Android,12,app,play_store,13,5,85.9,referral,generic,ag3,crm,0
104693,Sat,4,Android,0,1,Male,29.0,Unknown,MP,0,0,0,0,0,0,0,0,1.2,Apple,Y21,Airtel,Bengali,Android,15,app,play_store,10,1,40.0,organic,brand,none,organic,0
104694,Thu,20,iOS,0,2,Male,20.0,Bangalore,Delhi,1,0,0,0,1,0,0,1,2.1,Apple,A12,Airtel,Bengali,Android,16,app,app_store,7,4,401.7,organic,none,none,crm,0
104695,Thu,4,Android,1,1,Male,30.0,Jaipur,Delhi,0,0,0,0,0,1,0,0,2.1,Oppo,Nord,Vi,Marathi,Android,17,app,play_store,5,6,508.6,organic,remarketing,ag1,organic,0
104696,Fri,19,iOS,0,2,Unknown,45.0,Mumbai,Rajasthan,0,1,0,0,0,1,0,1,2.0,Vivo,Y21,Vi,Marathi,Android,11,app,play_store,9,2,65.1,influencer,remarketing,ag2,crm,1
104697,Thu,12,Android,0,1,Male,38.0,Pune,Rajasthan,0,0,0,0,0,1,0,0,1.0,Oppo,A12,BSNL,Marathi,Android,17,web,play_store,6,3,160.6,google,remarketing,ag3,crm,0
104698,Sat,20,iOS,1,1,Male,26.0,Mumbai,Delhi,0,0,0,0,0,0,0,0,1.0,Apple,A12,Vi,English,iOS,15,app,web,9,6,152.9,influencer,activation,ag3,organic,0
104699,Sat,19,Android,0,3,Female,30.0,Unknown,Delhi,0,1,0,0,0,1,0,0,2.1,Samsung,Reno,Vi,Hindi,iOS,17,app,play_store,8,2,299.7,influencer,generic,ag3,none,0
104700,Mon,5,Android,0,1,Male,20.0,Unknown,Rajasthan,0,0,0,0,0,0,0,1,2.0,Vivo,Nord,Other,Tamil,Android,17,web,app_store,12,6,303.0,meta,activation,ag2,crm,0
104701,Thu,19,Android,0,1,Unknown,22.0,Unknown,Delhi,0,0,0,0,0,0,0,1,1.1,Oppo,Reno,Vi,English,iOS,17,app,play_store,9,7,390.7,influencer,activation,ag3,crm,1
104702,Fri,17,Android,1,1,Male,31.0,Jaipur,Karnataka,0,1,0,1,0,0,1,0,1.1,Samsung,Reno,Other,English,Android,16,app,play_store,9,4,245.1,referral,brand,ag3,none,0
104703,Thu,1,Android,1,1,Female,26.0,Unknown,Unknown,0,0,0,0,0,0,0,0,1.0,Oppo,Reno,BSNL,English,Android,15,app,play_store,6,3,492.8,referral,activation,ag1,crm,1
104704,Wed,5,Android,0,1,Male,22.0,Jaipur,Maharashtra,0,0,1,0,0,0,0,0,1.2,Samsung,A12,Airtel,English,Android,11,app,play_store,13,2,358.2,influencer,none,ag2,paid,0
104705,Wed,8,Android,0,1,Male,34.0,Indore,Unknown,0,0,0,1,0,0,0,1,2.1,Samsung,Y21,Jio,Bengali,Android,15,app,play_store,12,3,109.8,google,brand,none,paid,0
104706,Fri,2,Android,0,2,Male,29.0,Delhi,Rajasthan,0,0,0,0,0,0,0,0,1.0,Oppo,A12,Airtel,English,iOS,12,app,app_store,13,4,475.0,google,brand,ag3,crm,0
104707,Mon,0,Android,0,1,Male,18.0,Indore,Maharashtra,0,1,0,1,0,0,0,1,1.2,Apple,Reno,BSNL,Hindi,Android,13,app,web,5,3,336.9,referral,brand,ag1,crm,0
104708,Mon,0,iOS,0,1,Female,18.0,Unknown,MP,1,0,0,0,0,1,0,0,1.2,Oppo,Reno,Jio,Marathi,iOS,14,app,web,5,4,527.4,referral,remarketing,ag3,paid,0
104709,Sat,18,Android,0,1,Male,25.0,Delhi,MP,0,0,0,0,0,1,0,0,2.1,OnePlus,iPhone 13,Airtel,Tamil,iOS,12,app,play_store,10,1,436.5,google,none,ag1,none,1
104710,Sat,4,Android,0,2,Female,18.0,Unknown,Karnataka,1,0,0,0,0,0,0,0,1.2,OnePlus,Y21,BSNL,Hindi,Android,16,app,play_store,6,2,246.9,google,remarketing,ag1,none,0
104711,Tue,12,Android,0,3,Male,18.0,Unknown,MP,0,0,0,1,0,1,0,0,1.2,Xiaomi,Nord,BSNL,English,Android,12,app,play_store,5,2,74.1,meta,activation,ag2,none,0
104712,Fri,18,Android,1,1,Female,39.0,Bangalore,Rajasthan,1,0,0,0,0,1,0,0,2.1,Vivo,Reno,Other,Marathi,Android,11,app,play_store,7,3,998.6,referral,generic,none,crm,0
104713,Thu,11,Android,0,1,Female,29.0,Pune,Karnataka,0,1,0,0,0,0,0,1,2.0,Apple,Nord,Vi,English,Android,16,app,play_store,8,4,668.2,google,brand,ag2,paid,0
104714,Sun,15,iOS,0,1,Male,28.0,Bangalore,Unknown,0,1,0,0,0,0,1,0,1.1,Apple,A12,Other,Tamil,iOS,13,app,play_store,9,2,164.9,influencer,remarketing,none,crm,0
104715,Fri,18,Android,0,1,Male,28.0,Delhi,Karnataka,0,0,0,0,0,0,0,0,2.0,Oppo,Y21,Other,English,Android,11,app,play_store,11,2,63.8,influencer,brand,ag3,crm,0
104716,Tue,2,Android,1,1,Female,21.0,Jaipur,Rajasthan,1,0,0,0,0,0,0,0,1.1,Vivo,Reno,Airtel,Bengali,Android,12,app,app_store,2,7,353.5,organic,activation,none,none,1
104717,Sat,11,Android,1,4,Male,33.0,Unknown,Delhi,0,0,1,0,0,0,0,0,1.1,OnePlus,Nord,BSNL,Bengali,Android,16,app,app_store,15,2,103.2,meta,brand,none,crm,0
104718,Fri,4,Android,1,1,Male,29.0,Indore,Maharashtra,0,0,1,1,0,0,1,0,2.1,Xiaomi,iPhone 13,Vi,English,iOS,15,app,play_store,14,5,199.4,influencer,activation,none,crm,0
104719,Fri,1,iOS,0,1,Female,24.0,Unknown,Rajasthan,0,0,0,0,0,0,0,0,2.0,Oppo,Reno,BSNL,Marathi,iOS,16,app,play_store,4,2,460.0,referral,remarketing,ag1,organic,0
104720,Sat,21,iOS,1,1,Unknown,25.0,Delhi,Delhi,1,0,0,0,0,1,0,0,2.1,Vivo,Note 10,Jio,Tamil,iOS,14,app,play_store,9,2,334.2,organic,brand,ag1,paid,0
104721,Tue,6,Android,0,1,Female,20.0,Unknown,Delhi,1,0,0,0,0,0,0,0,2.0,Oppo,iPhone 13,Airtel,English,Android,16,app,play_store,8,0,91.9,influencer,activation,ag3,paid,0
104722,Sat,12,Android,0,1,Female,27.0,Jaipur,MP,0,0,0,0,0,0,0,0,1.2,OnePlus,Reno,Other,Tamil,iOS,14,app,play_store,5,4,278.7,referral,none,none,none,0
104723,Mon,14,Android,0,1,Male,28.0,Bangalore,Unknown,1,0,0,0,0,0,0,0,1.0,Vivo,iPhone 13,Vi,English,Android,12,web,app_store,9,3,250.9,meta,generic,none,paid,0
104724,Thu,21,Android,1,1,Unknown,27.0,Jaipur,Karnataka,0,1,0,0,0,0,0,0,2.0,Apple,Y21,Vi,Tamil,Android,17,app,play_store,6,5,137.7,organic,none,ag1,paid,0
104725,Sat,2,Android,1,1,Male,30.0,Jaipur,Karnataka,1,0,0,0,0,0,0,1,2.0,Oppo,A12,Vi,English,Android,11,app,play_store,9,3,140.1,organic,generic,none,paid,0
104726,Tue,20,Android,1,3,Male,29.0,Bangalore,MP,0,1,0,1,0,1,0,0,1.2,Xiaomi,Nord,Jio,Bengali,Android,13,app,play_store,10,5,287.3,referral,activation,ag1,paid,1
104727,Wed,19,Android,1,1,Unknown,32.0,Indore,MP,0,0,1,0,0,0,0,0,1.2,Vivo,A12,Other,English,Android,13,web,app_store,8,5,855.2,meta,none,ag2,none,1
104728,Mon,4,Android,0,1,Male,38.0,Unknown,Karnataka,0,1,0,1,0,0,0,0,1.1,Xiaomi,Y21,Vi,Bengali,Android,12,app,play_store,7,4,175.1,google,none,ag3,organic,0
104729,Wed,23,Android,0,1,Male,35.0,Jaipur,Rajasthan,1,0,0,0,0,1,0,0,1.0,Xiaomi,Y21,BSNL,Marathi,Android,13,app,web,6,3,394.8,referral,none,ag2,crm,1
104730,Sun,7,iOS,0,3,Female,38.0,Indore,Rajasthan,1,0,0,0,0,0,0,0,1.0,Oppo,Nord,Vi,English,Android,16,web,play_store,15,3,265.7,referral,remarketing,ag2,crm,0
104731,Sat,21,Android,1,2,Male,23.0,Jaipur,Rajasthan,1,0,0,0,0,0,0,0,1.0,Vivo,iPhone 13,Vi,Tamil,Android,11,app,app_store,7,5,308.7,influencer,none,ag3,paid,0
104732,Mon,0,iOS,0,1,Male,26.0,Jaipur,Rajasthan,0,0,0,1,0,1,0,0,2.0,OnePlus,Y21,Vi,Marathi,Android,17,web,play_store,9,6,465.1,referral,activation,none,organic,1
104733,Thu,7,Android,1,1,Male,35.0,Bangalore,MP,0,0,1,0,0,1,0,0,2.0,Samsung,Nord,Jio,Bengali,Android,13,app,play_store,11,2,167.7,referral,brand,ag1,paid,0
104734,Sat,23,Android,0,1,Male,35.0,Delhi,Maharashtra,0,0,0,0,0,0,0,0,2.1,Xiaomi,Reno,Other,Marathi,Android,11,app,play_store,10,4,134.4,google,none,ag2,crm,0
104735,Thu,17,iOS,0,1,Unknown,25.0,Unknown,Maharashtra,1,0,0,0,0,1,0,0,1.1,Vivo,iPhone 13,BSNL,English,Android,12,app,play_store,9,2,658.3,meta,brand,ag3,paid,1
104736,Fri,19,iOS,0,1,Male,35.0,Delhi,Karnataka,1,0,0,0,0,0,1,0,1.2,Apple,Reno,Airtel,Hindi,Android,16,app,play_store,5,3,599.6,influencer,brand,ag2,paid,0
104737,Wed,15,Android,0,1,Male,22.0,Pune,Maharashtra,0,0,0,0,1,0,0,0,1.2,Xiaomi,Note 10,Vi,English,iOS,13,app,play_store,4,1,767.0,meta,generic,ag1,none,0
104738,Mon,17,Android,1,1,Male,34.0,Bangalore,Rajasthan,0,0,0,1,0,0,0,0,1.2,Xiaomi,Note 10,Other,Bengali,Android,11,app,play_store,5,4,56.4,referral,generic,ag1,none,1
104739,Thu,19,iOS,0,1,Female,30.0,Pune,MP,1,0,0,0,0,0,0,0,2.1,Xiaomi,Reno,Jio,Marathi,Android,15,app,play_store,6,5,708.8,meta,brand,none,none,0
104740,Tue,11,Android,0,1,Female,19.0,Jaipur,Rajasthan,0,0,0,0,0,1,0,1,2.1,OnePlus,Y21,BSNL,Hindi,Android,13,web,app_store,7,3,647.8,organic,generic,ag2,organic,0
104741,Thu,12,Android,0,1,Male,27.0,Bangalore,Delhi,0,0,0,0,0,1,0,0,2.0,Apple,Nord,Other,Tamil,Android,16,app,play_store,8,5,257.4,meta,activation,none,crm,0
104742,Tue,12,iOS,0,1,Male,47.0,Pune,MP,0,0,1,1,0,0,0,1,2.1,Apple,Reno,Vi,Marathi,Android,14,app,play_store,14,6,617.0,organic,remarketing,ag3,paid,1
104743,Sat,9,Android,0,1,Female,32.0,Mumbai,Delhi,0,0,0,0,0,0,0,0,2.1,Oppo,Note 10,Other,Marathi,Android,13,app,play_store,7,4,172.8,influencer,remarketing,ag2,paid,0
104744,Mon,6,Android,0,1,Male,48.0,Delhi,Delhi,1,0,0,0,0,1,0,0,1.2,Samsung,A12,Jio,English,Android,13,web,app_store,11,2,152.6,referral,activation,ag1,crm,0
104745,Thu,13,Android,1,1,Male,18.0,Delhi,Karnataka,1,1,0,0,1,0,0,0,2.1,Oppo,A12,Airtel,Tamil,Android,15,app,play_store,8,2,154.4,referral,generic,none,organic,0
104746,Sun,23,Android,0,1,Male,36.0,Mumbai,Delhi,0,1,0,0,0,0,0,1,1.1,Samsung,Nord,Jio,Hindi,Android,13,app,app_store,5,3,234.4,meta,activation,ag3,crm,0
104747,Thu,15,Android,0,1,Male,18.0,Indore,Maharashtra,0,0,0,0,0,1,0,0,2.1,Xiaomi,A12,Airtel,Marathi,iOS,16,app,play_store,7,5,161.8,organic,remarketing,ag2,none,0
104748,Sun,14,Android,0,1,Unknown,30.0,Mumbai,Maharashtra,0,0,0,0,0,1,1,0,1.0,Vivo,Y21,Vi,English,Android,13,app,play_store,18,2,279.7,meta,generic,ag2,organic,0
104749,Mon,11,Android,0,1,Female,35.0,Unknown,Delhi,1,0,0,0,0,0,0,0,2.1,Xiaomi,Note 10,BSNL,English,Android,12,app,play_store,9,4,95.4,meta,generic,ag2,crm,0
104750,Thu,8,Android,0,1,Female,37.0,Delhi,Karnataka,0,1,1,1,0,0,0,1,2.0,Apple,Note 10,Jio,Hindi,Android,12,app,play_store,14,3,512.3,influencer,activation,ag1,organic,0
104751,Tue,7,Android,0,1,Female,24.0,Unknown,Delhi,0,0,0,0,0,0,0,0,1.1,Samsung,Nord,BSNL,Tamil,iOS,11,web,app_store,10,2,418.4,influencer,remarketing,ag3,none,0
104752,Thu,17,Android,0,4,Female,38.0,Bangalore,MP,1,0,0,0,0,1,0,0,2.1,Xiaomi,iPhone 13,Jio,Tamil,iOS,14,app,web,7,3,323.7,referral,brand,ag1,none,1
104753,Wed,22,iOS,1,1,Unknown,26.0,Pune,MP,1,1,0,1,0,0,0,0,2.0,Samsung,Note 10,BSNL,English,Android,13,app,play_store,9,5,428.8,meta,none,none,paid,1
104754,Sat,17,Android,0,1,Male,29.0,Delhi,MP,1,1,0,0,0,0,0,0,1.1,Oppo,iPhone 13,Airtel,Tamil,Android,12,app,app_store,10,4,638.3,referral,none,ag3,crm,1
104755,Fri,12,Web,1,1,Male,27.0,Unknown,MP,1,1,0,0,0,1,0,0,2.1,Apple,iPhone 13,Other,Tamil,iOS,11,app,app_store,7,2,223.4,influencer,generic,ag3,none,0
104756,Tue,17,Android,1,4,Female,21.0,Mumbai,Delhi,0,1,0,0,0,0,0,0,1.1,Apple,Nord,Other,English,Android,17,app,play_store,13,3,56.1,referral,generic,ag2,crm,1
104757,Wed,14,iOS,0,4,Female,43.0,Bangalore,Rajasthan,1,1,0,1,0,0,0,0,1.0,OnePlus,iPhone 13,Airtel,Marathi,Android,15,app,play_store,8,4,54.5,meta,brand,none,organic,0
104758,Sun,3,Android,0,1,Male,30.0,Delhi,Rajasthan,0,1,0,0,0,0,0,1,1.2,OnePlus,iPhone 13,Airtel,Marathi,iOS,16,app,play_store,8,4,128.9,google,activation,none,crm,1
104759,Sat,16,Android,0,1,Male,39.0,Mumbai,Unknown,0,0,0,0,0,0,0,0,2.1,OnePlus,Nord,Vi,Tamil,Android,14,app,play_store,15,2,300.9,referral,none,ag3,none,0
104760,Mon,4,iOS,0,1,Male,38.0,Unknown,MP,0,1,0,0,0,0,0,1,1.1,Vivo,Nord,Jio,English,Android,15,app,play_store,5,3,77.0,google,remarketing,ag2,paid,0
104761,Tue,21,iOS,1,4,Male,22.0,Delhi,Unknown,0,0,0,0,0,0,0,0,2.0,Xiaomi,Nord,BSNL,Marathi,Android,17,app,play_store,7,1,207.5,meta,remarketing,ag3,organic,1
104762,Fri,15,Android,1,1,Male,40.0,Mumbai,Unknown,0,0,0,1,0,1,0,0,1.0,Apple,Nord,Airtel,Marathi,Android,11,app,play_store,12,2,533.0,influencer,generic,ag2,none,1
104763,Sat,8,Android,0,3,Male,34.0,Jaipur,Karnataka,1,0,0,0,0,0,0,0,1.2,OnePlus,Nord,BSNL,English,Android,15,app,app_store,6,1,577.6,influencer,none,ag3,organic,0
104764,Sun,9,Android,0,1,Female,22.0,Mumbai,Karnataka,0,0,0,0,0,0,0,0,2.0,Vivo,A12,Jio,Hindi,iOS,13,app,web,10,2,630.7,influencer,activation,ag1,crm,1
104765,Fri,23,iOS,0,1,Female,34.0,Delhi,Delhi,1,0,0,0,0,0,0,0,1.0,Apple,Y21,BSNL,Tamil,Android,15,app,play_store,12,1,531.2,organic,generic,ag3,paid,0
104766,Mon,17,Android,0,2,Female,22.0,Bangalore,Rajasthan,0,1,0,0,0,0,0,0,2.1,Oppo,Note 10,Other,Tamil,Android,17,app,play_store,6,3,60.6,referral,none,none,crm,0
104767,Mon,16,Android,1,1,Female,43.0,Delhi,Delhi,0,0,0,0,0,0,0,0,2.0,Xiaomi,Reno,Vi,Marathi,Android,17,app,app_store,6,3,116.4,meta,generic,ag1,organic,0
104768,Sun,17,Android,0,3,Male,37.0,Delhi,Maharashtra,0,1,1,0,0,0,0,0,1.1,Xiaomi,Nord,Jio,English,Android,12,web,play_store,8,3,499.2,referral,none,none,paid,0
104769,Tue,6,Android,0,1,Male,29.0,Jaipur,MP,1,0,0,0,0,0,0,0,1.0,OnePlus,iPhone 13,Jio,Bengali,Android,12,app,play_store,11,1,469.5,organic,remarketing,ag1,none,0
104770,Sun,3,iOS,1,3,Male,40.0,Bangalore,Maharashtra,0,0,0,0,0,0,0,0,1.0,Samsung,Note 10,Vi,Bengali,Android,16,app,play_store,1,5,441.7,influencer,generic,none,crm,0
104771,Thu,4,Android,0,1,Unknown,18.0,Jaipur,Maharashtra,1,1,1,0,0,0,0,0,2.1,OnePlus,Nord,Jio,English,Android,15,app,app_store,8,1,515.9,influencer,remarketing,ag2,crm,1
104772,Mon,22,Android,0,1,Male,24.0,Delhi,Unknown,1,0,0,1,0,1,0,0,1.0,Vivo,A12,Vi,English,iOS,14,web,play_store,8,3,104.1,google,activation,ag3,organic,0
104773,Sat,15,Android,0,1,Female,28.0,Jaipur,Karnataka,1,1,0,0,0,0,0,0,1.2,Oppo,iPhone 13,Airtel,Hindi,Android,12,app,play_store,6,5,258.1,meta,none,ag3,organic,1
104774,Thu,2,Android,0,1,Male,48.0,Pune,Rajasthan,0,0,0,0,0,0,0,0,1.1,Samsung,A12,Airtel,Bengali,Android,15,app,play_store,8,0,133.6,google,generic,ag1,none,0
104775,Wed,17,Android,1,1,Unknown,21.0,Pune,Unknown,0,1,0,0,0,0,0,0,2.1,Oppo,Reno,BSNL,English,Android,13,app,app_store,13,2,609.2,influencer,generic,ag1,none,1
104776,Fri,22,Android,1,4,Male,18.0,Pune,Unknown,1,0,0,0,0,0,0,1,1.2,Samsung,Y21,Other,English,Android,16,web,web,12,2,739.4,organic,remarketing,ag3,none,1
104777,Thu,20,Web,0,1,Female,18.0,Mumbai,MP,0,0,0,0,0,0,0,0,2.1,Samsung,Y21,Other,Tamil,iOS,17,app,play_store,8,7,342.0,meta,activation,ag2,crm,1
104778,Fri,13,Android,1,1,Male,37.0,Indore,Delhi,0,1,1,0,0,1,0,0,2.1,Xiaomi,Nord,Jio,Bengali,Android,12,app,app_store,10,1,512.7,influencer,activation,ag1,none,1
104779,Sun,14,Android,0,3,Male,25.0,Unknown,MP,0,0,0,0,1,0,0,0,1.1,Oppo,Y21,Jio,English,Android,12,app,play_store,12,2,260.8,influencer,brand,none,none,0
104780,Thu,16,iOS,1,1,Female,29.0,Jaipur,Delhi,1,1,0,0,1,0,0,0,1.0,Vivo,Nord,BSNL,Bengali,Android,16,app,app_store,10,4,240.8,influencer,remarketing,ag2,crm,0
104781,Sun,0,Android,1,1,Unknown,36.0,Delhi,Delhi,0,1,0,1,0,1,0,0,2.1,Vivo,Nord,Other,English,Android,15,app,app_store,11,3,835.1,meta,activation,ag3,crm,0
104782,Wed,20,iOS,0,1,Male,29.0,Indore,Rajasthan,0,0,0,0,0,0,0,0,2.0,Samsung,Y21,Airtel,Bengali,Android,15,app,play_store,13,3,498.0,influencer,brand,ag3,organic,0
104783,Mon,16,iOS,1,2,Unknown,32.0,Jaipur,Maharashtra,0,0,1,0,0,0,0,1,1.1,Samsung,Y21,Airtel,Hindi,Android,15,app,play_store,3,4,382.8,influencer,none,ag2,paid,0
104784,Wed,22,Android,0,1,Female,34.0,Pune,Delhi,1,0,0,0,0,0,0,0,1.1,Oppo,A12,Vi,Hindi,Android,14,app,app_store,6,5,744.6,organic,activation,ag3,paid,0
104785,Mon,10,Android,0,1,Female,27.0,Unknown,Rajasthan,0,0,0,0,0,0,1,0,2.0,Xiaomi,A12,Airtel,Hindi,iOS,17,app,play_store,7,4,103.7,meta,none,ag2,organic,0
104786,Sun,16,Android,1,3,Male,29.0,Bangalore,Maharashtra,0,0,0,0,0,0,0,0,1.1,Xiaomi,Reno,Other,Marathi,Android,12,app,play_store,6,4,98.1,referral,none,ag3,crm,0
104787,Mon,13,Android,1,1,Male,32.0,Pune,Unknown,0,0,0,0,0,0,0,0,2.1,Oppo,A12,Vi,English,Android,13,app,app_store,6,3,272.2,influencer,remarketing,none,none,0
104788,Fri,19,iOS,1,1,Male,37.0,Unknown,Unknown,0,1,0,0,0,0,0,0,1.2,Oppo,iPhone 13,Jio,Tamil,Android,17,app,play_store,8,3,164.3,meta,brand,ag3,crm,1
104789,Sat,18,Android,0,1,Unknown,24.0,Delhi,Maharashtra,0,0,0,0,0,1,0,0,1.0,Xiaomi,iPhone 13,BSNL,Marathi,Android,13,app,app_store,14,4,184.3,influencer,remarketing,none,crm,0
104790,Wed,20,Android,0,3,Unknown,18.0,Indore,MP,0,0,0,0,0,1,0,0,1.2,Samsung,Note 10,Other,Bengali,Android,17,app,web,12,1,446.6,meta,none,ag3,organic,0
104791,Thu,6,Android,0,1,Female,35.0,Indore,MP,0,0,0,0,0,0,0,0,1.1,Xiaomi,Nord,Airtel,English,Android,11,app,app_store,8,2,126.9,referral,activation,ag2,none,0
104792,Wed,23,Android,1,2,Male,37.0,Jaipur,MP,0,0,0,0,0,0,0,0,2.0,Apple,Nord,Vi,English,Android,15,app,play_store,14,4,363.3,referral,remarketing,ag3,paid,0
104793,Fri,12,Android,0,1,Male,32.0,Mumbai,Karnataka,0,0,1,0,0,0,0,0,1.1,Apple,iPhone 13,Airtel,Marathi,Android,11,app,play_store,7,1,473.1,referral,activation,none,crm,0
104794,Mon,17,iOS,1,1,Unknown,32.0,Bangalore,Maharashtra,1,0,1,0,1,0,0,0,1.1,Oppo,iPhone 13,Jio,English,iOS,11,app,play_store,12,1,178.5,organic,remarketing,ag1,crm,1
104795,Fri,22,Android,0,1,Male,25.0,Unknown,Karnataka,0,1,0,0,0,0,0,0,1.1,Apple,Nord,Airtel,English,Android,14,app,play_store,8,4,74.8,meta,brand,none,none,0
104796,Tue,13,Android,0,1,Female,34.0,Pune,MP,0,0,0,0,0,0,0,0,1.0,Vivo,Note 10,Airtel,Bengali,Android,16,app,app_store,13,2,42.8,referral,brand,ag2,organic,0
104797,Tue,0,Android,0,1,Male,37.0,Unknown,Rajasthan,0,0,0,0,0,1,0,0,1.1,Apple,Y21,BSNL,Tamil,Android,14,app,play_store,13,7,578.1,referral,remarketing,ag3,organic,0
104798,Thu,6,iOS,1,1,Male,30.0,Unknown,MP,0,0,0,0,0,0,0,1,1.1,OnePlus,Note 10,Airtel,Bengali,Android,15,app,play_store,9,3,16.9,meta,remarketing,ag3,paid,0
104799,Fri,7,Android,0,1,Female,50.0,Bangalore,Delhi,1,1,1,0,0,0,0,0,1.1,Xiaomi,iPhone 13,BSNL,Marathi,Android,15,app,play_store,11,6,507.1,organic,activation,none,organic,1
104800,Sun,17,iOS,1,1,Male,18.0,Delhi,Rajasthan,1,1,0,0,0,1,0,0,2.0,Apple,iPhone 13,Vi,English,Android,16,app,play_store,9,5,536.1,meta,none,ag1,none,0
104801,Thu,8,Android,0,1,Male,31.0,Mumbai,Rajasthan,0,0,0,0,0,0,0,0,2.1,Samsung,Y21,Jio,English,iOS,15,app,play_store,3,6,427.7,referral,remarketing,ag1,crm,0
104802,Sun,0,iOS,0,2,Unknown,21.0,Pune,Maharashtra,1,0,0,0,0,1,0,0,1.1,Oppo,Y21,BSNL,Tamil,Android,13,app,play_store,8,6,470.4,google,remarketing,ag2,organic,0
104803,Thu,21,Android,1,1,Female,37.0,Delhi,Karnataka,1,0,0,0,0,0,0,0,1.1,Samsung,Reno,Airtel,Tamil,Android,15,app,play_store,7,3,161.2,google,none,none,none,1
104804,Tue,16,Android,1,1,Female,18.0,Bangalore,Delhi,0,0,0,0,0,0,0,0,1.1,Apple,Note 10,Vi,Hindi,Android,13,app,app_store,13,2,39.7,influencer,generic,none,none,0
104805,Thu,18,Android,1,1,Female,19.0,Mumbai,Rajasthan,0,0,0,0,0,0,0,0,1.0,Samsung,Nord,BSNL,Tamil,Android,11,app,play_store,5,6,576.1,influencer,brand,ag2,crm,1
104806,Tue,5,Android,0,1,Male,25.0,Pune,Karnataka,0,0,0,0,0,0,0,0,2.0,Vivo,Nord,BSNL,Bengali,Android,17,app,web,9,5,468.3,meta,none,ag3,none,0
104807,Mon,2,Android,0,1,Male,32.0,Bangalore,Karnataka,1,0,0,0,0,0,0,0,1.2,Samsung,A12,Vi,English,Android,15,app,app_store,5,2,167.9,google,generic,ag2,none,0
104808,Sun,23,Android,0,1,Male,25.0,Pune,Delhi,0,0,1,1,0,1,0,0,2.1,Vivo,Note 10,Jio,Bengali,Android,12,app,play_store,5,2,101.6,influencer,remarketing,ag3,crm,0
104809,Fri,4,Android,0,1,Male,25.0,Unknown,Delhi,0,0,0,0,0,0,0,1,1.1,Xiaomi,iPhone 13,Vi,Bengali,Android,13,app,play_store,8,5,492.6,referral,generic,ag1,crm,1
104810,Thu,1,Android,1,1,Male,29.0,Mumbai,MP,1,0,0,0,0,0,0,1,1.2,OnePlus,A12,Jio,Bengali,iOS,15,app,play_store,6,2,387.1,influencer,generic,ag3,organic,0
104811,Tue,19,Web,0,1,Female,28.0,Mumbai,MP,0,0,0,1,0,0,0,0,1.2,Samsung,Note 10,Jio,Bengali,Android,13,app,play_store,3,3,206.6,organic,brand,ag3,crm,0
104812,Wed,3,Android,0,3,Male,42.0,Bangalore,Rajasthan,0,1,1,0,0,0,0,0,1.0,Apple,Nord,Airtel,Bengali,iOS,13,app,play_store,5,3,159.4,google,brand,ag3,organic,1
104813,Sun,9,iOS,0,1,Female,35.0,Pune,Rajasthan,0,1,0,0,0,0,0,0,1.0,Xiaomi,Y21,BSNL,Bengali,Android,15,app,app_store,3,1,175.8,referral,activation,ag3,none,0
104814,Thu,9,Android,0,1,Male,27.0,Indore,Rajasthan,0,0,0,0,0,0,0,0,1.2,Oppo,Reno,Vi,English,Android,11,app,play_store,3,2,477.0,google,generic,ag3,crm,0
104815,Sat,23,Android,0,1,Male,47.0,Delhi,MP,0,0,0,0,0,0,0,0,1.1,Oppo,iPhone 13,Jio,Bengali,Android,16,app,web,10,2,140.4,google,activation,ag3,crm,1
104816,Mon,20,Android,0,1,Male,34.0,Mumbai,Rajasthan,0,1,0,0,0,1,0,1,2.1,Apple,A12,Vi,Marathi,Android,15,app,play_store,3,5,166.3,influencer,activation,ag3,paid,1
104817,Mon,10,Android,0,1,Female,22.0,Pune,Rajasthan,0,0,0,0,0,1,0,1,1.1,OnePlus,Y21,BSNL,Bengali,Android,11,app,play_store,9,1,432.3,referral,brand,ag1,paid,0
104818,Wed,15,Web,0,2,Male,32.0,Bangalore,MP,1,0,0,0,0,1,0,1,2.0,Vivo,iPhone 13,Vi,Hindi,Android,11,app,app_store,10,4,26.5,organic,brand,ag1,crm,0
104819,Tue,16,Android,1,1,Female,34.0,Unknown,MP,0,0,0,0,0,1,0,0,2.0,Samsung,Reno,Other,Bengali,Android,17,web,play_store,4,4,232.4,influencer,generic,ag2,none,0
104820,Thu,15,iOS,0,1,Female,24.0,Bangalore,Rajasthan,0,0,0,0,0,1,0,0,2.0,Oppo,Reno,Vi,Hindi,Android,15,web,play_store,5,3,248.1,referral,remarketing,ag2,paid,0
104821,Sun,6,iOS,0,1,Male,22.0,Mumbai,Rajasthan,0,1,0,0,0,1,1,0,1.1,Samsung,Nord,Jio,English,Android,12,app,play_store,12,2,387.9,influencer,activation,ag1,none,0
104822,Tue,15,Android,1,1,Male,31.0,Jaipur,Karnataka,1,1,1,0,0,0,0,1,1.0,OnePlus,Nord,Airtel,Marathi,iOS,12,app,play_store,11,3,111.9,meta,remarketing,ag1,none,0
104823,Mon,2,iOS,1,1,Unknown,27.0,Mumbai,Maharashtra,1,0,0,0,0,0,1,1,1.2,OnePlus,Nord,Other,English,Android,11,app,web,8,1,319.6,google,generic,ag2,none,0
104824,Tue,15,Android,1,1,Male,42.0,Unknown,MP,0,0,0,0,0,0,0,0,1.2,Xiaomi,Note 10,Airtel,English,Android,13,app,app_store,10,4,232.4,google,remarketing,ag2,none,0
104825,Mon,7,Web,1,3,Male,36.0,Jaipur,Maharashtra,0,0,0,0,0,1,0,0,1.1,Samsung,iPhone 13,Airtel,Bengali,Android,12,app,play_store,8,2,303.3,organic,activation,ag1,none,1
104826,Tue,11,Android,0,1,Female,25.0,Indore,MP,1,0,0,0,0,0,0,0,1.1,Oppo,Note 10,BSNL,Hindi,Android,15,app,play_store,7,5,577.9,google,generic,none,crm,0
104827,Wed,2,Android,1,1,Female,33.0,Bangalore,Unknown,0,1,0,0,0,0,0,0,2.1,Vivo,Nord,Airtel,Marathi,Android,17,app,play_store,10,4,240.7,referral,remarketing,none,organic,1
104828,Fri,16,iOS,0,1,Male,40.0,Pune,Karnataka,0,0,0,0,0,1,0,0,2.0,OnePlus,Reno,Airtel,Bengali,Android,12,app,app_store,5,2,177.6,influencer,activation,ag2,crm,0
104829,Wed,20,Android,0,1,Male,19.0,Jaipur,Maharashtra,0,0,0,0,0,0,0,0,1.1,Oppo,iPhone 13,Vi,Hindi,Android,13,app,play_store,7,3,482.6,influencer,brand,ag3,crm,0
104830,Wed,17,Android,1,2,Male,22.0,Delhi,Karnataka,1,0,0,0,0,0,0,0,2.1,Apple,iPhone 13,Other,Bengali,Android,12,web,play_store,5,3,105.0,referral,remarketing,none,crm,1
104831,Fri,10,Android,0,1,Male,30.0,Delhi,Delhi,1,0,0,0,0,0,0,0,2.1,Oppo,Nord,Other,English,Android,15,app,play_store,16,5,37.7,meta,generic,ag1,crm,0
104832,Fri,3,Android,1,1,Male,30.0,Indore,Maharashtra,0,0,0,1,0,0,0,1,1.0,Samsung,Note 10,Vi,Hindi,iOS,15,app,play_store,6,3,330.1,google,none,ag2,paid,1
104833,Thu,15,Android,1,1,Male,30.0,Jaipur,Maharashtra,0,0,1,0,0,0,0,0,2.0,Samsung,A12,Jio,Tamil,Android,11,app,app_store,7,2,346.0,influencer,remarketing,ag1,none,0
104834,Sun,16,iOS,0,1,Male,28.0,Jaipur,Unknown,1,0,0,0,0,0,0,0,1.2,Vivo,Nord,Other,Bengali,Android,14,app,play_store,10,4,396.7,influencer,generic,ag3,organic,0
104835,Sun,8,Android,1,1,Female,27.0,Pune,Maharashtra,0,0,0,0,0,1,0,1,1.1,Oppo,Nord,Other,English,iOS,13,app,app_store,8,4,67.8,google,none,ag3,none,1
104836,Thu,5,Android,0,1,Female,33.0,Delhi,Delhi,0,0,0,0,0,0,0,0,1.0,Xiaomi,A12,Other,Hindi,iOS,12,web,app_store,5,0,507.4,meta,activation,ag1,paid,0
104837,Wed,23,Android,0,2,Female,39.0,Delhi,Delhi,0,1,0,0,0,0,0,0,1.0,OnePlus,Reno,BSNL,English,Android,16,app,play_store,17,4,440.9,google,brand,none,paid,0
104838,Wed,19,Android,1,1,Male,26.0,Unknown,Karnataka,0,1,0,0,1,0,0,0,2.1,Xiaomi,A12,Other,Bengali,Android,11,web,play_store,6,4,980.1,google,none,ag3,paid,0
104839,Mon,1,iOS,0,1,Male,50.0,Pune,Delhi,1,0,1,0,0,1,0,0,1.2,OnePlus,iPhone 13,Jio,Bengali,Android,14,app,play_store,4,5,235.4,organic,remarketing,ag2,organic,0
104840,Mon,8,iOS,1,1,Male,46.0,Unknown,MP,0,0,0,0,0,0,1,0,1.0,OnePlus,A12,Other,Bengali,Android,14,app,play_store,9,4,101.5,organic,activation,ag3,organic,0
104841,Sun,20,Web,0,1,Female,41.0,Jaipur,Rajasthan,0,0,0,0,0,0,0,1,2.0,Xiaomi,iPhone 13,Jio,Marathi,Android,16,app,play_store,6,2,319.2,influencer,activation,ag3,paid,0
104842,Thu,5,Android,0,1,Male,35.0,Pune,Maharashtra,0,0,0,0,1,0,0,0,1.0,Apple,Reno,Other,Marathi,Android,11,app,play_store,10,3,213.1,google,generic,ag3,paid,0
104843,Sat,2,Android,1,1,Male,46.0,Mumbai,Karnataka,1,1,0,0,0,0,0,0,2.1,OnePlus,A12,Jio,Bengali,Android,15,app,play_store,6,2,996.6,google,generic,ag3,paid,0
104844,Sat,19,iOS,0,1,Male,28.0,Delhi,Karnataka,1,0,0,0,0,0,0,0,1.0,Xiaomi,Note 10,Vi,Marathi,Android,15,app,app_store,9,6,373.0,meta,generic,none,none,0
104845,Thu,5,iOS,0,1,Male,23.0,Jaipur,Karnataka,0,1,0,0,0,0,0,0,2.1,OnePlus,iPhone 13,Other,English,Android,13,app,play_store,5,7,238.0,meta,activation,none,organic,0
104846,Mon,6,Android,0,1,Male,26.0,Delhi,Karnataka,1,0,0,1,0,0,0,0,1.0,Apple,Note 10,Jio,Hindi,Android,13,app,play_store,3,4,192.5,organic,none,none,organic,0
104847,Sun,0,Android,1,1,Male,22.0,Unknown,Maharashtra,0,0,0,1,0,0,0,0,2.0,Xiaomi,A12,BSNL,Marathi,Android,17,app,play_store,4,4,152.5,influencer,brand,ag3,none,0
104848,Sun,22,iOS,0,4,Male,31.0,Indore,Karnataka,1,0,0,0,1,1,0,0,1.1,OnePlus,Note 10,BSNL,Marathi,Android,16,app,app_store,6,4,810.1,referral,remarketing,ag1,organic,1
104849,Mon,0,Android,1,4,Female,32.0,Mumbai,Maharashtra,0,0,0,0,1,0,0,0,1.1,Vivo,Nord,Vi,Marathi,iOS,15,app,play_store,9,2,168.7,meta,brand,ag1,crm,0
104850,Sat,4,Android,0,2,Male,32.0,Mumbai,Karnataka,0,0,0,1,0,0,0,0,1.0,Oppo,A12,Airtel,Marathi,iOS,13,app,play_store,12,3,57.9,meta,brand,ag2,organic,0
104851,Tue,5,Android,0,1,Female,30.0,Delhi,Karnataka,0,0,0,0,0,0,0,1,1.2,Apple,iPhone 13,BSNL,Tamil,iOS,13,app,play_store,12,1,228.7,influencer,brand,ag2,paid,0
104852,Tue,12,Android,1,1,Male,31.0,Bangalore,Rajasthan,0,1,0,0,1,0,0,0,1.1,Samsung,Reno,Other,Hindi,Android,12,app,play_store,17,1,630.4,influencer,none,ag2,crm,1
104853,Mon,1,Android,0,1,Male,44.0,Bangalore,MP,1,0,0,1,0,0,0,0,1.0,Apple,A12,Vi,English,iOS,17,app,app_store,9,8,505.2,influencer,remarketing,ag2,none,0
104854,Tue,14,Android,0,4,Male,35.0,Unknown,Delhi,1,0,0,0,0,0,0,1,1.1,Oppo,Reno,Jio,Marathi,Android,17,app,app_store,8,3,620.9,google,remarketing,ag3,none,1
104855,Fri,14,Android,1,1,Male,37.0,Pune,Delhi,0,0,0,0,0,0,0,0,2.1,Apple,Y21,Jio,Tamil,Android,17,app,play_store,8,6,140.1,influencer,brand,ag3,crm,0
104856,Thu,12,Android,1,1,Male,32.0,Mumbai,Delhi,0,0,0,0,0,0,0,0,1.0,OnePlus,Reno,Jio,Bengali,Android,13,app,app_store,10,4,176.7,influencer,remarketing,none,none,0
104857,Thu,13,Android,0,1,Male,18.0,Delhi,MP,1,0,0,0,1,0,0,0,1.0,OnePlus,Nord,Jio,Bengali,Android,15,app,app_store,7,3,256.6,influencer,none,none,none,0
104858,Mon,21,Android,0,1,Female,18.0,Unknown,Maharashtra,0,0,0,0,0,1,1,0,1.1,Apple,iPhone 13,Other,Tamil,Android,11,app,play_store,10,4,18.0,organic,remarketing,none,none,0
104859,Wed,6,iOS,1,1,Male,47.0,Unknown,Delhi,0,0,0,0,0,0,0,0,2.0,Oppo,A12,BSNL,English,Android,14,app,app_store,2,2,394.9,google,none,ag3,none,0
104860,Sat,13,Web,1,1,Male,26.0,Jaipur,Delhi,1,1,0,0,0,0,0,1,1.0,Xiaomi,Nord,Jio,Tamil,iOS,15,app,app_store,9,4,259.2,google,generic,ag3,paid,0
104861,Mon,23,Android,1,1,Male,25.0,Delhi,Delhi,0,1,0,1,1,0,0,0,1.0,OnePlus,iPhone 13,Other,Bengali,iOS,13,app,play_store,12,4,705.0,google,generic,ag1,none,1
104862,Tue,9,Android,0,4,Male,32.0,Delhi,Maharashtra,0,1,0,0,0,0,0,0,2.0,OnePlus,Nord,Vi,Marathi,iOS,15,app,app_store,7,2,284.3,influencer,activation,ag3,paid,1
104863,Sat,16,iOS,1,1,Male,34.0,Unknown,MP,0,0,0,1,0,1,0,0,2.0,Oppo,iPhone 13,Other,Bengali,Android,16,app,web,4,3,212.9,meta,activation,ag1,crm,0
104864,Wed,13,Android,0,2,Unknown,35.0,Jaipur,MP,0,1,0,0,0,0,0,0,2.0,Vivo,Nord,Vi,Hindi,iOS,15,app,play_store,6,3,153.1,organic,remarketing,ag2,none,1
104865,Tue,7,Android,0,1,Male,44.0,Jaipur,Unknown,1,0,0,0,0,0,0,0,1.2,Xiaomi,iPhone 13,BSNL,Hindi,Android,14,app,play_store,9,3,364.6,organic,brand,ag1,paid,0
104866,Sun,3,iOS,0,1,Male,42.0,Indore,Unknown,0,0,0,0,0,1,0,0,1.2,OnePlus,iPhone 13,Jio,Bengali,iOS,13,app,play_store,4,3,220.7,influencer,activation,ag2,organic,0
104867,Fri,15,Android,0,1,Female,24.0,Bangalore,Maharashtra,0,0,0,0,0,0,0,0,2.0,Apple,Y21,Airtel,Bengali,iOS,11,app,play_store,2,5,407.5,organic,brand,ag2,paid,0
104868,Tue,23,iOS,0,1,Female,38.0,Indore,Rajasthan,0,0,0,0,0,0,0,0,1.2,OnePlus,iPhone 13,Vi,Marathi,Android,11,app,play_store,5,5,421.7,referral,none,ag3,none,1
104869,Fri,12,iOS,0,1,Unknown,27.0,Delhi,Karnataka,0,1,0,0,0,0,0,0,2.0,OnePlus,Y21,Airtel,Marathi,Android,12,app,play_store,6,3,136.2,organic,brand,none,none,0
104870,Sat,21,Android,0,1,Female,29.0,Delhi,Maharashtra,0,0,0,0,0,0,0,0,2.1,OnePlus,A12,Other,Hindi,Android,16,app,app_store,6,4,236.0,meta,activation,ag1,none,0
104871,Fri,19,Android,1,1,Female,21.0,Mumbai,Karnataka,1,0,1,0,0,0,0,0,2.1,Oppo,Reno,Other,English,iOS,14,app,play_store,8,3,382.8,referral,brand,none,organic,0
104872,Sat,17,Android,0,1,Unknown,18.0,Mumbai,MP,0,0,0,0,0,0,0,0,1.0,Vivo,A12,Airtel,Bengali,Android,17,app,web,10,4,803.6,influencer,none,ag2,paid,1
104873,Sat,13,Android,0,1,Male,30.0,Bangalore,Karnataka,1,0,0,1,1,0,0,0,1.0,Vivo,Nord,BSNL,Marathi,iOS,15,app,app_store,7,2,683.4,google,activation,ag3,none,0
104874,Sat,17,Android,0,1,Female,22.0,Jaipur,Unknown,0,0,0,0,0,0,0,0,2.0,Samsung,Note 10,Jio,Bengali,Android,16,app,app_store,6,5,313.3,google,brand,ag2,none,0
104875,Sat,4,Android,0,1,Female,37.0,Pune,Delhi,0,0,0,0,0,0,1,0,2.0,Vivo,Note 10,Other,Hindi,iOS,14,app,web,8,3,166.9,influencer,generic,ag2,organic,1
104876,Sat,8,Android,0,1,Female,28.0,Delhi,Karnataka,1,1,0,0,0,0,0,0,1.2,Samsung,Reno,Airtel,Marathi,Android,14,app,play_store,11,4,186.6,organic,remarketing,ag2,crm,0
104877,Tue,2,iOS,0,1,Unknown,32.0,Mumbai,Unknown,0,0,0,0,1,0,0,0,1.0,Vivo,A12,Airtel,Tamil,Android,11,app,app_store,11,4,160.1,organic,activation,none,none,0
104878,Sat,7,Android,1,1,Male,41.0,Bangalore,Karnataka,0,0,0,1,1,1,0,0,1.2,Oppo,Y21,Vi,Hindi,Android,14,app,play_store,10,5,138.3,google,none,none,paid,0
104879,Tue,19,Android,1,1,Male,18.0,Indore,MP,0,0,0,0,0,0,0,0,1.1,Apple,iPhone 13,Airtel,Bengali,iOS,14,app,app_store,8,4,396.3,google,none,ag3,paid,0
104880,Sat,21,Android,1,1,Unknown,24.0,Delhi,Rajasthan,0,0,0,0,0,0,1,0,2.0,Xiaomi,Reno,Airtel,Marathi,Android,16,web,app_store,6,8,175.5,influencer,none,ag1,crm,0
104881,Fri,9,Android,0,1,Male,31.0,Pune,Karnataka,1,0,1,0,1,0,0,1,1.0,Vivo,Nord,Vi,Hindi,Android,15,web,play_store,9,3,215.9,google,none,ag3,paid,0
104882,Sun,21,Android,0,1,Female,33.0,Bangalore,MP,0,1,0,0,0,0,0,0,1.0,Vivo,Reno,Vi,Bengali,Android,12,app,app_store,8,1,280.4,referral,activation,ag2,organic,0
104883,Sat,18,Android,0,1,Male,39.0,Jaipur,Delhi,1,0,0,0,1,0,0,0,1.2,Samsung,iPhone 13,Other,English,iOS,16,app,play_store,4,1,158.8,meta,activation,ag3,paid,0
104884,Wed,20,Android,1,1,Female,37.0,Pune,Karnataka,0,0,0,0,0,0,0,0,2.1,Apple,iPhone 13,BSNL,Marathi,Android,15,app,app_store,13,2,510.7,google,remarketing,ag3,paid,0
104885,Sat,2,iOS,0,1,Unknown,31.0,Delhi,Karnataka,0,0,0,0,1,0,0,1,2.0,Oppo,Note 10,Other,English,Android,14,web,play_store,10,2,280.7,influencer,activation,ag1,paid,0
104886,Sat,10,Web,0,3,Male,32.0,Bangalore,Delhi,1,0,0,0,0,0,0,0,2.0,Oppo,A12,BSNL,Hindi,iOS,17,app,play_store,5,0,161.3,referral,remarketing,ag1,organic,0
104887,Fri,10,Android,0,1,Male,33.0,Jaipur,Unknown,1,0,0,0,0,0,0,0,2.0,Apple,Y21,Jio,Marathi,Android,12,app,play_store,10,3,830.2,meta,activation,ag1,organic,0
104888,Thu,16,Android,0,1,Male,18.0,Unknown,Unknown,1,1,0,1,0,0,0,0,2.1,Oppo,Note 10,Vi,Bengali,Android,14,app,play_store,10,3,113.1,organic,brand,ag1,organic,0
104889,Fri,15,Android,1,3,Female,29.0,Unknown,Unknown,0,0,0,0,0,0,0,1,2.0,Xiaomi,iPhone 13,Other,English,Android,13,web,play_store,13,4,165.7,organic,generic,ag1,none,0
104890,Wed,6,Android,1,1,Female,32.0,Mumbai,Maharashtra,0,0,0,0,0,0,0,0,2.1,OnePlus,iPhone 13,Vi,Hindi,Android,16,app,play_store,7,4,77.0,meta,brand,ag2,paid,0
104891,Thu,3,Android,1,1,Male,34.0,Pune,Rajasthan,0,0,0,0,0,0,0,0,2.1,Oppo,A12,Vi,Bengali,Android,13,app,app_store,4,2,40.0,referral,brand,ag1,paid,0
104892,Mon,22,iOS,0,4,Male,23.0,Indore,Delhi,0,0,0,1,0,0,0,1,1.2,Xiaomi,Y21,BSNL,Bengali,Android,13,app,play_store,6,4,140.0,organic,remarketing,none,none,0
104893,Mon,18,Android,1,2,Female,20.0,Indore,Unknown,0,0,0,1,0,1,0,0,2.0,Vivo,Reno,Airtel,Bengali,Android,16,app,app_store,8,2,115.2,organic,brand,none,paid,1
104894,Wed,11,Android,0,1,Female,28.0,Unknown,Delhi,0,0,0,0,1,0,0,0,2.1,Oppo,A12,Airtel,Bengali,iOS,12,app,play_store,7,2,1112.0,referral,remarketing,ag2,organic,1
104895,Fri,14,Android,1,1,Male,46.0,Pune,Delhi,1,1,0,0,0,0,0,0,2.1,OnePlus,Nord,Vi,English,Android,15,app,play_store,10,3,95.7,meta,activation,none,none,0
104896,Tue,10,Web,0,1,Male,23.0,Delhi,Maharashtra,0,0,0,0,0,0,0,0,1.2,Oppo,Nord,Other,Bengali,Android,12,app,play_store,7,4,266.1,organic,activation,ag3,paid,0
104897,Wed,4,iOS,0,1,Female,39.0,Delhi,Delhi,0,0,0,0,0,0,0,1,2.0,Xiaomi,Note 10,Other,Tamil,Android,17,app,play_store,6,1,117.7,influencer,generic,ag2,crm,0
104898,Sun,4,Android,1,1,Male,43.0,Delhi,Maharashtra,1,0,1,0,0,0,0,0,1.1,Vivo,Reno,BSNL,Marathi,Android,14,app,play_store,5,2,294.0,influencer,generic,ag3,none,0
104899,Thu,14,Android,0,1,Unknown,30.0,Unknown,Rajasthan,0,0,0,1,0,0,0,0,2.1,OnePlus,Reno,Jio,Bengali,Android,15,app,play_store,3,2,648.3,google,none,none,paid,1
104900,Thu,17,Android,1,3,Male,25.0,Indore,Maharashtra,0,0,0,0,0,0,0,0,1.0,Vivo,A12,Other,Bengali,Android,11,web,play_store,4,4,535.3,referral,activation,none,none,0
104901,Sat,10,Android,1,1,Female,34.0,Indore,Rajasthan,0,0,0,1,0,0,0,0,1.2,Samsung,iPhone 13,Jio,Tamil,iOS,15,app,app_store,11,1,168.8,meta,activation,ag1,paid,0
104902,Mon,11,Android,0,1,Male,32.0,Mumbai,Rajasthan,0,0,0,0,1,0,0,0,1.2,Vivo,Nord,Vi,Marathi,Android,15,app,play_store,7,1,136.4,google,remarketing,ag1,crm,0
104903,Thu,1,iOS,0,1,Unknown,23.0,Delhi,Rajasthan,0,1,0,1,1,0,0,0,1.2,OnePlus,Note 10,BSNL,Bengali,Android,17,app,play_store,5,5,169.8,google,remarketing,ag2,crm,0
104904,Wed,19,iOS,0,1,Male,25.0,Indore,MP,0,1,0,0,0,1,0,0,2.0,Apple,Nord,BSNL,Bengali,Android,12,app,play_store,12,4,448.1,google,none,ag2,paid,0
104905,Thu,14,Web,1,1,Male,34.0,Indore,Rajasthan,0,0,0,0,0,1,0,0,1.1,Samsung,Nord,Vi,Bengali,Android,17,app,app_store,11,4,248.9,meta,activation,ag1,crm,1
104906,Wed,19,Android,0,1,Male,37.0,Delhi,Maharashtra,0,1,0,1,0,0,0,0,1.0,OnePlus,Nord,Vi,Tamil,Android,13,web,play_store,14,3,741.8,meta,activation,ag2,crm,0
104907,Tue,3,iOS,0,1,Female,27.0,Delhi,MP,0,0,0,0,0,0,0,0,1.2,Vivo,Nord,Jio,Marathi,Android,12,app,app_store,15,4,54.1,meta,activation,ag2,crm,0
104908,Sat,21,iOS,0,1,Male,29.0,Indore,Delhi,0,0,0,0,0,0,0,0,2.1,OnePlus,A12,Other,Hindi,Android,11,app,play_store,2,4,172.8,influencer,remarketing,none,crm,0
104909,Mon,17,Android,0,1,Male,35.0,Jaipur,Delhi,1,0,0,0,0,0,0,0,1.1,Xiaomi,iPhone 13,Other,Marathi,Android,13,app,play_store,9,1,359.9,organic,remarketing,ag1,organic,0
104910,Thu,5,iOS,1,1,Male,29.0,Pune,Karnataka,0,0,0,0,0,0,0,0,1.1,OnePlus,A12,Airtel,Tamil,iOS,15,app,play_store,6,0,454.3,organic,brand,none,crm,0
104911,Wed,22,Android,0,1,Male,28.0,Indore,Rajasthan,0,0,0,0,1,1,0,0,1.2,Apple,Note 10,Jio,Marathi,Android,12,app,play_store,8,2,71.8,influencer,generic,none,paid,0
104912,Fri,18,iOS,0,1,Male,24.0,Mumbai,Karnataka,1,0,0,0,0,0,0,0,1.0,Samsung,Reno,BSNL,Bengali,Android,11,app,app_store,8,3,715.6,organic,generic,ag2,none,1
104913,Mon,10,Android,1,1,Male,24.0,Bangalore,Rajasthan,0,0,0,0,0,0,0,0,1.2,Oppo,Reno,Jio,Tamil,Android,12,app,play_store,5,3,66.9,google,activation,none,organic,0
104914,Tue,23,Android,0,1,Female,51.0,Jaipur,Rajasthan,0,0,0,0,0,0,0,0,1.0,OnePlus,Note 10,Jio,Tamil,Android,15,app,play_store,8,1,62.7,organic,generic,ag1,crm,0
104915,Wed,1,Android,0,1,Female,28.0,Delhi,Unknown,1,0,0,0,0,1,0,0,1.2,Xiaomi,Note 10,Vi,Marathi,Android,14,app,play_store,8,1,528.9,meta,none,ag3,none,0
104916,Sun,7,Android,0,3,Female,41.0,Unknown,Maharashtra,0,1,1,1,0,0,0,0,1.2,Apple,iPhone 13,Vi,Marathi,iOS,12,app,play_store,8,3,162.8,influencer,remarketing,none,crm,0
104917,Sun,10,Android,0,1,Unknown,43.0,Mumbai,Maharashtra,1,0,0,0,0,1,0,0,1.2,Xiaomi,A12,Vi,English,Android,12,app,play_store,12,3,481.8,meta,brand,ag1,organic,1
104918,Sat,4,Android,0,1,Male,29.0,Pune,Delhi,1,0,0,0,0,0,0,1,2.0,OnePlus,Note 10,Vi,Marathi,Android,14,app,play_store,6,1,342.0,influencer,activation,ag3,paid,1
104919,Sat,17,Android,1,1,Female,33.0,Unknown,MP,0,0,0,1,0,0,0,0,1.2,Samsung,A12,Vi,Marathi,Android,12,app,app_store,9,2,291.3,influencer,brand,ag2,none,0
104920,Tue,22,Android,1,1,Male,31.0,Bangalore,Delhi,0,1,0,1,0,0,0,0,1.1,Apple,iPhone 13,Jio,Bengali,Android,11,app,play_store,9,6,181.8,google,brand,ag1,paid,0
104921,Tue,17,iOS,1,1,Male,18.0,Jaipur,Rajasthan,0,0,0,0,0,0,0,0,2.1,Samsung,iPhone 13,Vi,Hindi,Android,13,app,play_store,9,6,213.3,google,none,none,paid,0
104922,Sat,13,iOS,1,1,Male,18.0,Indore,Unknown,0,0,0,0,0,0,0,0,2.1,Samsung,Note 10,Other,Hindi,Android,11,app,web,6,5,152.0,meta,brand,ag2,paid,0
104923,Thu,21,Android,0,1,Male,30.0,Delhi,MP,1,0,0,0,1,0,0,0,1.2,Vivo,A12,Other,Hindi,Android,14,app,play_store,6,1,158.4,google,generic,ag2,paid,0
104924,Thu,9,iOS,0,1,Male,27.0,Indore,Karnataka,0,0,0,0,0,1,0,0,2.0,Xiaomi,Y21,Airtel,Marathi,iOS,11,web,app_store,10,5,128.8,influencer,generic,ag2,organic,0
104925,Wed,2,Android,0,1,Male,45.0,Mumbai,Rajasthan,0,1,0,0,0,0,0,0,1.2,Vivo,iPhone 13,Other,Hindi,Android,11,app,app_store,6,5,329.9,influencer,remarketing,ag3,organic,0
104926,Fri,8,iOS,1,1,Female,28.0,Unknown,Maharashtra,0,0,0,0,0,0,0,0,1.2,Vivo,Note 10,Airtel,English,Android,15,app,app_store,2,1,290.5,meta,generic,ag3,none,0
104927,Wed,2,Android,1,1,Male,46.0,Unknown,Delhi,0,1,0,0,0,0,0,0,1.0,Xiaomi,Reno,Other,Tamil,Android,14,app,play_store,12,6,150.1,meta,remarketing,ag2,none,0
104928,Fri,10,Android,0,1,Female,26.0,Delhi,Delhi,0,0,0,0,0,0,0,0,1.1,Apple,iPhone 13,BSNL,English,iOS,13,app,play_store,7,4,41.5,influencer,remarketing,ag3,none,0
104929,Tue,11,Android,0,1,Male,45.0,Indore,Karnataka,0,0,0,1,0,0,0,0,1.0,Xiaomi,A12,Airtel,English,Android,13,app,play_store,9,0,307.2,influencer,remarketing,none,none,0
104930,Mon,11,Android,0,2,Male,34.0,Unknown,Delhi,1,1,0,0,0,1,0,0,2.1,Oppo,Reno,Jio,Hindi,Android,12,app,play_store,5,4,301.1,organic,brand,ag1,crm,1
104931,Wed,2,iOS,0,2,Male,35.0,Delhi,Delhi,0,0,0,0,0,1,0,0,2.0,Apple,Reno,Vi,Hindi,Android,17,app,play_store,10,0,42.6,influencer,none,ag2,none,0
104932,Wed,20,iOS,1,1,Male,26.0,Mumbai,MP,0,1,0,0,0,0,0,0,1.0,Vivo,Y21,Airtel,English,Android,14,app,play_store,6,2,330.9,influencer,brand,ag3,crm,0
104933,Fri,6,Android,0,1,Male,35.0,Indore,Rajasthan,0,0,1,1,0,0,1,0,1.1,Samsung,Reno,Other,English,Android,16,app,play_store,6,6,1334.7,referral,remarketing,none,crm,0
104934,Tue,13,Android,1,1,Female,44.0,Bangalore,MP,0,1,0,0,0,0,0,0,1.1,Samsung,Y21,Jio,English,Android,14,app,app_store,7,2,320.3,organic,remarketing,ag3,none,0
104935,Tue,23,iOS,0,1,Female,29.0,Unknown,MP,0,1,0,0,0,0,0,0,1.1,Vivo,Y21,Other,English,Android,13,app,play_store,5,4,187.6,google,none,ag3,paid,0
104936,Sun,10,iOS,1,3,Male,27.0,Pune,Delhi,0,1,0,0,0,1,0,1,2.1,Apple,Y21,Jio,English,Android,12,app,play_store,11,0,461.0,organic,remarketing,ag2,none,0
104937,Fri,6,Android,1,1,Male,28.0,Indore,Rajasthan,0,1,0,0,0,1,0,0,1.0,OnePlus,Nord,Other,Marathi,iOS,11,app,play_store,13,2,78.8,google,activation,ag3,none,0
104938,Tue,20,Android,1,1,Female,43.0,Delhi,Delhi,0,0,0,0,0,0,0,0,1.1,Oppo,A12,Vi,English,Android,13,app,play_store,7,3,430.8,influencer,activation,ag3,paid,0
104939,Sat,9,Android,0,1,Male,37.0,Jaipur,Unknown,0,0,0,0,0,0,0,0,2.1,Apple,Y21,BSNL,Tamil,Android,16,app,play_store,6,3,324.9,google,activation,ag1,none,0
104940,Thu,10,Android,0,1,Male,42.0,Indore,Unknown,1,1,0,0,0,0,0,0,2.0,Xiaomi,Reno,Other,Hindi,Android,17,app,play_store,7,1,166.9,meta,generic,none,organic,0
104941,Sun,14,Android,0,1,Male,33.0,Delhi,Delhi,0,0,0,0,0,0,0,0,1.2,Oppo,A12,Other,Tamil,Android,14,web,play_store,17,4,462.1,referral,remarketing,ag1,organic,0
104942,Sat,18,Android,0,4,Female,30.0,Unknown,MP,1,0,0,0,0,0,0,0,2.0,Xiaomi,Reno,Airtel,Bengali,iOS,13,app,play_store,7,0,300.4,google,brand,ag2,organic,0
104943,Mon,15,iOS,0,1,Female,33.0,Jaipur,Unknown,0,0,0,0,0,1,0,0,1.0,Apple,Nord,Vi,Hindi,iOS,15,app,app_store,6,5,344.3,google,generic,ag2,organic,0
104944,Wed,21,Android,1,1,Female,39.0,Mumbai,Maharashtra,1,0,1,0,0,1,0,0,2.0,Vivo,Note 10,Jio,Tamil,Android,17,app,play_store,6,3,417.4,influencer,remarketing,ag3,crm,0
104945,Sun,20,Web,0,1,Male,28.0,Jaipur,Unknown,0,0,0,0,0,0,0,0,2.1,Vivo,Nord,Airtel,English,iOS,17,app,app_store,3,4,149.6,meta,none,ag3,paid,0
104946,Mon,19,iOS,0,1,Male,41.0,Pune,Maharashtra,0,1,0,0,0,0,0,0,1.0,Xiaomi,Reno,Vi,English,Android,15,app,app_store,3,4,262.0,referral,activation,ag2,paid,0
104947,Wed,11,Web,0,1,Male,33.0,Delhi,MP,1,0,1,0,1,0,0,0,1.1,Oppo,iPhone 13,Vi,Hindi,Android,13,app,play_store,10,1,884.5,influencer,brand,ag2,organic,1
104948,Thu,17,Android,1,1,Female,18.0,Indore,MP,1,0,0,0,0,0,0,0,2.1,Xiaomi,Reno,Airtel,Marathi,Android,15,app,play_store,6,2,351.5,google,remarketing,ag3,crm,0
104949,Tue,22,iOS,1,1,Female,37.0,Unknown,Delhi,1,0,0,0,0,0,0,0,1.0,Oppo,A12,Jio,English,Android,16,app,play_store,7,5,145.0,google,none,ag3,organic,1
104950,Sat,12,Android,0,1,Male,20.0,Jaipur,Rajasthan,0,1,0,0,0,0,0,0,1.0,Samsung,Reno,BSNL,Tamil,Android,17,app,play_store,2,1,130.0,meta,generic,ag1,crm,1
104951,Fri,4,Android,0,1,Male,37.0,Mumbai,Unknown,0,0,0,0,0,0,0,0,2.1,Apple,Note 10,Airtel,Hindi,Android,15,app,play_store,8,1,527.4,influencer,generic,none,crm,0
104952,Sat,3,Android,1,1,Male,37.0,Jaipur,Delhi,0,1,0,0,0,0,0,0,2.0,Vivo,Y21,Other,Marathi,Android,13,app,play_store,9,1,474.1,influencer,activation,none,none,0
104953,Thu,13,Android,1,1,Male,33.0,Bangalore,Delhi,0,0,1,0,0,0,0,0,2.0,Vivo,Reno,BSNL,English,Android,11,app,play_store,9,6,127.4,influencer,brand,ag3,organic,0
104954,Mon,7,iOS,0,4,Male,34.0,Indore,Karnataka,1,1,0,0,0,0,0,0,1.1,OnePlus,Reno,Jio,Marathi,Android,15,app,app_store,9,6,430.8,organic,none,ag1,paid,0
104955,Fri,8,iOS,1,1,Male,39.0,Pune,Delhi,0,1,0,0,0,0,0,0,1.0,Oppo,Note 10,Jio,Tamil,Android,14,app,app_store,6,1,159.6,meta,none,ag3,crm,0
104956,Tue,18,Android,1,1,Unknown,26.0,Mumbai,Rajasthan,0,1,0,1,0,1,0,0,2.0,OnePlus,Nord,Airtel,Hindi,Android,14,web,app_store,8,3,481.5,meta,generic,none,crm,1
104957,Thu,2,Android,0,3,Male,36.0,Indore,Delhi,0,1,0,0,0,0,0,0,1.0,Samsung,Reno,Airtel,English,Android,16,app,play_store,7,2,467.6,influencer,generic,none,organic,0
104958,Fri,4,Android,0,1,Male,39.0,Delhi,MP,0,0,0,0,0,1,0,0,2.0,Vivo,Y21,BSNL,Marathi,Android,14,app,play_store,9,2,13.7,referral,remarketing,ag3,paid,0
104959,Thu,20,Android,0,1,Male,44.0,Delhi,Rajasthan,0,1,0,1,0,0,0,0,2.1,OnePlus,Nord,BSNL,Hindi,Android,17,app,play_store,10,2,87.2,organic,generic,none,none,0
104960,Thu,17,iOS,0,1,Male,21.0,Delhi,Unknown,0,0,0,0,0,0,0,0,2.1,OnePlus,Reno,Other,Tamil,Android,13,app,play_store,10,4,138.9,google,remarketing,ag3,none,0
104961,Tue,0,Android,0,1,Male,33.0,Indore,MP,0,0,0,0,0,0,0,0,2.0,Xiaomi,iPhone 13,Other,Hindi,Android,11,app,play_store,7,3,304.6,organic,generic,ag2,crm,0
104962,Sun,7,Web,0,1,Female,22.0,Pune,Karnataka,0,0,0,0,0,0,0,0,2.1,Xiaomi,Y21,Other,English,Android,14,app,play_store,8,5,406.2,influencer,none,ag1,none,1
104963,Wed,18,Android,0,1,Male,22.0,Delhi,Karnataka,0,0,0,0,0,0,0,0,1.0,OnePlus,A12,BSNL,Bengali,Android,12,app,play_store,10,4,109.6,google,remarketing,ag1,crm,1
104964,Fri,16,Android,0,4,Unknown,33.0,Indore,Rajasthan,0,1,0,1,0,0,0,0,2.1,Vivo,Y21,Vi,Hindi,Android,17,app,play_store,11,5,507.4,referral,none,none,crm,0
104965,Tue,16,Android,0,1,Male,31.0,Indore,Unknown,1,0,0,1,0,0,0,0,1.1,Oppo,Note 10,BSNL,English,Android,17,app,play_store,13,0,216.1,referral,activation,ag1,crm,0
104966,Thu,10,Android,0,1,Male,39.0,Unknown,Maharashtra,0,0,0,0,0,0,0,0,2.0,Apple,Note 10,Other,Marathi,iOS,15,app,play_store,6,4,82.7,influencer,generic,ag2,none,0
104967,Tue,1,Android,0,1,Male,27.0,Pune,Maharashtra,0,0,0,0,0,0,0,1,1.1,Samsung,Y21,Vi,Hindi,iOS,17,app,play_store,5,3,239.0,meta,generic,ag2,none,0
104968,Sun,5,iOS,0,1,Female,29.0,Mumbai,Rajasthan,0,0,0,0,0,0,0,0,2.1,OnePlus,Note 10,Other,Hindi,iOS,16,app,app_store,7,3,593.5,google,brand,ag1,paid,0
104969,Wed,21,iOS,0,1,Male,32.0,Mumbai,Rajasthan,1,0,0,1,0,0,0,1,2.0,OnePlus,Nord,Vi,Bengali,Android,17,app,play_store,9,3,739.8,meta,brand,none,none,1
104970,Sat,13,Android,0,1,Male,23.0,Indore,MP,0,0,0,1,0,0,1,0,2.0,OnePlus,A12,Jio,Bengali,Android,13,app,play_store,8,4,211.3,meta,generic,ag3,organic,0
104971,Fri,2,Android,1,1,Male,24.0,Mumbai,Karnataka,1,1,0,0,0,0,0,0,1.0,Apple,iPhone 13,BSNL,Bengali,Android,15,app,play_store,7,3,176.2,google,brand,ag1,organic,1
104972,Wed,11,Android,0,1,Unknown,39.0,Bangalore,Rajasthan,0,1,0,0,0,0,0,0,1.0,Samsung,Nord,Jio,Bengali,iOS,11,app,play_store,6,5,300.3,influencer,remarketing,ag1,organic,0
104973,Mon,3,Android,1,1,Male,26.0,Pune,Delhi,0,0,0,0,0,0,0,0,2.1,Vivo,iPhone 13,Airtel,English,Android,16,app,app_store,7,2,260.2,referral,none,ag3,paid,0
104974,Fri,11,Android,0,2,Male,39.0,Indore,MP,0,0,0,0,0,0,0,0,1.0,OnePlus,A12,Jio,Bengali,Android,17,app,play_store,5,4,529.7,referral,activation,ag2,crm,0
104975,Wed,12,Android,0,1,Male,35.0,Mumbai,Karnataka,0,0,0,0,0,1,0,0,1.0,Oppo,Y21,Jio,Bengali,Android,11,app,play_store,2,0,65.9,google,remarketing,ag1,crm,0
104976,Thu,1,iOS,0,3,Male,18.0,Jaipur,MP,0,0,1,0,0,1,1,0,1.1,Xiaomi,Note 10,Airtel,Tamil,Android,14,app,play_store,12,3,35.6,meta,brand,ag1,organic,0
104977,Fri,1,Android,1,1,Male,34.0,Mumbai,Karnataka,0,1,0,1,0,0,0,0,1.1,OnePlus,Y21,BSNL,Bengali,Android,16,app,play_store,8,7,290.0,organic,activation,ag3,organic,0
104978,Fri,14,Web,1,1,Male,34.0,Pune,Delhi,0,0,0,0,0,0,0,0,1.1,OnePlus,Y21,Other,English,Android,12,app,app_store,14,1,153.5,referral,brand,ag2,paid,0
104979,Tue,22,Android,1,1,Female,33.0,Jaipur,Karnataka,0,0,0,1,0,0,0,0,2.1,Xiaomi,Reno,BSNL,English,Android,17,app,play_store,7,4,144.9,referral,activation,ag3,organic,0
104980,Thu,16,Web,1,4,Male,29.0,Delhi,MP,0,0,0,1,0,1,0,0,2.0,Xiaomi,Reno,Other,English,Android,12,app,play_store,13,4,268.8,organic,none,ag3,none,0
104981,Mon,6,Android,0,1,Female,22.0,Mumbai,Karnataka,1,0,0,0,0,1,0,0,1.2,OnePlus,A12,Airtel,Marathi,Android,14,app,play_store,10,2,382.5,organic,generic,none,crm,0
104982,Sat,13,Android,0,1,Female,41.0,Jaipur,MP,0,0,0,0,0,0,0,1,2.1,Oppo,Nord,Vi,Marathi,Android,13,app,play_store,9,3,762.8,google,remarketing,ag2,crm,1
104983,Sun,11,Web,0,1,Male,29.0,Pune,Rajasthan,0,0,0,0,0,0,0,1,2.0,OnePlus,A12,Airtel,Tamil,Android,15,app,app_store,7,3,112.4,meta,remarketing,ag3,crm,0
104984,Wed,16,Android,0,1,Female,23.0,Jaipur,Delhi,0,0,0,1,0,0,0,0,1.0,Apple,Reno,BSNL,Marathi,Android,17,app,play_store,9,3,76.0,organic,generic,ag3,paid,0
104985,Tue,13,Android,0,1,Female,34.0,Unknown,MP,0,0,0,0,0,0,0,0,2.1,Vivo,Y21,Vi,Tamil,Android,14,app,play_store,3,2,103.3,google,activation,ag1,paid,0
104986,Wed,5,iOS,1,1,Female,24.0,Delhi,Maharashtra,1,1,0,0,0,0,0,0,2.0,Oppo,iPhone 13,Airtel,Marathi,Android,16,app,play_store,11,3,181.5,referral,activation,none,crm,0
104987,Mon,18,iOS,1,2,Female,22.0,Jaipur,Maharashtra,0,0,0,1,0,0,0,0,2.1,OnePlus,A12,BSNL,Hindi,Android,13,app,play_store,3,7,215.4,referral,remarketing,ag2,paid,0
104988,Mon,23,iOS,0,1,Female,27.0,Unknown,Unknown,0,1,0,0,0,0,0,0,1.0,Vivo,Nord,Vi,Tamil,iOS,11,app,play_store,11,0,427.2,google,none,none,crm,0
104989,Fri,5,Android,0,1,Male,25.0,Indore,Unknown,0,1,0,0,1,1,0,0,1.0,Vivo,A12,BSNL,Marathi,Android,11,app,play_store,7,1,237.9,meta,remarketing,ag2,none,1
104990,Sun,17,Android,0,1,Female,23.0,Unknown,Karnataka,0,0,0,1,0,1,0,0,2.1,Apple,Note 10,Airtel,Hindi,iOS,16,app,play_store,7,2,400.9,google,brand,ag3,crm,1
104991,Mon,23,Web,1,1,Male,36.0,Delhi,Rajasthan,1,0,0,0,0,0,0,0,2.1,Xiaomi,Nord,Jio,Tamil,Android,11,app,play_store,9,2,251.8,organic,brand,none,none,0
104992,Wed,4,Android,0,1,Female,29.0,Mumbai,Rajasthan,0,0,0,1,0,1,0,0,1.2,Samsung,Note 10,Jio,Tamil,Android,13,app,play_store,8,7,180.3,meta,generic,ag1,paid,1
104993,Thu,23,Android,1,1,Male,40.0,Indore,Maharashtra,1,0,0,0,0,1,0,0,1.1,Oppo,iPhone 13,Airtel,Hindi,Android,13,app,app_store,14,3,345.4,organic,activation,ag1,crm,0
104994,Thu,23,Android,1,1,Female,23.0,Indore,Karnataka,1,0,0,0,0,0,0,1,2.0,Oppo,Y21,Other,Tamil,Android,15,app,app_store,7,5,180.2,referral,activation,ag1,crm,0
104995,Fri,5,Android,0,3,Male,18.0,Delhi,Rajasthan,1,0,0,0,1,0,0,0,1.0,Oppo,Note 10,BSNL,Hindi,Android,16,app,play_store,14,3,648.4,google,activation,ag3,crm,0
104996,Sat,1,Android,0,1,Female,31.0,Indore,Rajasthan,0,0,0,0,0,1,0,0,1.0,Vivo,Note 10,Airtel,Hindi,Android,16,app,app_store,6,2,387.7,influencer,activation,ag3,none,1
104997,Wed,7,Android,0,1,Female,45.0,Unknown,Karnataka,0,0,0,0,0,0,0,0,2.0,Apple,Reno,Jio,Tamil,iOS,11,app,play_store,8,1,693.6,meta,generic,ag3,paid,1
104998,Wed,14,Android,1,1,Female,34.0,Unknown,MP,0,0,1,0,0,1,0,0,2.1,Oppo,Y21,BSNL,Tamil,iOS,14,app,play_store,6,5,162.6,influencer,brand,none,none,0
104999,Mon,14,Android,0,1,Female,56.0,Delhi,Maharashtra,1,0,0,1,0,0,0,0,1.2,Vivo,iPhone 13,Other,Bengali,iOS,16,web,play_store,8,1,276.9,influencer,remarketing,ag3,paid,1
