UserLoginId,SignupDay,SignupTime,DeviceType,IsFreeConsultationTaken,CountryId,Gender,Age,City,State,HasTakenChatConsultation,HasTakenCallConsultation,HasTakenOtherConsultation,HasRated,HasReviewed,HadPositiveInteraction,HadNegativeInteraction,HasUsedGift,app_version,device_manufacturer,device_name,isp,language,os_name,os_version,platform,store,lifetime_session_count,session_count,time_spent,Acquisition Source,Campaign,Campaign Adgroup,Campaign Group
100000,Thu,6,Android,1,1,Unknown,21.0,Delhi,Unknown,0,1,0,0,0,1,0,0,2.0,Apple,A12,Vi,English,iOS,13,app,web,8,8,619.2,google,brand,ag2,none
100001,Thu,4,Web,1,1,Male,33.0,Bangalore,Maharashtra,0,1,0,0,0,0,0,0,2.0,Apple,Nord,BSNL,Tamil,Android,15,app,app_store,11,5,199.7,organic,activation,none,organic
100002,Thu,18,Android,1,1,Unknown,26.0,Jaipur,Unknown,0,0,0,0,0,1,0,0,2.0,OnePlus,A12,BSNL,Bengali,Android,11,web,app_store,7,2,99.8,influencer,none,ag2,organic
100003,Wed,20,Android,0,2,Female,29.0,Delhi,Karnataka,0,0,0,0,0,1,0,0,2.1,Oppo,A12,BSNL,Hindi,Android,17,web,app_store,12,6,241.8,referral,brand,ag2,paid
100004,Wed,11,Android,0,1,Female,26.0,Indore,Karnataka,0,0,1,1,0,0,0,0,1.0,Xiaomi,Reno,Other,Marathi,Android,16,app,play_store,3,3,428.3,organic,none,ag1,paid
100005,Fri,8,Android,1,1,Male,29.0,Jaipur,Karnataka,0,0,0,1,0,0,0,0,1.1,Xiaomi,Note 10,Other,English,iOS,12,app,play_store,9,2,137.0,influencer,activation,ag1,none
100006,Wed,22,Android,0,1,Male,29.0,Mumbai,Maharashtra,1,0,0,0,1,0,0,0,2.1,OnePlus,A12,Jio,Bengali,iOS,16,web,app_store,4,2,621.2,referral,generic,none,crm
100007,Wed,11,iOS,0,1,Female,30.0,Pune,Maharashtra,0,0,0,0,0,0,0,0,1.0,Apple,Nord,Vi,Marathi,Android,13,app,play_store,13,5,696.0,meta,none,ag2,organic
100008,Sat,7,Android,0,1,Male,34.0,Bangalore,Maharashtra,0,0,0,1,0,0,0,1,2.0,Vivo,Y21,BSNL,Marathi,Android,17,app,app_store,10,1,139.2,referral,activation,ag3,paid
100009,Mon,1,Android,1,1,Male,29.0,Pune,Karnataka,0,0,0,0,0,1,0,0,1.0,Apple,Nord,Airtel,Marathi,Android,11,web,play_store,7,1,366.1,influencer,generic,ag3,crm
100010,Thu,1,Android,1,1,Male,33.0,Jaipur,MP,1,0,0,1,0,0,0,1,2.1,OnePlus,iPhone 13,Vi,Marathi,iOS,15,app,app_store,7,2,592.7,organic,brand,ag2,organic
100011,Tue,12,Android,0,2,Male,37.0,Unknown,Rajasthan,0,0,0,0,0,0,0,0,1.0,Samsung,Nord,BSNL,English,Android,13,app,web,11,4,96.8,organic,generic,none,paid
100012,Wed,10,Android,0,1,Male,33.0,Delhi,Rajasthan,0,1,0,1,0,0,0,0,2.1,Xiaomi,A12,Other,English,Android,16,app,play_store,11,3,83.7,google,remarketing,ag1,crm
100013,Fri,13,Android,0,1,Unknown,41.0,Unknown,Karnataka,1,0,0,0,0,1,0,1,1.0,Oppo,Nord,BSNL,Hindi,Android,12,app,web,10,5,218.9,influencer,activation,ag2,paid
100014,Thu,20,Android,0,1,Male,31.0,Bangalore,Maharashtra,0,0,0,0,0,0,0,0,1.0,Oppo,iPhone 13,Vi,Marathi,Android,11,app,play_store,6,1,89.9,google,none,none,crm
100015,Fri,7,iOS,0,2,Male,26.0,Delhi,MP,1,0,0,0,0,0,0,0,1.1,OnePlus,iPhone 13,Vi,English,Android,17,app,play_store,10,3,868.4,influencer,brand,none,paid
100016,Sat,19,Android,0,4,Male,42.0,Delhi,Maharashtra,0,0,0,1,1,0,0,0,2.0,Xiaomi,Note 10,Other,Marathi,Android,13,app,play_store,8,2,395.9,influencer,generic,ag2,organic
100017,Wed,19,iOS,1,2,Male,26.0,Jaipur,Rajasthan,0,1,0,0,0,1,0,0,2.0,OnePlus,Note 10,Airtel,Marathi,Android,12,app,play_store,7,8,446.1,influencer,activation,ag1,paid
100018,Tue,16,iOS,0,1,Female,25.0,Delhi,Karnataka,1,0,0,0,0,0,0,0,2.0,Apple,Note 10,Vi,Hindi,iOS,12,app,play_store,6,3,367.9,meta,none,ag1,none
100019,Thu,21,Android,1,1,Female,19.0,Delhi,MP,0,0,0,1,1,0,0,0,2.0,Apple,A12,Other,Marathi,Android,11,app,app_store,7,2,442.1,referral,none,ag1,none
100020,Fri,22,iOS,0,1,Female,33.0,Jaipur,Maharashtra,0,0,0,0,0,0,0,0,1.0,OnePlus,Nord,BSNL,English,Android,12,app,app_store,7,4,331.9,meta,activation,none,paid
100021,Tue,14,Android,1,1,Female,18.0,Pune,Unknown,1,0,1,0,1,0,0,1,2.1,Xiaomi,A12,Other,English,Android,12,app,app_store,5,3,368.8,influencer,brand,ag2,paid
100022,Sun,23,Android,1,1,Male,24.0,Unknown,Delhi,0,0,1,0,0,0,0,0,1.1,OnePlus,Y21,Other,Hindi,Android,14,app,web,14,1,336.9,meta,generic,none,organic
100023,Sat,9,Android,0,1,Male,42.0,Pune,Karnataka,0,0,0,0,0,0,0,0,1.0,Samsung,Reno,Jio,English,Android,12,app,app_store,4,0,298.0,google,generic,ag1,paid
100024,Tue,15,iOS,1,1,Female,28.0,Indore,Karnataka,1,0,0,0,0,1,0,0,2.0,OnePlus,Note 10,Vi,Marathi,Android,13,app,app_store,5,4,172.6,google,remarketing,ag1,organic
100025,Fri,4,iOS,0,1,Unknown,30.0,Unknown,Rajasthan,1,0,0,0,0,0,0,0,1.2,Oppo,Reno,BSNL,Hindi,Android,14,app,play_store,4,1,452.2,influencer,none,none,paid
100026,Wed,11,Android,0,1,Male,32.0,Jaipur,Karnataka,1,0,0,0,0,0,0,0,2.1,Xiaomi,Nord,Jio,Bengali,iOS,17,app,app_store,12,4,200.4,organic,generic,ag2,crm
100027,Mon,21,Android,0,1,Male,30.0,Unknown,MP,0,0,0,0,0,0,0,0,2.0,Oppo,iPhone 13,Jio,Bengali,iOS,16,app,play_store,9,3,266.0,organic,generic,ag1,paid
100028,Fri,4,Android,0,1,Male,30.0,Indore,Karnataka,0,1,0,0,0,1,0,0,1.2,Vivo,Nord,Other,Marathi,Android,16,app,play_store,7,4,766.2,meta,remarketing,ag2,organic
100029,Tue,2,Android,0,2,Male,29.0,Delhi,Delhi,0,1,0,0,0,0,0,0,2.1,OnePlus,Reno,BSNL,Bengali,Android,11,app,play_store,9,3,254.9,meta,generic,none,paid
100030,Fri,2,Android,1,1,Unknown,30.0,Bangalore,Maharashtra,0,0,0,0,0,0,0,0,1.2,Apple,Y21,BSNL,Bengali,Android,13,app,play_store,6,4,107.8,meta,remarketing,ag2,organic
100031,Fri,8,iOS,1,1,Male,33.0,Unknown,MP,0,0,0,0,0,0,0,0,2.1,OnePlus,A12,Airtel,Tamil,Android,12,app,web,9,1,1088.9,meta,generic,ag3,organic
100032,Mon,20,Android,0,1,Female,18.0,Delhi,Rajasthan,0,0,0,0,0,0,0,0,2.0,Xiaomi,Note 10,Airtel,Marathi,Android,13,app,play_store,10,4,364.2,referral,brand,ag2,none
100033,Tue,23,Web,0,2,Male,39.0,Unknown,Unknown,0,0,0,1,0,0,0,0,1.0,Samsung,Y21,Vi,Marathi,Android,11,app,play_store,8,1,398.9,google,none,none,organic
100034,Thu,9,Android,0,1,Female,38.0,Jaipur,Karnataka,1,0,0,0,0,0,0,0,1.0,Apple,Note 10,Airtel,Marathi,Android,16,app,app_store,6,2,86.8,organic,generic,ag3,crm
100035,Fri,21,iOS,0,1,Female,41.0,Pune,Maharashtra,0,0,0,1,0,0,0,0,2.0,Xiaomi,Note 10,Airtel,Bengali,iOS,11,app,play_store,5,2,522.2,google,activation,ag1,crm
100036,Fri,0,Android,0,1,Female,35.0,Delhi,Maharashtra,1,0,0,0,0,0,0,0,2.1,Xiaomi,Reno,Vi,English,Android,14,app,play_store,10,3,142.0,organic,remarketing,ag1,none
100037,Wed,14,Android,0,1,Male,23.0,Bangalore,Delhi,0,0,0,0,0,1,0,0,1.0,Samsung,A12,BSNL,Tamil,Android,13,app,app_store,8,3,1128.0,referral,none,none,organic
100038,Fri,8,Web,1,1,Female,32.0,Jaipur,Delhi,0,0,0,0,0,0,0,0,2.1,OnePlus,A12,Vi,Marathi,Android,14,app,play_store,7,1,219.2,google,brand,ag3,organic
100039,Mon,16,Android,0,4,Male,33.0,Delhi,Unknown,0,0,1,0,1,0,0,1,2.0,OnePlus,iPhone 13,Other,Hindi,Android,11,app,app_store,7,4,605.4,referral,brand,ag3,paid
100040,Mon,23,Android,0,1,Male,21.0,Bangalore,MP,0,0,0,0,0,0,0,1,1.2,Vivo,A12,BSNL,English,iOS,14,app,play_store,12,3,761.8,organic,brand,ag3,organic
100041,Sun,7,iOS,0,1,Unknown,32.0,Jaipur,MP,1,1,0,1,0,0,0,0,1.0,Samsung,A12,Vi,Hindi,Android,13,web,play_store,6,4,140.1,meta,brand,ag1,organic
100042,Sat,0,Android,0,1,Male,29.0,Mumbai,Maharashtra,0,0,0,0,0,0,0,0,2.0,OnePlus,Y21,Other,Hindi,Android,12,app,play_store,6,2,284.0,meta,brand,ag1,none
100043,Mon,12,Android,1,1,Unknown,37.0,Delhi,Karnataka,0,0,0,0,0,0,0,0,1.0,Apple,Nord,BSNL,English,Android,14,app,play_store,14,4,439.8,organic,activation,ag2,none
100044,Sun,11,iOS,0,1,Male,33.0,Pune,Delhi,0,0,0,0,0,1,0,0,1.2,Apple,iPhone 13,BSNL,Bengali,iOS,13,app,app_store,8,0,384.2,influencer,remarketing,ag1,none
100045,Sat,13,Android,0,4,Female,25.0,Mumbai,MP,0,0,0,0,0,0,0,0,2.0,OnePlus,Nord,Jio,Tamil,Android,13,app,play_store,2,6,196.0,influencer,remarketing,ag1,none
100046,Mon,16,Android,1,1,Male,30.0,Unknown,Maharashtra,0,0,0,0,1,0,0,0,2.0,Vivo,Y21,BSNL,Hindi,Android,17,app,app_store,10,1,540.1,referral,generic,none,paid
100047,Sat,2,Android,0,1,Male,31.0,Unknown,Rajasthan,1,0,0,0,0,1,0,1,2.1,Xiaomi,Y21,Other,Bengali,Android,11,app,play_store,9,2,727.9,influencer,brand,none,organic
100048,Tue,4,Web,0,1,Male,36.0,Unknown,Maharashtra,1,1,0,0,0,0,0,0,1.1,Samsung,iPhone 13,Vi,English,Android,13,app,play_store,3,3,451.3,influencer,remarketing,ag2,paid
100049,Fri,12,Android,0,1,Male,37.0,Mumbai,Karnataka,0,0,0,0,0,0,0,0,1.0,Vivo,iPhone 13,Airtel,Bengali,Android,11,app,play_store,8,3,412.7,organic,none,ag2,organic
100050,Sun,15,Android,0,1,Female,24.0,Indore,Unknown,0,1,0,0,0,1,0,0,1.2,Vivo,Nord,Jio,Bengali,Android,13,web,app_store,7,4,333.8,google,none,ag3,paid
100051,Mon,18,iOS,1,3,Female,38.0,Indore,Delhi,0,0,0,0,0,0,0,0,1.0,Samsung,Y21,Vi,Hindi,Android,11,app,play_store,10,5,461.3,meta,remarketing,ag1,crm
100052,Thu,0,Android,0,3,Unknown,46.0,Unknown,Rajasthan,1,1,0,0,1,0,0,0,1.1,Samsung,Note 10,Other,Bengali,Android,17,app,play_store,6,2,649.5,referral,remarketing,ag3,none
100053,Tue,2,iOS,1,1,Female,30.0,Pune,Delhi,0,0,0,0,0,0,0,0,1.2,Vivo,Y21,BSNL,English,Android,11,app,play_store,10,3,273.7,organic,brand,ag1,none
100054,Sat,5,Android,0,1,Male,18.0,Pune,Unknown,0,0,0,0,0,0,0,0,1.2,Oppo,Y21,Vi,Marathi,Android,15,app,play_store,9,6,78.1,referral,brand,none,crm
100055,Mon,0,Android,0,4,Female,22.0,Indore,Maharashtra,1,0,0,0,0,0,0,0,1.0,Xiaomi,iPhone 13,Airtel,Bengali,Android,16,app,play_store,6,2,284.7,google,remarketing,ag2,crm
100056,Tue,22,Android,0,1,Male,32.0,Bangalore,Delhi,0,1,0,0,0,0,0,1,1.2,OnePlus,Note 10,BSNL,Hindi,Android,11,app,app_store,15,2,626.9,influencer,none,ag2,crm
100057,Sat,10,Android,1,1,Female,39.0,Pune,Delhi,0,0,0,0,0,0,0,0,1.0,OnePlus,Nord,Airtel,Tamil,Android,17,app,play_store,8,1,506.2,influencer,none,none,none
100058,Fri,6,Android,1,1,Male,32.0,Indore,Rajasthan,0,0,0,0,0,0,0,0,2.0,Vivo,Nord,Vi,Marathi,Android,15,web,play_store,10,4,141.2,referral,brand,none,organic
100059,Tue,12,Android,0,1,Female,33.0,Mumbai,Karnataka,0,0,0,0,0,0,0,0,2.1,Oppo,A12,BSNL,Bengali,Android,17,app,play_store,6,1,283.3,meta,activation,ag3,none
100060,Mon,7,Android,0,3,Male,32.0,Bangalore,Rajasthan,0,0,0,0,0,0,0,0,1.1,Samsung,Reno,Other,Tamil,iOS,11,app,play_store,10,3,67.8,meta,generic,ag1,none
100061,Mon,20,Web,0,1,Unknown,22.0,Indore,Maharashtra,1,0,0,0,1,0,0,0,2.0,Vivo,iPhone 13,Other,Bengali,Android,15,app,play_store,5,4,605.9,organic,brand,none,organic
100062,Mon,15,iOS,0,1,Male,33.0,Jaipur,Rajasthan,0,0,0,0,0,0,0,1,1.1,Samsung,Nord,Vi,English,Android,15,app,play_store,8,8,841.2,influencer,brand,none,organic
100063,Wed,19,Android,0,3,Female,23.0,Jaipur,Karnataka,1,0,0,1,0,0,1,0,2.1,Apple,Reno,Other,Tamil,iOS,11,app,play_store,8,5,178.2,google,generic,ag3,paid
100064,Thu,23,iOS,1,1,Female,42.0,Delhi,Unknown,0,0,1,0,0,0,0,0,1.1,Oppo,iPhone 13,Other,English,iOS,15,app,play_store,5,6,203.3,referral,none,ag3,paid
100065,Thu,5,Android,1,2,Female,28.0,Delhi,Maharashtra,0,0,0,1,0,0,0,1,1.0,Vivo,iPhone 13,Jio,Bengali,Android,11,web,play_store,8,4,921.3,referral,generic,ag2,crm
100066,Mon,23,Android,1,4,Female,35.0,Bangalore,Delhi,0,0,0,0,0,0,0,1,1.2,OnePlus,Note 10,BSNL,Tamil,Android,16,app,play_store,8,4,139.4,meta,generic,none,none
100067,Sat,22,iOS,1,3,Unknown,26.0,Mumbai,Karnataka,0,0,0,0,0,0,1,0,1.0,Vivo,iPhone 13,BSNL,Tamil,iOS,15,app,play_store,6,2,305.4,influencer,remarketing,ag2,crm
100068,Mon,16,Android,0,1,Female,31.0,Mumbai,MP,1,0,0,0,0,0,0,0,1.0,Samsung,Note 10,Airtel,Tamil,Android,16,app,play_store,5,1,112.6,organic,remarketing,ag3,crm
100069,Thu,2,Android,1,4,Female,36.0,Bangalore,Rajasthan,1,0,0,0,0,0,0,0,1.2,Oppo,A12,Airtel,English,iOS,17,app,play_store,8,1,461.3,referral,remarketing,ag2,none
100070,Wed,14,Android,0,1,Female,39.0,Jaipur,MP,1,0,1,0,0,0,0,0,1.2,Vivo,Nord,Vi,Bengali,Android,17,app,play_store,11,3,797.3,referral,generic,none,organic
100071,Mon,15,Android,0,1,Male,24.0,Jaipur,Karnataka,1,1,0,0,1,0,0,0,1.2,Oppo,iPhone 13,Jio,Tamil,Android,13,app,app_store,10,3,50.9,meta,remarketing,ag1,none
100072,Sun,15,Android,1,1,Male,31.0,Indore,Rajasthan,0,1,0,1,0,0,0,0,1.1,Samsung,Reno,BSNL,Hindi,Android,13,app,app_store,7,7,144.2,google,activation,ag3,paid
100073,Wed,12,Android,0,3,Male,34.0,Bangalore,Unknown,0,0,1,0,0,0,0,0,1.0,Oppo,A12,BSNL,Hindi,Android,17,app,app_store,9,4,42.7,referral,remarketing,none,crm
100074,Mon,3,Android,0,1,Male,26.0,Mumbai,Maharashtra,1,0,0,0,0,0,0,0,1.1,Samsung,Y21,Airtel,Marathi,Android,11,app,play_store,9,1,296.9,google,none,ag3,paid
100075,Fri,23,Android,1,1,Unknown,40.0,Delhi,MP,0,0,0,0,0,0,0,0,2.1,OnePlus,Note 10,Jio,Tamil,Android,16,app,app_store,9,2,104.0,meta,none,none,none
100076,Wed,18,Android,0,3,Male,25.0,Indore,MP,1,0,0,0,0,0,0,0,1.0,OnePlus,Nord,Vi,Bengali,iOS,14,app,play_store,8,3,2.4,influencer,activation,ag3,crm
100077,Tue,9,Android,0,3,Male,31.0,Delhi,Rajasthan,1,1,0,0,0,0,0,0,1.1,Vivo,Note 10,BSNL,English,Android,15,app,web,11,4,338.7,google,generic,none,organic
100078,Mon,7,Android,0,1,Female,29.0,Mumbai,Maharashtra,1,0,0,0,0,0,0,0,2.1,Oppo,Note 10,BSNL,Marathi,Android,13,app,play_store,3,4,124.1,organic,remarketing,ag2,organic
100079,Mon,13,iOS,1,1,Male,39.0,Mumbai,MP,1,0,0,0,0,0,0,0,1.1,OnePlus,Note 10,Airtel,Tamil,Android,13,app,play_store,12,3,204.3,influencer,remarketing,none,organic
100080,Fri,19,iOS,1,1,Female,42.0,Unknown,Rajasthan,1,1,0,0,0,0,0,0,1.1,Apple,Note 10,Jio,English,Android,12,app,app_store,5,3,435.2,google,brand,none,none
100081,Thu,6,Android,0,1,Male,20.0,Indore,Unknown,0,0,0,0,0,0,0,1,1.2,Xiaomi,iPhone 13,Vi,Marathi,iOS,12,web,play_store,11,3,337.5,referral,remarketing,none,organic
100082,Sat,7,Android,0,2,Male,33.0,Pune,MP,0,0,0,1,0,0,0,0,1.2,Xiaomi,iPhone 13,Other,Hindi,Android,11,app,play_store,6,2,165.1,referral,generic,ag2,paid
100083,Fri,6,iOS,0,1,Unknown,26.0,Bangalore,MP,0,0,0,0,0,0,1,0,2.1,Xiaomi,Nord,Vi,Bengali,Android,11,app,play_store,16,1,115.6,meta,activation,ag2,organic
100084,Mon,20,iOS,0,1,Female,46.0,Bangalore,Unknown,0,0,0,0,0,0,0,0,1.2,Vivo,Note 10,Airtel,Hindi,Android,16,app,play_store,14,3,544.2,influencer,none,none,crm
100085,Sun,8,Android,0,1,Male,34.0,Delhi,Delhi,0,0,0,0,0,0,0,0,1.0,OnePlus,Reno,Jio,Tamil,Android,15,app,play_store,7,5,91.5,influencer,brand,none,crm
100086,Fri,9,Android,0,3,Female,28.0,Unknown,Rajasthan,0,1,1,0,0,0,0,0,2.0,Apple,A12,Airtel,Bengali,Android,17,app,app_store,3,3,690.0,influencer,generic,ag2,none
100087,Sun,5,Android,0,1,Male,30.0,Pune,Unknown,0,0,1,0,0,1,0,0,1.2,Oppo,Nord,Airtel,English,iOS,15,app,app_store,5,2,136.2,influencer,remarketing,ag2,organic
100088,Fri,8,Android,0,1,Male,40.0,Pune,Unknown,0,0,0,0,0,0,0,0,1.0,Apple,Y21,BSNL,Tamil,iOS,15,app,play_store,10,3,15.0,referral,activation,none,crm
100089,Wed,21,Android,0,1,Female,36.0,Bangalore,MP,0,0,0,0,0,1,0,0,2.1,Vivo,Nord,Vi,Bengali,iOS,11,app,app_store,6,2,589.4,organic,brand,ag1,none
100090,Tue,0,Web,1,1,Male,20.0,Pune,Maharashtra,1,0,0,0,1,1,0,0,1.0,Oppo,iPhone 13,Airtel,Marathi,Android,12,app,play_store,13,4,218.7,organic,brand,ag2,crm
100091,Sat,23,Android,1,1,Male,31.0,Bangalore,MP,0,0,0,0,0,0,0,0,1.0,OnePlus,A12,BSNL,English,Android,14,app,app_store,12,1,172.7,organic,generic,ag2,paid
100092,Tue,16,Android,0,1,Male,20.0,Pune,Maharashtra,1,1,0,0,0,1,1,0,2.1,Xiaomi,Nord,BSNL,Bengali,Android,15,app,play_store,12,5,746.7,influencer,none,ag1,organic
100093,Wed,23,Android,1,4,Male,32.0,Bangalore,Maharashtra,0,1,0,0,0,0,0,0,1.0,Oppo,A12,BSNL,Bengali,iOS,12,web,play_store,9,4,119.6,google,none,none,paid
100094,Wed,12,Android,0,1,Male,28.0,Indore,Rajasthan,1,1,0,0,0,0,0,0,2.1,Xiaomi,Y21,BSNL,Hindi,Android,15,app,play_store,5,1,200.0,meta,brand,none,organic
100095,Fri,22,iOS,0,1,Male,31.0,Mumbai,Karnataka,1,1,0,0,0,0,0,0,1.2,Vivo,A12,BSNL,English,Android,14,app,play_store,8,1,161.9,meta,brand,ag3,none
100096,Fri,17,Android,1,1,Male,38.0,Pune,Unknown,0,0,0,0,0,0,0,0,1.0,Apple,iPhone 13,Jio,Marathi,Android,12,app,play_store,11,3,248.3,organic,generic,ag1,paid
100097,Fri,6,Android,0,1,Male,27.0,Delhi,Karnataka,0,0,0,0,0,0,0,0,1.1,OnePlus,A12,Airtel,English,Android,13,app,play_store,7,3,148.3,meta,generic,ag1,paid
100098,Wed,0,Android,0,3,Male,38.0,Bangalore,Unknown,0,0,1,0,0,1,0,0,2.0,Oppo,Y21,Jio,Marathi,iOS,17,app,app_store,9,2,278.2,influencer,brand,ag1,crm
100099,Tue,19,Android,0,1,Male,27.0,Unknown,Rajasthan,0,0,0,1,0,0,0,0,1.0,Xiaomi,A12,Vi,English,Android,12,app,play_store,8,1,162.6,organic,none,ag1,crm
100100,Wed,12,Android,1,1,Unknown,30.0,Delhi,Rajasthan,0,0,0,0,0,0,0,1,2.1,Xiaomi,A12,BSNL,Tamil,iOS,16,app,web,8,4,223.1,influencer,activation,ag2,organic
100101,Sun,21,Android,0,1,Female,38.0,Delhi,Karnataka,0,0,0,0,0,0,0,0,1.2,OnePlus,Nord,Vi,Bengali,iOS,12,app,play_store,5,5,48.7,organic,none,ag1,crm
100102,Fri,12,Android,0,2,Male,30.0,Jaipur,Karnataka,0,0,0,0,0,0,0,0,1.2,Apple,Y21,Jio,Bengali,Android,17,app,play_store,10,4,196.4,influencer,activation,ag3,paid
100103,Sun,4,Android,1,1,Female,35.0,Jaipur,Delhi,0,0,0,0,1,0,0,0,2.1,Vivo,Note 10,Vi,Bengali,Android,17,app,play_store,3,4,656.8,meta,activation,ag2,organic
100104,Sat,20,Android,1,1,Unknown,25.0,Pune,Unknown,0,0,0,0,0,0,0,0,1.2,Xiaomi,A12,Other,Tamil,Android,11,web,play_store,16,4,1170.0,google,activation,ag2,none
100105,Thu,2,Android,0,1,Male,18.0,Mumbai,MP,1,1,0,0,0,0,0,0,1.0,Xiaomi,iPhone 13,Other,Tamil,Android,17,app,play_store,13,8,356.1,meta,generic,none,paid
100106,Tue,14,Android,0,1,Female,36.0,Delhi,Delhi,0,0,0,0,0,1,0,0,1.2,Vivo,Y21,Other,Tamil,Android,13,app,web,2,3,586.4,organic,activation,none,none
100107,Tue,13,iOS,0,1,Unknown,32.0,Mumbai,Unknown,0,0,0,1,0,1,0,0,2.1,Oppo,Note 10,BSNL,Marathi,Android,16,app,play_store,6,4,612.7,influencer,generic,ag1,organic
100108,Sat,11,Android,0,1,Male,18.0,Indore,Unknown,1,0,0,0,0,0,0,0,2.1,Oppo,Y21,Jio,Marathi,Android,16,app,app_store,14,3,103.1,meta,none,ag2,none
100109,Mon,14,Android,0,1,Unknown,39.0,Bangalore,Rajasthan,0,0,0,0,0,0,0,0,2.1,Samsung,iPhone 13,Other,Hindi,Android,12,app,play_store,13,3,221.3,referral,remarketing,ag1,paid
100110,Thu,11,Android,1,1,Male,31.0,Bangalore,Delhi,0,0,0,1,0,0,1,1,1.0,Apple,Reno,Jio,Hindi,Android,16,app,app_store,8,2,549.6,google,brand,none,organic
100111,Sat,12,Android,0,1,Female,29.0,Delhi,Unknown,0,0,0,0,0,0,0,0,1.1,Xiaomi,Note 10,Airtel,Hindi,Android,13,app,play_store,6,3,412.8,referral,none,ag3,paid
100112,Wed,18,iOS,1,1,Unknown,30.0,Pune,Karnataka,0,0,0,0,0,0,0,0,2.0,Vivo,Note 10,Other,Hindi,Android,11,app,app_store,8,4,264.6,google,remarketing,ag1,organic
100113,Fri,8,Android,1,1,Female,35.0,Indore,Maharashtra,0,1,0,0,0,0,0,0,1.1,Vivo,Y21,Jio,Marathi,Android,17,app,play_store,6,0,511.6,google,generic,ag2,organic
100114,Sat,13,Android,0,1,Male,25.0,Delhi,MP,0,0,0,1,0,1,0,0,2.0,OnePlus,Nord,Jio,Hindi,Android,13,app,app_store,9,2,64.7,referral,brand,ag3,paid
100115,Sun,22,Android,1,1,Male,22.0,Delhi,Unknown,0,1,0,0,0,0,0,0,2.0,Samsung,iPhone 13,BSNL,Marathi,Android,12,app,play_store,9,1,1043.8,influencer,brand,none,paid
100116,Thu,15,iOS,0,1,Male,23.0,Delhi,Unknown,0,0,0,0,0,0,0,1,1.0,Vivo,iPhone 13,Airtel,Marathi,Android,15,app,play_store,5,5,360.1,meta,generic,none,none
100117,Thu,1,Android,1,1,Male,37.0,Mumbai,Karnataka,1,0,0,0,0,0,0,1,1.1,Samsung,A12,Other,Tamil,Android,14,app,play_store,4,5,318.6,organic,none,none,paid
100118,Thu,3,iOS,1,1,Female,18.0,Mumbai,Delhi,1,0,0,1,0,0,0,0,2.0,Apple,A12,Jio,Tamil,Android,13,app,play_store,12,5,151.9,google,remarketing,none,organic
100119,Sat,21,Android,0,1,Male,32.0,Delhi,Delhi,0,0,0,0,0,0,0,0,1.0,OnePlus,Reno,Jio,English,iOS,16,app,play_store,5,2,403.9,organic,remarketing,none,organic
100120,Sat,8,iOS,0,1,Male,21.0,Pune,MP,0,0,0,0,0,0,0,0,1.2,Oppo,Y21,Airtel,Bengali,Android,17,web,play_store,8,2,60.0,meta,none,ag2,crm
100121,Tue,21,Android,0,1,Male,37.0,Unknown,MP,0,1,0,0,0,0,0,0,1.1,Vivo,Nord,Other,Marathi,iOS,16,app,play_store,11,2,111.6,organic,generic,none,organic
100122,Wed,8,Android,0,1,Male,24.0,Bangalore,Karnataka,1,0,0,1,0,0,0,0,2.1,Oppo,Reno,Airtel,Hindi,Android,17,app,app_store,7,0,423.6,organic,remarketing,none,organic
100123,Tue,19,iOS,0,2,Male,20.0,Delhi,Rajasthan,0,0,0,1,0,0,0,1,1.0,Xiaomi,Reno,Other,Tamil,Android,13,app,app_store,3,1,86.1,referral,none,ag2,paid
100124,Tue,13,Android,0,1,Female,18.0,Indore,Unknown,1,1,0,0,0,0,0,0,1.2,Apple,Reno,Jio,English,Android,12,web,play_store,8,6,216.3,meta,generic,ag3,paid
100125,Sat,12,Android,1,1,Female,37.0,Bangalore,MP,0,0,0,0,0,0,0,0,2.1,OnePlus,A12,BSNL,Hindi,Android,14,app,play_store,10,7,132.0,referral,generic,ag1,crm
100126,Fri,0,iOS,1,1,Male,18.0,Mumbai,Karnataka,0,0,0,0,1,0,0,0,1.0,Apple,A12,BSNL,Tamil,Android,13,web,play_store,12,1,69.8,google,remarketing,ag1,crm
100127,Mon,20,Android,0,1,Female,33.0,Bangalore,Rajasthan,0,0,0,0,0,0,0,0,2.0,Oppo,A12,Vi,English,iOS,16,app,play_store,4,3,574.0,referral,remarketing,ag1,organic
100128,Tue,19,iOS,1,1,Male,30.0,Indore,Delhi,0,0,0,0,0,0,0,0,1.0,Apple,Reno,Vi,English,Android,12,app,play_store,5,2,481.4,organic,brand,ag3,none
100129,Sun,12,Android,0,2,Male,18.0,Indore,Karnataka,0,1,0,0,0,0,0,0,1.0,Apple,Y21,Vi,Marathi,Android,17,app,play_store,12,4,23.9,influencer,brand,ag3,organic
100130,Sun,11,Android,0,1,Male,41.0,Pune,Delhi,1,0,0,0,0,1,0,0,1.1,Samsung,A12,Airtel,Marathi,Android,16,app,play_store,12,4,681.9,google,none,none,paid
100131,Wed,17,Android,0,1,Male,18.0,Jaipur,Karnataka,0,0,0,0,0,0,0,0,2.0,Xiaomi,A12,BSNL,Hindi,Android,17,app,play_store,6,3,498.3,google,activation,ag1,crm
100132,Sat,7,Android,0,1,Female,41.0,Delhi,Rajasthan,1,0,0,0,0,1,0,0,2.0,Samsung,Reno,Vi,English,Android,17,app,play_store,2,3,408.0,referral,activation,none,paid
100133,Mon,6,Android,1,1,Male,30.0,Delhi,Maharashtra,0,0,0,0,0,0,0,0,1.1,Oppo,Y21,Vi,Hindi,iOS,15,app,play_store,6,0,336.7,organic,activation,ag3,paid
100134,Wed,4,Android,0,1,Male,29.0,Indore,Unknown,1,1,0,0,0,0,0,1,2.1,Xiaomi,Reno,Other,English,Android,15,app,app_store,9,7,512.3,referral,brand,none,crm
100135,Sun,4,Android,0,1,Female,24.0,Jaipur,Delhi,1,0,0,1,0,0,0,1,1.1,Vivo,A12,Vi,Marathi,Android,17,app,play_store,8,1,1125.0,meta,generic,none,organic
100136,Tue,20,Web,0,3,Female,22.0,Pune,MP,0,0,0,1,0,0,0,0,2.1,Apple,A12,Airtel,Hindi,Android,11,app,play_store,10,3,417.1,organic,brand,none,crm
100137,Sat,18,Android,0,1,Male,18.0,Mumbai,Unknown,0,1,0,0,1,0,0,0,1.1,Apple,Reno,BSNL,Hindi,Android,14,app,app_store,8,3,304.7,influencer,generic,ag3,paid
100138,Wed,22,Android,1,1,Female,30.0,Delhi,Karnataka,0,0,0,0,0,1,0,0,1.1,Xiaomi,Note 10,Airtel,Marathi,Android,11,app,app_store,13,1,253.5,influencer,brand,none,paid
100139,Sun,9,Android,0,1,Unknown,27.0,Delhi,Maharashtra,0,0,0,0,1,0,1,0,2.0,Samsung,Reno,Airtel,Marathi,iOS,17,app,web,10,6,106.1,referral,none,ag1,crm
100140,Tue,6,Android,1,1,Male,34.0,Bangalore,Rajasthan,0,0,0,1,0,0,0,0,2.1,Vivo,Note 10,BSNL,Bengali,Android,12,app,play_store,4,2,712.7,influencer,brand,ag2,crm
100141,Tue,12,iOS,0,1,Male,32.0,Unknown,Karnataka,0,0,0,1,0,1,0,0,1.2,Xiaomi,Y21,Vi,English,Android,12,app,play_store,6,1,231.0,organic,none,none,crm
100142,Sat,1,Android,0,1,Male,38.0,Delhi,Rajasthan,0,0,1,0,0,1,0,0,1.2,Oppo,Nord,BSNL,Marathi,Android,11,web,play_store,8,5,540.3,organic,none,ag2,paid
100143,Mon,17,Android,1,1,Unknown,32.0,Indore,Karnataka,0,0,0,0,0,1,0,0,2.1,Vivo,Y21,Vi,Hindi,Android,12,app,app_store,5,5,91.7,referral,activation,none,crm
100144,Sat,21,Android,0,2,Female,37.0,Bangalore,Delhi,0,0,0,0,1,0,1,1,2.0,Apple,Nord,BSNL,English,Android,11,app,play_store,8,2,489.9,google,generic,none,organic
100145,Fri,21,Android,1,1,Male,35.0,Jaipur,Karnataka,0,0,0,0,0,0,0,0,1.2,Vivo,Nord,Airtel,Hindi,iOS,11,app,play_store,7,2,39.0,organic,generic,ag3,paid
100146,Tue,14,iOS,0,1,Female,37.0,Bangalore,Maharashtra,0,0,0,0,0,0,0,1,1.0,Xiaomi,Y21,Jio,Bengali,Android,15,app,play_store,8,3,492.3,google,activation,ag1,paid
100147,Mon,9,iOS,0,1,Male,20.0,Mumbai,Unknown,0,0,0,0,0,0,0,0,2.1,OnePlus,Y21,Vi,Bengali,Android,14,app,play_store,7,4,1170.4,organic,none,ag3,crm
100148,Tue,18,iOS,0,1,Male,33.0,Unknown,Rajasthan,0,0,0,1,0,0,0,0,1.1,OnePlus,Y21,BSNL,Hindi,iOS,15,app,play_store,7,3,327.4,influencer,brand,ag2,crm
100149,Wed,21,Android,0,1,Male,18.0,Unknown,Rajasthan,0,1,0,0,0,1,0,0,1.1,Apple,Nord,Airtel,Tamil,Android,13,app,play_store,5,3,80.0,google,generic,ag2,organic
100150,Sat,7,Android,1,1,Male,31.0,Unknown,Karnataka,1,0,0,0,0,0,1,0,1.0,OnePlus,iPhone 13,Vi,Hindi,Android,14,app,app_store,6,3,182.8,referral,remarketing,ag2,none
100151,Sun,14,Android,0,1,Female,29.0,Bangalore,Maharashtra,0,0,0,0,0,0,0,1,1.1,Xiaomi,Note 10,Vi,Tamil,Android,16,app,web,13,7,193.8,meta,none,none,none
100152,Mon,14,iOS,0,1,Female,24.0,Indore,Unknown,0,1,0,0,0,0,0,0,1.1,Xiaomi,Note 10,Other,Bengali,Android,13,app,play_store,9,3,958.4,google,generic,ag1,organic
100153,Sat,1,Android,1,4,Male,26.0,Jaipur,Rajasthan,1,0,0,1,0,0,0,0,1.0,Samsung,iPhone 13,Jio,English,Android,13,app,play_store,8,0,614.0,organic,brand,ag2,paid
100154,Sat,22,iOS,1,1,Male,21.0,Jaipur,Karnataka,0,0,0,0,0,0,0,0,2.0,Oppo,iPhone 13,Vi,Marathi,Android,16,app,play_store,8,1,326.4,meta,generic,ag2,none
100155,Wed,0,Android,1,1,Female,38.0,Pune,Maharashtra,1,0,0,1,0,0,0,0,1.0,Samsung,Reno,BSNL,Hindi,Android,17,web,app_store,8,4,200.4,meta,activation,ag3,paid
100156,Wed,22,Android,1,1,Female,31.0,Indore,MP,0,0,0,1,0,1,0,0,1.1,Oppo,Nord,Jio,Marathi,iOS,11,app,app_store,5,4,515.6,referral,brand,ag3,crm
100157,Fri,0,Android,1,1,Male,44.0,Mumbai,Karnataka,0,0,0,0,0,0,0,1,1.2,Oppo,Y21,Airtel,Bengali,Android,16,app,play_store,6,2,486.1,influencer,activation,ag2,paid
100158,Sun,17,Android,0,1,Female,32.0,Indore,MP,0,0,1,0,0,0,0,0,2.1,Vivo,iPhone 13,Other,Bengali,Android,15,app,app_store,7,1,0.4,influencer,brand,none,none
100159,Thu,4,Android,0,1,Male,31.0,Jaipur,Unknown,1,1,0,0,0,0,0,0,1.1,Apple,Nord,Jio,Marathi,Android,13,app,play_store,6,4,562.6,google,brand,ag1,organic
100160,Sun,6,Android,0,1,Male,21.0,Jaipur,Delhi,1,1,0,0,0,0,0,0,2.1,Apple,Y21,BSNL,Marathi,Android,15,app,app_store,7,4,609.4,organic,brand,ag2,crm
100161,Fri,2,iOS,0,1,Female,26.0,Indore,Karnataka,0,0,0,0,0,0,0,1,1.2,Apple,Reno,Airtel,Marathi,Android,17,app,app_store,7,0,761.2,organic,remarketing,none,paid
100162,Tue,16,Android,1,1,Unknown,18.0,Bangalore,Karnataka,0,0,0,0,0,0,0,0,2.1,Oppo,A12,Other,Marathi,Android,12,app,play_store,10,6,581.6,meta,activation,ag2,none
100163,Sun,15,Android,0,1,Female,30.0,Jaipur,MP,1,1,0,0,0,0,0,0,2.0,Oppo,iPhone 13,Airtel,Marathi,iOS,13,app,app_store,7,4,197.6,influencer,none,ag2,organic
100164,Thu,9,Android,0,1,Male,34.0,Jaipur,MP,1,0,0,0,0,0,0,0,1.1,Vivo,Nord,Vi,Bengali,Android,16,app,play_store,6,6,539.0,organic,remarketing,ag2,crm
100165,Wed,20,Android,1,1,Unknown,32.0,Delhi,Rajasthan,0,0,0,0,0,0,0,0,2.1,Xiaomi,Nord,BSNL,Hindi,Android,15,app,web,13,2,172.9,google,remarketing,ag1,none
100166,Mon,2,Android,0,1,Male,26.0,Delhi,Delhi,1,1,0,0,0,0,0,0,2.0,Xiaomi,Y21,Jio,Hindi,iOS,17,app,play_store,4,1,256.4,referral,generic,ag2,paid
100167,Thu,2,Android,1,1,Female,18.0,Unknown,Rajasthan,1,1,0,0,1,1,0,0,1.2,Vivo,A12,Vi,Tamil,Android,13,app,play_store,11,7,259.2,referral,none,ag2,organic
100168,Sat,0,Android,0,4,Male,27.0,Bangalore,Maharashtra,1,0,0,1,0,0,0,0,1.0,Samsung,Note 10,Jio,Tamil,Android,17,app,play_store,7,4,401.4,influencer,none,ag2,crm
100169,Mon,11,iOS,1,1,Female,32.0,Unknown,Unknown,0,0,0,1,0,0,0,0,2.0,Samsung,Reno,BSNL,Bengali,iOS,16,app,play_store,7,2,509.3,organic,generic,ag1,organic
100170,Fri,19,Android,0,1,Male,37.0,Mumbai,MP,0,0,0,0,0,1,0,1,1.1,Vivo,Note 10,Vi,Tamil,Android,15,app,app_store,7,2,217.7,organic,none,ag1,paid
100171,Thu,16,Android,0,2,Female,31.0,Mumbai,Karnataka,1,0,0,0,0,0,0,0,1.1,Xiaomi,Nord,Jio,Marathi,Android,15,app,app_store,8,4,368.9,influencer,generic,ag2,crm
100172,Wed,5,Android,0,1,Male,24.0,Unknown,Delhi,0,0,0,1,0,0,0,0,1.2,Xiaomi,Nord,BSNL,Hindi,Android,17,app,app_store,6,1,173.2,referral,remarketing,ag3,none
100173,Thu,4,Android,1,1,Female,23.0,Pune,MP,1,0,0,0,0,0,0,1,2.0,Samsung,iPhone 13,Vi,Bengali,Android,17,app,play_store,11,4,176.1,organic,generic,none,paid
100174,Fri,21,iOS,0,1,Male,35.0,Bangalore,Delhi,1,0,0,0,0,0,0,0,2.0,Apple,Nord,Vi,English,iOS,17,app,play_store,8,3,559.1,meta,none,ag2,crm
100175,Thu,18,Android,0,4,Female,35.0,Indore,MP,0,0,0,0,0,1,0,0,2.0,Oppo,Reno,Airtel,Bengali,Android,16,app,app_store,10,2,376.5,referral,brand,none,none
100176,Fri,18,Android,0,1,Female,27.0,Jaipur,Delhi,0,0,0,0,0,0,0,0,1.1,Samsung,Note 10,Vi,Hindi,Android,14,app,play_store,2,3,185.4,google,remarketing,none,none
100177,Sat,20,Android,0,1,Male,35.0,Mumbai,Maharashtra,0,0,0,0,1,0,0,1,2.1,Vivo,iPhone 13,Vi,Hindi,Android,11,app,play_store,8,6,336.8,referral,activation,ag1,crm
100178,Wed,14,Android,1,1,Male,22.0,Mumbai,Unknown,0,0,0,0,0,0,0,0,1.0,Apple,Nord,Airtel,English,Android,17,app,play_store,7,5,837.6,organic,brand,none,crm
100179,Mon,17,Android,1,1,Male,28.0,Mumbai,Unknown,0,0,0,1,0,0,0,1,1.2,Apple,A12,Vi,Bengali,iOS,11,app,play_store,6,0,204.7,organic,brand,ag1,organic
100180,Thu,2,Android,0,1,Male,24.0,Indore,Maharashtra,1,1,0,0,0,1,0,0,2.0,Apple,Reno,BSNL,Hindi,Android,16,app,play_store,7,2,476.5,meta,generic,ag1,none
100181,Sat,18,Android,0,1,Male,23.0,Unknown,Karnataka,0,0,0,0,0,0,0,0,1.2,Xiaomi,Reno,Airtel,Marathi,Android,12,app,play_store,8,5,333.0,google,activation,none,none
100182,Tue,15,iOS,1,1,Male,35.0,Unknown,Delhi,0,0,0,0,0,1,0,0,1.0,Apple,Nord,Airtel,Tamil,Android,12,app,play_store,9,3,1167.9,google,activation,none,crm
100183,Thu,23,iOS,1,2,Female,29.0,Bangalore,Unknown,0,0,0,0,0,1,1,0,1.2,Xiaomi,iPhone 13,Vi,Marathi,Android,14,app,app_store,8,5,286.5,google,activation,ag2,crm
100184,Sat,11,iOS,0,1,Male,40.0,Pune,Rajasthan,0,0,0,0,0,1,0,0,2.1,OnePlus,Reno,BSNL,Tamil,Android,14,app,play_store,8,3,572.2,referral,remarketing,ag2,organic
100185,Mon,15,Android,0,1,Female,32.0,Pune,Rajasthan,0,0,0,0,0,0,0,0,2.1,Oppo,iPhone 13,Jio,Tamil,Android,17,app,app_store,10,3,397.7,influencer,generic,none,paid
100186,Fri,1,Android,1,1,Female,33.0,Delhi,MP,0,0,0,0,0,0,0,0,2.0,OnePlus,A12,Vi,Bengali,Android,15,app,app_store,8,1,565.6,influencer,activation,ag3,none
100187,Mon,20,Android,0,1,Male,22.0,Delhi,MP,1,0,1,0,0,0,0,0,2.0,Xiaomi,Reno,Airtel,English,iOS,11,app,play_store,8,1,275.8,organic,none,ag3,organic
100188,Sat,2,Android,1,3,Female,36.0,Indore,MP,0,0,0,0,0,0,0,0,2.0,Samsung,iPhone 13,BSNL,Bengali,Android,16,app,play_store,9,3,635.0,google,none,ag1,paid
100189,Thu,9,Android,1,1,Unknown,34.0,Pune,MP,0,0,0,0,0,1,0,0,1.2,Oppo,Nord,Other,Marathi,Android,16,app,app_store,10,4,292.9,referral,brand,none,none
100190,Sun,19,Android,0,4,Female,41.0,Bangalore,Rajasthan,0,1,0,0,0,0,0,0,1.2,Samsung,Note 10,Vi,Marathi,iOS,11,app,play_store,4,7,157.5,referral,remarketing,ag1,organic
100191,Tue,15,Android,0,1,Male,38.0,Indore,Delhi,0,1,1,1,1,1,0,0,2.0,Xiaomi,A12,Other,Tamil,Android,14,app,app_store,14,4,601.3,organic,brand,ag3,crm
100192,Sat,7,iOS,0,2,Male,31.0,Bangalore,Delhi,0,1,0,0,0,0,0,0,1.1,Xiaomi,A12,Airtel,Tamil,Android,16,app,play_store,8,4,351.7,influencer,activation,ag1,paid
100193,Sat,18,Android,1,1,Male,34.0,Mumbai,Unknown,0,0,0,0,0,0,0,0,1.0,Xiaomi,Reno,Vi,Tamil,iOS,11,app,play_store,15,4,723.1,referral,none,ag3,paid
100194,Mon,19,Android,0,1,Male,34.0,Jaipur,Maharashtra,0,1,0,0,0,0,0,0,2.1,Vivo,Y21,Vi,Tamil,Android,11,app,play_store,6,5,308.7,organic,none,none,organic
100195,Sun,19,Web,0,1,Male,40.0,Unknown,Karnataka,0,0,0,0,0,0,0,0,1.0,Vivo,Reno,Airtel,Bengali,Android,15,app,web,10,5,54.5,influencer,activation,ag3,paid
100196,Mon,5,Android,0,1,Male,39.0,Delhi,Delhi,1,1,0,0,0,0,0,0,2.0,Apple,Nord,Airtel,Tamil,Android,17,app,app_store,6,4,79.0,organic,activation,ag3,paid
100197,Wed,13,iOS,0,1,Male,18.0,Jaipur,Unknown,1,1,0,0,0,0,0,1,2.0,Samsung,Y21,BSNL,Marathi,iOS,17,app,play_store,12,5,329.9,meta,activation,ag2,organic
100198,Sat,2,Android,1,1,Male,40.0,Bangalore,Karnataka,0,0,0,1,1,0,0,0,2.1,OnePlus,Nord,BSNL,Hindi,iOS,17,app,play_store,10,6,103.5,influencer,remarketing,ag1,crm
100199,Wed,17,Android,0,1,Male,23.0,Pune,Karnataka,0,0,0,1,0,1,0,0,1.2,OnePlus,Reno,Jio,Bengali,Android,13,app,play_store,8,4,210.4,referral,none,ag2,none
100200,Thu,15,Android,0,1,Female,26.0,Mumbai,Rajasthan,0,1,0,0,0,0,0,0,2.1,Xiaomi,Y21,Other,Marathi,Android,15,app,play_store,11,3,216.0,google,brand,ag3,crm
100201,Thu,4,Android,0,1,Unknown,18.0,Pune,Delhi,0,0,0,0,0,0,0,0,2.1,Vivo,Note 10,Jio,Tamil,Android,17,app,app_store,9,3,90.4,organic,brand,ag3,organic
100202,Mon,6,Android,1,1,Male,44.0,Indore,Unknown,0,0,0,0,0,0,0,1,1.0,Samsung,Nord,Vi,English,Android,12,app,play_store,14,2,181.2,google,brand,none,organic
100203,Fri,20,iOS,0,1,Male,34.0,Unknown,Rajasthan,0,0,0,1,1,0,0,0,1.1,Vivo,iPhone 13,Vi,Marathi,Android,12,app,app_store,12,1,493.3,meta,none,none,none
100204,Mon,7,Android,0,1,Male,24.0,Indore,Maharashtra,0,0,0,0,0,1,0,1,1.1,Apple,Nord,Other,Hindi,Android,12,app,app_store,9,3,475.7,google,generic,none,organic
100205,Wed,13,Web,0,1,Male,36.0,Bangalore,Delhi,0,0,0,0,0,0,0,0,2.1,OnePlus,A12,Airtel,English,Android,14,app,app_store,7,3,396.2,referral,remarketing,ag1,paid
100206,Sat,18,Android,0,1,Unknown,33.0,Jaipur,Maharashtra,0,0,0,0,0,0,1,0,2.0,Apple,A12,Vi,Marathi,iOS,15,web,app_store,7,2,372.4,organic,none,ag2,crm
100207,Tue,10,Android,1,1,Male,32.0,Indore,Maharashtra,1,0,0,0,0,0,0,0,2.1,Vivo,Note 10,Other,Tamil,Android,17,web,play_store,9,3,487.2,google,remarketing,none,paid
100208,Thu,11,Android,1,1,Male,24.0,Unknown,Maharashtra,0,1,0,0,0,0,0,0,2.1,Oppo,Nord,Vi,English,Android,11,app,play_store,4,1,160.3,organic,remarketing,none,paid
100209,Sun,1,Android,0,1,Male,34.0,Bangalore,Karnataka,0,0,0,0,0,0,0,0,1.1,Apple,iPhone 13,Jio,English,Android,15,app,web,2,2,131.7,meta,none,ag1,organic
100210,Mon,2,Android,0,1,Female,24.0,Unknown,MP,0,0,0,0,0,0,0,1,2.0,Vivo,Reno,Vi,Marathi,Android,15,app,play_store,12,7,212.5,influencer,activation,ag2,none
100211,Mon,0,Android,1,2,Male,33.0,Jaipur,Karnataka,0,0,0,0,1,0,0,0,2.0,Samsung,iPhone 13,Other,English,Android,12,app,play_store,6,2,91.4,influencer,brand,ag2,crm
100212,Sat,12,Android,1,1,Female,25.0,Delhi,Rajasthan,0,1,0,0,0,0,0,0,1.1,OnePlus,iPhone 13,BSNL,Hindi,Android,15,app,play_store,8,2,29.0,referral,remarketing,ag3,paid
100213,Wed,2,iOS,1,1,Male,26.0,Pune,Rajasthan,0,1,0,0,0,1,0,1,1.0,Xiaomi,iPhone 13,Jio,Bengali,Android,14,app,play_store,13,5,16.3,google,activation,ag3,paid
100214,Sat,4,Android,0,1,Female,41.0,Mumbai,Maharashtra,0,0,0,1,0,1,1,1,2.1,OnePlus,Nord,Other,Hindi,Android,16,app,play_store,6,1,133.0,meta,generic,ag2,paid
100215,Fri,16,iOS,1,1,Male,21.0,Pune,Delhi,0,0,0,0,0,0,0,0,1.0,Xiaomi,Reno,Vi,Tamil,Android,13,web,play_store,6,0,241.2,google,generic,ag2,paid
100216,Wed,20,Web,0,1,Unknown,30.0,Pune,Rajasthan,1,0,0,1,0,0,0,0,2.0,Xiaomi,Note 10,Airtel,Bengali,iOS,13,app,web,10,6,276.5,meta,activation,ag3,crm
100217,Sun,10,Android,0,1,Male,39.0,Bangalore,Karnataka,1,0,0,1,0,0,0,0,1.2,Vivo,Reno,Airtel,English,iOS,14,app,play_store,12,4,94.3,google,generic,ag1,none
100218,Mon,19,Android,1,1,Male,35.0,Bangalore,MP,0,0,0,0,0,1,0,0,1.0,Samsung,A12,Jio,Marathi,Android,12,app,play_store,7,4,1103.8,influencer,brand,ag2,none
100219,Thu,23,Android,1,1,Male,38.0,Bangalore,Delhi,0,0,0,1,0,0,0,0,1.1,Apple,A12,Vi,Tamil,Android,17,app,play_store,3,1,207.0,referral,remarketing,ag2,paid
100220,Thu,5,iOS,0,2,Female,25.0,Bangalore,Karnataka,0,0,0,0,0,0,0,0,1.2,Vivo,Nord,Airtel,Tamil,Android,15,app,play_store,6,1,165.8,meta,brand,ag1,none
100221,Fri,12,iOS,0,2,Unknown,26.0,Mumbai,Unknown,0,0,1,1,0,0,0,0,1.0,Xiaomi,Y21,Airtel,Marathi,Android,13,app,web,13,2,222.2,referral,activation,ag1,none
100222,Sun,18,Web,0,3,Unknown,29.0,Jaipur,Unknown,0,1,1,0,0,0,0,0,1.0,Apple,Note 10,Jio,Bengali,Android,12,app,app_store,8,2,159.6,influencer,brand,ag2,paid
100223,Sun,2,iOS,0,3,Male,35.0,Delhi,Rajasthan,0,1,0,0,0,0,0,0,1.2,OnePlus,Note 10,Airtel,Tamil,iOS,16,app,app_store,7,8,405.8,influencer,remarketing,none,crm
100224,Fri,19,Android,1,1,Unknown,33.0,Delhi,Karnataka,1,1,0,0,0,0,0,0,2.0,Vivo,A12,Airtel,English,Android,13,app,play_store,6,3,240.2,google,remarketing,ag2,none
100225,Wed,15,iOS,0,1,Female,46.0,Indore,Delhi,0,0,0,1,0,0,0,0,1.0,Samsung,Note 10,Other,Bengali,Android,17,app,play_store,5,0,311.5,meta,remarketing,ag3,none
100226,Tue,22,Android,1,1,Male,28.0,Unknown,Delhi,0,0,1,0,0,0,0,0,1.0,Samsung,Note 10,Airtel,Bengali,Android,17,app,play_store,6,5,347.8,organic,brand,ag2,none
100227,Fri,18,Android,0,4,Male,35.0,Bangalore,Karnataka,0,0,0,0,0,1,0,0,1.1,Apple,Nord,Other,Marathi,Android,17,app,app_store,5,2,367.5,referral,brand,ag3,organic
100228,Thu,7,iOS,1,1,Unknown,32.0,Jaipur,Maharashtra,0,0,0,0,0,0,0,0,2.0,Samsung,Note 10,Airtel,Bengali,Android,12,web,web,7,5,329.8,meta,generic,ag1,paid
100229,Tue,19,Android,0,1,Female,29.0,Bangalore,Delhi,0,0,0,0,0,1,0,0,1.1,Apple,iPhone 13,Jio,English,Android,13,web,play_store,8,4,199.5,google,brand,ag1,crm
100230,Sun,16,Android,0,1,Male,38.0,Jaipur,Unknown,0,1,0,1,0,1,0,0,1.0,OnePlus,iPhone 13,Airtel,Bengali,iOS,13,app,play_store,5,3,304.3,meta,generic,ag2,none
100231,Sun,3,Android,0,1,Male,35.0,Jaipur,Karnataka,0,1,0,0,0,0,0,0,1.1,Samsung,A12,BSNL,English,Android,13,app,web,5,2,700.7,organic,remarketing,ag2,none
100232,Thu,8,Android,1,3,Female,32.0,Mumbai,Karnataka,0,1,0,0,0,1,0,0,1.0,OnePlus,Nord,Jio,Tamil,Android,17,app,app_store,7,6,384.4,influencer,none,ag1,organic
100233,Sun,8,Android,0,1,Female,36.0,Bangalore,Rajasthan,0,0,0,0,0,1,0,0,1.0,OnePlus,iPhone 13,Airtel,Hindi,iOS,13,app,play_store,12,3,534.4,influencer,generic,ag3,paid
100234,Fri,15,iOS,0,1,Male,34.0,Indore,MP,0,0,0,0,0,0,0,0,2.0,Vivo,Note 10,Jio,Marathi,Android,14,app,play_store,9,3,104.2,referral,generic,ag2,paid
100235,Fri,7,iOS,0,1,Male,18.0,Pune,MP,0,0,0,0,0,1,0,0,1.2,Apple,Nord,Vi,Hindi,Android,15,app,app_store,8,5,510.5,google,generic,ag3,none
100236,Sat,21,iOS,1,1,Female,28.0,Jaipur,Karnataka,0,0,0,0,0,0,0,0,2.1,Apple,Nord,Vi,Tamil,Android,16,app,play_store,9,2,427.0,google,brand,ag1,organic
100237,Thu,18,iOS,1,1,Male,34.0,Pune,Rajasthan,1,0,0,0,0,0,0,0,1.2,Samsung,Y21,BSNL,Bengali,Android,17,web,play_store,5,4,186.0,google,generic,ag3,none
100238,Wed,22,Android,0,1,Female,24.0,Delhi,Unknown,1,0,0,0,0,0,0,0,2.1,OnePlus,Note 10,Vi,Marathi,Android,13,app,play_store,9,5,146.2,referral,none,ag2,crm
100239,Tue,22,Android,1,1,Male,26.0,Mumbai,Rajasthan,0,0,0,0,0,1,0,1,2.1,Apple,Nord,Jio,Tamil,iOS,12,app,play_store,8,2,231.8,google,none,ag1,none
100240,Sat,11,Android,0,1,Male,27.0,Unknown,Rajasthan,0,0,0,0,0,0,0,0,2.0,Oppo,Y21,Other,Hindi,Android,14,web,web,13,6,466.3,google,remarketing,ag2,paid
100241,Tue,9,Android,0,1,Female,25.0,Jaipur,Unknown,0,1,1,0,0,0,0,0,1.2,Xiaomi,A12,Vi,English,iOS,17,app,app_store,5,3,255.3,referral,generic,ag1,none
100242,Wed,15,Android,0,1,Female,34.0,Mumbai,Maharashtra,0,0,0,0,0,0,0,0,1.0,Apple,Reno,Jio,Hindi,iOS,12,app,app_store,9,1,679.4,referral,none,ag3,crm
100243,Sun,10,Android,0,1,Male,28.0,Mumbai,Unknown,0,0,0,0,0,1,0,0,2.1,Samsung,Nord,Other,Bengali,Android,17,app,play_store,9,2,118.6,meta,generic,none,paid
100244,Mon,20,iOS,0,1,Male,28.0,Indore,Delhi,0,0,0,0,1,1,0,0,1.0,Apple,Note 10,BSNL,Marathi,iOS,11,app,play_store,9,2,33.1,google,none,none,none
100245,Tue,3,Android,1,3,Male,24.0,Pune,MP,0,1,1,0,0,0,0,0,2.1,Samsung,Y21,Jio,Marathi,Android,17,app,app_store,8,3,119.5,organic,generic,none,organic
100246,Sat,11,Android,0,1,Female,18.0,Unknown,Unknown,0,1,0,0,1,0,1,0,2.0,Xiaomi,A12,Vi,Tamil,Android,13,app,play_store,5,3,420.7,influencer,activation,ag2,organic
100247,Fri,4,Android,0,4,Male,24.0,Indore,Delhi,0,0,0,1,0,0,0,0,2.0,Oppo,Nord,Airtel,Tamil,Android,11,app,play_store,3,5,233.5,meta,activation,ag3,none
100248,Sat,9,iOS,0,1,Unknown,35.0,Delhi,Rajasthan,0,0,0,0,0,0,0,0,1.0,OnePlus,Y21,BSNL,Marathi,Android,11,app,app_store,14,1,239.7,organic,remarketing,none,paid
100249,Sat,19,iOS,0,1,Female,43.0,Indore,Delhi,0,0,0,0,0,0,0,0,1.1,OnePlus,A12,Vi,Marathi,Android,14,web,app_store,5,4,159.9,google,brand,ag3,organic
100250,Mon,22,Android,0,2,Female,40.0,Pune,Delhi,0,1,0,0,0,1,0,0,1.0,Apple,iPhone 13,Jio,Hindi,Android,15,app,app_store,8,5,146.1,google,remarketing,ag1,paid
100251,Tue,18,iOS,0,1,Male,34.0,Pune,Rajasthan,0,1,0,0,0,0,0,0,2.1,Xiaomi,Note 10,Airtel,English,Android,11,app,play_store,11,2,402.9,organic,brand,ag3,paid
100252,Thu,12,Android,0,1,Male,38.0,Pune,Delhi,1,0,0,0,0,0,0,0,1.0,Samsung,Note 10,Other,Bengali,Android,13,app,play_store,2,2,338.8,referral,generic,ag1,paid
100253,Fri,17,Android,0,1,Male,51.0,Bangalore,Delhi,0,1,0,1,0,1,1,0,1.0,Apple,Note 10,Airtel,Bengali,Android,15,app,play_store,10,4,182.2,referral,remarketing,ag1,organic
100254,Thu,0,Android,0,1,Male,34.0,Jaipur,Unknown,0,0,0,0,0,0,0,0,1.2,Apple,iPhone 13,BSNL,Tamil,Android,16,app,play_store,9,4,266.6,influencer,activation,ag3,none
100255,Sat,6,Android,0,1,Male,25.0,Bangalore,Maharashtra,0,1,0,0,0,1,0,1,2.1,Xiaomi,Reno,Vi,Marathi,Android,13,app,play_store,7,2,338.3,organic,remarketing,ag2,organic
100256,Wed,9,iOS,1,1,Female,33.0,Jaipur,Delhi,1,1,0,0,0,0,0,1,2.1,Oppo,Y21,BSNL,Hindi,Android,14,app,app_store,7,0,435.7,influencer,remarketing,none,organic
100257,Thu,16,Android,1,4,Male,48.0,Delhi,Maharashtra,1,0,0,0,1,0,0,0,1.1,Apple,Reno,Jio,Tamil,Android,17,app,web,7,3,356.8,google,none,none,none
100258,Fri,17,Web,0,1,Female,24.0,Indore,Karnataka,1,0,1,0,0,1,0,0,2.1,Apple,Reno,Airtel,Marathi,iOS,12,app,app_store,4,2,263.7,google,none,ag2,organic
100259,Sun,19,iOS,0,1,Female,33.0,Mumbai,MP,0,0,0,0,1,0,0,0,1.1,Samsung,iPhone 13,BSNL,English,Android,13,app,play_store,11,2,328.3,meta,generic,none,none
100260,Fri,3,iOS,1,1,Female,26.0,Jaipur,Delhi,0,0,0,1,0,0,1,0,1.2,Oppo,Nord,Airtel,Hindi,Android,15,app,app_store,9,0,264.6,referral,remarketing,ag3,paid
100261,Tue,21,Android,0,1,Unknown,32.0,Bangalore,Karnataka,1,0,0,0,1,1,0,1,1.0,Vivo,Note 10,Other,Hindi,Android,17,app,play_store,4,4,829.7,organic,activation,ag3,organic
100262,Thu,4,Android,0,1,Female,42.0,Indore,Karnataka,0,0,0,1,0,0,0,0,2.0,Oppo,Y21,Jio,Hindi,iOS,11,app,play_store,8,2,710.2,organic,none,none,organic
100263,Sat,18,iOS,1,1,Female,37.0,Pune,Rajasthan,0,0,0,1,0,0,1,0,2.0,OnePlus,Y21,Airtel,Marathi,Android,17,app,play_store,5,6,154.3,google,generic,ag1,paid
100264,Tue,23,Android,0,1,Male,35.0,Unknown,Karnataka,0,0,0,1,0,0,0,0,2.1,Xiaomi,Reno,Vi,English,iOS,15,web,app_store,7,0,186.4,referral,remarketing,ag1,crm
100265,Sat,7,Android,0,2,Female,43.0,Indore,Maharashtra,0,0,0,0,0,0,0,0,1.2,Samsung,Nord,Airtel,English,iOS,15,app,app_store,8,5,309.5,meta,generic,ag1,none
100266,Thu,19,Android,1,1,Male,26.0,Mumbai,MP,0,0,0,0,0,1,0,1,2.1,OnePlus,A12,Other,English,iOS,11,app,play_store,7,3,507.1,referral,remarketing,ag3,none
100267,Tue,20,Android,0,1,Male,33.0,Bangalore,Delhi,0,1,0,0,0,0,0,0,1.2,Xiaomi,Nord,Airtel,Tamil,Android,16,app,play_store,5,5,572.9,google,brand,ag3,crm
100268,Tue,0,Android,0,1,Female,34.0,Delhi,Rajasthan,1,0,0,0,0,1,1,0,2.0,Xiaomi,Reno,Other,Hindi,Android,12,app,app_store,12,3,694.1,organic,remarketing,none,organic
100269,Tue,19,Android,0,1,Female,25.0,Jaipur,Delhi,0,0,0,1,0,0,0,0,1.0,Samsung,Note 10,Vi,Marathi,Android,12,app,app_store,7,3,547.8,google,brand,none,organic
100270,Fri,2,Android,1,1,Male,25.0,Delhi,Delhi,0,0,0,0,0,1,0,0,1.1,Samsung,Nord,Jio,Tamil,iOS,15,app,play_store,9,3,305.3,meta,brand,ag2,paid
100271,Fri,16,Android,1,1,Male,31.0,Unknown,Karnataka,0,1,0,0,0,1,0,0,1.0,Oppo,Reno,Airtel,Hindi,iOS,12,app,play_store,5,4,29.8,referral,activation,ag2,paid
100272,Sat,10,iOS,0,1,Male,35.0,Jaipur,Karnataka,0,0,0,0,0,0,0,0,1.2,Oppo,Note 10,BSNL,Bengali,Android,15,app,play_store,10,1,419.9,organic,brand,ag1,none
100273,Sun,23,iOS,1,1,Male,35.0,Jaipur,MP,0,0,0,0,0,0,0,0,1.0,Apple,Note 10,BSNL,Bengali,Android,13,app,play_store,7,4,194.2,google,brand,none,crm
100274,Wed,3,Android,1,1,Male,31.0,Delhi,Karnataka,0,0,1,0,0,0,0,0,1.1,Oppo,A12,Other,Hindi,Android,15,app,play_store,7,3,71.4,influencer,activation,ag1,none
100275,Tue,13,iOS,1,2,Female,34.0,Mumbai,MP,0,1,0,1,0,0,0,0,1.2,Vivo,Y21,Jio,Bengali,Android,17,app,play_store,11,6,375.4,referral,remarketing,none,crm
100276,Thu,6,Android,0,4,Male,24.0,Mumbai,Unknown,0,0,0,0,0,0,0,0,2.1,Vivo,iPhone 13,BSNL,English,Android,14,app,app_store,10,3,541.8,google,remarketing,none,paid
100277,Tue,14,Android,0,2,Female,32.0,Mumbai,Karnataka,1,0,0,0,0,1,0,0,1.2,Vivo,Y21,BSNL,Tamil,iOS,13,app,play_store,3,5,345.3,organic,generic,none,paid
100278,Wed,11,Android,0,1,Female,42.0,Delhi,Rajasthan,1,1,0,0,0,0,0,0,1.2,Vivo,iPhone 13,Jio,English,iOS,17,app,play_store,10,5,37.9,organic,brand,none,paid
100279,Wed,11,iOS,0,1,Female,25.0,Mumbai,Rajasthan,0,0,0,0,0,0,0,1,1.0,Vivo,A12,BSNL,Tamil,Android,13,app,play_store,8,0,29.8,organic,brand,ag1,organic
100280,Tue,8,Web,0,1,Female,22.0,Delhi,MP,0,0,0,0,0,0,0,0,1.2,Xiaomi,A12,BSNL,Marathi,iOS,15,app,web,9,2,150.8,organic,generic,ag3,none
100281,Sun,2,Web,0,1,Unknown,30.0,Delhi,Rajasthan,0,0,0,0,0,0,0,0,1.0,Vivo,iPhone 13,Other,Marathi,Android,11,app,play_store,10,4,242.6,influencer,none,ag3,paid
100282,Sat,23,Android,1,1,Male,41.0,Bangalore,Karnataka,0,0,0,0,0,0,0,1,1.0,Vivo,A12,Jio,Hindi,Android,12,app,play_store,12,3,351.7,google,activation,ag3,paid
100283,Thu,12,iOS,1,1,Female,43.0,Mumbai,Maharashtra,0,1,0,0,0,0,0,0,1.0,Apple,Reno,Jio,English,Android,16,app,app_store,7,7,662.2,meta,brand,ag3,none
100284,Wed,20,Android,0,3,Female,18.0,Delhi,Karnataka,0,0,0,0,0,0,0,0,1.1,OnePlus,A12,Vi,Hindi,Android,15,app,play_store,4,3,65.7,meta,activation,ag3,organic
100285,Sat,19,Android,0,1,Male,23.0,Mumbai,MP,1,0,0,0,0,0,0,0,2.1,Apple,iPhone 13,Jio,Bengali,Android,17,app,play_store,9,8,249.2,referral,brand,none,none
100286,Sun,5,Android,0,1,Unknown,18.0,Delhi,MP,0,0,0,1,0,0,1,0,1.1,Xiaomi,iPhone 13,Airtel,Bengali,Android,16,app,play_store,12,5,763.5,google,none,none,none
100287,Fri,12,Android,0,1,Male,37.0,Jaipur,Karnataka,0,1,0,0,0,0,0,0,2.1,Xiaomi,Reno,Jio,Tamil,Android,16,app,play_store,11,2,194.3,referral,remarketing,ag2,organic
100288,Mon,14,Web,0,4,Male,43.0,Jaipur,Unknown,1,1,0,0,0,0,1,1,2.0,OnePlus,iPhone 13,Other,English,Android,15,app,play_store,10,1,443.9,organic,remarketing,ag2,none
100289,Fri,12,Android,0,1,Female,27.0,Pune,MP,0,0,0,0,0,0,0,0,1.2,Samsung,Note 10,Jio,English,Android,16,app,play_store,8,6,658.4,influencer,remarketing,none,organic
100290,Mon,12,iOS,0,1,Female,33.0,Jaipur,Rajasthan,0,0,0,0,0,1,0,0,1.1,Apple,Y21,BSNL,Tamil,Android,16,web,play_store,13,4,51.4,referral,brand,none,crm
100291,Sat,0,Android,0,1,Female,38.0,Jaipur,Maharashtra,0,1,0,1,0,0,0,0,1.0,Xiaomi,iPhone 13,Other,Bengali,Android,14,app,play_store,11,6,96.7,google,none,ag3,organic
100292,Thu,11,iOS,0,1,Male,30.0,Indore,Delhi,1,1,0,0,0,1,0,0,1.1,Oppo,Y21,BSNL,Hindi,iOS,17,app,app_store,9,8,60.3,influencer,generic,none,none
100293,Sat,4,Android,1,1,Female,40.0,Unknown,Karnataka,0,0,0,0,0,0,0,0,2.0,Samsung,Y21,BSNL,English,Android,15,app,play_store,2,6,387.4,influencer,none,ag3,none
100294,Tue,19,Android,1,1,Male,40.0,Unknown,Maharashtra,1,1,0,0,0,1,0,1,2.0,Samsung,Nord,Vi,Tamil,Android,15,app,app_store,11,2,170.2,google,brand,none,none
100295,Fri,12,Android,1,1,Male,19.0,Bangalore,MP,0,0,0,0,0,0,0,0,1.1,Apple,Note 10,Jio,Marathi,Android,14,app,app_store,7,2,46.6,influencer,none,ag1,organic
100296,Tue,2,Android,1,1,Male,39.0,Unknown,Delhi,0,0,0,1,1,0,0,0,1.1,OnePlus,Reno,Jio,Tamil,iOS,12,app,play_store,11,1,142.0,influencer,none,ag2,organic
100297,Sun,21,Web,1,1,Male,27.0,Indore,Delhi,0,0,0,0,0,0,0,0,1.1,Vivo,Nord,BSNL,Bengali,Android,12,web,play_store,10,6,465.9,organic,generic,ag3,organic
100298,Mon,6,Android,0,1,Female,35.0,Delhi,Maharashtra,1,0,0,1,0,0,0,0,1.0,Oppo,Reno,Other,Tamil,Android,16,app,play_store,9,2,252.5,google,activation,ag2,paid
100299,Mon,15,Android,1,1,Female,24.0,Bangalore,Maharashtra,1,0,0,0,0,0,0,0,1.2,Xiaomi,iPhone 13,Vi,Bengali,Android,13,app,play_store,7,3,56.2,referral,none,ag3,paid
100300,Thu,9,Android,0,1,Female,28.0,Jaipur,Karnataka,0,0,0,0,0,0,0,0,2.1,Apple,iPhone 13,BSNL,Hindi,Android,16,app,play_store,10,2,312.7,referral,none,ag1,none
100301,Sun,6,Android,0,1,Female,49.0,Jaipur,Maharashtra,0,0,0,1,0,1,0,0,1.0,Oppo,Y21,Jio,English,Android,17,app,app_store,12,7,6.9,referral,remarketing,ag2,none
100302,Tue,21,iOS,0,2,Male,25.0,Bangalore,Karnataka,1,0,0,0,0,0,0,0,2.1,Apple,Y21,Vi,Tamil,Android,17,app,play_store,4,6,648.7,meta,none,ag2,crm
100303,Wed,10,Android,1,4,Unknown,25.0,Delhi,Maharashtra,1,1,0,0,0,0,0,0,1.2,Vivo,Nord,Other,Marathi,iOS,15,app,play_store,7,4,1259.4,meta,generic,none,organic
100304,Wed,14,Android,1,1,Male,29.0,Unknown,Rajasthan,0,0,0,0,0,0,0,0,1.2,Apple,Nord,Airtel,Tamil,Android,13,app,app_store,5,2,65.9,referral,remarketing,ag3,none
100305,Wed,19,Android,0,1,Female,18.0,Bangalore,Rajasthan,1,0,0,0,0,0,0,0,2.1,Apple,Nord,Jio,Tamil,Android,12,app,app_store,7,2,156.1,influencer,generic,ag2,crm
100306,Fri,23,Android,1,1,Female,35.0,Jaipur,Unknown,0,0,0,0,0,1,0,0,1.1,Samsung,Note 10,Other,Hindi,iOS,15,app,play_store,10,1,327.4,influencer,remarketing,none,organic
100307,Thu,4,Android,0,1,Female,25.0,Delhi,Maharashtra,1,0,0,1,0,0,1,0,2.1,Samsung,Nord,Jio,English,Android,14,app,play_store,16,6,162.1,referral,none,none,organic
100308,Sun,8,Android,0,1,Female,18.0,Indore,MP,0,1,0,0,0,0,0,0,1.2,Samsung,iPhone 13,Jio,English,Android,14,app,app_store,9,2,590.0,google,brand,none,crm
100309,Sat,20,Android,1,1,Female,18.0,Mumbai,Rajasthan,0,0,0,0,0,0,0,0,1.2,Xiaomi,Y21,Airtel,Hindi,Android,17,app,play_store,7,3,79.3,referral,none,ag2,crm
100310,Fri,13,Android,0,1,Male,35.0,Bangalore,Unknown,0,0,0,1,0,1,0,0,2.0,Apple,Reno,Airtel,Bengali,iOS,14,app,play_store,9,0,308.5,meta,activation,none,organic
100311,Fri,6,Android,1,1,Male,27.0,Mumbai,Unknown,1,0,0,0,0,0,0,0,1.0,Xiaomi,Nord,Vi,Marathi,Android,14,app,play_store,14,3,271.5,google,brand,none,none
100312,Sat,20,Android,0,3,Male,46.0,Jaipur,Delhi,1,1,0,0,0,0,0,0,2.0,Oppo,A12,Vi,Marathi,iOS,15,app,play_store,12,0,205.0,organic,brand,ag2,none
100313,Thu,14,Android,0,1,Male,49.0,Bangalore,Rajasthan,0,0,0,0,0,1,0,1,2.1,Xiaomi,Note 10,Vi,Tamil,Android,14,app,play_store,6,1,70.8,meta,none,ag3,crm
100314,Mon,21,Android,1,1,Male,21.0,Delhi,Karnataka,0,0,1,0,0,0,0,1,2.1,Vivo,Reno,Other,Hindi,Android,12,web,play_store,7,1,246.1,organic,remarketing,ag3,none
100315,Sat,15,Android,0,1,Female,18.0,Delhi,Karnataka,0,1,0,0,0,0,0,0,1.2,Oppo,Nord,BSNL,Tamil,iOS,13,web,play_store,13,6,38.3,meta,activation,none,organic
100316,Mon,3,Android,0,1,Female,37.0,Jaipur,Unknown,0,0,0,0,0,0,0,0,2.0,OnePlus,Reno,Vi,Bengali,Android,12,app,web,8,2,222.9,influencer,remarketing,ag3,organic
100317,Fri,4,iOS,1,1,Male,24.0,Mumbai,Maharashtra,1,0,0,0,0,0,0,0,2.1,Xiaomi,Reno,BSNL,Hindi,Android,15,app,play_store,7,2,234.9,organic,remarketing,ag2,crm
100318,Mon,19,iOS,0,1,Male,24.0,Jaipur,MP,1,0,1,0,0,1,0,1,1.2,Apple,iPhone 13,Jio,Marathi,iOS,15,app,play_store,7,6,590.7,google,none,ag2,organic
100319,Fri,17,Android,1,4,Unknown,30.0,Unknown,Maharashtra,0,0,0,0,0,0,0,0,2.1,Xiaomi,Y21,Other,English,iOS,15,app,play_store,6,1,683.4,referral,brand,none,crm
100320,Tue,3,Android,0,1,Female,21.0,Jaipur,Delhi,0,0,0,0,0,1,0,0,2.1,Apple,Y21,Jio,Hindi,Android,13,app,app_store,6,3,231.8,meta,remarketing,ag1,paid
100321,Sun,1,Android,0,1,Male,18.0,Pune,Maharashtra,0,0,0,0,0,0,0,0,2.0,Oppo,Nord,Other,English,Android,11,app,play_store,14,5,202.7,organic,generic,none,crm
100322,Sun,22,Android,0,1,Male,30.0,Unknown,MP,0,0,0,0,0,0,0,0,1.0,Oppo,Reno,Airtel,Bengali,Android,14,app,play_store,10,3,358.5,referral,brand,ag1,crm
100323,Wed,17,Android,0,4,Male,24.0,Mumbai,MP,0,0,0,0,0,1,0,0,2.1,Oppo,iPhone 13,Jio,Marathi,Android,15,app,play_store,5,5,87.4,google,brand,none,organic
100324,Wed,9,Android,1,1,Female,23.0,Jaipur,Karnataka,0,0,0,1,0,0,0,0,1.1,Vivo,Y21,Jio,Tamil,Android,11,app,play_store,9,4,417.6,influencer,activation,none,none
100325,Wed,13,Web,1,1,Female,20.0,Jaipur,Delhi,0,0,0,0,0,0,0,1,2.1,Apple,Y21,Vi,Tamil,Android,17,app,play_store,10,1,999.2,influencer,none,ag1,crm
100326,Mon,7,Android,1,1,Male,34.0,Indore,Rajasthan,1,0,0,1,0,0,0,0,1.2,Xiaomi,Nord,Other,Bengali,Android,11,app,play_store,10,4,319.3,organic,activation,none,organic
100327,Sun,17,Android,1,1,Male,27.0,Delhi,Unknown,1,0,0,1,0,0,0,0,2.0,Xiaomi,A12,Vi,Hindi,iOS,11,app,play_store,9,2,78.8,organic,activation,ag3,paid
100328,Wed,2,Android,0,1,Male,32.0,Pune,Rajasthan,0,0,0,0,0,0,0,0,2.1,Samsung,Note 10,Airtel,Tamil,Android,16,app,app_store,8,3,196.3,referral,remarketing,ag2,crm
100329,Sat,11,Android,1,1,Female,27.0,Mumbai,Unknown,0,1,0,0,0,0,0,0,1.0,Xiaomi,Y21,Jio,Tamil,Android,11,app,app_store,12,4,1063.8,influencer,none,ag2,organic
100330,Thu,22,Android,0,1,Male,24.0,Pune,Rajasthan,0,0,0,0,0,0,0,1,1.2,Oppo,A12,Vi,Hindi,Android,12,web,play_store,12,2,246.0,meta,none,ag3,crm
100331,Fri,17,Android,0,1,Unknown,29.0,Delhi,Unknown,0,1,1,1,0,0,0,0,1.1,Xiaomi,Note 10,BSNL,Hindi,Android,17,app,app_store,9,1,28.4,organic,brand,ag1,crm
100332,Sun,4,Android,0,1,Male,18.0,Pune,Maharashtra,0,0,1,1,0,1,0,0,2.0,Oppo,iPhone 13,BSNL,Marathi,Android,14,app,play_store,7,4,962.5,organic,generic,ag3,none
100333,Sun,23,iOS,0,1,Male,29.0,Mumbai,MP,0,0,0,0,0,0,0,0,1.2,OnePlus,Y21,Jio,Marathi,Android,11,app,play_store,3,4,305.5,meta,remarketing,ag1,paid
100334,Thu,1,iOS,0,4,Female,38.0,Unknown,Unknown,0,0,0,0,0,0,0,0,2.0,OnePlus,Note 10,Airtel,Tamil,iOS,16,app,play_store,9,2,193.0,influencer,none,ag1,organic
100335,Sun,23,iOS,1,1,Male,30.0,Mumbai,Unknown,0,0,1,0,0,0,0,1,2.0,OnePlus,Nord,Vi,Marathi,Android,12,app,play_store,8,1,113.9,meta,generic,ag3,organic
100336,Fri,17,Android,0,1,Male,18.0,Bangalore,MP,1,0,0,1,0,0,0,1,1.1,Oppo,A12,Other,Marathi,Android,11,app,play_store,8,6,64.4,influencer,none,ag3,none
100337,Thu,1,Android,0,1,Unknown,26.0,Indore,Maharashtra,1,0,0,0,0,0,1,0,2.1,Xiaomi,Reno,Jio,Marathi,Android,17,app,play_store,6,8,699.0,google,activation,none,organic
100338,Mon,18,Android,1,1,Female,18.0,Jaipur,Rajasthan,0,0,0,0,0,0,0,1,2.1,Vivo,Note 10,Jio,English,Android,16,app,play_store,12,3,663.6,influencer,remarketing,ag2,none
100339,Sun,22,Android,1,1,Female,21.0,Indore,Delhi,0,1,0,0,0,0,0,1,1.0,Apple,A12,Vi,Marathi,iOS,14,app,play_store,13,2,205.8,influencer,activation,ag1,none
100340,Mon,15,Android,0,4,Male,30.0,Pune,Unknown,0,0,0,0,0,0,0,1,1.1,OnePlus,Note 10,Airtel,Marathi,Android,15,web,play_store,7,6,556.8,meta,remarketing,ag1,organic
100341,Thu,13,Android,0,1,Male,18.0,Pune,Maharashtra,0,0,0,0,0,1,0,0,2.1,Samsung,Reno,Airtel,Tamil,Android,14,app,play_store,2,1,396.5,referral,brand,ag3,crm
100342,Fri,16,Android,1,4,Male,30.0,Mumbai,Delhi,0,0,0,0,1,0,0,0,2.0,Xiaomi,iPhone 13,BSNL,English,Android,11,app,play_store,5,3,343.7,influencer,remarketing,ag3,paid
100343,Fri,6,Android,0,1,Male,22.0,Indore,Unknown,0,0,0,0,0,0,0,0,2.0,Samsung,iPhone 13,Jio,Bengali,Android,17,app,play_store,15,2,326.3,influencer,activation,ag1,paid
100344,Mon,0,Android,0,1,Male,29.0,Jaipur,Karnataka,1,0,0,1,0,0,0,0,1.2,Xiaomi,Note 10,BSNL,Bengali,iOS,17,app,play_store,5,1,728.7,google,remarketing,ag2,none
100345,Sat,14,iOS,1,3,Male,38.0,Unknown,Maharashtra,1,0,1,0,0,1,0,1,2.1,Oppo,A12,Airtel,Hindi,Android,15,app,app_store,16,7,128.6,referral,remarketing,ag3,organic
100346,Mon,19,Android,1,1,Male,34.0,Pune,Karnataka,0,0,0,1,0,0,0,1,1.2,Xiaomi,Note 10,Other,Hindi,iOS,12,app,play_store,10,6,117.7,organic,generic,none,none
100347,Thu,13,iOS,1,1,Female,28.0,Indore,MP,0,0,0,0,0,0,0,0,2.0,Xiaomi,Y21,Airtel,Tamil,Android,12,app,play_store,6,5,444.4,google,activation,ag2,paid
100348,Sun,8,Web,0,1,Female,33.0,Indore,Rajasthan,0,0,0,1,0,1,0,0,1.0,OnePlus,Note 10,Airtel,Marathi,iOS,14,app,play_store,13,3,262.3,organic,remarketing,ag2,crm
100349,Sun,3,iOS,1,3,Female,28.0,Delhi,Delhi,1,0,0,1,0,1,0,0,1.0,Oppo,Y21,Vi,English,Android,11,app,play_store,6,2,96.0,organic,brand,none,paid
100350,Mon,9,Android,0,4,Female,29.0,Unknown,Maharashtra,1,0,0,0,1,0,0,1,1.0,Oppo,Nord,Other,Marathi,Android,17,app,play_store,12,2,217.2,referral,generic,ag1,paid
100351,Tue,1,iOS,0,1,Female,41.0,Unknown,Maharashtra,0,0,0,0,1,0,0,0,1.0,Xiaomi,A12,BSNL,English,iOS,16,app,play_store,10,1,99.4,organic,activation,none,none
100352,Sun,10,Android,0,1,Female,30.0,Unknown,Maharashtra,0,0,0,0,0,0,0,1,2.0,Vivo,Nord,BSNL,Marathi,Android,16,app,web,15,2,375.2,organic,activation,none,none
100353,Wed,4,Android,0,1,Male,21.0,Mumbai,Unknown,0,0,0,0,0,0,0,0,2.1,OnePlus,Reno,Vi,Bengali,Android,13,app,play_store,6,2,418.8,google,remarketing,ag1,none
100354,Wed,13,iOS,0,1,Female,18.0,Pune,Karnataka,1,0,0,0,0,0,0,0,1.1,Vivo,iPhone 13,Jio,Marathi,Android,16,app,app_store,9,3,185.4,organic,brand,ag3,paid
100355,Sat,1,Android,0,2,Unknown,32.0,Jaipur,Unknown,0,0,0,0,0,1,0,0,1.2,Samsung,Nord,Jio,Marathi,Android,15,app,play_store,6,4,164.6,organic,remarketing,ag1,paid
100356,Tue,5,Android,0,1,Female,22.0,Pune,Unknown,1,0,0,0,1,0,0,0,1.2,Oppo,iPhone 13,Vi,Hindi,Android,16,app,play_store,6,7,851.4,influencer,brand,ag3,none
100357,Tue,20,Android,0,1,Male,24.0,Indore,Karnataka,0,0,0,1,0,0,0,0,1.1,Samsung,Note 10,Jio,Tamil,iOS,15,app,app_store,2,5,319.0,referral,brand,ag2,paid
100358,Sun,3,iOS,0,2,Unknown,37.0,Delhi,Rajasthan,0,0,0,0,0,1,0,0,1.1,Vivo,Reno,Airtel,Hindi,iOS,16,app,play_store,13,3,75.9,referral,none,ag3,paid
100359,Mon,10,Android,0,4,Female,32.0,Unknown,MP,0,0,0,1,0,1,0,0,1.0,Samsung,iPhone 13,Vi,Marathi,Android,15,app,play_store,7,0,867.5,influencer,generic,ag2,none
100360,Tue,15,Web,1,1,Male,25.0,Delhi,Unknown,0,0,0,1,0,0,0,0,1.1,Xiaomi,Y21,Airtel,Tamil,iOS,11,app,play_store,10,4,251.2,organic,activation,ag2,none
100361,Sun,15,Android,1,2,Unknown,33.0,Unknown,Maharashtra,1,0,0,0,0,0,0,0,1.0,Vivo,iPhone 13,BSNL,English,Android,17,app,web,3,1,104.0,influencer,remarketing,ag3,organic
100362,Fri,16,Android,0,1,Male,19.0,Jaipur,Rajasthan,1,0,0,0,0,0,0,0,1.1,Vivo,Nord,Airtel,Hindi,Android,13,app,play_store,7,4,127.7,meta,remarketing,none,none
100363,Fri,4,Android,1,1,Male,52.0,Mumbai,Karnataka,0,0,0,1,0,1,0,0,1.2,Xiaomi,Reno,Jio,Bengali,Android,12,app,play_store,9,6,554.4,meta,activation,ag1,paid
100364,Mon,14,Android,0,1,Male,21.0,Indore,Unknown,1,0,0,0,0,1,0,0,2.1,Samsung,Y21,Vi,Marathi,Android,13,app,play_store,4,1,421.2,meta,generic,ag3,organic
100365,Tue,5,Android,0,1,Male,24.0,Delhi,Unknown,1,0,0,0,1,0,0,0,1.2,Samsung,iPhone 13,Jio,English,Android,16,app,play_store,10,2,333.7,google,activation,ag2,none
100366,Tue,21,Android,0,1,Unknown,33.0,Unknown,Unknown,1,0,0,0,0,1,0,0,2.0,Oppo,iPhone 13,BSNL,Marathi,Android,16,app,play_store,8,1,440.4,influencer,brand,ag3,crm
100367,Mon,19,Android,1,1,Unknown,37.0,Jaipur,Karnataka,0,0,0,0,0,0,0,0,1.2,Oppo,Reno,Vi,Bengali,Android,17,app,play_store,8,3,189.9,meta,remarketing,ag1,paid
100368,Wed,7,Android,1,1,Male,21.0,Jaipur,MP,0,1,1,0,0,0,1,0,2.0,Vivo,A12,Other,Marathi,Android,11,app,play_store,9,3,362.7,influencer,brand,ag2,crm
100369,Wed,6,Android,1,1,Female,31.0,Bangalore,Karnataka,0,0,0,0,0,0,0,0,1.0,OnePlus,iPhone 13,Other,English,Android,15,app,play_store,8,4,382.3,google,remarketing,ag3,none
100370,Sat,12,Web,0,1,Unknown,26.0,Jaipur,Karnataka,0,0,0,0,0,0,0,0,2.1,Vivo,Note 10,Vi,Tamil,iOS,15,app,play_store,6,4,289.3,meta,generic,none,paid
100371,Fri,6,Android,0,1,Male,18.0,Pune,Unknown,1,0,0,0,0,0,0,0,1.2,Vivo,Reno,Vi,English,Android,17,app,play_store,6,4,536.2,meta,activation,ag3,paid
100372,Thu,8,Android,0,2,Male,22.0,Jaipur,Unknown,0,0,1,0,0,0,0,0,2.1,Samsung,Y21,BSNL,Hindi,Android,17,app,web,7,9,145.3,google,remarketing,ag1,crm
100373,Tue,23,Web,0,1,Male,26.0,Pune,Unknown,1,0,0,0,0,1,0,0,2.0,Oppo,Nord,Airtel,Tamil,Android,11,app,app_store,11,2,189.9,google,remarketing,ag1,organic
100374,Wed,6,Android,0,1,Male,31.0,Bangalore,Maharashtra,1,0,0,0,0,0,0,0,1.2,Samsung,Y21,Jio,Marathi,Android,13,web,play_store,5,3,361.9,influencer,none,ag3,none
100375,Wed,17,Android,0,1,Male,25.0,Bangalore,Rajasthan,1,0,0,0,0,0,0,0,2.1,Xiaomi,Y21,Airtel,Hindi,Android,13,app,play_store,8,4,984.7,google,generic,none,none
100376,Wed,13,Android,1,1,Male,27.0,Mumbai,Unknown,1,0,0,0,0,0,0,0,1.1,Xiaomi,Y21,BSNL,Hindi,Android,16,app,web,9,1,115.1,google,remarketing,ag2,crm
100377,Wed,4,Android,1,1,Male,19.0,Pune,Delhi,1,1,0,0,0,0,0,0,1.0,Apple,Y21,Vi,Bengali,Android,14,app,play_store,4,3,497.6,influencer,brand,none,none
100378,Mon,2,Android,0,1,Male,29.0,Delhi,Karnataka,1,0,0,1,0,1,0,0,2.0,Xiaomi,Reno,Vi,Marathi,Android,11,web,play_store,4,2,124.8,referral,remarketing,ag3,organic
100379,Wed,11,Android,1,1,Male,18.0,Mumbai,Unknown,1,0,0,0,0,0,0,0,1.1,OnePlus,Note 10,Airtel,Marathi,Android,15,app,web,3,1,137.7,referral,none,ag1,paid
100380,Thu,10,iOS,1,1,Female,37.0,Unknown,Rajasthan,1,0,0,0,0,0,0,0,1.0,Vivo,Y21,Other,English,Android,13,app,play_store,9,4,176.1,organic,brand,ag1,organic
100381,Fri,2,iOS,0,1,Female,36.0,Unknown,MP,1,1,0,0,1,0,0,0,1.1,OnePlus,Y21,Jio,Marathi,iOS,11,app,play_store,6,6,241.5,google,generic,ag2,organic
100382,Fri,2,Android,0,1,Unknown,27.0,Jaipur,Maharashtra,0,0,1,1,0,1,0,0,1.1,Vivo,Y21,Jio,Tamil,Android,16,app,app_store,9,3,851.6,google,none,ag1,none
100383,Mon,12,Android,1,1,Female,49.0,Mumbai,Karnataka,1,0,0,1,1,0,0,0,1.0,Apple,Note 10,BSNL,Marathi,iOS,14,app,app_store,7,2,432.3,organic,remarketing,ag1,paid
100384,Wed,19,Android,0,1,Male,29.0,Unknown,Rajasthan,1,1,0,0,0,0,0,0,1.1,Samsung,Nord,Vi,Bengali,Android,16,app,play_store,7,1,470.7,influencer,generic,none,organic
100385,Thu,3,Android,0,1,Male,39.0,Indore,Delhi,0,0,0,0,0,0,0,1,2.0,Oppo,iPhone 13,Airtel,Bengali,Android,16,app,play_store,11,3,318.2,organic,brand,none,organic
100386,Wed,20,Android,0,1,Male,41.0,Mumbai,Karnataka,0,1,0,0,0,0,0,0,1.1,Vivo,A12,Jio,English,Android,16,web,play_store,7,2,128.2,influencer,brand,ag1,paid
100387,Tue,0,iOS,0,1,Male,29.0,Bangalore,Rajasthan,1,0,0,0,0,0,0,0,1.1,Apple,Y21,Vi,Marathi,Android,12,app,play_store,5,6,281.3,google,none,ag2,paid
100388,Wed,6,iOS,0,1,Male,21.0,Unknown,Delhi,0,1,0,0,0,1,0,0,1.1,OnePlus,A12,BSNL,Hindi,iOS,16,app,play_store,14,2,643.2,organic,activation,ag1,paid
100389,Tue,11,Android,1,4,Male,29.0,Delhi,Maharashtra,0,0,0,0,0,0,0,0,2.1,Apple,Y21,BSNL,Tamil,Android,13,app,play_store,6,3,430.0,organic,activation,ag3,organic
100390,Wed,4,Android,0,1,Unknown,25.0,Jaipur,Maharashtra,0,1,1,0,0,0,0,1,1.2,Xiaomi,Reno,Airtel,Hindi,iOS,17,app,play_store,8,7,494.9,meta,none,none,paid
100391,Wed,0,Android,0,1,Female,34.0,Indore,Delhi,0,0,0,0,0,1,0,0,1.2,Xiaomi,Note 10,Other,English,iOS,15,app,play_store,5,2,160.3,organic,remarketing,ag3,crm
100392,Tue,17,iOS,1,1,Female,31.0,Indore,MP,0,0,0,0,1,0,0,0,2.0,Oppo,Reno,BSNL,Hindi,iOS,17,app,play_store,6,2,397.4,meta,brand,none,none
100393,Fri,8,Android,1,1,Female,25.0,Bangalore,Delhi,1,0,0,1,0,0,0,1,1.1,Oppo,iPhone 13,Jio,Tamil,Android,14,app,app_store,8,4,333.2,meta,remarketing,ag3,paid
100394,Thu,13,Android,1,1,Male,40.0,Mumbai,Karnataka,0,0,0,0,0,1,0,0,2.0,Vivo,A12,Other,Hindi,iOS,12,app,app_store,11,2,70.9,google,brand,none,none
100395,Fri,17,Android,0,1,Male,39.0,Indore,Karnataka,1,0,1,1,0,1,0,0,2.1,Oppo,A12,Vi,Hindi,Android,11,app,play_store,6,3,550.1,meta,generic,ag2,crm
100396,Thu,22,Android,0,1,Unknown,27.0,Pune,MP,0,0,0,1,0,0,0,0,1.0,Xiaomi,Note 10,Other,Marathi,Android,12,app,play_store,10,5,51.0,referral,remarketing,none,paid
100397,Sun,5,Android,1,1,Female,25.0,Unknown,MP,0,0,0,0,0,0,0,0,1.2,Samsung,A12,BSNL,Bengali,iOS,11,app,play_store,8,2,523.1,google,none,ag2,paid
100398,Mon,23,iOS,1,1,Male,21.0,Indore,Delhi,0,0,0,0,0,1,0,1,1.0,OnePlus,A12,BSNL,Tamil,Android,15,app,play_store,9,1,453.5,referral,activation,none,organic
100399,Fri,19,Android,0,1,Male,25.0,Jaipur,Karnataka,0,0,0,1,0,0,0,0,1.0,Samsung,A12,Other,Tamil,Android,11,app,play_store,12,3,35.4,meta,brand,ag1,crm
100400,Thu,22,iOS,1,1,Male,24.0,Indore,Delhi,1,0,0,1,0,1,0,0,1.2,Xiaomi,Reno,Vi,Hindi,Android,13,app,play_store,3,1,514.3,google,activation,none,organic
100401,Mon,19,Android,0,1,Female,29.0,Delhi,MP,1,1,0,0,0,0,0,0,1.0,Vivo,Note 10,Airtel,Tamil,Android,13,app,app_store,5,4,242.8,google,activation,ag2,organic
100402,Sat,10,Android,0,2,Male,18.0,Delhi,Rajasthan,1,0,0,0,0,0,0,0,1.1,Samsung,A12,Vi,Tamil,Android,16,app,play_store,6,5,188.8,meta,none,ag1,none
100403,Thu,4,iOS,1,1,Male,24.0,Pune,Unknown,0,0,0,0,0,0,0,0,1.2,Vivo,Note 10,Vi,Tamil,Android,13,app,play_store,6,2,425.1,meta,brand,ag3,organic
100404,Mon,23,iOS,0,1,Male,18.0,Unknown,Delhi,0,0,0,0,0,0,0,0,1.1,Xiaomi,iPhone 13,BSNL,Hindi,Android,13,app,app_store,5,3,91.2,meta,none,none,crm
100405,Tue,20,Android,1,1,Male,33.0,Mumbai,Unknown,1,0,0,0,0,1,0,1,1.2,Samsung,Nord,Vi,Hindi,Android,15,app,app_store,3,3,759.5,google,remarketing,ag3,none
100406,Sun,21,Android,0,1,Female,34.0,Mumbai,Karnataka,0,1,0,0,0,0,0,1,1.1,Oppo,Y21,BSNL,Tamil,Android,13,app,app_store,11,6,586.5,influencer,activation,ag3,crm
100407,Sat,3,iOS,0,1,Female,36.0,Delhi,Unknown,0,0,0,0,0,1,0,0,1.1,OnePlus,A12,Vi,Hindi,Android,13,app,app_store,10,2,198.8,influencer,generic,ag3,none
100408,Thu,10,Android,0,1,Male,34.0,Delhi,Rajasthan,0,0,0,0,0,1,0,0,2.0,Apple,Note 10,Vi,Tamil,iOS,17,app,play_store,6,5,103.4,organic,generic,ag1,paid
100409,Tue,6,Android,0,1,Male,25.0,Mumbai,Rajasthan,1,0,0,0,0,0,0,0,2.1,OnePlus,Note 10,Vi,Bengali,iOS,14,app,app_store,3,5,209.2,influencer,brand,none,organic
100410,Thu,16,Android,0,1,Female,25.0,Pune,Rajasthan,0,0,0,0,0,0,0,0,2.0,Samsung,iPhone 13,BSNL,Hindi,Android,16,web,play_store,8,3,97.7,referral,remarketing,ag3,paid
100411,Thu,1,Android,0,1,Male,35.0,Indore,Maharashtra,0,0,0,0,1,0,0,0,1.0,Xiaomi,Nord,Vi,Marathi,iOS,14,app,play_store,10,2,239.0,organic,remarketing,ag2,none
100412,Fri,19,Android,1,1,Male,18.0,Delhi,Karnataka,0,0,0,0,0,0,0,0,2.0,Xiaomi,iPhone 13,Other,Bengali,Android,16,app,play_store,9,0,182.7,meta,brand,ag2,organic
100413,Thu,5,Android,0,1,Female,34.0,Mumbai,Unknown,0,1,0,0,0,0,0,0,1.2,Xiaomi,Y21,Vi,English,Android,16,app,play_store,8,4,821.8,organic,none,ag3,organic
100414,Sun,15,Android,0,1,Male,32.0,Bangalore,Delhi,0,0,0,0,1,0,0,0,1.2,Samsung,iPhone 13,Jio,Tamil,Android,13,app,app_store,14,2,733.7,meta,activation,ag1,none
100415,Mon,22,iOS,1,2,Male,34.0,Jaipur,Rajasthan,1,0,0,0,0,0,0,0,2.0,OnePlus,Y21,BSNL,Tamil,Android,12,app,play_store,8,1,911.3,influencer,generic,none,none
100416,Sun,18,iOS,1,1,Male,18.0,Mumbai,MP,1,1,0,0,0,1,0,0,2.1,Vivo,Nord,Vi,Tamil,Android,13,app,app_store,9,2,427.0,organic,remarketing,ag3,none
100417,Sat,9,Android,0,1,Unknown,28.0,Pune,Unknown,1,0,0,0,0,1,0,0,2.0,Oppo,iPhone 13,BSNL,Bengali,Android,16,web,web,4,3,365.8,organic,brand,ag2,organic
100418,Sun,2,Android,0,1,Female,21.0,Indore,Delhi,0,0,0,0,0,0,0,0,2.1,Oppo,Reno,Jio,Marathi,iOS,14,app,play_store,5,6,294.0,organic,generic,ag3,none
100419,Sun,9,Android,0,1,Male,37.0,Pune,Unknown,0,0,0,0,0,0,1,1,1.0,Apple,Note 10,BSNL,English,Android,12,web,play_store,7,4,831.8,google,brand,ag2,crm
100420,Mon,12,Web,0,1,Female,41.0,Delhi,Unknown,1,1,0,1,0,0,0,0,1.1,Samsung,Note 10,Other,Hindi,Android,12,app,play_store,4,5,774.7,google,activation,ag1,organic
100421,Mon,22,Android,1,1,Female,30.0,Unknown,MP,0,0,0,0,0,0,0,1,2.1,Xiaomi,A12,Other,Hindi,Android,17,app,play_store,3,1,373.4,influencer,activation,ag1,none
100422,Thu,4,iOS,1,3,Female,51.0,Bangalore,Rajasthan,0,0,0,0,0,0,0,0,2.1,Samsung,iPhone 13,Airtel,English,iOS,16,app,play_store,11,3,174.0,organic,remarketing,none,crm
100423,Thu,1,Android,1,1,Male,23.0,Pune,MP,0,0,0,0,0,0,0,0,1.0,Samsung,Y21,Airtel,Tamil,Android,16,app,play_store,7,1,212.5,referral,generic,none,organic
100424,Tue,19,Android,0,1,Male,33.0,Delhi,Maharashtra,0,0,0,0,0,0,0,0,1.1,Samsung,Nord,Jio,Marathi,Android,16,app,app_store,4,3,209.3,referral,remarketing,none,crm
100425,Fri,15,Android,0,1,Male,32.0,Mumbai,MP,0,0,0,0,1,0,0,0,2.1,Oppo,Reno,Airtel,Bengali,Android,11,app,play_store,6,4,432.8,referral,activation,ag2,paid
100426,Fri,3,Android,1,2,Male,29.0,Bangalore,MP,0,0,0,0,0,0,0,0,1.0,Samsung,Nord,Airtel,Marathi,Android,16,app,play_store,12,1,162.0,organic,activation,none,none
100427,Fri,19,Android,1,1,Female,26.0,Indore,MP,1,0,1,0,0,1,0,0,2.0,OnePlus,Note 10,Other,Tamil,iOS,12,app,play_store,14,3,135.1,organic,none,none,none
100428,Mon,10,Android,0,1,Male,27.0,Pune,Karnataka,0,0,1,0,0,0,1,0,1.1,OnePlus,A12,Other,Hindi,Android,14,app,play_store,10,3,59.6,influencer,generic,ag2,organic
100429,Mon,4,Android,0,1,Male,37.0,Bangalore,Rajasthan,1,0,0,0,0,1,0,0,2.1,Vivo,Nord,Other,Bengali,iOS,11,app,app_store,17,3,346.9,organic,generic,none,crm
100430,Thu,1,Android,1,1,Male,28.0,Delhi,Karnataka,0,0,0,0,0,0,1,0,1.0,Vivo,iPhone 13,BSNL,Hindi,Android,12,app,play_store,5,4,1092.3,meta,activation,none,paid
100431,Wed,14,Android,1,1,Male,18.0,Delhi,Unknown,1,0,0,0,0,1,1,0,2.1,OnePlus,Reno,Jio,Tamil,Android,11,web,play_store,5,2,456.3,organic,none,ag1,none
100432,Sun,21,Web,1,1,Male,37.0,Jaipur,Rajasthan,0,0,0,0,0,0,0,0,2.1,Xiaomi,Reno,Vi,Marathi,Android,13,app,play_store,4,3,459.7,referral,none,ag3,crm
100433,Tue,0,Android,0,4,Female,40.0,Delhi,Unknown,0,0,0,0,0,0,0,0,2.1,Samsung,Nord,Airtel,Tamil,iOS,14,app,app_store,11,3,445.7,organic,remarketing,ag1,none
100434,Wed,17,Web,0,4,Unknown,18.0,Unknown,Maharashtra,1,0,0,0,0,0,0,1,1.2,Vivo,Reno,Jio,Marathi,Android,13,app,play_store,8,5,155.6,organic,activation,ag2,crm
100435,Tue,0,Android,1,1,Unknown,34.0,Pune,Rajasthan,0,0,0,1,0,0,0,0,1.2,Oppo,Y21,Jio,Marathi,Android,11,app,play_store,10,2,81.5,meta,generic,none,none
100436,Sun,11,Android,0,1,Male,38.0,Unknown,MP,0,0,0,1,1,0,0,0,1.2,Oppo,A12,Jio,Hindi,Android,11,app,app_store,8,4,83.8,organic,remarketing,ag3,crm
100437,Tue,22,Android,1,1,Female,28.0,Mumbai,Delhi,0,0,0,0,0,0,0,0,2.1,Xiaomi,A12,Jio,Bengali,iOS,12,app,play_store,5,2,370.7,organic,activation,ag1,crm
100438,Wed,5,iOS,0,1,Male,18.0,Mumbai,MP,0,1,0,0,0,0,0,0,1.1,Vivo,A12,Jio,Marathi,Android,13,app,play_store,8,1,187.3,organic,brand,none,paid
100439,Tue,14,Android,0,1,Male,24.0,Delhi,Rajasthan,0,1,0,0,0,0,0,0,1.2,Samsung,A12,Airtel,Hindi,Android,12,app,play_store,8,4,176.9,referral,remarketing,ag1,paid
100440,Fri,16,Android,0,1,Female,33.0,Jaipur,Rajasthan,0,0,0,0,0,1,0,0,1.1,OnePlus,Y21,Vi,English,Android,16,app,play_store,6,2,158.4,referral,remarketing,ag3,none
100441,Mon,19,Android,0,3,Male,27.0,Pune,MP,0,0,0,1,0,0,0,0,1.0,OnePlus,Nord,Airtel,Marathi,Android,17,app,app_store,6,2,304.6,meta,none,ag1,crm
100442,Sat,2,Android,1,1,Male,42.0,Indore,Delhi,1,0,0,0,0,0,0,0,2.1,Apple,Y21,Vi,English,Android,16,app,play_store,10,7,1233.7,google,brand,ag3,crm
100443,Fri,20,Android,0,1,Male,19.0,Indore,Unknown,0,0,0,0,0,0,0,1,2.1,Apple,iPhone 13,Jio,Bengali,Android,13,app,app_store,5,3,444.6,google,remarketing,ag1,paid
100444,Mon,15,Android,1,1,Unknown,30.0,Jaipur,Rajasthan,0,1,0,0,0,0,0,0,1.2,Oppo,Note 10,BSNL,Bengali,iOS,17,app,play_store,11,1,502.6,meta,generic,none,paid
100445,Sun,17,Android,1,1,Male,21.0,Unknown,Delhi,0,1,0,0,0,0,0,0,1.1,Vivo,Note 10,BSNL,Tamil,Android,17,app,play_store,6,4,584.8,google,remarketing,ag3,crm
100446,Sat,19,Android,0,1,Male,32.0,Indore,Delhi,0,0,0,1,0,1,0,0,1.2,Apple,iPhone 13,Jio,Bengali,Android,13,web,play_store,10,4,442.5,influencer,activation,ag1,organic
100447,Wed,20,Android,1,4,Female,26.0,Pune,MP,0,0,0,0,0,0,1,0,2.1,Samsung,Y21,Vi,Bengali,Android,12,app,play_store,10,2,389.3,referral,none,none,organic
100448,Wed,13,Android,0,1,Male,39.0,Unknown,Karnataka,1,0,0,1,0,0,0,0,1.2,Vivo,Y21,Airtel,Bengali,iOS,15,app,play_store,10,3,428.4,referral,brand,ag2,crm
100449,Thu,7,iOS,0,1,Male,39.0,Unknown,Delhi,1,0,0,0,0,0,0,0,2.1,Oppo,Note 10,Other,Hindi,Android,14,app,play_store,8,3,41.0,referral,brand,ag2,none
100450,Tue,21,iOS,0,2,Male,43.0,Mumbai,Karnataka,0,0,0,0,0,1,0,0,1.0,OnePlus,iPhone 13,Vi,English,Android,11,app,play_store,6,4,125.0,google,activation,ag1,paid
100451,Fri,6,Android,0,1,Male,26.0,Bangalore,Maharashtra,0,0,0,0,1,0,0,0,1.2,OnePlus,Note 10,Jio,Hindi,iOS,15,app,play_store,9,2,484.3,organic,generic,ag1,crm
100452,Wed,21,Android,0,1,Male,34.0,Indore,MP,0,0,0,0,0,0,0,0,1.0,Vivo,A12,Airtel,Bengali,Android,12,app,play_store,11,3,421.2,influencer,generic,ag1,none
100453,Mon,22,Android,0,1,Male,22.0,Pune,Maharashtra,1,0,0,1,0,0,1,0,1.0,Oppo,iPhone 13,BSNL,Marathi,Android,12,app,play_store,8,2,378.0,influencer,generic,none,organic
100454,Sun,8,Android,0,1,Male,37.0,Jaipur,Karnataka,0,1,0,0,0,0,0,0,1.0,Oppo,A12,Vi,Marathi,Android,17,app,app_store,4,5,219.5,organic,generic,ag3,organic
100455,Fri,19,Web,0,1,Male,24.0,Jaipur,Rajasthan,0,1,0,0,0,0,0,0,1.2,Xiaomi,Nord,Other,Tamil,Android,16,app,web,9,6,337.9,referral,generic,none,organic
100456,Mon,6,Android,0,1,Male,28.0,Pune,Delhi,0,0,1,0,0,1,0,1,1.0,Oppo,Reno,Airtel,Bengali,iOS,13,app,app_store,10,1,110.2,google,remarketing,ag1,organic
100457,Wed,20,Android,0,1,Male,39.0,Mumbai,Maharashtra,0,1,0,0,0,1,0,1,1.0,OnePlus,Reno,Airtel,English,Android,11,app,app_store,10,3,796.2,google,remarketing,ag1,none
100458,Fri,12,iOS,0,1,Male,31.0,Unknown,MP,1,0,0,0,0,0,0,0,2.0,Oppo,iPhone 13,BSNL,Tamil,Android,17,web,play_store,7,4,118.5,referral,generic,ag2,organic
100459,Thu,10,Android,0,1,Male,27.0,Delhi,MP,0,0,0,0,0,0,0,0,2.0,Vivo,Reno,Airtel,Hindi,Android,16,app,play_store,9,8,157.0,organic,remarketing,ag2,organic
100460,Fri,5,iOS,0,1,Female,30.0,Unknown,Maharashtra,1,0,0,0,0,0,0,0,1.0,OnePlus,A12,Vi,English,Android,12,app,play_store,9,5,634.1,google,activation,ag1,paid
100461,Fri,16,iOS,0,1,Unknown,43.0,Jaipur,Karnataka,0,0,0,0,0,0,0,0,2.0,Xiaomi,Y21,Airtel,English,iOS,17,app,play_store,6,2,282.0,organic,remarketing,ag3,crm
100462,Thu,19,Android,1,1,Male,32.0,Indore,MP,0,0,0,0,0,0,0,1,2.1,Samsung,Y21,Vi,Hindi,Android,17,app,web,8,2,117.6,referral,none,ag2,paid
100463,Sun,14,Android,0,1,Male,18.0,Unknown,Karnataka,0,0,0,0,0,0,0,0,2.1,Apple,Note 10,Vi,Hindi,iOS,13,app,play_store,8,4,529.1,referral,activation,ag2,none
100464,Thu,4,Android,0,1,Female,28.0,Jaipur,Unknown,0,0,0,0,0,0,0,1,2.1,OnePlus,Nord,Vi,Marathi,Android,12,app,app_store,8,4,49.7,google,brand,ag2,organic
100465,Thu,2,iOS,0,1,Female,38.0,Pune,Delhi,0,1,0,0,0,0,0,0,2.1,Samsung,A12,Vi,Marathi,Android,15,app,play_store,1,4,249.5,google,remarketing,ag3,crm
100466,Mon,9,Android,1,2,Male,27.0,Indore,Rajasthan,0,1,0,0,0,0,1,1,1.1,Apple,Nord,Other,Marathi,iOS,13,web,play_store,13,1,154.3,referral,activation,none,none
100467,Sun,11,Android,0,1,Unknown,35.0,Pune,Rajasthan,0,1,0,0,0,0,0,1,1.1,Apple,iPhone 13,Other,Tamil,Android,16,app,app_store,11,2,536.2,referral,activation,ag1,organic
100468,Tue,15,iOS,0,1,Male,35.0,Delhi,MP,0,0,0,1,0,0,0,1,1.0,Vivo,iPhone 13,Airtel,English,Android,17,app,play_store,5,0,621.0,google,generic,ag1,paid
100469,Mon,15,Android,1,1,Female,35.0,Unknown,Maharashtra,1,1,0,0,0,0,1,0,1.2,Apple,A12,Airtel,Hindi,Android,11,app,play_store,6,6,257.6,google,remarketing,ag3,organic
100470,Wed,2,Android,1,1,Male,18.0,Bangalore,Karnataka,0,0,1,0,0,1,0,0,1.1,Samsung,Note 10,Other,Bengali,Android,16,app,play_store,5,2,212.8,meta,activation,ag2,crm
100471,Fri,12,Android,0,1,Female,31.0,Mumbai,Unknown,0,1,0,0,0,0,0,0,2.0,Xiaomi,Reno,BSNL,Hindi,Android,14,app,play_store,14,1,174.7,referral,none,ag2,none
100472,Wed,2,Android,0,1,Male,49.0,Delhi,Karnataka,0,0,0,0,0,1,0,0,1.0,Apple,iPhone 13,Airtel,Hindi,Android,11,app,play_store,10,3,264.0,meta,generic,ag1,organic
100473,Fri,19,iOS,0,1,Male,30.0,Indore,Karnataka,0,0,0,0,1,0,0,0,1.0,Samsung,Note 10,Other,Hindi,Android,16,app,play_store,5,4,276.0,referral,activation,ag2,none
100474,Fri,19,iOS,1,1,Unknown,41.0,Pune,Karnataka,0,0,0,0,0,0,0,0,2.0,Samsung,Reno,Vi,Hindi,Android,14,app,play_store,9,2,98.5,referral,activation,none,paid
100475,Wed,19,Android,1,4,Male,43.0,Mumbai,Delhi,0,0,1,0,0,0,0,0,1.1,Xiaomi,iPhone 13,BSNL,English,Android,13,app,play_store,9,0,657.8,google,remarketing,ag2,none
100476,Sun,23,Android,1,1,Male,27.0,Indore,Maharashtra,0,1,0,0,0,0,0,0,1.2,Oppo,Nord,BSNL,Bengali,Android,17,app,play_store,12,3,919.7,google,none,ag3,none
100477,Fri,11,Android,0,4,Male,42.0,Indore,MP,0,0,0,1,0,0,0,1,2.1,Xiaomi,iPhone 13,Other,English,Android,11,web,play_store,6,4,207.5,meta,activation,ag3,none
100478,Sun,2,Web,1,1,Female,35.0,Delhi,Delhi,0,0,1,1,0,1,0,0,1.0,Vivo,A12,Vi,Marathi,Android,13,app,play_store,13,1,96.2,referral,brand,ag1,organic
100479,Sun,20,Android,0,1,Female,34.0,Unknown,Rajasthan,0,1,0,0,0,0,0,0,1.2,Xiaomi,Note 10,BSNL,Tamil,Android,12,app,play_store,11,6,305.9,influencer,activation,ag2,organic
100480,Fri,14,Android,0,1,Male,28.0,Delhi,Unknown,0,1,0,0,0,0,0,0,1.2,Xiaomi,Note 10,Jio,Bengali,Android,17,app,play_store,7,4,232.3,influencer,brand,ag2,crm
100481,Fri,1,Android,0,1,Female,30.0,Bangalore,Karnataka,0,0,0,0,0,0,0,0,2.0,Apple,A12,Other,English,Android,12,app,play_store,8,1,641.2,meta,activation,ag2,crm
100482,Tue,5,Android,1,1,Male,36.0,Bangalore,Unknown,0,1,0,0,0,1,0,0,1.1,Xiaomi,Nord,Airtel,Bengali,Android,11,app,app_store,4,2,139.0,google,none,none,organic
100483,Fri,20,Android,1,1,Female,18.0,Mumbai,Unknown,0,1,0,0,0,0,0,0,1.1,OnePlus,Y21,Airtel,Tamil,Android,13,app,app_store,11,1,532.8,meta,brand,ag1,crm
100484,Sun,0,iOS,1,1,Female,45.0,Delhi,Delhi,1,0,0,1,1,0,0,0,2.0,Apple,Note 10,Other,Bengali,Android,17,app,play_store,10,2,1477.8,organic,generic,none,none
100485,Sat,0,Android,1,3,Male,23.0,Mumbai,Delhi,0,0,0,0,0,0,0,0,1.1,Vivo,Note 10,BSNL,Hindi,Android,12,web,app_store,7,2,380.0,referral,none,ag2,organic
100486,Sun,1,iOS,0,1,Female,42.0,Indore,Karnataka,1,0,0,0,0,0,0,0,2.1,Samsung,Nord,Airtel,Hindi,Android,17,app,app_store,10,4,63.3,organic,brand,ag3,none
100487,Thu,14,Android,0,1,Male,43.0,Indore,Rajasthan,0,1,0,0,0,1,0,0,1.2,Vivo,iPhone 13,BSNL,English,Android,14,app,play_store,9,5,291.9,organic,brand,ag3,organic
100488,Wed,4,Android,0,1,Unknown,22.0,Indore,Delhi,0,0,0,0,0,1,0,0,1.1,Oppo,Note 10,Airtel,Bengali,Android,15,app,app_store,4,2,229.9,influencer,brand,ag3,none
100489,Fri,7,iOS,0,1,Male,40.0,Pune,MP,0,0,0,0,1,1,0,0,1.2,OnePlus,A12,BSNL,Tamil,Android,15,app,play_store,16,2,243.5,referral,none,none,organic
100490,Fri,16,iOS,0,1,Male,36.0,Jaipur,Maharashtra,0,0,0,0,0,1,0,0,2.0,Xiaomi,Nord,Airtel,Bengali,Android,11,app,play_store,6,3,477.1,google,generic,none,paid
100491,Wed,1,Web,0,1,Male,21.0,Bangalore,Karnataka,0,0,0,0,0,0,0,0,1.2,OnePlus,Nord,Airtel,Marathi,Android,11,app,play_store,3,2,650.9,google,activation,ag1,organic
100492,Sat,8,Android,0,1,Male,41.0,Indore,MP,0,0,0,1,0,0,0,0,1.0,OnePlus,A12,Airtel,English,Android,16,app,play_store,13,2,940.2,meta,generic,ag3,paid
100493,Sun,12,Android,0,1,Unknown,32.0,Mumbai,MP,0,1,0,0,0,0,0,0,1.1,Oppo,Nord,BSNL,Tamil,Android,11,app,play_store,8,5,820.6,organic,generic,ag1,paid
100494,Fri,0,iOS,0,1,Female,34.0,Unknown,Maharashtra,0,0,0,0,0,0,0,0,2.0,Samsung,Nord,Vi,Tamil,Android,12,app,play_store,7,2,451.9,meta,generic,ag3,paid
100495,Sun,4,Web,0,1,Male,38.0,Bangalore,Unknown,0,0,0,1,0,0,0,0,2.0,OnePlus,Nord,Jio,English,Android,13,app,play_store,5,1,297.4,influencer,brand,none,none
100496,Tue,11,Web,0,1,Female,25.0,Indore,Unknown,0,0,0,0,0,0,0,1,2.1,OnePlus,iPhone 13,Other,English,Android,11,app,app_store,7,3,387.1,organic,none,ag1,none
100497,Thu,8,Android,1,1,Male,34.0,Unknown,Karnataka,1,0,0,0,0,1,0,0,1.0,OnePlus,Nord,Vi,Hindi,iOS,12,app,play_store,10,2,159.0,referral,brand,ag1,paid
100498,Sat,17,Web,1,1,Male,29.0,Delhi,Maharashtra,1,0,0,0,0,0,0,0,1.1,Apple,Note 10,BSNL,English,Android,17,app,app_store,8,2,58.2,meta,activation,ag1,crm
100499,Tue,19,Android,1,1,Unknown,28.0,Indore,Unknown,1,0,0,0,0,0,0,0,2.0,OnePlus,iPhone 13,Jio,Hindi,Android,12,app,app_store,7,4,373.8,referral,generic,none,paid
100500,Tue,4,Android,0,1,Female,33.0,Pune,Delhi,0,0,0,0,0,0,0,0,2.0,Oppo,Note 10,Other,Bengali,iOS,11,app,play_store,8,5,222.4,influencer,generic,ag2,none
100501,Tue,11,Android,1,1,Male,29.0,Jaipur,Maharashtra,1,0,0,0,0,0,0,0,1.1,Xiaomi,Note 10,Jio,English,Android,16,app,play_store,10,1,11.1,influencer,brand,ag2,none
100502,Tue,17,Android,0,1,Female,36.0,Unknown,Karnataka,0,0,0,1,0,1,0,0,1.2,OnePlus,Nord,Airtel,Hindi,iOS,13,web,play_store,7,2,221.1,meta,brand,ag2,paid
100503,Sat,20,Android,0,1,Male,28.0,Unknown,Unknown,0,1,0,1,0,0,0,0,1.0,OnePlus,Nord,Jio,Tamil,Android,11,app,play_store,6,1,388.5,organic,activation,ag3,organic
100504,Mon,3,Android,1,1,Male,28.0,Delhi,MP,0,0,0,0,0,0,0,0,2.1,Oppo,Nord,Jio,Marathi,Android,15,app,play_store,5,3,178.9,influencer,activation,ag3,crm
100505,Fri,9,Android,0,1,Male,26.0,Bangalore,Rajasthan,0,0,0,0,0,0,0,0,2.0,Apple,Y21,Other,Tamil,Android,11,app,app_store,6,3,216.6,meta,none,ag3,crm
100506,Fri,8,iOS,0,3,Female,20.0,Mumbai,Unknown,0,0,0,0,0,1,0,0,1.2,Samsung,iPhone 13,Jio,Tamil,Android,15,app,play_store,6,0,666.5,meta,remarketing,ag3,organic
100507,Fri,1,Android,1,1,Female,42.0,Delhi,Karnataka,0,0,0,0,1,0,0,0,1.2,Oppo,Note 10,Other,Bengali,Android,13,app,play_store,3,2,588.4,influencer,none,none,organic
100508,Sat,2,iOS,0,1,Female,33.0,Pune,Delhi,0,0,0,0,0,0,1,0,1.2,OnePlus,Note 10,BSNL,English,Android,13,app,play_store,11,2,776.0,referral,none,ag1,organic
100509,Mon,7,iOS,1,1,Male,48.0,Jaipur,Rajasthan,0,0,0,0,0,0,0,0,1.2,Oppo,Y21,Airtel,Bengali,Android,12,app,app_store,9,3,150.9,referral,brand,ag1,organic
100510,Thu,2,iOS,0,1,Male,34.0,Unknown,Delhi,0,1,0,1,0,0,0,0,1.0,Vivo,Note 10,BSNL,English,Android,16,app,play_store,9,2,79.2,referral,generic,ag2,none
100511,Sun,20,Android,1,2,Female,20.0,Indore,MP,1,0,0,0,1,0,0,0,1.0,Apple,Y21,Airtel,Marathi,Android,13,app,play_store,7,2,346.2,organic,activation,none,organic
100512,Wed,20,Android,0,1,Male,36.0,Delhi,Delhi,0,0,1,0,0,1,0,0,2.1,Samsung,Reno,Other,Tamil,Android,16,app,play_store,7,4,60.8,google,remarketing,ag3,paid
100513,Tue,8,iOS,0,1,Female,30.0,Jaipur,Delhi,0,1,0,1,0,0,0,0,1.2,Apple,A12,Vi,Hindi,Android,14,app,play_store,5,1,514.2,google,none,ag1,paid
100514,Sun,9,Android,0,1,Female,36.0,Delhi,Karnataka,1,0,0,0,0,0,0,0,1.2,OnePlus,iPhone 13,Airtel,Hindi,Android,13,app,play_store,10,3,467.1,referral,remarketing,none,paid
100515,Sat,21,Android,1,1,Male,25.0,Unknown,Maharashtra,0,1,0,0,1,0,0,0,1.1,Apple,Y21,BSNL,Marathi,iOS,14,app,play_store,5,1,280.8,google,generic,none,crm
100516,Sun,2,iOS,0,1,Female,21.0,Jaipur,Unknown,0,0,0,0,0,0,0,1,2.0,OnePlus,Nord,Airtel,Tamil,Android,17,app,play_store,13,1,636.5,google,none,ag3,crm
100517,Sun,22,Android,0,2,Female,33.0,Mumbai,Delhi,0,0,0,0,1,0,0,0,1.2,OnePlus,Nord,Airtel,Hindi,Android,11,app,play_store,10,1,458.5,meta,none,ag2,crm
100518,Sun,17,iOS,0,1,Male,22.0,Bangalore,Karnataka,1,0,0,0,0,0,0,0,2.1,Samsung,Reno,BSNL,Tamil,Android,13,app,play_store,4,3,155.3,organic,activation,ag1,organic
100519,Sun,14,Android,1,1,Female,22.0,Bangalore,MP,1,0,0,0,0,1,0,1,1.0,Oppo,A12,Vi,English,Android,16,app,play_store,6,4,70.8,referral,remarketing,ag2,crm
100520,Mon,6,iOS,1,1,Male,31.0,Unknown,Rajasthan,1,0,0,0,0,0,0,0,1.2,OnePlus,Y21,BSNL,Hindi,Android,13,app,play_store,6,3,40.7,meta,brand,ag3,organic
100521,Thu,9,iOS,1,4,Unknown,29.0,Mumbai,Maharashtra,0,0,0,0,0,0,0,1,1.0,OnePlus,Nord,Vi,Hindi,Android,13,web,web,8,2,197.5,meta,generic,ag1,none
100522,Sat,4,Android,1,1,Male,31.0,Unknown,MP,0,1,0,0,0,1,0,0,1.0,Xiaomi,Reno,Airtel,Tamil,Android,14,app,play_store,7,2,146.0,google,none,ag2,organic
100523,Sat,17,Android,0,1,Male,34.0,Unknown,Karnataka,0,0,0,0,0,0,0,0,2.0,Samsung,Note 10,Vi,Hindi,Android,11,app,app_store,10,4,711.2,meta,remarketing,ag3,organic
100524,Mon,11,Android,0,1,Unknown,28.0,Mumbai,Rajasthan,0,0,0,0,0,1,0,0,1.2,Apple,Reno,Airtel,Bengali,Android,16,app,play_store,10,0,186.7,organic,none,ag2,organic
100525,Wed,18,Android,0,1,Female,22.0,Unknown,MP,0,0,0,0,0,1,0,0,1.1,Apple,Note 10,BSNL,Marathi,iOS,15,app,app_store,7,2,204.1,influencer,brand,ag3,paid
100526,Sun,6,iOS,1,1,Female,45.0,Mumbai,Karnataka,0,0,0,1,0,1,0,0,1.0,Oppo,A12,Airtel,Bengali,Android,15,app,play_store,9,4,431.5,organic,generic,none,crm
100527,Tue,2,iOS,0,1,Unknown,22.0,Bangalore,MP,0,0,0,0,0,1,0,1,1.0,Vivo,iPhone 13,Airtel,Hindi,iOS,12,app,play_store,15,6,526.1,influencer,brand,ag3,organic
100528,Mon,2,Android,1,1,Male,39.0,Pune,Karnataka,0,0,1,0,0,0,0,0,2.0,OnePlus,Y21,BSNL,Hindi,Android,17,web,play_store,8,7,114.5,referral,brand,none,crm
100529,Tue,3,Android,0,1,Male,18.0,Unknown,Unknown,0,0,0,0,0,0,0,0,2.0,OnePlus,Y21,Jio,Bengali,Android,13,app,play_store,3,0,235.6,influencer,generic,ag2,crm
100530,Wed,4,Android,1,1,Female,32.0,Mumbai,Delhi,0,0,0,1,0,0,0,0,1.1,OnePlus,A12,Jio,Tamil,Android,12,app,play_store,5,1,174.6,influencer,activation,ag2,none
100531,Sun,10,Android,0,1,Female,23.0,Unknown,Rajasthan,0,1,0,0,0,0,0,1,1.0,Oppo,Nord,Jio,Marathi,Android,12,app,play_store,12,5,484.9,referral,brand,ag2,paid
100532,Thu,14,Android,1,1,Male,25.0,Delhi,Unknown,0,0,0,0,0,0,0,0,1.0,Oppo,Note 10,Airtel,Tamil,Android,16,app,play_store,15,1,287.9,influencer,none,none,none
100533,Fri,14,Web,1,1,Unknown,30.0,Mumbai,Karnataka,1,0,0,0,0,1,0,0,1.2,Apple,A12,Jio,English,Android,11,app,play_store,5,3,556.0,google,none,none,paid
100534,Mon,20,iOS,0,2,Female,38.0,Mumbai,Rajasthan,1,0,0,0,0,0,0,0,2.0,Xiaomi,Note 10,BSNL,Tamil,Android,15,app,play_store,5,1,481.0,influencer,activation,none,paid
100535,Fri,10,Android,1,2,Male,33.0,Pune,Maharashtra,0,0,0,1,0,1,0,0,2.1,Xiaomi,Reno,Other,Bengali,Android,17,app,play_store,11,3,410.2,influencer,activation,ag1,organic
100536,Sun,10,Android,1,3,Male,24.0,Indore,Unknown,1,1,1,0,0,0,1,1,1.2,Vivo,iPhone 13,Other,Bengali,Android,12,app,play_store,10,3,836.1,influencer,remarketing,none,organic
100537,Wed,7,iOS,0,1,Female,38.0,Unknown,Delhi,0,0,0,0,0,0,1,0,2.1,OnePlus,A12,Other,Bengali,Android,16,app,play_store,4,4,359.9,referral,generic,none,crm
100538,Sat,17,Android,1,1,Female,31.0,Bangalore,Karnataka,1,0,0,0,0,0,0,0,1.1,OnePlus,Nord,Vi,Bengali,Android,14,app,play_store,7,3,361.2,google,brand,ag1,organic
100539,Mon,3,Android,1,1,Male,48.0,Delhi,Maharashtra,1,0,0,0,0,0,0,1,1.0,Vivo,Nord,Airtel,Marathi,Android,16,app,play_store,6,1,102.5,influencer,brand,ag1,organic
100540,Tue,2,Android,1,1,Male,38.0,Mumbai,Karnataka,0,0,0,0,0,1,0,1,1.2,Apple,Y21,Vi,Marathi,Android,11,app,play_store,3,2,36.7,influencer,brand,none,none
100541,Tue,10,iOS,0,1,Female,32.0,Delhi,Karnataka,1,0,0,0,0,0,0,0,1.0,Xiaomi,Nord,Airtel,Bengali,Android,12,app,app_store,10,2,295.3,referral,remarketing,ag2,none
100542,Sat,18,Android,0,1,Female,32.0,Indore,Maharashtra,0,0,1,0,1,1,0,0,2.1,Vivo,A12,Jio,Tamil,Android,15,app,play_store,5,2,260.4,meta,none,ag2,none
100543,Mon,2,Android,0,2,Female,38.0,Bangalore,Delhi,0,0,0,0,0,0,0,0,1.0,OnePlus,iPhone 13,Airtel,English,Android,17,app,play_store,9,2,289.9,influencer,activation,ag2,organic
100544,Tue,18,iOS,0,1,Male,26.0,Mumbai,Unknown,1,0,0,1,0,0,0,0,2.0,Samsung,Y21,Other,Marathi,Android,13,app,play_store,4,3,157.4,google,brand,ag3,paid
100545,Thu,23,Android,0,1,Male,39.0,Unknown,MP,0,0,0,0,1,0,0,0,2.0,Samsung,Reno,Airtel,Tamil,Android,17,app,play_store,8,8,666.9,meta,generic,ag1,none
100546,Wed,19,Android,0,1,Female,28.0,Pune,Rajasthan,0,0,0,0,0,0,0,0,1.2,Samsung,Nord,Other,English,Android,14,app,play_store,9,1,571.7,organic,none,none,crm
100547,Sun,11,Web,0,1,Male,24.0,Pune,Maharashtra,1,1,0,0,0,0,0,0,1.0,Apple,iPhone 13,Jio,Tamil,Android,14,app,play_store,6,3,95.1,organic,activation,ag3,none
100548,Tue,20,Android,0,1,Female,25.0,Delhi,Karnataka,1,0,1,0,0,0,0,0,2.1,OnePlus,iPhone 13,BSNL,Marathi,Android,12,app,play_store,8,2,441.2,referral,generic,none,organic
100549,Mon,3,Web,1,1,Male,23.0,Delhi,Rajasthan,0,0,0,0,0,1,0,1,2.0,Samsung,A12,Other,Marathi,iOS,15,app,play_store,8,2,935.2,google,none,ag1,crm
100550,Mon,23,Android,1,1,Unknown,18.0,Delhi,Karnataka,0,0,0,0,1,1,0,0,2.0,OnePlus,Reno,Jio,Bengali,Android,13,app,play_store,8,2,308.5,organic,generic,ag1,paid
100551,Thu,13,Android,1,1,Male,31.0,Delhi,Delhi,0,0,0,0,0,0,0,0,1.2,Samsung,A12,BSNL,Marathi,iOS,14,app,play_store,8,3,426.4,meta,activation,ag3,none
100552,Thu,5,iOS,0,1,Female,23.0,Unknown,Delhi,1,0,0,0,0,1,0,0,1.0,OnePlus,iPhone 13,Other,Marathi,iOS,17,app,web,13,4,783.7,influencer,generic,none,none
100553,Sat,2,Android,1,1,Male,42.0,Mumbai,Unknown,1,1,0,0,0,0,0,0,1.0,Samsung,Y21,Jio,Hindi,Android,13,app,play_store,6,2,267.5,organic,remarketing,ag3,paid
100554,Mon,5,Android,0,1,Female,18.0,Jaipur,Maharashtra,1,0,0,0,0,0,0,0,1.2,OnePlus,Note 10,Jio,Marathi,Android,17,app,play_store,5,1,392.9,organic,remarketing,none,paid
100555,Mon,7,iOS,0,4,Male,28.0,Mumbai,Maharashtra,0,1,0,0,0,1,0,1,1.1,Samsung,Y21,Jio,Bengali,Android,14,app,play_store,10,1,46.0,organic,none,ag3,crm
100556,Sun,18,Android,0,1,Male,41.0,Delhi,Maharashtra,0,0,0,0,1,0,0,0,1.0,Apple,iPhone 13,Jio,Bengali,Android,13,app,play_store,10,2,301.6,google,none,ag2,crm
100557,Sun,12,iOS,0,1,Female,43.0,Unknown,MP,0,0,0,1,0,0,0,0,1.2,Oppo,Note 10,Airtel,Bengali,Android,14,app,app_store,13,7,422.7,organic,none,ag2,crm
100558,Tue,6,Android,1,1,Male,18.0,Indore,Rajasthan,0,0,0,0,0,0,0,0,1.2,Vivo,Note 10,Jio,English,Android,16,web,play_store,8,5,329.8,meta,none,ag3,organic
100559,Mon,22,Android,0,2,Male,39.0,Indore,Karnataka,0,0,0,0,0,0,0,0,1.0,Oppo,Y21,BSNL,Bengali,iOS,11,app,play_store,9,4,176.9,meta,activation,ag3,paid
100560,Mon,15,Android,0,1,Male,22.0,Delhi,Maharashtra,1,0,1,0,0,1,0,0,2.1,Apple,Y21,Other,Marathi,Android,15,app,app_store,8,0,338.7,organic,none,none,organic
100561,Thu,2,iOS,0,1,Male,28.0,Unknown,Rajasthan,0,0,0,0,0,1,0,0,1.1,Samsung,Note 10,Other,Hindi,Android,17,app,play_store,10,2,401.7,google,activation,ag2,paid
100562,Wed,13,Android,0,1,Male,42.0,Bangalore,Karnataka,0,0,0,0,0,0,0,0,1.2,Xiaomi,Y21,Jio,Marathi,Android,14,app,play_store,6,3,100.3,referral,remarketing,ag1,crm
100563,Thu,8,iOS,0,1,Unknown,29.0,Mumbai,Delhi,1,0,0,1,0,1,0,0,1.2,Samsung,Nord,Other,English,Android,17,app,web,5,4,352.2,google,activation,ag2,paid
100564,Sun,0,Android,0,1,Male,35.0,Jaipur,Delhi,0,0,0,0,0,0,0,0,1.2,OnePlus,Note 10,Jio,Tamil,iOS,11,app,play_store,7,0,151.8,google,activation,ag2,crm
100565,Thu,7,Android,1,1,Female,21.0,Bangalore,Rajasthan,0,0,0,0,0,0,0,1,1.1,OnePlus,iPhone 13,Airtel,Hindi,iOS,16,app,play_store,4,1,961.7,influencer,brand,ag2,crm
100566,Thu,21,Android,0,1,Female,18.0,Pune,Rajasthan,0,0,0,0,0,1,1,0,1.1,OnePlus,Y21,BSNL,English,Android,13,app,app_store,9,4,304.1,google,none,ag3,organic
100567,Fri,12,Android,0,1,Female,27.0,Mumbai,Delhi,0,0,0,0,0,0,0,0,1.2,Xiaomi,Y21,BSNL,Marathi,Android,11,app,play_store,10,2,394.5,meta,none,ag2,organic
100568,Sun,5,Android,1,1,Male,27.0,Unknown,Karnataka,0,0,0,0,0,1,0,1,2.0,OnePlus,Reno,Jio,Marathi,iOS,16,app,play_store,8,7,385.0,meta,activation,ag1,none
100569,Sun,1,iOS,1,1,Female,25.0,Indore,MP,1,0,0,0,0,0,0,0,1.0,Apple,Reno,Other,Bengali,Android,14,app,play_store,4,4,79.1,organic,activation,ag3,none
100570,Sat,13,iOS,1,1,Female,28.0,Bangalore,Delhi,1,0,0,1,0,0,0,1,2.1,Apple,Reno,Other,Hindi,iOS,14,app,app_store,8,1,813.6,google,remarketing,ag3,crm
100571,Tue,22,Android,0,2,Male,43.0,Pune,MP,0,0,0,0,0,0,0,0,1.1,Xiaomi,Note 10,Jio,Bengali,iOS,12,app,play_store,12,3,312.3,meta,none,ag2,organic
100572,Wed,1,Android,0,1,Male,18.0,Bangalore,Rajasthan,0,0,0,1,0,0,0,0,2.0,Vivo,Note 10,Other,Tamil,Android,17,web,play_store,10,3,224.0,organic,brand,ag3,paid
100573,Fri,16,Android,0,1,Unknown,18.0,Bangalore,Maharashtra,0,0,0,0,1,0,0,1,1.2,Samsung,Nord,Jio,English,iOS,11,app,play_store,6,3,110.5,organic,generic,none,organic
100574,Fri,3,Android,1,1,Male,38.0,Mumbai,MP,0,0,1,1,0,1,0,0,2.1,Vivo,Y21,Vi,English,Android,14,app,play_store,10,2,542.1,influencer,generic,ag1,paid
100575,Tue,7,Android,0,4,Unknown,34.0,Jaipur,Delhi,0,1,0,1,0,1,0,0,2.0,Apple,Nord,Jio,Tamil,iOS,16,app,play_store,7,1,234.5,influencer,activation,ag3,paid
100576,Sat,16,Web,1,2,Male,43.0,Delhi,Unknown,0,0,0,0,0,0,0,0,1.2,Samsung,A12,Other,Tamil,Android,12,app,play_store,8,5,171.7,google,activation,none,crm
100577,Wed,15,Android,0,1,Male,18.0,Mumbai,MP,0,1,0,0,0,0,0,0,2.0,Oppo,Nord,Jio,Bengali,Android,13,app,play_store,8,2,785.9,meta,remarketing,ag1,paid
100578,Mon,15,iOS,0,1,Female,29.0,Unknown,Delhi,1,1,0,0,0,0,0,0,1.2,Vivo,Nord,Jio,Tamil,Android,17,app,play_store,5,5,125.7,influencer,activation,ag3,crm
100579,Mon,15,Web,0,3,Male,33.0,Jaipur,MP,0,0,0,0,0,0,0,0,1.0,Apple,Nord,Other,Tamil,Android,12,app,play_store,8,5,143.7,google,brand,ag3,organic
100580,Sun,1,iOS,0,1,Male,34.0,Mumbai,Maharashtra,0,0,0,0,0,0,0,0,2.0,Samsung,Reno,Other,Hindi,Android,12,app,play_store,8,4,414.8,referral,remarketing,ag3,paid
100581,Mon,5,iOS,0,1,Female,37.0,Jaipur,Maharashtra,0,0,0,0,0,0,0,0,1.1,Apple,iPhone 13,Airtel,Hindi,Android,14,web,play_store,6,5,365.7,google,brand,ag3,crm
100582,Tue,19,Android,0,1,Unknown,18.0,Indore,MP,1,0,0,0,0,0,0,0,1.0,Samsung,A12,BSNL,English,Android,11,app,play_store,8,1,469.6,referral,generic,none,paid
100583,Sat,23,Android,0,1,Unknown,30.0,Indore,Rajasthan,0,0,0,1,0,0,0,0,2.1,Xiaomi,Note 10,Other,Hindi,Android,13,web,play_store,5,1,663.0,google,brand,ag1,crm
100584,Fri,12,iOS,0,1,Female,28.0,Pune,Rajasthan,0,0,0,0,1,1,0,1,1.1,Oppo,Y21,Other,English,Android,11,app,play_store,12,2,73.9,google,remarketing,ag1,organic
100585,Sat,23,Android,0,1,Male,37.0,Delhi,Unknown,0,0,0,0,0,0,0,1,1.1,Xiaomi,Y21,BSNL,Marathi,Android,17,app,web,9,3,173.7,organic,none,ag3,paid
100586,Sat,12,Web,0,3,Female,27.0,Jaipur,Unknown,1,0,0,0,0,0,0,0,2.1,Apple,Y21,Other,English,Android,13,app,play_store,9,4,127.4,organic,remarketing,ag1,none
100587,Wed,8,Android,1,1,Female,39.0,Unknown,MP,0,0,1,0,0,0,0,0,2.0,Xiaomi,A12,Airtel,Hindi,iOS,11,app,web,9,2,367.8,influencer,remarketing,ag1,none
100588,Mon,10,iOS,0,1,Male,18.0,Pune,Unknown,1,1,0,0,1,0,0,0,1.2,Vivo,Note 10,Vi,English,iOS,17,app,play_store,7,2,159.8,google,generic,ag1,organic
100589,Thu,3,Android,0,4,Female,38.0,Bangalore,Unknown,0,0,0,0,0,0,0,0,2.0,OnePlus,A12,Vi,Marathi,Android,16,app,play_store,6,2,112.3,google,activation,none,organic
100590,Tue,19,Android,0,4,Male,22.0,Bangalore,Maharashtra,1,0,0,0,0,0,0,0,2.0,Oppo,Y21,Airtel,Tamil,Android,16,app,play_store,6,2,348.2,google,brand,ag3,paid
100591,Mon,17,Android,1,1,Female,37.0,Pune,MP,0,0,0,0,0,0,0,0,1.2,Samsung,Reno,Vi,Marathi,iOS,13,app,play_store,9,2,212.6,google,none,ag2,paid
100592,Thu,11,Android,0,1,Male,21.0,Jaipur,Delhi,0,1,0,1,0,0,0,0,2.1,Apple,A12,Airtel,Hindi,Android,16,app,play_store,9,2,144.4,meta,brand,ag1,none
100593,Thu,18,Android,0,1,Male,32.0,Bangalore,Rajasthan,0,1,0,0,0,0,0,0,1.0,Apple,Reno,Jio,Marathi,iOS,17,app,play_store,8,5,795.0,meta,remarketing,ag1,crm
100594,Sun,1,Android,0,1,Unknown,29.0,Unknown,Rajasthan,1,0,0,0,0,0,0,0,2.1,OnePlus,A12,Jio,Marathi,Android,17,app,app_store,11,4,384.5,referral,none,none,crm
100595,Tue,13,iOS,1,1,Female,27.0,Jaipur,Delhi,0,0,0,1,0,1,0,0,1.2,Samsung,Y21,Jio,English,iOS,16,web,play_store,10,2,277.5,organic,activation,none,organic
100596,Sun,4,Android,0,1,Female,29.0,Mumbai,MP,0,0,0,0,0,0,0,0,1.1,OnePlus,A12,Other,Marathi,iOS,17,app,play_store,9,3,229.4,google,none,ag2,none
100597,Thu,1,iOS,0,1,Female,37.0,Delhi,MP,0,1,0,0,0,0,0,0,2.0,Vivo,Note 10,Vi,Hindi,Android,16,app,play_store,5,2,271.8,referral,brand,ag1,none
100598,Mon,13,Android,1,1,Male,20.0,Mumbai,Rajasthan,0,0,0,1,0,0,0,0,2.0,Vivo,Nord,Jio,Bengali,Android,17,app,play_store,8,5,384.5,google,activation,ag3,none
100599,Tue,3,Android,0,3,Male,34.0,Indore,MP,0,1,0,0,0,0,0,0,1.0,Apple,A12,Airtel,Marathi,Android,16,app,play_store,5,2,95.6,organic,generic,ag1,organic
100600,Thu,8,Web,0,1,Male,28.0,Unknown,MP,1,0,0,0,0,0,0,0,2.1,OnePlus,A12,BSNL,Hindi,iOS,14,app,play_store,9,3,217.4,google,activation,ag3,none
100601,Thu,16,Android,1,1,Female,35.0,Mumbai,MP,0,0,1,0,0,0,0,0,2.0,Xiaomi,Reno,Vi,Hindi,iOS,12,app,play_store,13,2,219.3,organic,generic,ag1,none
100602,Thu,9,iOS,1,1,Unknown,24.0,Unknown,Rajasthan,0,0,0,0,0,0,0,0,2.1,Apple,Y21,Vi,Tamil,Android,13,app,play_store,8,2,780.7,referral,none,ag1,organic
100603,Tue,4,Android,1,1,Male,30.0,Delhi,Unknown,1,1,0,0,0,0,0,1,2.0,Xiaomi,Reno,Jio,Tamil,Android,16,app,play_store,13,1,376.9,organic,brand,ag2,none
100604,Thu,12,Android,1,1,Female,49.0,Delhi,Rajasthan,1,0,0,1,0,0,0,0,2.1,Oppo,Reno,Airtel,English,Android,17,app,play_store,21,2,732.9,referral,generic,ag3,crm
100605,Sun,4,iOS,1,1,Male,38.0,Pune,MP,0,1,0,0,0,0,0,0,1.0,Vivo,Reno,BSNL,English,Android,16,app,app_store,9,4,460.1,referral,generic,ag1,crm
100606,Mon,12,Android,0,1,Male,38.0,Indore,Karnataka,0,0,0,0,0,0,0,0,2.1,Oppo,Reno,Vi,Bengali,Android,14,app,play_store,11,4,125.0,meta,remarketing,none,paid
100607,Mon,9,iOS,0,3,Female,22.0,Jaipur,Unknown,0,0,0,1,0,0,0,0,1.1,Vivo,Y21,Other,Marathi,Android,11,app,web,8,4,87.8,meta,generic,ag1,paid
100608,Fri,23,Android,0,1,Female,21.0,Bangalore,Karnataka,0,0,0,1,0,1,0,0,1.2,Apple,Reno,Vi,English,Android,11,app,play_store,10,2,622.7,google,activation,ag2,crm
100609,Wed,12,iOS,0,1,Female,42.0,Unknown,Delhi,0,0,0,1,0,0,0,0,2.1,Samsung,Reno,Vi,Bengali,iOS,12,app,play_store,9,5,151.4,referral,remarketing,ag3,paid
100610,Fri,0,Android,0,1,Female,23.0,Indore,Rajasthan,0,1,0,0,0,1,0,0,1.1,Oppo,Note 10,Jio,English,iOS,11,app,play_store,12,4,270.3,organic,activation,none,organic
100611,Sat,6,Android,0,1,Female,18.0,Mumbai,MP,0,1,1,0,0,0,1,0,1.1,Apple,Y21,Other,Tamil,Android,16,app,app_store,5,0,225.1,meta,none,none,crm
100612,Tue,7,Android,0,2,Male,33.0,Mumbai,Unknown,1,0,0,0,0,0,1,0,1.2,Vivo,Y21,Airtel,English,Android,17,app,play_store,2,6,320.9,organic,generic,none,crm
100613,Fri,21,iOS,1,1,Male,25.0,Delhi,Unknown,0,0,0,0,0,0,0,0,2.0,Apple,Nord,Airtel,English,Android,13,app,play_store,7,2,389.5,google,remarketing,ag3,crm
100614,Sun,5,iOS,0,1,Male,29.0,Delhi,Unknown,0,0,0,0,0,1,0,0,2.0,Oppo,Nord,Other,Bengali,Android,15,app,app_store,3,3,151.4,influencer,activation,ag2,organic
100615,Tue,20,Android,0,1,Female,26.0,Pune,Rajasthan,0,0,0,0,0,0,0,0,2.1,Apple,Nord,Airtel,Tamil,Android,13,app,play_store,9,5,79.3,meta,generic,ag2,paid
100616,Fri,15,iOS,0,1,Female,18.0,Unknown,Karnataka,0,0,0,0,0,0,0,1,1.0,Apple,iPhone 13,BSNL,Bengali,Android,12,app,play_store,7,4,51.7,organic,none,none,paid
100617,Wed,10,Android,0,1,Male,24.0,Mumbai,Rajasthan,0,0,0,0,0,0,0,0,2.0,Samsung,Reno,Other,Marathi,Android,14,web,app_store,12,3,87.3,referral,none,none,none
100618,Sun,5,Android,1,1,Female,33.0,Indore,Karnataka,0,0,0,0,0,1,0,0,1.1,Xiaomi,Nord,Jio,Marathi,Android,15,app,play_store,15,3,254.4,influencer,brand,none,none
100619,Sun,2,Android,0,2,Male,26.0,Delhi,Delhi,0,0,0,0,1,1,0,1,2.0,Apple,iPhone 13,Other,English,Android,15,app,play_store,9,4,326.5,organic,remarketing,ag1,crm
100620,Sun,16,Android,1,1,Male,24.0,Pune,Karnataka,0,0,0,0,0,0,0,0,2.1,Xiaomi,Reno,Vi,Bengali,iOS,14,app,app_store,6,5,692.3,google,generic,ag1,paid
100621,Sat,15,Android,1,1,Male,31.0,Jaipur,Maharashtra,0,0,0,0,1,0,0,0,1.2,Vivo,Nord,Airtel,English,iOS,16,app,play_store,10,2,290.7,influencer,activation,ag2,paid
100622,Tue,13,iOS,0,1,Unknown,30.0,Pune,Karnataka,0,0,0,0,0,1,0,0,2.1,OnePlus,Nord,Airtel,Tamil,Android,12,app,app_store,10,5,596.8,referral,generic,ag2,crm
100623,Mon,6,Android,0,1,Female,34.0,Jaipur,Rajasthan,0,0,0,0,0,0,1,0,2.0,OnePlus,Nord,Jio,Marathi,Android,11,app,app_store,6,2,359.1,organic,none,none,none
100624,Sat,9,Android,0,1,Unknown,27.0,Mumbai,Maharashtra,0,1,0,1,0,0,0,0,2.1,Apple,A12,BSNL,English,Android,14,app,play_store,5,5,725.8,influencer,generic,none,organic
100625,Wed,8,iOS,0,1,Unknown,35.0,Unknown,Maharashtra,0,0,0,0,0,0,0,0,1.2,Samsung,Y21,Other,Bengali,iOS,14,app,app_store,9,2,320.2,referral,none,none,organic
100626,Sat,0,Android,0,1,Male,35.0,Delhi,Karnataka,1,1,0,0,0,1,0,0,2.0,OnePlus,A12,Airtel,Bengali,Android,14,app,play_store,6,6,321.1,influencer,activation,ag3,none
100627,Sat,22,Android,1,1,Male,36.0,Unknown,Maharashtra,0,1,0,0,0,0,0,0,1.2,Samsung,Reno,Other,Bengali,iOS,15,app,play_store,10,3,510.8,google,generic,ag2,none
100628,Sat,15,Android,0,1,Male,31.0,Delhi,Delhi,1,0,1,0,0,0,0,0,1.0,OnePlus,iPhone 13,Jio,English,iOS,12,app,play_store,10,3,44.3,organic,brand,ag3,organic
100629,Mon,12,Android,1,1,Male,25.0,Bangalore,Unknown,0,0,0,0,0,0,0,0,1.0,Xiaomi,A12,BSNL,Hindi,Android,14,app,play_store,8,2,160.0,referral,brand,ag3,paid
100630,Fri,8,Android,1,1,Female,30.0,Mumbai,Maharashtra,0,1,0,0,0,0,0,0,1.1,Oppo,iPhone 13,BSNL,Tamil,Android,17,app,app_store,3,8,11.5,meta,none,ag3,paid
100631,Fri,23,Web,0,1,Male,26.0,Jaipur,Karnataka,1,0,1,1,0,1,0,0,2.0,Vivo,Nord,Jio,Bengali,iOS,11,app,app_store,6,5,1461.4,meta,none,ag1,paid
100632,Mon,17,iOS,1,1,Unknown,27.0,Mumbai,MP,0,0,0,0,0,1,0,0,2.0,Vivo,Y21,Other,Bengali,iOS,17,web,play_store,6,5,157.1,organic,none,ag1,none
100633,Thu,23,Android,0,1,Female,30.0,Bangalore,Rajasthan,0,0,0,0,0,0,0,0,1.0,OnePlus,Note 10,Vi,Hindi,Android,16,app,play_store,3,2,60.5,influencer,brand,ag1,organic
100634,Thu,14,Android,1,2,Female,24.0,Unknown,Karnataka,0,0,0,0,0,1,0,0,1.1,Vivo,Reno,Airtel,Tamil,Android,14,app,app_store,6,0,694.8,google,none,ag1,none
100635,Sat,20,Android,1,1,Male,28.0,Indore,Unknown,1,0,0,1,0,1,0,0,2.1,Xiaomi,Y21,BSNL,Hindi,Android,12,app,app_store,15,4,678.2,influencer,activation,ag1,organic
100636,Sat,21,Android,0,1,Female,32.0,Unknown,Rajasthan,1,1,0,1,0,0,0,0,1.0,Apple,Nord,Jio,Tamil,Android,13,app,play_store,9,1,195.2,influencer,brand,none,organic
100637,Wed,14,Android,0,1,Female,43.0,Delhi,MP,0,1,0,0,0,0,0,0,1.1,Apple,A12,Airtel,Tamil,Android,16,app,play_store,6,1,966.0,referral,generic,none,crm
100638,Fri,16,Android,1,1,Male,33.0,Delhi,Delhi,1,1,0,0,0,0,0,0,2.1,OnePlus,Reno,Other,Tamil,iOS,15,app,play_store,9,3,47.8,meta,none,ag1,paid
100639,Sun,3,Android,0,2,Male,30.0,Mumbai,MP,0,0,0,0,0,0,0,0,1.0,OnePlus,A12,Airtel,Bengali,Android,12,app,play_store,4,2,137.7,google,remarketing,ag3,crm
100640,Wed,18,Android,0,1,Female,37.0,Mumbai,Delhi,0,0,0,1,0,0,1,0,1.0,Xiaomi,Note 10,Airtel,Hindi,Android,12,web,play_store,11,2,374.0,organic,none,ag3,paid
100641,Mon,9,Web,0,1,Male,35.0,Delhi,Unknown,0,1,0,0,0,1,0,0,1.1,Xiaomi,iPhone 13,Vi,Marathi,Android,12,app,play_store,9,2,788.6,google,remarketing,ag3,none
100642,Sun,11,Android,0,2,Male,37.0,Mumbai,Maharashtra,0,0,0,1,0,0,0,0,2.0,Samsung,Nord,Airtel,Hindi,iOS,17,app,app_store,8,2,527.9,referral,activation,ag1,organic
100643,Thu,4,Android,0,1,Male,42.0,Pune,MP,0,1,0,0,0,1,0,0,2.0,Vivo,Nord,Other,Hindi,Android,16,app,play_store,7,2,1148.0,meta,generic,ag3,paid
100644,Fri,9,Android,1,4,Male,29.0,Delhi,MP,0,1,0,0,0,0,0,1,1.2,OnePlus,iPhone 13,Other,Hindi,Android,17,app,play_store,7,2,284.8,referral,brand,ag3,crm
100645,Wed,5,Android,0,1,Female,33.0,Unknown,Rajasthan,0,0,0,0,0,0,0,0,2.0,Samsung,Reno,Vi,Bengali,Android,13,app,play_store,9,4,179.1,referral,remarketing,none,paid
100646,Mon,7,iOS,0,1,Male,35.0,Jaipur,Unknown,0,0,0,1,0,0,0,1,2.0,Xiaomi,Note 10,Vi,Bengali,Android,12,app,play_store,6,3,172.5,meta,activation,ag1,none
100647,Sun,16,iOS,1,1,Unknown,37.0,Indore,Delhi,1,0,0,1,0,0,0,0,2.0,Apple,Reno,BSNL,Hindi,Android,12,app,play_store,7,4,270.4,meta,none,ag1,crm
100648,Sun,13,iOS,0,1,Male,18.0,Pune,Rajasthan,0,0,0,0,0,1,0,0,1.2,Apple,Reno,BSNL,Marathi,Android,13,app,app_store,9,4,124.8,organic,activation,ag2,paid
100649,Tue,1,Web,0,1,Male,24.0,Jaipur,Unknown,0,1,1,0,0,0,0,0,1.1,Apple,Reno,Vi,Marathi,Android,14,app,play_store,6,1,428.8,google,none,ag2,paid
100650,Mon,7,iOS,0,1,Male,42.0,Jaipur,Maharashtra,1,0,0,0,0,0,0,0,1.0,OnePlus,Reno,Other,Bengali,Android,13,app,web,14,2,131.8,influencer,generic,none,organic
100651,Sun,2,Android,0,1,Male,40.0,Mumbai,MP,1,0,1,1,0,0,1,1,1.1,Oppo,Nord,Other,Tamil,iOS,17,app,web,4,4,109.6,google,remarketing,ag2,crm
100652,Wed,14,Android,0,1,Male,29.0,Indore,Delhi,0,1,0,0,0,1,0,0,1.0,Xiaomi,iPhone 13,Airtel,Marathi,Android,15,app,app_store,7,0,102.8,referral,activation,none,none
100653,Tue,19,Android,1,1,Male,29.0,Unknown,Maharashtra,0,0,0,0,0,1,0,0,1.0,Xiaomi,Nord,Other,Bengali,Android,12,app,play_store,8,4,245.4,organic,remarketing,ag3,paid
100654,Thu,4,Android,0,1,Male,44.0,Pune,Unknown,1,0,0,0,1,0,0,0,2.1,Xiaomi,Note 10,BSNL,Bengali,iOS,11,app,app_store,9,2,126.4,influencer,activation,ag1,none
100655,Tue,3,iOS,0,1,Female,42.0,Delhi,Rajasthan,0,0,0,0,0,0,0,1,2.0,Vivo,Reno,Other,English,Android,13,app,web,5,1,80.7,influencer,none,ag2,none
100656,Mon,6,iOS,0,1,Male,34.0,Unknown,Karnataka,0,0,0,0,0,0,0,1,1.0,OnePlus,Nord,Airtel,Hindi,Android,16,web,play_store,3,7,162.6,google,remarketing,ag1,crm
100657,Tue,20,Android,0,1,Female,22.0,Pune,Rajasthan,1,0,0,0,0,1,0,1,1.1,Samsung,Y21,Vi,Marathi,iOS,16,app,app_store,12,1,601.8,influencer,activation,ag1,paid
100658,Sat,4,Android,1,1,Male,33.0,Mumbai,Delhi,0,0,0,0,0,0,0,0,1.2,OnePlus,Y21,Vi,English,Android,14,app,web,10,3,51.3,influencer,activation,none,paid
100659,Sat,17,iOS,0,1,Male,28.0,Pune,Delhi,0,0,0,0,0,1,1,0,1.1,Xiaomi,Reno,Airtel,English,Android,14,app,play_store,11,3,52.1,referral,generic,ag2,crm
100660,Thu,11,Android,0,1,Female,22.0,Delhi,Rajasthan,0,0,0,0,0,0,0,0,1.1,Samsung,Note 10,Airtel,Tamil,iOS,11,app,play_store,9,5,341.0,referral,generic,ag2,organic
100661,Fri,18,Android,0,1,Male,27.0,Mumbai,MP,0,0,0,1,0,0,0,0,1.0,Apple,A12,Other,Bengali,Android,13,web,play_store,9,4,402.9,meta,brand,ag1,crm
100662,Wed,6,Android,0,3,Male,32.0,Jaipur,Rajasthan,0,0,0,0,0,0,0,0,2.0,Vivo,Y21,Vi,English,iOS,12,app,app_store,7,5,203.0,google,brand,ag1,crm
100663,Sat,11,iOS,0,4,Female,42.0,Unknown,MP,0,1,0,0,0,1,0,0,2.1,Apple,Reno,Jio,English,Android,12,app,play_store,7,4,979.5,organic,brand,ag3,paid
100664,Wed,20,Web,0,1,Male,33.0,Pune,MP,0,0,0,0,0,0,0,0,1.0,Vivo,Note 10,Other,Hindi,iOS,16,app,play_store,9,4,333.4,referral,none,ag3,crm
100665,Tue,20,Android,1,1,Male,37.0,Delhi,Unknown,1,0,0,0,0,0,0,0,1.1,Xiaomi,Note 10,Vi,Hindi,Android,15,app,app_store,5,5,60.3,organic,none,ag2,none
100666,Sat,6,Android,1,2,Male,32.0,Pune,Rajasthan,1,0,0,1,0,0,0,0,1.0,OnePlus,Reno,Vi,Marathi,iOS,13,app,play_store,11,2,670.1,google,none,ag2,organic
100667,Tue,4,Android,0,1,Male,34.0,Mumbai,Karnataka,1,0,0,0,0,1,0,0,2.1,Xiaomi,iPhone 13,Vi,Hindi,Android,11,app,play_store,6,0,124.0,influencer,none,ag2,crm
100668,Sun,18,iOS,1,1,Female,30.0,Jaipur,Rajasthan,0,0,0,0,0,0,0,0,1.2,Oppo,Nord,Jio,English,Android,16,app,play_store,8,2,937.9,organic,remarketing,none,paid
100669,Thu,19,Android,0,1,Male,32.0,Pune,MP,0,0,0,1,0,1,0,0,1.1,Xiaomi,Y21,Jio,Tamil,Android,12,app,play_store,11,1,100.9,organic,generic,none,none
100670,Fri,2,iOS,0,1,Male,23.0,Jaipur,Unknown,0,0,1,0,0,1,0,0,1.2,Oppo,Y21,BSNL,Marathi,Android,17,app,play_store,8,5,115.7,influencer,activation,none,crm
100671,Sat,16,iOS,0,2,Male,29.0,Delhi,MP,0,0,0,0,0,1,0,0,2.1,Samsung,Note 10,Vi,English,Android,14,app,play_store,5,1,556.8,google,brand,ag3,paid
100672,Tue,5,Android,0,1,Male,21.0,Unknown,Karnataka,0,0,0,1,0,0,0,0,1.2,Samsung,Y21,Airtel,Bengali,Android,14,app,play_store,11,3,374.7,google,none,ag3,crm
100673,Wed,21,Android,0,1,Male,37.0,Unknown,Unknown,0,0,0,0,0,0,0,1,1.2,Vivo,iPhone 13,Vi,Marathi,Android,14,app,play_store,7,1,673.9,meta,generic,ag1,none
100674,Mon,17,Android,0,1,Female,38.0,Jaipur,Unknown,0,0,0,0,0,0,0,0,2.1,Samsung,iPhone 13,BSNL,Tamil,iOS,13,app,play_store,8,5,251.2,google,activation,ag2,organic
100675,Mon,17,iOS,1,1,Male,33.0,Unknown,Rajasthan,0,0,0,1,0,0,0,0,2.0,OnePlus,A12,Other,Tamil,Android,12,app,play_store,10,1,46.4,influencer,none,ag3,paid
100676,Sat,22,Android,0,1,Female,25.0,Mumbai,MP,0,0,0,0,0,0,0,0,2.1,Xiaomi,Note 10,Vi,English,Android,13,app,play_store,9,2,501.5,organic,brand,none,none
100677,Fri,3,Android,0,1,Female,29.0,Unknown,Unknown,0,1,0,0,0,1,0,0,1.1,Apple,Nord,Vi,English,iOS,14,app,play_store,8,4,1251.7,google,activation,none,organic
100678,Wed,6,iOS,0,3,Male,49.0,Bangalore,Maharashtra,0,1,0,0,0,1,0,0,1.0,Apple,Y21,Airtel,Hindi,iOS,14,app,play_store,8,0,42.3,meta,brand,none,organic
100679,Thu,14,Android,1,1,Male,41.0,Delhi,Rajasthan,1,1,0,0,0,0,0,1,2.0,Samsung,Nord,BSNL,Hindi,Android,17,app,play_store,10,4,739.5,influencer,none,ag2,organic
100680,Sat,18,Android,0,1,Male,29.0,Unknown,Maharashtra,0,0,0,0,0,0,1,1,2.1,Oppo,iPhone 13,Jio,English,Android,11,app,play_store,6,2,312.9,influencer,remarketing,ag3,crm
100681,Wed,8,Android,0,1,Male,25.0,Mumbai,Unknown,1,1,0,0,0,0,0,0,1.0,Apple,Y21,Jio,Marathi,iOS,11,app,play_store,7,4,206.5,google,brand,ag3,organic
100682,Sun,0,Android,1,1,Male,31.0,Unknown,Maharashtra,0,0,0,0,0,0,0,0,2.1,Samsung,iPhone 13,Other,Bengali,Android,12,app,app_store,5,1,388.4,referral,remarketing,none,organic
100683,Tue,13,Android,1,1,Female,31.0,Mumbai,Rajasthan,1,0,0,0,0,0,0,1,2.1,OnePlus,Reno,Airtel,Tamil,iOS,12,app,play_store,7,4,389.4,influencer,none,none,paid
100684,Thu,17,iOS,0,1,Female,18.0,Pune,Unknown,0,0,0,1,0,0,0,0,1.0,OnePlus,Y21,Jio,Bengali,iOS,17,app,play_store,7,2,381.4,meta,activation,ag2,none
100685,Fri,6,Android,0,1,Male,25.0,Mumbai,Delhi,1,1,0,1,0,0,0,0,2.0,Samsung,A12,BSNL,Marathi,Android,11,app,web,5,0,68.6,meta,none,none,organic
100686,Wed,23,iOS,1,1,Unknown,29.0,Mumbai,Rajasthan,1,0,0,0,0,0,0,0,2.1,OnePlus,Y21,Jio,English,Android,16,app,play_store,12,3,355.1,meta,activation,ag2,crm
100687,Sun,19,iOS,0,1,Male,30.0,Unknown,Unknown,0,0,0,0,0,0,0,0,1.0,Xiaomi,Reno,Jio,Marathi,Android,13,app,app_store,10,4,921.6,influencer,activation,ag2,crm
100688,Wed,21,Android,0,1,Female,39.0,Delhi,Unknown,0,0,0,0,0,0,0,0,1.0,Oppo,Note 10,Other,Bengali,Android,12,app,play_store,7,6,644.1,influencer,brand,ag3,paid
100689,Wed,23,Android,1,1,Male,21.0,Jaipur,MP,1,1,0,0,0,0,0,1,1.0,Apple,Nord,Other,Bengali,Android,17,app,play_store,5,0,258.6,google,brand,ag3,crm
100690,Sat,10,Android,1,1,Male,26.0,Jaipur,Karnataka,0,0,0,0,0,1,0,0,1.0,Samsung,Reno,BSNL,Tamil,iOS,16,app,play_store,4,1,182.8,organic,remarketing,ag2,paid
100691,Wed,16,Android,0,1,Unknown,34.0,Bangalore,Rajasthan,0,0,0,0,0,0,0,0,1.2,Apple,Nord,Vi,Bengali,Android,14,app,play_store,6,3,843.8,meta,activation,ag1,none
100692,Sun,2,iOS,0,1,Male,37.0,Jaipur,Maharashtra,0,0,0,0,1,1,0,0,2.1,Xiaomi,Y21,Jio,Hindi,Android,12,app,play_store,9,6,222.7,influencer,none,ag1,crm
100693,Wed,2,iOS,1,1,Female,37.0,Mumbai,Rajasthan,1,0,0,0,1,0,0,0,2.0,Xiaomi,Note 10,Jio,Tamil,iOS,17,app,play_store,5,2,212.2,meta,remarketing,ag2,paid
100694,Sun,5,iOS,0,1,Female,21.0,Delhi,Maharashtra,0,1,0,1,0,0,0,0,1.2,Samsung,A12,Vi,Tamil,Android,17,app,web,5,5,296.9,organic,remarketing,ag1,paid
100695,Wed,23,Android,1,1,Female,35.0,Jaipur,Unknown,0,1,0,1,0,0,0,0,2.1,Samsung,Nord,Vi,Tamil,Android,12,app,play_store,9,1,55.6,influencer,remarketing,ag1,crm
100696,Wed,14,Android,1,1,Female,29.0,Unknown,Karnataka,0,0,0,0,0,0,0,1,1.0,Vivo,iPhone 13,Vi,Bengali,Android,14,app,play_store,12,2,875.8,referral,remarketing,ag3,none
100697,Thu,23,Android,1,1,Male,33.0,Mumbai,Rajasthan,0,0,0,0,0,0,0,0,1.2,Vivo,Y21,Airtel,English,Android,13,app,play_store,5,5,221.3,organic,activation,none,none
100698,Fri,5,Android,1,1,Unknown,34.0,Delhi,Unknown,0,1,0,0,0,1,0,0,1.0,Samsung,Note 10,Vi,Marathi,Android,17,app,play_store,11,4,213.9,influencer,none,none,none
100699,Thu,5,Android,0,1,Unknown,18.0,Delhi,Delhi,0,1,0,1,0,0,0,0,1.1,Oppo,A12,Airtel,Hindi,Android,12,app,play_store,8,1,253.8,influencer,remarketing,ag2,crm
100700,Tue,10,Android,0,1,Female,29.0,Unknown,Rajasthan,1,0,0,0,1,0,0,0,2.0,OnePlus,Nord,Airtel,Marathi,iOS,14,app,app_store,7,4,143.3,referral,generic,none,paid
100701,Sat,18,Android,0,1,Male,24.0,Unknown,Unknown,0,0,0,0,0,1,0,0,2.0,Apple,Note 10,Airtel,Hindi,iOS,12,app,app_store,6,3,190.9,organic,none,none,paid
100702,Fri,20,iOS,1,2,Male,34.0,Unknown,MP,0,0,0,0,0,0,0,0,1.1,Samsung,A12,BSNL,Bengali,Android,15,app,play_store,5,1,47.0,organic,generic,none,none
100703,Mon,10,iOS,1,1,Male,24.0,Mumbai,Maharashtra,1,0,0,0,0,0,0,0,1.1,Samsung,Note 10,Vi,Marathi,Android,14,app,app_store,7,3,74.2,organic,remarketing,ag1,crm
100704,Wed,18,Android,0,1,Male,41.0,Mumbai,Maharashtra,0,0,0,0,0,0,0,0,1.1,Apple,A12,Vi,Bengali,Android,14,app,play_store,8,4,250.7,organic,none,none,organic
100705,Sun,10,Web,0,1,Male,20.0,Pune,MP,1,0,1,0,0,0,0,1,2.0,OnePlus,Note 10,Other,Marathi,Android,12,app,play_store,6,2,504.4,google,generic,ag2,paid
100706,Fri,19,Android,0,1,Female,29.0,Mumbai,Rajasthan,0,0,1,0,0,0,0,0,1.0,Xiaomi,A12,Jio,Marathi,Android,11,app,play_store,9,4,278.6,google,generic,ag3,organic
100707,Thu,23,Web,0,1,Male,29.0,Jaipur,Karnataka,1,1,0,0,0,0,0,0,2.1,Samsung,Reno,Airtel,Marathi,Android,16,app,play_store,7,1,608.4,google,none,none,crm
100708,Fri,3,Android,1,1,Male,32.0,Jaipur,Rajasthan,0,1,0,0,0,0,0,0,1.0,Xiaomi,A12,Airtel,Marathi,Android,15,app,play_store,8,1,465.8,google,generic,ag1,none
100709,Fri,17,Web,0,1,Female,18.0,Indore,Unknown,0,0,0,0,0,0,0,0,1.1,Apple,Y21,Airtel,Bengali,Android,12,app,play_store,9,2,610.9,referral,brand,ag1,crm
100710,Tue,11,Android,1,1,Female,39.0,Bangalore,MP,0,0,0,0,0,0,0,0,2.0,Oppo,Note 10,Vi,Marathi,Android,12,app,app_store,7,3,289.6,meta,activation,ag2,none
100711,Tue,9,Android,0,2,Female,32.0,Jaipur,Rajasthan,0,0,0,0,0,0,0,0,2.1,Oppo,Reno,Airtel,English,Android,15,app,play_store,13,4,634.0,meta,activation,ag1,paid
100712,Fri,9,Android,1,1,Female,18.0,Unknown,Delhi,1,0,0,0,0,1,0,1,2.1,Samsung,Reno,Airtel,English,Android,16,app,play_store,4,2,465.9,meta,activation,none,organic
100713,Mon,4,iOS,1,1,Male,33.0,Bangalore,MP,1,1,0,1,0,0,0,0,2.0,Oppo,Reno,BSNL,Bengali,iOS,17,app,play_store,3,4,948.7,influencer,remarketing,ag1,organic
100714,Sun,19,Android,0,1,Unknown,37.0,Pune,Delhi,0,0,0,0,0,0,0,0,2.0,Apple,iPhone 13,Vi,Bengali,Android,16,app,play_store,11,0,118.8,meta,none,none,organic
100715,Sun,1,Android,0,1,Unknown,27.0,Pune,Delhi,0,1,0,0,0,0,0,0,1.0,Apple,Nord,Vi,English,Android,17,app,play_store,4,2,178.3,referral,activation,ag1,paid
100716,Fri,15,Android,0,1,Male,22.0,Bangalore,Karnataka,0,1,0,0,0,0,0,0,2.0,Oppo,Nord,Other,Bengali,iOS,16,app,play_store,4,1,231.2,organic,remarketing,ag3,none
100717,Thu,15,Android,0,1,Male,37.0,Bangalore,MP,0,0,0,1,0,1,0,0,1.1,Vivo,A12,Airtel,Marathi,Android,12,app,play_store,3,6,52.7,meta,remarketing,none,none
100718,Wed,19,Android,0,1,Male,30.0,Delhi,Karnataka,0,0,0,1,0,0,0,0,2.0,Samsung,Nord,Jio,Bengali,Android,15,app,app_store,13,2,38.4,referral,activation,ag2,paid
100719,Thu,18,Android,0,1,Female,18.0,Delhi,MP,0,0,0,0,0,0,0,0,2.0,Vivo,iPhone 13,BSNL,Marathi,Android,12,app,play_store,7,1,121.3,influencer,brand,ag2,organic
100720,Fri,2,Android,0,2,Male,20.0,Bangalore,Delhi,1,0,0,0,0,0,1,0,1.1,Apple,Y21,Jio,Hindi,Android,16,app,play_store,6,1,445.0,google,activation,none,organic
100721,Mon,15,Android,0,1,Male,33.0,Bangalore,Maharashtra,0,0,1,1,1,0,0,0,2.1,Apple,Y21,Jio,Marathi,Android,14,app,play_store,6,3,201.7,organic,remarketing,ag3,none
100722,Sun,14,Android,0,1,Male,24.0,Delhi,Rajasthan,0,0,0,0,0,1,0,1,2.0,OnePlus,Reno,Airtel,Bengali,Android,13,app,play_store,5,2,177.4,influencer,none,ag3,none
100723,Sun,16,Android,0,1,Unknown,34.0,Delhi,Maharashtra,0,1,0,0,0,0,0,1,1.0,Samsung,iPhone 13,Other,Bengali,iOS,16,app,app_store,5,2,320.3,google,remarketing,ag2,crm
100724,Sun,10,Android,1,1,Female,37.0,Indore,MP,0,0,0,0,0,0,0,0,2.1,Samsung,Reno,Jio,English,Android,13,app,play_store,7,1,230.9,referral,generic,ag2,none
100725,Sun,7,Android,0,3,Female,40.0,Indore,Maharashtra,1,0,0,1,0,0,0,0,1.0,Apple,iPhone 13,Vi,Marathi,Android,16,app,play_store,5,2,305.4,meta,brand,ag3,none
100726,Thu,1,Android,0,1,Female,19.0,Indore,Karnataka,0,0,1,0,0,0,0,0,1.2,Vivo,Nord,Jio,Bengali,Android,16,web,play_store,6,4,590.6,google,generic,ag2,crm
100727,Sat,10,Android,0,2,Male,31.0,Delhi,MP,0,0,0,0,1,0,0,1,1.1,Oppo,A12,Vi,Marathi,Android,17,web,play_store,7,3,425.8,organic,brand,ag2,organic
100728,Sun,3,iOS,0,1,Female,29.0,Indore,Karnataka,1,1,0,0,0,0,0,0,1.0,OnePlus,A12,Jio,Marathi,Android,16,app,play_store,5,4,557.2,meta,brand,ag3,organic
100729,Mon,16,iOS,0,1,Female,26.0,Delhi,MP,0,0,1,0,0,0,0,1,1.2,Apple,Note 10,Vi,English,iOS,15,app,app_store,7,4,320.5,google,brand,ag3,organic
100730,Sat,19,Android,0,1,Unknown,47.0,Bangalore,Unknown,0,0,0,0,0,0,0,0,2.0,Oppo,Nord,Other,Tamil,Android,17,app,app_store,5,4,329.1,google,generic,none,crm
100731,Tue,23,Web,1,2,Female,25.0,Delhi,Unknown,1,0,0,0,0,0,0,0,2.0,Vivo,Note 10,Vi,Marathi,Android,16,app,play_store,11,4,332.2,referral,activation,ag2,none
100732,Sun,8,Web,0,1,Female,26.0,Delhi,MP,0,1,0,0,1,0,0,0,1.1,Samsung,A12,Vi,Marathi,Android,12,app,play_store,5,4,824.4,google,generic,ag1,organic
100733,Wed,16,Android,1,1,Male,26.0,Unknown,MP,0,0,0,0,0,0,0,0,1.0,Vivo,Y21,Airtel,Tamil,Android,16,app,play_store,12,2,563.0,influencer,none,ag1,crm
100734,Tue,19,Web,1,1,Female,23.0,Unknown,Unknown,0,0,0,0,0,0,0,0,1.2,Samsung,A12,Vi,Hindi,Android,11,app,play_store,6,6,128.0,referral,generic,none,crm
100735,Wed,1,Android,0,1,Female,35.0,Bangalore,MP,0,0,0,0,0,1,0,0,2.0,Apple,A12,Jio,Tamil,Android,13,app,app_store,7,1,185.5,google,brand,ag1,organic
100736,Fri,2,Android,0,1,Male,43.0,Delhi,Karnataka,0,0,0,0,0,0,0,0,2.1,Oppo,iPhone 13,BSNL,Tamil,iOS,13,app,app_store,3,2,774.2,organic,remarketing,none,none
100737,Tue,20,Android,0,1,Female,30.0,Unknown,Maharashtra,0,0,0,0,0,0,0,0,1.2,OnePlus,Nord,Airtel,Bengali,Android,13,app,play_store,11,6,549.2,referral,generic,ag2,none
100738,Sat,8,Android,0,1,Male,18.0,Delhi,MP,1,0,0,0,1,0,0,0,1.1,Apple,Nord,Vi,Bengali,Android,11,app,play_store,11,0,260.7,organic,generic,none,crm
100739,Mon,21,iOS,0,1,Male,31.0,Bangalore,Unknown,0,0,0,0,0,0,0,0,2.0,Apple,Y21,Airtel,Hindi,Android,13,app,play_store,11,3,170.2,meta,activation,ag3,crm
100740,Tue,22,Android,0,1,Male,24.0,Jaipur,MP,0,0,0,1,1,0,0,0,1.1,Apple,Note 10,Jio,Bengali,Android,16,app,play_store,8,3,213.5,meta,activation,ag2,crm
100741,Fri,4,iOS,0,1,Male,18.0,Unknown,MP,1,0,0,0,0,1,0,0,2.0,Apple,Note 10,Jio,Marathi,Android,13,app,play_store,10,1,134.3,google,remarketing,ag1,crm
100742,Sun,3,Android,1,4,Male,26.0,Bangalore,Unknown,0,1,0,0,1,0,0,0,1.0,Xiaomi,iPhone 13,Airtel,Tamil,Android,13,app,play_store,10,2,740.0,meta,remarketing,ag3,paid
100743,Fri,14,Web,0,1,Male,47.0,Indore,Maharashtra,0,0,1,0,0,1,0,1,2.0,Oppo,Note 10,Airtel,Bengali,Android,11,app,play_store,7,1,331.7,google,remarketing,ag1,none
100744,Thu,2,Android,1,1,Unknown,41.0,Pune,Karnataka,1,0,0,0,0,0,0,0,1.0,Vivo,Nord,BSNL,Tamil,Android,14,app,play_store,7,3,234.2,google,activation,none,paid
100745,Thu,1,Android,0,1,Female,26.0,Unknown,Maharashtra,0,0,0,0,0,1,0,0,1.2,Apple,iPhone 13,Other,Bengali,Android,17,app,app_store,9,2,330.0,organic,remarketing,ag2,none
100746,Thu,14,Android,1,1,Male,32.0,Unknown,Delhi,0,0,0,0,0,0,0,0,1.2,Xiaomi,Reno,Jio,English,iOS,15,app,play_store,12,3,340.2,referral,none,ag3,crm
100747,Fri,22,Android,0,1,Female,35.0,Unknown,Karnataka,0,0,0,0,0,0,0,0,1.1,Vivo,iPhone 13,Other,Tamil,iOS,13,web,app_store,5,1,92.2,referral,activation,none,crm
100748,Tue,6,Android,0,1,Male,31.0,Jaipur,Karnataka,0,0,1,0,0,0,0,0,1.1,Oppo,Note 10,Jio,Hindi,Android,14,app,app_store,8,6,361.6,google,activation,ag2,paid
100749,Sun,21,iOS,1,1,Male,20.0,Unknown,Rajasthan,0,1,0,0,0,0,1,0,2.0,Apple,Reno,Airtel,Hindi,Android,13,app,play_store,5,4,500.7,influencer,activation,ag2,organic
100750,Mon,11,Android,0,1,Female,31.0,Indore,Maharashtra,1,0,0,0,0,0,1,0,2.1,Vivo,iPhone 13,Jio,English,Android,13,app,play_store,7,4,171.5,influencer,activation,none,none
100751,Wed,5,Android,0,3,Male,30.0,Mumbai,Unknown,1,0,1,0,1,0,0,0,1.1,Vivo,Note 10,Vi,Marathi,Android,11,app,play_store,3,3,852.7,organic,generic,ag1,crm
100752,Wed,3,Android,1,1,Male,18.0,Pune,Karnataka,0,0,0,1,1,0,0,0,1.1,OnePlus,Nord,BSNL,Marathi,Android,14,app,play_store,2,2,328.3,google,none,none,organic
100753,Fri,19,Android,0,4,Male,31.0,Pune,MP,0,1,0,0,0,0,0,0,2.1,OnePlus,A12,Vi,Bengali,Android,12,app,play_store,4,4,349.0,meta,activation,ag3,paid
100754,Sun,19,Android,0,1,Male,37.0,Indore,Karnataka,1,0,0,0,0,0,0,0,2.1,Vivo,Reno,Airtel,English,Android,13,app,play_store,6,3,640.0,organic,generic,ag2,crm
100755,Wed,16,Android,0,1,Unknown,37.0,Delhi,Delhi,0,1,0,1,0,1,0,0,2.0,Oppo,iPhone 13,Jio,English,Android,12,app,play_store,8,2,548.2,meta,activation,ag1,paid
100756,Tue,2,Android,0,1,Female,35.0,Mumbai,Maharashtra,0,0,0,0,0,0,0,0,1.1,Vivo,Reno,Vi,Tamil,Android,15,app,play_store,7,2,127.9,influencer,none,ag2,none
100757,Fri,16,Android,1,1,Female,27.0,Indore,Rajasthan,0,0,0,0,1,0,0,0,1.2,Xiaomi,Reno,Vi,Tamil,Android,15,app,play_store,5,3,43.3,referral,activation,ag1,none
100758,Fri,10,Android,0,1,Male,18.0,Pune,Maharashtra,0,1,0,0,0,0,0,0,2.1,OnePlus,A12,Airtel,Marathi,iOS,13,web,play_store,5,3,103.3,referral,generic,none,crm
100759,Thu,23,Android,0,1,Unknown,21.0,Delhi,Rajasthan,0,0,0,0,1,0,0,1,2.0,Apple,A12,Airtel,Hindi,Android,12,app,play_store,6,4,404.3,organic,remarketing,ag3,paid
100760,Fri,10,Android,1,1,Unknown,26.0,Pune,Maharashtra,0,0,0,0,0,0,0,0,1.1,Vivo,Reno,Other,Tamil,iOS,17,app,app_store,3,3,465.1,google,activation,ag2,none
100761,Fri,23,Android,0,1,Unknown,37.0,Delhi,Unknown,0,0,0,0,0,0,0,0,2.0,Apple,Note 10,Airtel,Bengali,Android,16,app,play_store,13,0,114.5,google,none,ag3,none
100762,Sun,16,Web,0,1,Male,27.0,Mumbai,Maharashtra,1,0,0,1,0,1,0,0,1.1,Xiaomi,Reno,Airtel,English,iOS,16,app,play_store,11,3,418.9,google,none,ag1,none
100763,Thu,4,Android,0,1,Male,26.0,Mumbai,Maharashtra,1,1,0,0,0,0,0,0,1.2,Oppo,Note 10,Other,Tamil,iOS,13,web,play_store,5,4,275.4,meta,remarketing,ag1,organic
100764,Tue,2,Android,0,4,Female,35.0,Bangalore,MP,0,0,0,0,0,0,0,0,2.1,OnePlus,Reno,Other,Hindi,Android,16,app,play_store,6,3,404.7,referral,none,ag3,crm
100765,Tue,20,Android,0,1,Female,26.0,Jaipur,Unknown,1,0,0,0,0,0,0,0,1.1,Vivo,iPhone 13,Vi,English,Android,14,app,play_store,6,2,760.8,referral,remarketing,none,crm
100766,Sat,0,Android,1,1,Male,28.0,Bangalore,Delhi,1,0,0,0,0,0,0,0,1.0,Xiaomi,Reno,Jio,Marathi,Android,12,app,app_store,9,3,183.2,meta,activation,none,paid
100767,Mon,8,iOS,0,1,Male,18.0,Delhi,Karnataka,0,0,0,0,0,0,0,0,2.0,Samsung,Reno,Jio,Hindi,Android,16,app,play_store,6,1,766.1,organic,none,none,crm
100768,Sun,16,Android,1,1,Male,23.0,Bangalore,Delhi,0,0,0,1,0,0,0,0,1.0,Apple,iPhone 13,Jio,Marathi,Android,15,web,play_store,7,2,892.7,organic,remarketing,none,none
100769,Fri,8,Android,1,1,Male,30.0,Bangalore,MP,1,1,0,0,0,1,0,0,2.1,Apple,Nord,Other,Tamil,iOS,11,app,web,8,3,669.4,google,brand,ag2,organic
100770,Tue,2,Android,0,1,Female,40.0,Pune,Delhi,1,0,0,0,0,1,0,0,2.1,Apple,Y21,BSNL,Hindi,iOS,11,app,play_store,7,4,650.5,influencer,none,ag1,paid
100771,Sun,7,Android,0,1,Male,28.0,Unknown,MP,1,1,0,0,0,0,0,0,1.0,Samsung,A12,Jio,Marathi,Android,17,app,play_store,9,7,260.9,organic,activation,ag3,paid
100772,Sun,15,Android,1,4,Male,28.0,Delhi,Unknown,1,0,0,0,0,0,0,0,2.1,OnePlus,iPhone 13,Jio,English,Android,12,app,play_store,5,4,811.2,referral,none,ag1,crm
100773,Fri,20,Android,0,1,Male,27.0,Mumbai,Rajasthan,0,0,1,0,0,0,0,0,1.2,Xiaomi,Reno,Other,Hindi,Android,13,app,app_store,12,5,396.3,meta,remarketing,ag3,organic
100774,Sun,3,Android,0,1,Male,31.0,Indore,Delhi,1,0,0,1,0,0,0,0,1.0,OnePlus,Note 10,Other,Hindi,Android,16,app,app_store,8,3,135.2,organic,none,none,paid
100775,Mon,20,Android,0,1,Male,29.0,Bangalore,Delhi,1,0,0,0,0,1,1,0,1.0,Samsung,A12,BSNL,Hindi,Android,14,app,play_store,9,4,61.7,meta,activation,ag2,none
100776,Fri,5,Android,1,1,Female,25.0,Delhi,Unknown,1,0,1,0,0,0,0,0,2.0,Xiaomi,Note 10,Airtel,Tamil,Android,11,app,play_store,7,6,87.7,google,remarketing,ag2,none
100777,Fri,8,Android,1,1,Male,40.0,Jaipur,MP,1,0,0,0,0,1,0,0,1.0,Xiaomi,Y21,Vi,Marathi,Android,17,app,play_store,7,1,165.0,google,generic,ag1,organic
100778,Wed,2,Android,0,4,Female,30.0,Indore,Rajasthan,0,0,0,0,0,0,0,0,2.0,Apple,Reno,Vi,English,Android,11,app,app_store,10,5,374.4,google,remarketing,ag3,crm
100779,Sun,14,Android,1,1,Male,32.0,Indore,Unknown,0,0,0,0,0,1,0,0,1.0,Vivo,Note 10,Jio,Bengali,Android,16,app,app_store,6,0,937.5,referral,none,ag2,crm
100780,Thu,10,iOS,1,1,Male,30.0,Bangalore,Karnataka,0,0,0,0,0,1,0,0,1.2,Vivo,Reno,Other,Marathi,iOS,15,app,play_store,10,7,697.8,meta,none,none,crm
100781,Fri,21,iOS,1,1,Male,39.0,Indore,Rajasthan,1,0,0,0,0,1,0,1,2.0,Vivo,iPhone 13,BSNL,Bengali,Android,17,app,play_store,11,3,548.1,organic,brand,ag1,crm
100782,Tue,3,Android,0,4,Male,24.0,Unknown,Karnataka,0,1,0,1,0,0,1,1,1.1,Apple,Reno,Airtel,English,iOS,16,app,play_store,14,5,533.0,organic,none,none,paid
100783,Fri,21,Android,1,1,Female,35.0,Jaipur,MP,0,0,0,0,0,0,0,0,2.0,Vivo,Note 10,Airtel,Hindi,Android,17,app,app_store,7,4,396.7,referral,generic,ag3,crm
100784,Wed,16,Android,1,1,Male,35.0,Unknown,Delhi,0,1,0,0,1,0,0,0,1.2,Samsung,Nord,BSNL,Tamil,Android,12,app,app_store,7,0,395.8,referral,brand,none,none
100785,Thu,10,iOS,0,1,Male,41.0,Indore,Rajasthan,1,0,0,1,0,0,0,0,1.1,OnePlus,A12,Vi,Bengali,iOS,13,app,play_store,7,2,275.8,meta,brand,ag3,none
100786,Sat,19,Android,0,2,Female,35.0,Mumbai,Delhi,0,1,0,1,0,0,0,0,2.0,Oppo,Nord,Other,Bengali,Android,13,app,app_store,8,5,148.4,referral,generic,ag1,paid
100787,Fri,14,Android,1,1,Male,28.0,Pune,MP,1,0,0,0,0,1,1,0,1.0,Xiaomi,Nord,BSNL,Marathi,Android,17,app,play_store,6,3,165.3,meta,none,ag1,none
100788,Sat,23,iOS,1,2,Female,44.0,Pune,Karnataka,0,1,0,0,0,0,0,0,2.1,Vivo,Note 10,Vi,Hindi,Android,11,app,play_store,6,3,249.0,meta,remarketing,ag3,none
100789,Sun,12,iOS,0,1,Male,37.0,Indore,Karnataka,1,1,0,0,0,0,0,0,1.1,Samsung,Note 10,Airtel,Bengali,Android,16,app,app_store,10,2,271.6,organic,none,ag1,organic
100790,Mon,9,Android,1,1,Female,43.0,Jaipur,Rajasthan,1,0,0,0,0,0,0,0,2.0,OnePlus,Note 10,Vi,Marathi,Android,11,app,play_store,4,3,64.1,meta,none,ag1,none
100791,Fri,9,iOS,0,1,Male,37.0,Pune,Delhi,0,0,0,0,0,0,1,1,2.1,Samsung,Nord,Other,Tamil,Android,15,app,app_store,8,1,689.7,influencer,generic,ag3,paid
100792,Sun,10,iOS,1,1,Female,27.0,Bangalore,MP,1,0,0,0,0,0,0,0,1.0,Oppo,Y21,BSNL,Tamil,Android,13,app,play_store,7,0,230.6,influencer,remarketing,ag3,none
100793,Thu,20,Android,1,3,Male,34.0,Pune,Delhi,0,0,0,0,1,1,0,0,2.1,Oppo,A12,BSNL,Bengali,iOS,13,web,play_store,6,2,392.8,influencer,generic,ag1,crm
100794,Thu,16,Android,1,1,Male,26.0,Unknown,Rajasthan,0,0,1,0,0,1,0,0,1.2,Oppo,iPhone 13,Jio,Hindi,Android,15,app,app_store,3,3,385.6,influencer,none,ag1,crm
100795,Mon,22,Android,0,1,Female,26.0,Mumbai,Karnataka,0,0,0,0,0,1,0,1,2.1,Apple,Reno,Airtel,English,iOS,12,app,web,5,6,335.5,referral,none,ag1,none
100796,Thu,19,Android,0,1,Unknown,20.0,Jaipur,Rajasthan,0,0,0,0,0,1,0,0,1.0,Apple,Nord,Other,English,Android,13,app,app_store,4,1,508.9,organic,activation,ag3,organic
100797,Tue,14,Web,0,1,Female,20.0,Indore,Karnataka,0,1,0,1,1,0,0,0,2.1,Samsung,A12,Vi,English,Android,15,app,play_store,9,2,1260.9,referral,activation,ag1,crm
100798,Sun,19,Android,0,1,Male,37.0,Bangalore,Karnataka,0,0,0,0,0,1,0,0,1.2,OnePlus,iPhone 13,Other,Marathi,Android,14,app,play_store,5,2,685.8,google,brand,ag1,none
100799,Sat,11,Android,0,1,Male,42.0,Jaipur,Maharashtra,0,0,0,0,1,0,1,0,2.1,Oppo,Note 10,Vi,Bengali,Android,13,web,play_store,8,7,121.5,google,brand,ag2,paid
100800,Wed,1,Android,0,1,Male,31.0,Indore,MP,0,0,0,0,0,0,0,0,1.2,OnePlus,A12,Jio,English,Android,12,app,play_store,7,5,30.5,google,generic,ag1,none
100801,Thu,12,iOS,1,3,Unknown,39.0,Delhi,Unknown,0,0,0,0,0,0,0,0,1.2,Oppo,Reno,BSNL,Bengali,Android,13,web,play_store,8,5,373.8,referral,brand,ag1,none
100802,Wed,15,Web,0,1,Unknown,24.0,Delhi,MP,0,0,0,0,1,1,1,0,1.0,Oppo,Reno,Other,Hindi,iOS,14,app,play_store,6,5,838.1,google,none,ag2,crm
100803,Sun,6,iOS,0,1,Male,25.0,Jaipur,Delhi,0,1,0,0,0,1,0,0,2.0,Oppo,Note 10,Other,Bengali,Android,13,web,web,10,5,512.0,meta,remarketing,none,none
100804,Mon,13,Android,0,1,Male,41.0,Indore,Delhi,0,0,0,0,0,0,0,0,2.0,Apple,Y21,Vi,Tamil,Android,12,app,play_store,6,1,415.9,influencer,none,ag1,none
100805,Thu,0,Android,0,1,Female,28.0,Unknown,Rajasthan,1,0,0,0,0,1,0,0,2.0,Xiaomi,Note 10,Airtel,Marathi,iOS,12,app,app_store,9,2,386.0,organic,activation,ag2,paid
100806,Sat,11,Web,0,1,Male,40.0,Indore,Delhi,0,0,0,1,0,0,0,0,1.0,Apple,Y21,BSNL,Tamil,Android,11,app,play_store,9,3,517.6,google,brand,ag3,organic
100807,Sat,21,Android,1,1,Female,45.0,Pune,Unknown,1,0,0,0,0,0,0,0,1.1,OnePlus,Y21,BSNL,English,Android,11,app,play_store,4,1,158.0,referral,generic,ag1,paid
100808,Wed,13,Android,0,1,Male,34.0,Unknown,Delhi,0,0,1,0,0,0,0,0,1.0,Samsung,A12,Jio,Tamil,Android,14,app,play_store,9,2,91.9,influencer,brand,ag3,organic
100809,Mon,10,Android,0,1,Male,27.0,Delhi,Delhi,1,0,0,0,0,0,0,0,2.0,Vivo,Y21,Jio,Bengali,Android,14,app,app_store,10,3,506.7,influencer,none,ag2,crm
100810,Fri,4,Android,1,1,Female,31.0,Indore,Karnataka,1,0,0,0,0,1,0,0,2.0,OnePlus,Note 10,BSNL,Tamil,Android,14,app,app_store,7,1,633.5,google,brand,none,none
100811,Thu,21,iOS,0,1,Female,28.0,Mumbai,Maharashtra,1,0,0,1,0,0,0,0,2.1,Xiaomi,Nord,BSNL,Hindi,Android,17,app,play_store,12,2,568.7,meta,activation,none,crm
100812,Fri,4,Android,0,1,Male,40.0,Jaipur,MP,0,0,0,0,0,1,0,0,1.0,OnePlus,iPhone 13,BSNL,Bengali,iOS,16,app,play_store,4,2,488.6,referral,activation,ag3,paid
100813,Tue,3,Android,0,1,Male,39.0,Indore,Delhi,0,0,0,0,0,0,0,0,2.0,Apple,Note 10,BSNL,Tamil,iOS,17,app,play_store,6,4,666.4,organic,brand,ag3,crm
100814,Thu,8,Android,1,4,Female,36.0,Jaipur,Karnataka,0,1,0,0,0,0,0,0,2.0,Samsung,Note 10,BSNL,English,Android,12,app,play_store,6,6,711.7,meta,none,ag1,paid
100815,Wed,6,Web,1,1,Female,35.0,Bangalore,Maharashtra,0,1,0,0,0,1,0,0,1.0,Samsung,Nord,Airtel,English,Android,13,app,play_store,10,5,332.7,influencer,none,ag2,none
100816,Mon,19,iOS,0,1,Female,25.0,Jaipur,Maharashtra,1,0,0,0,0,0,0,0,2.0,Vivo,Note 10,Vi,English,Android,14,app,play_store,9,4,825.0,referral,generic,ag2,paid
100817,Sun,12,iOS,0,3,Female,48.0,Pune,MP,0,0,0,0,0,1,0,0,1.2,OnePlus,Y21,Jio,Marathi,iOS,14,app,play_store,9,5,288.8,influencer,remarketing,ag1,organic
100818,Sun,23,Android,1,1,Male,33.0,Pune,Delhi,0,0,0,0,1,0,0,0,2.1,Samsung,Nord,Airtel,Hindi,iOS,15,app,app_store,7,5,109.1,google,activation,none,crm
100819,Wed,16,iOS,0,1,Male,31.0,Unknown,Delhi,0,0,0,1,0,0,0,0,2.1,Xiaomi,iPhone 13,BSNL,Bengali,Android,17,app,play_store,5,5,351.5,meta,brand,ag3,crm
100820,Thu,5,Android,0,1,Male,37.0,Pune,Unknown,0,0,0,1,1,1,0,1,2.0,Oppo,Y21,Vi,Bengali,Android,17,app,play_store,8,3,138.8,organic,remarketing,ag1,crm
100821,Tue,21,Android,0,1,Female,29.0,Mumbai,Rajasthan,0,0,1,0,0,0,0,0,2.0,Vivo,Note 10,Vi,Tamil,Android,14,app,play_store,6,1,421.8,organic,activation,none,organic
100822,Mon,15,iOS,1,1,Female,35.0,Bangalore,Unknown,0,1,0,0,0,1,0,0,1.1,Apple,Y21,Jio,Marathi,iOS,12,app,play_store,5,3,465.3,influencer,generic,none,organic
100823,Thu,4,Android,1,1,Female,22.0,Indore,Unknown,0,0,1,0,0,0,0,0,1.0,Xiaomi,Reno,Airtel,Bengali,Android,12,app,play_store,4,2,790.7,organic,brand,none,organic
100824,Sun,11,iOS,0,1,Male,24.0,Delhi,Unknown,0,0,0,1,0,0,0,0,1.1,Samsung,A12,Vi,English,Android,17,app,play_store,10,1,155.8,referral,none,ag3,none
100825,Sat,14,iOS,0,1,Female,22.0,Pune,Rajasthan,0,0,0,1,0,0,0,0,2.0,Samsung,Y21,BSNL,Bengali,iOS,12,app,play_store,6,7,578.6,organic,remarketing,none,none
100826,Tue,14,Android,1,1,Male,36.0,Pune,Maharashtra,1,0,0,0,0,1,0,0,1.1,Samsung,Nord,Other,Marathi,iOS,12,app,app_store,12,2,373.5,influencer,none,ag3,none
100827,Wed,2,Android,1,1,Male,53.0,Mumbai,Rajasthan,1,0,0,0,0,0,0,0,1.0,Xiaomi,A12,Vi,English,Android,12,app,play_store,6,3,223.2,influencer,remarketing,ag3,paid
100828,Sun,3,Android,0,1,Male,37.0,Unknown,Unknown,1,0,0,0,0,0,0,1,1.2,Xiaomi,Reno,Jio,English,Android,15,app,play_store,9,2,190.7,organic,remarketing,ag2,none
100829,Mon,18,Web,0,4,Female,34.0,Unknown,Rajasthan,0,0,0,0,0,0,0,0,2.0,Vivo,Y21,Jio,Marathi,Android,17,app,play_store,6,1,178.3,organic,activation,none,crm
100830,Fri,7,Android,0,1,Female,42.0,Jaipur,Karnataka,1,0,1,1,0,0,0,0,2.0,Vivo,Reno,BSNL,Tamil,Android,17,app,app_store,11,1,129.5,organic,generic,ag2,paid
100831,Sat,8,Android,1,1,Female,19.0,Indore,Karnataka,0,0,0,0,0,0,0,0,2.1,Xiaomi,Y21,BSNL,English,Android,11,app,play_store,7,4,292.3,referral,activation,none,paid
100832,Fri,20,iOS,0,2,Female,29.0,Bangalore,Karnataka,0,1,0,0,0,0,0,0,1.2,Apple,Y21,Airtel,English,Android,13,app,play_store,14,4,696.2,organic,activation,none,crm
100833,Wed,14,iOS,0,1,Male,34.0,Jaipur,Delhi,1,0,0,0,0,0,0,0,1.0,Vivo,Reno,Jio,English,Android,15,app,app_store,10,0,232.4,google,none,none,organic
100834,Sun,13,Android,0,1,Female,39.0,Jaipur,Maharashtra,0,1,0,0,0,0,0,0,2.0,Vivo,A12,BSNL,Marathi,Android,17,web,play_store,6,3,122.4,meta,activation,ag2,paid
100835,Wed,20,Android,0,1,Male,24.0,Pune,Rajasthan,0,1,0,1,0,0,0,0,2.0,Apple,Nord,Airtel,English,Android,15,app,app_store,6,4,473.8,organic,brand,ag3,none
100836,Sat,3,Android,1,1,Female,27.0,Mumbai,MP,0,0,0,1,1,0,0,0,2.0,Vivo,Nord,Airtel,Tamil,Android,11,app,play_store,10,2,106.8,referral,brand,none,paid
100837,Mon,22,Android,1,1,Male,31.0,Pune,Unknown,0,1,0,0,0,0,0,1,2.0,Vivo,Y21,BSNL,Tamil,Android,14,app,play_store,3,3,94.3,meta,generic,ag2,organic
100838,Mon,2,iOS,1,1,Male,46.0,Jaipur,MP,0,1,0,0,1,0,0,0,2.0,Xiaomi,Reno,BSNL,Bengali,Android,15,app,play_store,7,1,118.0,influencer,activation,ag1,paid
100839,Fri,5,Android,1,1,Female,32.0,Mumbai,MP,0,0,0,0,0,1,0,0,1.1,Vivo,Reno,Airtel,Hindi,iOS,17,app,web,6,7,1006.4,referral,generic,ag3,paid
100840,Thu,15,Android,0,1,Female,32.0,Bangalore,Rajasthan,0,0,0,0,0,0,0,0,1.0,Vivo,Note 10,Jio,Bengali,Android,12,web,play_store,10,4,289.7,influencer,brand,none,paid
100841,Fri,12,Android,0,2,Unknown,20.0,Pune,Rajasthan,0,0,0,1,0,0,1,0,2.0,OnePlus,Y21,Other,Marathi,Android,11,app,play_store,10,5,174.4,meta,brand,ag1,crm
100842,Tue,23,Android,0,1,Male,29.0,Pune,Karnataka,0,0,0,0,1,0,0,0,2.1,Vivo,A12,Airtel,Bengali,Android,12,web,play_store,8,4,177.0,referral,generic,ag1,none
100843,Mon,19,Android,0,1,Unknown,26.0,Indore,Delhi,0,0,0,0,0,0,0,0,2.0,OnePlus,A12,Airtel,English,Android,15,app,app_store,8,2,93.7,meta,brand,ag3,none
100844,Tue,23,iOS,0,1,Female,31.0,Bangalore,Maharashtra,0,1,1,1,0,0,0,0,1.2,OnePlus,Nord,BSNL,Marathi,Android,11,app,play_store,8,3,308.3,referral,brand,none,organic
100845,Wed,5,Android,1,1,Male,29.0,Delhi,MP,1,1,0,0,1,0,0,0,1.0,Samsung,Note 10,Other,Tamil,Android,12,app,play_store,9,3,242.8,influencer,generic,ag1,organic
100846,Sun,9,Android,0,1,Unknown,37.0,Jaipur,MP,0,0,0,1,0,1,0,0,2.0,Apple,iPhone 13,Airtel,Hindi,Android,11,app,web,5,1,314.6,referral,brand,none,crm
100847,Tue,11,Android,1,1,Female,29.0,Bangalore,MP,1,1,0,0,0,0,0,0,2.1,Vivo,Nord,BSNL,English,iOS,17,web,play_store,10,1,89.5,meta,brand,ag2,crm
100848,Sun,2,Android,0,1,Male,31.0,Unknown,Maharashtra,0,0,0,0,0,0,0,1,2.1,OnePlus,A12,Jio,Tamil,Android,16,web,play_store,8,0,338.0,organic,brand,none,crm
100849,Sun,22,Android,1,1,Male,33.0,Jaipur,Delhi,0,0,0,0,0,1,0,0,1.2,OnePlus,iPhone 13,Other,Marathi,iOS,16,app,play_store,10,3,236.5,organic,generic,ag2,organic
100850,Wed,12,Web,0,1,Male,33.0,Mumbai,Delhi,1,0,0,0,1,1,0,0,1.1,Apple,Y21,Airtel,English,iOS,13,app,play_store,5,4,73.2,organic,none,ag2,paid
100851,Sat,18,Android,0,1,Male,24.0,Bangalore,Maharashtra,0,0,0,0,0,1,0,0,1.1,Vivo,Nord,Vi,Hindi,iOS,17,app,app_store,5,3,458.8,google,brand,none,organic
100852,Fri,16,Android,1,1,Male,31.0,Jaipur,Unknown,0,0,0,0,0,0,0,0,1.1,Samsung,iPhone 13,BSNL,Tamil,Android,15,app,play_store,7,2,173.0,meta,remarketing,ag2,organic
100853,Wed,3,Android,0,1,Male,35.0,Jaipur,Karnataka,1,0,0,1,0,0,0,1,1.2,Oppo,iPhone 13,Airtel,Marathi,Android,14,app,play_store,7,1,466.6,referral,activation,none,crm
100854,Sat,1,Android,1,1,Female,18.0,Mumbai,MP,1,1,0,0,0,0,0,0,1.0,Xiaomi,Nord,Vi,Hindi,Android,17,app,play_store,6,5,254.7,influencer,generic,ag1,organic
100855,Thu,15,Android,1,1,Male,27.0,Pune,Unknown,0,0,0,0,0,0,0,1,1.0,Samsung,iPhone 13,Vi,English,iOS,17,app,play_store,3,1,332.3,influencer,generic,ag2,none
100856,Fri,10,Android,0,1,Female,18.0,Delhi,Maharashtra,0,1,0,0,0,0,0,0,1.1,Samsung,A12,BSNL,Hindi,Android,16,app,play_store,8,4,465.2,referral,brand,ag1,none
100857,Mon,15,Android,0,4,Male,18.0,Unknown,Rajasthan,0,0,0,1,0,0,0,0,2.1,Vivo,Nord,Airtel,Marathi,Android,11,app,play_store,9,3,364.8,meta,generic,ag2,none
100858,Wed,2,iOS,0,1,Male,38.0,Indore,Karnataka,0,0,0,1,0,0,1,0,1.2,Apple,Y21,BSNL,Hindi,Android,12,app,play_store,6,7,435.8,meta,remarketing,ag2,crm
100859,Sun,2,Android,0,1,Male,32.0,Mumbai,Rajasthan,0,0,0,0,0,0,0,0,1.0,Xiaomi,A12,Jio,Hindi,Android,14,app,play_store,11,4,443.0,influencer,generic,ag3,organic
100860,Mon,21,Web,1,1,Female,33.0,Jaipur,Karnataka,0,0,0,0,0,1,0,1,1.0,Vivo,Y21,Airtel,Hindi,Android,17,app,play_store,6,4,102.3,organic,activation,none,none
100861,Sun,14,iOS,1,1,Male,38.0,Jaipur,MP,1,0,0,1,0,0,0,0,2.1,Xiaomi,Nord,Jio,Hindi,Android,16,app,play_store,6,4,520.1,influencer,none,ag2,crm
100862,Sat,2,Android,0,1,Female,26.0,Delhi,Delhi,0,0,0,0,0,0,0,0,2.1,Samsung,Y21,BSNL,Hindi,Android,14,app,play_store,6,4,272.0,organic,none,ag2,paid
100863,Wed,11,iOS,1,1,Male,34.0,Unknown,Unknown,1,1,0,1,0,0,1,1,1.0,Xiaomi,A12,BSNL,Tamil,iOS,15,app,play_store,6,3,401.7,influencer,generic,ag3,organic
100864,Sun,7,Android,0,4,Female,30.0,Mumbai,Delhi,1,0,0,0,1,0,0,0,2.0,OnePlus,Nord,Jio,Hindi,iOS,17,app,play_store,13,6,76.1,organic,none,ag2,none
100865,Tue,2,Android,0,1,Male,22.0,Mumbai,Delhi,1,0,0,0,0,1,0,1,1.2,Xiaomi,iPhone 13,BSNL,Bengali,Android,12,app,web,9,1,301.9,influencer,generic,ag2,crm
100866,Sat,18,Android,0,1,Unknown,19.0,Jaipur,MP,1,1,0,0,0,0,0,0,2.0,Oppo,Note 10,Jio,English,Android,13,app,play_store,13,2,202.0,referral,activation,ag3,none
100867,Sun,23,Android,0,1,Male,38.0,Indore,Unknown,0,0,0,0,0,0,0,0,1.2,Vivo,Nord,Airtel,English,Android,17,app,play_store,4,6,217.2,organic,remarketing,ag3,none
100868,Mon,1,iOS,0,1,Male,25.0,Jaipur,MP,1,0,0,1,0,1,0,0,1.2,Xiaomi,Y21,BSNL,Hindi,Android,15,app,play_store,11,6,450.2,referral,remarketing,none,crm
100869,Sun,9,Web,0,1,Female,35.0,Unknown,Unknown,0,0,0,0,0,0,0,0,1.1,Apple,A12,Other,Bengali,Android,13,app,play_store,7,7,149.0,google,generic,none,crm
100870,Thu,22,iOS,1,4,Male,41.0,Pune,Rajasthan,0,0,0,0,0,1,0,0,1.2,Samsung,Y21,Vi,Tamil,Android,14,app,play_store,3,1,296.8,google,activation,ag3,none
100871,Thu,14,Android,0,2,Female,24.0,Indore,MP,0,0,0,0,0,0,0,0,2.1,Samsung,A12,Other,Bengali,iOS,17,app,play_store,4,1,601.8,influencer,brand,ag2,none
100872,Wed,10,Android,0,1,Male,29.0,Jaipur,MP,0,1,0,0,1,1,0,0,1.0,OnePlus,Reno,BSNL,Marathi,Android,12,web,play_store,9,2,59.4,referral,brand,none,none
100873,Sat,17,Android,0,1,Male,32.0,Unknown,Unknown,0,0,0,0,0,1,0,0,2.0,Vivo,A12,Vi,English,Android,14,app,play_store,8,1,444.1,referral,generic,ag2,crm
100874,Fri,8,Android,0,1,Female,31.0,Delhi,Rajasthan,0,0,1,0,0,0,0,0,1.1,OnePlus,iPhone 13,Other,English,Android,14,app,play_store,6,1,69.5,meta,brand,ag3,crm
100875,Fri,9,iOS,0,1,Unknown,34.0,Unknown,Maharashtra,0,1,0,0,0,0,1,0,1.0,Oppo,Reno,BSNL,Tamil,iOS,13,app,app_store,7,2,388.5,influencer,remarketing,ag1,organic
100876,Fri,2,Android,0,1,Male,34.0,Indore,Unknown,0,0,0,0,0,0,0,0,2.0,Vivo,A12,Airtel,Hindi,Android,16,app,app_store,8,1,411.4,referral,none,ag3,crm
100877,Sat,14,Android,0,1,Male,29.0,Pune,MP,1,1,0,0,0,0,0,0,1.2,Samsung,A12,BSNL,English,iOS,16,app,app_store,11,3,548.5,google,generic,ag2,organic
100878,Fri,12,Android,0,1,Unknown,29.0,Mumbai,Delhi,0,1,0,0,0,1,0,0,1.1,Oppo,Y21,BSNL,Hindi,iOS,12,app,play_store,10,2,434.6,meta,none,ag1,organic
100879,Wed,21,Android,0,1,Female,36.0,Jaipur,MP,0,0,0,0,0,0,0,0,1.2,Samsung,Reno,Airtel,Marathi,iOS,12,app,play_store,5,6,201.9,influencer,brand,ag3,crm
100880,Fri,14,Android,1,1,Male,29.0,Indore,Rajasthan,0,0,0,0,0,1,0,1,2.1,Apple,Y21,Other,Bengali,Android,15,app,play_store,12,1,365.5,organic,remarketing,ag3,organic
100881,Sat,13,Android,0,1,Male,40.0,Bangalore,MP,0,0,1,0,0,0,0,0,1.0,Vivo,Note 10,Other,Tamil,Android,17,app,play_store,6,3,122.6,referral,generic,ag3,crm
100882,Wed,23,Android,1,1,Female,20.0,Indore,MP,0,0,0,0,0,0,1,0,1.0,Samsung,iPhone 13,Airtel,English,Android,17,web,play_store,11,4,258.0,organic,remarketing,ag2,none
100883,Sat,13,iOS,0,3,Female,39.0,Jaipur,Maharashtra,0,1,1,0,0,0,0,0,2.0,OnePlus,Nord,Other,Hindi,Android,13,app,play_store,7,1,343.6,organic,generic,none,paid
100884,Sun,3,iOS,1,1,Unknown,29.0,Mumbai,Rajasthan,0,0,0,0,0,0,0,1,1.0,Xiaomi,Nord,BSNL,Tamil,Android,11,app,app_store,7,6,241.2,organic,activation,none,organic
100885,Sat,14,Android,1,1,Male,33.0,Bangalore,Maharashtra,1,0,0,0,0,0,0,0,1.0,Vivo,Note 10,Jio,Hindi,iOS,11,app,play_store,8,4,337.7,influencer,remarketing,ag2,organic
100886,Mon,0,Android,1,1,Female,43.0,Pune,Delhi,0,0,0,0,0,1,0,0,1.0,Samsung,A12,BSNL,Marathi,Android,17,app,play_store,7,4,74.3,google,activation,ag3,crm
100887,Sun,12,Android,0,1,Unknown,35.0,Delhi,MP,1,0,0,1,0,0,0,0,1.2,Xiaomi,Note 10,Jio,Marathi,iOS,15,app,web,6,4,28.2,referral,activation,ag1,none
100888,Wed,22,Android,0,4,Unknown,32.0,Jaipur,Delhi,0,0,0,0,0,0,0,0,1.1,Oppo,Reno,Jio,Hindi,Android,12,app,play_store,7,2,201.9,influencer,brand,none,crm
100889,Tue,23,Android,0,3,Male,33.0,Mumbai,Maharashtra,0,0,0,1,0,0,0,0,1.2,Vivo,Nord,Vi,Hindi,Android,12,app,play_store,7,2,342.7,organic,generic,none,none
100890,Tue,16,Android,0,1,Male,23.0,Indore,MP,1,0,0,0,0,0,0,0,1.2,Apple,Y21,Other,Hindi,Android,13,app,play_store,11,2,717.2,google,brand,ag2,none
100891,Fri,7,iOS,0,1,Female,46.0,Unknown,Maharashtra,1,1,0,0,0,0,0,0,2.0,Vivo,Reno,Jio,English,Android,14,app,play_store,10,2,471.8,influencer,activation,ag1,crm
100892,Sun,21,Android,1,1,Female,27.0,Bangalore,Rajasthan,0,0,0,0,0,0,0,0,2.0,Xiaomi,iPhone 13,BSNL,English,Android,16,app,play_store,6,6,192.7,organic,none,ag3,paid
100893,Thu,16,iOS,1,1,Female,33.0,Pune,MP,0,1,0,0,0,0,0,1,1.2,Vivo,Y21,Jio,English,Android,17,web,play_store,10,1,424.9,organic,activation,none,none
100894,Sat,4,Android,1,1,Male,32.0,Jaipur,MP,1,0,1,0,0,1,0,0,1.2,Oppo,Reno,Vi,Tamil,Android,16,app,play_store,7,6,48.6,referral,generic,ag2,organic
100895,Sun,21,Android,1,1,Unknown,34.0,Bangalore,Delhi,0,0,0,0,0,1,0,0,1.1,OnePlus,Note 10,Jio,English,Android,17,app,play_store,10,0,433.4,referral,generic,ag2,organic
100896,Tue,19,Android,1,1,Male,35.0,Bangalore,Rajasthan,1,1,1,1,0,0,0,1,1.1,Xiaomi,Reno,BSNL,English,Android,17,app,play_store,8,4,364.1,google,activation,ag1,organic
100897,Mon,11,Android,0,1,Female,28.0,Jaipur,Delhi,0,0,0,0,0,0,0,0,1.1,Xiaomi,Nord,Other,English,Android,16,app,play_store,14,1,370.3,influencer,brand,none,paid
100898,Sun,18,Android,1,4,Female,21.0,Bangalore,Maharashtra,1,0,0,1,0,0,0,0,1.0,Apple,A12,Other,Tamil,Android,16,web,play_store,6,2,906.5,referral,brand,ag3,organic
100899,Thu,13,iOS,0,1,Female,37.0,Indore,Karnataka,0,0,0,0,0,0,0,0,1.2,Apple,A12,BSNL,Bengali,iOS,11,app,play_store,12,1,774.4,meta,activation,ag3,paid
100900,Fri,2,Android,0,1,Male,18.0,Jaipur,Delhi,1,0,0,0,0,0,0,1,2.0,Apple,iPhone 13,Jio,Bengali,Android,12,app,app_store,14,6,636.7,influencer,activation,ag2,organic
100901,Thu,14,Android,1,1,Female,32.0,Delhi,Unknown,0,0,0,0,0,0,0,1,2.0,OnePlus,Reno,Airtel,Hindi,Android,14,app,play_store,8,3,218.9,influencer,activation,none,none
100902,Fri,14,Android,0,4,Male,18.0,Delhi,Delhi,0,0,0,0,1,1,0,0,2.0,Oppo,iPhone 13,BSNL,Bengali,iOS,13,app,play_store,7,6,4.5,referral,brand,none,crm
100903,Sat,4,Android,0,1,Male,20.0,Delhi,Maharashtra,0,0,0,0,0,0,0,0,1.1,OnePlus,Reno,BSNL,Marathi,Android,12,app,app_store,8,1,610.0,organic,generic,ag3,organic
100904,Mon,12,Android,1,1,Female,50.0,Jaipur,Maharashtra,0,0,0,0,0,1,0,0,1.1,Vivo,Reno,BSNL,Hindi,Android,12,app,play_store,7,1,314.0,referral,activation,ag1,paid
100905,Sun,21,Web,0,1,Female,18.0,Delhi,Rajasthan,0,0,0,1,1,1,0,0,1.2,OnePlus,Reno,Airtel,English,Android,15,app,play_store,12,5,130.2,meta,brand,ag1,paid
100906,Sat,18,Android,0,4,Female,31.0,Bangalore,Karnataka,0,0,0,0,0,0,0,0,2.1,Samsung,iPhone 13,Jio,Hindi,iOS,17,app,play_store,8,2,197.5,influencer,none,none,crm
100907,Thu,2,iOS,0,1,Female,25.0,Mumbai,Unknown,0,0,0,0,0,0,0,1,2.1,Xiaomi,Y21,Airtel,Bengali,Android,17,app,play_store,8,2,886.8,organic,brand,ag1,organic
100908,Sun,15,Android,1,1,Male,39.0,Pune,Rajasthan,0,0,0,1,0,0,0,0,2.0,Oppo,Nord,Airtel,English,Android,17,app,play_store,7,2,275.6,referral,none,ag3,organic
100909,Wed,13,iOS,1,1,Male,28.0,Pune,Maharashtra,0,0,0,0,0,0,0,0,1.1,OnePlus,Y21,Jio,Tamil,iOS,16,app,play_store,4,5,282.7,influencer,generic,ag2,paid
100910,Wed,13,Web,0,1,Male,47.0,Bangalore,Unknown,0,1,1,0,0,0,0,1,2.1,Apple,Y21,Vi,Marathi,Android,16,app,play_store,9,4,314.2,organic,remarketing,ag1,none
100911,Mon,22,Android,0,1,Female,22.0,Jaipur,Unknown,1,0,0,1,0,0,0,0,1.0,Oppo,Nord,BSNL,Marathi,Android,15,app,play_store,3,3,362.3,referral,remarketing,ag2,crm
100912,Fri,5,Android,1,1,Male,19.0,Bangalore,Delhi,0,0,0,1,0,1,0,0,1.1,Oppo,A12,Airtel,Hindi,iOS,14,app,play_store,6,3,238.3,organic,remarketing,ag2,none
100913,Fri,7,Android,0,1,Female,29.0,Unknown,Rajasthan,0,1,0,0,0,0,0,0,1.1,Apple,Reno,Jio,Bengali,Android,14,app,play_store,6,3,98.9,google,brand,ag2,crm
100914,Sun,10,Android,1,1,Female,18.0,Unknown,Karnataka,0,0,0,0,0,0,0,0,1.0,Vivo,Nord,Jio,Hindi,Android,12,app,web,9,3,321.9,organic,brand,none,organic
100915,Fri,15,Android,0,4,Male,24.0,Pune,Delhi,0,1,0,0,0,0,0,0,1.1,OnePlus,Nord,Other,Marathi,Android,12,app,play_store,14,2,116.5,meta,remarketing,ag2,crm
100916,Tue,8,Android,1,1,Male,26.0,Jaipur,Karnataka,0,0,0,1,0,0,0,1,1.2,Oppo,Nord,Airtel,Bengali,Android,11,app,app_store,6,4,409.8,influencer,activation,ag1,organic
100917,Thu,9,Android,0,1,Male,41.0,Delhi,Maharashtra,1,0,0,0,1,0,0,0,1.0,OnePlus,Nord,BSNL,Hindi,Android,12,app,play_store,5,5,298.5,organic,brand,none,crm
100918,Sun,6,Android,0,4,Unknown,22.0,Mumbai,Delhi,0,1,0,0,0,0,0,0,2.0,OnePlus,A12,Jio,English,iOS,15,app,play_store,17,2,130.6,influencer,activation,none,organic
100919,Tue,9,iOS,0,1,Female,40.0,Unknown,Karnataka,0,0,0,1,0,0,0,0,1.1,OnePlus,iPhone 13,Jio,Hindi,iOS,15,app,play_store,6,5,538.9,influencer,brand,none,none
100920,Mon,16,Android,0,1,Male,35.0,Indore,Delhi,1,0,1,0,0,0,0,0,1.0,Oppo,Reno,Jio,Marathi,Android,12,web,web,4,3,819.4,influencer,brand,ag2,paid
100921,Fri,0,Android,1,1,Male,23.0,Jaipur,Unknown,0,0,0,0,0,0,0,0,1.2,Oppo,Nord,Airtel,Hindi,Android,14,app,play_store,8,3,784.2,referral,brand,none,crm
100922,Tue,16,iOS,0,1,Male,28.0,Indore,Rajasthan,0,0,0,0,1,0,0,0,2.0,Oppo,A12,Airtel,English,Android,12,app,play_store,4,6,746.7,organic,generic,ag1,organic
100923,Sat,2,Android,0,2,Unknown,27.0,Pune,Karnataka,1,0,1,1,0,0,0,0,2.0,Apple,Note 10,Jio,English,iOS,11,app,play_store,6,5,384.4,referral,brand,ag1,organic
100924,Mon,11,Android,0,1,Male,32.0,Pune,Maharashtra,0,0,0,0,0,0,0,0,1.2,OnePlus,iPhone 13,BSNL,Tamil,iOS,12,app,play_store,5,3,323.7,referral,remarketing,ag3,paid
100925,Fri,15,iOS,1,4,Male,21.0,Mumbai,Karnataka,0,1,0,0,0,0,0,0,1.0,Samsung,A12,BSNL,Tamil,iOS,15,app,play_store,6,2,331.2,google,none,ag1,paid
100926,Mon,20,Android,0,1,Female,28.0,Unknown,Unknown,0,0,0,0,1,1,0,1,1.0,Apple,Reno,BSNL,Bengali,Android,13,app,play_store,7,4,112.6,influencer,none,none,crm
100927,Wed,9,Android,0,1,Female,37.0,Jaipur,Delhi,0,0,0,0,0,0,0,0,2.0,Xiaomi,Note 10,Vi,Tamil,Android,11,app,play_store,8,2,260.5,referral,remarketing,ag1,none
100928,Wed,10,Android,0,1,Female,25.0,Delhi,Maharashtra,0,1,0,0,0,0,0,0,2.0,Samsung,Y21,Other,Bengali,Android,15,app,app_store,9,8,892.3,google,brand,none,organic
100929,Sat,0,iOS,0,1,Female,29.0,Bangalore,Delhi,0,0,0,0,0,0,0,0,1.0,Xiaomi,Y21,Airtel,Hindi,Android,13,app,play_store,7,4,486.1,referral,brand,ag3,organic
100930,Tue,13,iOS,1,1,Female,40.0,Indore,MP,1,0,0,0,0,0,0,0,1.1,Apple,Nord,BSNL,Marathi,iOS,14,web,play_store,7,1,258.4,organic,activation,ag2,crm
100931,Sat,23,Android,0,1,Female,33.0,Delhi,Karnataka,1,0,0,0,0,0,0,1,2.0,Apple,Y21,Vi,Marathi,iOS,15,app,play_store,12,3,359.7,referral,brand,none,none
100932,Fri,17,Android,0,1,Male,30.0,Bangalore,Unknown,0,0,0,0,0,0,0,0,1.0,Samsung,Nord,Jio,Bengali,iOS,14,app,play_store,12,5,238.1,google,none,ag1,organic
100933,Tue,0,Android,0,3,Female,21.0,Mumbai,Rajasthan,0,0,0,0,0,0,0,0,1.1,Samsung,Reno,Other,Bengali,Android,14,app,play_store,11,1,987.4,influencer,none,ag1,paid
100934,Wed,17,Android,1,1,Male,36.0,Unknown,Maharashtra,0,1,0,1,0,0,0,0,2.1,OnePlus,Note 10,BSNL,Bengali,iOS,14,app,play_store,8,1,8.9,meta,generic,ag2,organic
100935,Tue,8,Android,1,1,Male,36.0,Bangalore,Rajasthan,0,0,0,0,0,0,0,0,2.1,Samsung,A12,Jio,Hindi,Android,17,app,play_store,6,4,479.4,google,none,ag2,crm
100936,Sat,3,Android,0,1,Female,37.0,Bangalore,Unknown,0,0,1,0,0,1,0,0,1.2,Samsung,iPhone 13,BSNL,English,Android,16,app,play_store,7,2,869.6,google,remarketing,ag3,crm
100937,Tue,9,Android,0,1,Male,36.0,Delhi,Delhi,0,0,0,0,0,0,0,0,2.0,Vivo,iPhone 13,BSNL,Bengali,Android,12,app,play_store,5,4,430.6,google,activation,ag3,none
100938,Mon,15,iOS,1,3,Female,41.0,Indore,Rajasthan,0,0,0,0,0,0,0,0,1.1,Apple,A12,Jio,Hindi,Android,17,app,play_store,9,0,158.7,google,remarketing,ag3,crm
100939,Tue,2,Android,0,1,Female,31.0,Pune,Rajasthan,0,0,0,0,0,0,0,0,1.1,Samsung,Reno,Other,Marathi,Android,13,app,play_store,9,2,77.6,google,brand,ag3,crm
100940,Mon,23,iOS,1,1,Unknown,34.0,Pune,Rajasthan,1,1,0,0,0,0,1,1,2.0,Oppo,Nord,Jio,Tamil,Android,16,app,play_store,11,5,275.4,referral,brand,ag2,crm
100941,Fri,10,Android,0,2,Female,31.0,Unknown,Karnataka,0,1,1,0,0,0,0,0,2.0,OnePlus,Nord,Vi,Tamil,Android,13,app,play_store,14,3,302.8,organic,brand,ag2,crm
100942,Wed,10,Android,0,2,Male,37.0,Delhi,Rajasthan,1,1,1,1,0,0,0,0,2.0,Xiaomi,Nord,Airtel,Marathi,Android,14,web,play_store,12,4,746.4,referral,brand,none,crm
100943,Tue,16,Android,0,1,Male,26.0,Mumbai,Karnataka,0,0,0,0,0,0,0,0,1.1,OnePlus,Nord,BSNL,Hindi,Android,11,app,play_store,5,4,198.8,meta,remarketing,ag3,crm
100944,Sat,23,Android,0,1,Female,41.0,Pune,MP,0,1,0,0,0,0,0,0,2.1,Xiaomi,Reno,BSNL,Bengali,Android,16,web,play_store,16,4,258.1,organic,none,ag2,organic
100945,Thu,2,Android,0,1,Male,35.0,Delhi,Karnataka,1,0,0,0,0,0,0,0,2.1,Apple,Note 10,Airtel,Tamil,Android,15,app,play_store,10,1,197.6,organic,brand,ag2,none
100946,Thu,15,Android,1,3,Male,44.0,Pune,Unknown,0,1,0,0,0,0,0,0,1.2,Samsung,Reno,Vi,English,Android,11,app,play_store,9,6,902.8,google,brand,none,crm
100947,Thu,11,iOS,1,1,Male,26.0,Mumbai,Rajasthan,0,1,0,0,1,0,0,0,1.2,OnePlus,A12,Other,Bengali,Android,15,app,play_store,8,5,609.7,referral,activation,ag3,organic
100948,Sun,5,Android,0,1,Male,36.0,Unknown,Delhi,0,0,0,0,0,0,0,0,1.1,Oppo,Nord,Jio,Bengali,Android,17,app,play_store,14,4,217.6,influencer,activation,ag3,crm
100949,Sun,5,iOS,1,3,Male,39.0,Bangalore,Rajasthan,0,0,0,0,0,0,0,0,2.0,Vivo,Nord,Other,English,iOS,13,web,app_store,6,1,210.3,influencer,remarketing,ag3,organic
100950,Wed,19,Android,1,1,Unknown,38.0,Pune,MP,0,0,0,0,0,0,1,0,1.2,Oppo,Note 10,Jio,Hindi,Android,13,app,play_store,8,2,608.8,google,activation,ag2,crm
100951,Wed,19,Android,0,1,Male,33.0,Unknown,MP,0,0,0,0,0,0,0,0,1.0,OnePlus,Reno,Other,English,Android,13,app,play_store,6,4,160.3,organic,generic,ag3,organic
100952,Wed,14,Android,0,1,Female,31.0,Pune,Rajasthan,0,0,0,0,0,0,0,0,1.0,OnePlus,Y21,BSNL,Tamil,Android,12,app,web,8,7,324.8,organic,brand,ag2,none
100953,Mon,7,Android,1,1,Male,24.0,Mumbai,Delhi,0,0,0,1,0,0,0,1,2.0,Xiaomi,Reno,Other,Hindi,Android,16,app,web,9,4,470.4,google,activation,ag3,none
100954,Mon,23,Android,0,1,Male,32.0,Mumbai,Delhi,0,0,0,0,0,0,0,0,1.1,Apple,Y21,Jio,Hindi,Android,13,app,app_store,10,3,248.1,referral,generic,ag3,paid
100955,Sat,15,iOS,0,1,Male,24.0,Unknown,Delhi,0,1,0,0,0,0,0,0,2.0,Vivo,Note 10,Jio,Marathi,Android,11,app,play_store,12,4,558.8,influencer,generic,none,crm
100956,Tue,23,Android,0,1,Male,34.0,Jaipur,Maharashtra,0,0,0,0,0,0,0,0,2.1,Xiaomi,A12,Vi,Marathi,Android,15,app,play_store,7,4,149.6,organic,remarketing,ag1,organic
100957,Thu,23,iOS,0,1,Male,22.0,Jaipur,Unknown,1,0,0,0,0,0,0,1,2.0,Oppo,Y21,Other,Marathi,Android,12,web,play_store,6,4,725.7,organic,remarketing,ag3,organic
100958,Sun,6,Android,0,1,Female,29.0,Indore,Karnataka,1,1,0,0,0,0,0,0,2.1,Vivo,Nord,BSNL,Bengali,iOS,17,app,play_store,6,3,9.9,referral,remarketing,ag1,crm
100959,Thu,8,Android,0,4,Male,37.0,Indore,Maharashtra,1,0,0,1,0,0,0,0,1.0,Oppo,Y21,Other,Marathi,Android,14,app,play_store,12,2,270.7,meta,activation,ag1,paid
100960,Sun,2,iOS,0,2,Male,30.0,Pune,Maharashtra,0,0,0,0,0,0,0,0,2.0,Xiaomi,A12,Other,English,iOS,13,app,play_store,6,3,435.6,referral,brand,ag3,organic
100961,Fri,15,Android,0,1,Male,35.0,Indore,MP,1,1,0,0,0,0,0,0,1.1,Oppo,A12,Airtel,Bengali,Android,13,app,play_store,19,3,524.4,meta,generic,ag2,crm
100962,Sun,11,Android,1,1,Male,34.0,Pune,Delhi,0,1,0,0,0,0,0,0,1.0,Oppo,iPhone 13,Other,Marathi,Android,17,web,play_store,6,5,561.7,organic,generic,ag1,none
100963,Mon,18,Android,1,1,Female,32.0,Bangalore,MP,0,0,0,0,0,0,0,0,2.0,Xiaomi,Y21,Airtel,English,Android,13,app,web,7,4,621.4,influencer,remarketing,ag3,crm
100964,Fri,15,Android,1,1,Male,23.0,Delhi,Delhi,0,0,0,0,0,0,0,1,2.0,OnePlus,iPhone 13,Airtel,Bengali,Android,17,app,play_store,9,0,1043.2,influencer,remarketing,ag3,crm
100965,Mon,4,Android,0,1,Male,34.0,Bangalore,Unknown,0,1,1,0,1,1,0,0,2.1,Oppo,A12,Other,Bengali,Android,16,app,play_store,8,0,794.0,organic,activation,ag1,crm
100966,Wed,23,Web,1,1,Male,28.0,Mumbai,Karnataka,0,0,0,1,0,0,0,0,1.2,Xiaomi,Reno,BSNL,Bengali,Android,16,app,play_store,12,4,371.9,referral,remarketing,ag1,none
100967,Tue,23,iOS,0,1,Female,25.0,Indore,Delhi,0,1,0,0,0,0,0,0,1.0,Oppo,Note 10,BSNL,Bengali,Android,14,app,app_store,8,3,348.6,influencer,activation,ag3,organic
100968,Sun,5,Android,0,1,Female,19.0,Pune,Rajasthan,0,0,0,0,0,0,0,0,2.0,Apple,iPhone 13,Jio,Bengali,Android,11,app,play_store,8,2,770.8,referral,none,ag2,none
100969,Sat,15,iOS,0,1,Female,28.0,Delhi,Maharashtra,0,0,0,0,0,0,0,0,2.0,OnePlus,Nord,Other,English,iOS,17,app,app_store,8,4,887.3,referral,brand,none,organic
100970,Thu,4,Android,0,1,Male,26.0,Unknown,Unknown,1,1,0,1,0,0,0,0,1.0,Apple,iPhone 13,BSNL,Marathi,Android,12,app,play_store,8,2,423.5,meta,generic,ag1,crm
100971,Sun,3,Android,1,3,Female,21.0,Jaipur,Unknown,1,0,0,0,0,0,0,0,1.2,Vivo,A12,Vi,Bengali,Android,11,app,web,13,0,464.7,organic,brand,ag3,crm
100972,Tue,19,Android,0,1,Female,31.0,Unknown,MP,1,1,0,0,0,0,0,0,1.1,OnePlus,iPhone 13,Jio,Hindi,iOS,13,app,play_store,5,3,561.2,referral,remarketing,ag2,paid
100973,Thu,20,Android,1,1,Male,36.0,Pune,MP,0,0,0,0,0,0,0,0,1.1,Samsung,Nord,Airtel,Marathi,iOS,15,app,web,11,3,490.7,meta,generic,none,organic
100974,Fri,18,Web,0,1,Female,36.0,Mumbai,Rajasthan,0,0,0,1,0,0,0,0,2.0,Oppo,Note 10,Vi,Marathi,Android,15,app,play_store,11,5,166.7,meta,brand,ag3,organic
100975,Mon,12,iOS,0,1,Female,20.0,Bangalore,Rajasthan,1,1,0,0,0,0,0,0,2.1,Oppo,Note 10,BSNL,Tamil,Android,11,app,play_store,9,7,533.1,organic,remarketing,ag2,none
100976,Sat,17,Android,1,2,Male,24.0,Delhi,Maharashtra,0,0,0,1,0,0,0,0,1.1,Vivo,A12,Airtel,Tamil,Android,17,app,play_store,12,1,241.1,referral,none,ag2,crm
100977,Wed,9,Android,1,4,Male,26.0,Indore,Delhi,0,1,0,0,0,0,0,0,2.1,Vivo,Reno,Vi,Bengali,Android,17,app,web,8,3,140.3,meta,remarketing,ag1,none
100978,Wed,22,Android,1,2,Male,32.0,Delhi,Maharashtra,1,0,0,0,0,0,1,0,1.1,Samsung,Note 10,Other,Bengali,iOS,15,app,web,19,2,186.4,influencer,brand,none,organic
100979,Mon,18,Android,0,4,Female,25.0,Bangalore,Rajasthan,1,1,0,0,1,1,0,0,2.1,Oppo,Reno,Other,Tamil,Android,17,app,play_store,6,5,108.9,organic,generic,ag2,none
100980,Mon,5,Android,1,1,Male,40.0,Indore,Rajasthan,0,0,0,1,0,0,0,0,1.2,Oppo,Y21,Jio,Tamil,Android,17,app,play_store,10,1,471.2,referral,none,ag2,paid
100981,Wed,12,Web,0,1,Male,36.0,Delhi,Maharashtra,0,1,0,0,0,0,0,0,1.2,Samsung,Reno,BSNL,Bengali,Android,17,app,play_store,12,3,136.7,meta,remarketing,none,none
100982,Sun,18,Android,0,1,Male,30.0,Delhi,Karnataka,0,0,0,0,1,0,0,0,2.0,Vivo,Nord,Vi,Marathi,iOS,17,app,play_store,11,5,651.5,meta,brand,none,paid
100983,Sun,2,Android,0,4,Female,24.0,Bangalore,Karnataka,0,0,0,0,1,0,0,0,1.2,Oppo,Nord,Airtel,Bengali,Android,16,app,app_store,11,2,116.1,influencer,remarketing,none,organic
100984,Wed,17,iOS,0,1,Male,37.0,Mumbai,Delhi,1,0,0,0,0,1,0,0,1.0,Oppo,Nord,Jio,Marathi,Android,17,app,play_store,12,4,86.9,meta,none,ag1,organic
100985,Sun,14,Android,1,1,Female,31.0,Delhi,MP,0,1,0,0,0,0,0,0,2.1,Samsung,iPhone 13,Jio,Tamil,Android,12,app,play_store,7,4,291.7,google,generic,ag2,none
100986,Fri,10,Android,0,1,Male,36.0,Pune,Karnataka,0,0,1,1,1,1,0,0,1.0,Vivo,Y21,Vi,Hindi,Android,12,app,play_store,12,2,578.6,referral,remarketing,ag1,none
100987,Tue,12,Web,1,1,Female,33.0,Pune,Delhi,0,0,0,0,0,1,0,0,1.2,Xiaomi,Reno,Other,Hindi,iOS,15,app,play_store,10,2,261.1,organic,remarketing,ag1,paid
100988,Sat,13,Android,0,1,Male,38.0,Indore,Karnataka,0,0,0,0,1,0,0,0,2.1,OnePlus,iPhone 13,Airtel,Marathi,Android,12,app,play_store,8,2,107.5,google,none,none,paid
100989,Tue,13,Android,0,1,Male,35.0,Mumbai,Delhi,0,0,0,1,0,0,0,0,1.2,Vivo,A12,BSNL,Tamil,Android,12,app,play_store,8,2,434.0,google,activation,ag3,crm
100990,Tue,1,iOS,0,1,Female,32.0,Indore,MP,0,0,0,0,0,0,0,0,1.2,Xiaomi,Reno,Airtel,English,Android,16,app,play_store,3,3,223.7,organic,remarketing,none,organic
100991,Sat,13,Android,0,1,Unknown,23.0,Delhi,Maharashtra,0,0,0,0,0,1,0,0,2.0,Vivo,Reno,BSNL,Bengali,Android,16,app,play_store,5,7,73.5,google,none,ag3,organic
100992,Sun,23,iOS,1,1,Male,27.0,Mumbai,Maharashtra,0,0,0,0,1,0,0,0,2.0,OnePlus,Note 10,Other,Tamil,Android,13,app,play_store,8,9,395.0,referral,brand,none,paid
100993,Sat,17,Android,1,3,Female,18.0,Indore,Maharashtra,0,1,0,0,0,0,0,0,2.0,Samsung,Reno,Vi,English,Android,16,app,play_store,6,1,566.1,meta,activation,ag3,paid
100994,Mon,1,Android,1,1,Male,29.0,Bangalore,Delhi,0,0,0,1,0,0,0,1,1.2,OnePlus,Nord,Other,Hindi,Android,15,app,play_store,8,6,384.6,referral,remarketing,ag2,organic
100995,Wed,10,Android,1,1,Female,37.0,Jaipur,Rajasthan,1,0,0,0,0,0,1,0,1.1,Apple,Note 10,Vi,Bengali,Android,16,app,play_store,6,3,110.6,organic,remarketing,ag2,paid
100996,Sun,5,Android,1,1,Male,39.0,Bangalore,Delhi,0,1,0,0,1,0,0,0,2.0,Apple,Nord,Jio,Tamil,Android,14,app,app_store,2,2,569.9,influencer,none,ag3,organic
100997,Fri,14,Android,0,1,Male,32.0,Indore,Karnataka,0,0,0,1,1,0,0,0,1.0,Samsung,Note 10,Jio,Hindi,Android,13,app,play_store,5,2,194.6,google,none,ag2,crm
100998,Sat,19,iOS,1,1,Female,35.0,Delhi,Karnataka,0,1,0,1,0,0,0,1,1.0,Apple,iPhone 13,Vi,English,Android,13,app,play_store,8,0,347.8,organic,remarketing,none,crm
100999,Mon,23,iOS,0,1,Male,21.0,Delhi,MP,0,0,0,0,0,0,0,0,1.2,Samsung,Nord,Jio,English,Android,15,app,app_store,7,7,472.2,google,generic,ag3,none
101000,Wed,12,Android,0,1,Male,21.0,Pune,Rajasthan,0,0,1,1,0,0,1,0,1.0,Xiaomi,Y21,BSNL,Marathi,Android,14,app,play_store,9,3,460.3,referral,brand,ag3,none
101001,Sat,14,Android,0,2,Male,19.0,Indore,MP,0,0,0,0,0,0,0,0,1.1,Samsung,Reno,Vi,English,Android,17,app,app_store,6,2,458.9,meta,remarketing,ag1,paid
101002,Sat,16,iOS,1,3,Female,29.0,Unknown,Maharashtra,0,0,0,0,0,0,0,0,1.1,Apple,Reno,Airtel,Tamil,iOS,17,app,play_store,4,3,712.8,google,activation,ag3,paid
101003,Tue,1,Android,1,2,Male,26.0,Jaipur,Maharashtra,1,0,1,0,0,0,0,0,1.0,Vivo,iPhone 13,Jio,Tamil,iOS,13,app,play_store,10,7,237.2,influencer,remarketing,none,paid
101004,Fri,6,Android,1,1,Female,27.0,Pune,Delhi,1,0,0,0,0,0,0,1,1.1,Vivo,Y21,Vi,English,Android,17,app,play_store,11,5,64.5,organic,activation,none,paid
101005,Mon,3,Android,1,1,Male,37.0,Bangalore,Delhi,0,0,0,0,0,0,0,1,1.0,Samsung,A12,Other,Tamil,Android,16,app,play_store,8,0,106.1,meta,none,ag1,crm
101006,Wed,18,Android,0,1,Unknown,29.0,Delhi,Karnataka,0,0,0,0,0,1,0,0,1.1,Xiaomi,A12,Other,Bengali,Android,12,app,play_store,8,4,794.6,influencer,remarketing,ag2,crm
101007,Fri,3,Android,0,1,Female,33.0,Unknown,Delhi,0,0,0,1,1,0,0,0,2.1,Apple,iPhone 13,Airtel,Hindi,Android,14,app,play_store,5,2,171.2,referral,activation,none,paid
101008,Thu,16,Android,0,1,Female,27.0,Pune,Rajasthan,0,0,0,0,0,0,0,0,2.0,Vivo,A12,Jio,Marathi,Android,11,app,app_store,7,3,843.0,influencer,activation,ag1,paid
101009,Thu,1,Android,0,4,Male,38.0,Mumbai,Rajasthan,1,0,0,0,0,1,0,0,1.2,Samsung,iPhone 13,Other,Bengali,Android,17,app,play_store,4,2,349.2,referral,brand,ag1,none
101010,Fri,6,iOS,1,1,Unknown,24.0,Pune,Rajasthan,0,1,0,0,0,0,0,1,2.0,OnePlus,iPhone 13,Vi,Marathi,iOS,15,web,app_store,6,2,258.8,google,generic,ag2,crm
101011,Sun,1,iOS,1,1,Male,18.0,Bangalore,Karnataka,1,0,0,0,0,0,0,1,1.0,Oppo,Note 10,Airtel,Tamil,Android,11,app,play_store,9,3,905.1,referral,generic,ag1,crm
101012,Thu,2,Android,0,1,Female,29.0,Mumbai,Maharashtra,1,0,0,0,0,0,0,0,2.0,Vivo,A12,BSNL,Marathi,Android,17,app,play_store,4,3,84.2,organic,generic,ag3,organic
101013,Tue,2,iOS,0,1,Female,26.0,Unknown,Unknown,1,1,0,0,0,1,0,0,2.0,OnePlus,iPhone 13,Other,Tamil,iOS,14,app,play_store,8,1,245.7,meta,brand,none,crm
101014,Sun,6,Android,1,1,Female,22.0,Jaipur,Delhi,1,0,0,0,0,1,0,0,1.1,Vivo,iPhone 13,BSNL,Tamil,Android,14,app,app_store,7,4,208.9,meta,brand,none,organic
101015,Thu,2,Android,0,1,Female,35.0,Pune,Rajasthan,1,0,0,0,1,0,0,1,1.1,Oppo,Note 10,Other,Tamil,Android,15,app,play_store,10,1,327.4,influencer,activation,ag2,organic
101016,Sun,22,iOS,0,1,Female,34.0,Pune,Rajasthan,1,0,0,1,0,0,0,1,1.1,OnePlus,Y21,BSNL,Hindi,Android,12,app,play_store,5,4,276.0,google,brand,ag1,organic
101017,Thu,8,Android,0,1,Male,34.0,Delhi,Rajasthan,1,0,0,0,0,0,0,0,1.0,Oppo,Y21,Airtel,English,Android,16,app,play_store,8,3,238.7,organic,activation,none,crm
101018,Mon,18,Android,1,1,Female,29.0,Unknown,Karnataka,0,0,0,0,0,1,0,0,1.1,OnePlus,Y21,Jio,Hindi,Android,17,app,web,9,4,88.8,meta,remarketing,ag1,organic
101019,Sun,0,Android,0,1,Male,18.0,Pune,Unknown,0,0,0,0,0,0,0,0,1.1,Oppo,iPhone 13,BSNL,Marathi,iOS,15,app,play_store,15,2,723.6,referral,activation,ag2,none
101020,Fri,23,Android,0,1,Female,35.0,Pune,Rajasthan,0,0,0,1,0,1,0,0,1.2,Apple,iPhone 13,Airtel,Hindi,Android,13,app,play_store,7,5,494.6,organic,generic,ag3,none
101021,Thu,4,Android,0,2,Male,29.0,Mumbai,Rajasthan,0,0,0,0,1,0,0,0,1.0,OnePlus,iPhone 13,Other,Bengali,Android,16,app,play_store,4,4,91.8,google,brand,ag3,paid
101022,Sat,3,Android,0,2,Female,34.0,Jaipur,Delhi,0,0,0,1,0,0,0,1,2.1,Oppo,A12,Jio,English,Android,17,app,play_store,11,1,443.4,influencer,brand,ag2,none
101023,Mon,8,Android,0,2,Male,35.0,Delhi,Maharashtra,1,0,0,0,1,0,0,1,2.0,Oppo,Note 10,Vi,Marathi,iOS,14,app,play_store,6,4,327.9,organic,none,ag1,none
101024,Sat,3,Android,0,1,Female,34.0,Jaipur,Rajasthan,0,0,0,0,0,1,0,0,1.1,Samsung,Note 10,BSNL,Bengali,Android,15,app,play_store,12,4,429.7,influencer,brand,none,organic
101025,Thu,4,Android,0,3,Female,29.0,Delhi,Delhi,0,0,0,0,0,1,0,0,1.0,Oppo,Nord,Jio,English,iOS,13,app,play_store,11,7,91.2,google,remarketing,none,paid
101026,Wed,9,Android,0,4,Female,26.0,Jaipur,Delhi,0,0,0,1,0,0,0,1,1.2,Xiaomi,Reno,Jio,Tamil,iOS,14,app,web,7,2,761.6,google,generic,ag3,crm
101027,Wed,1,Android,0,1,Female,27.0,Indore,Karnataka,1,0,0,0,0,0,0,0,2.1,Apple,Nord,Other,Marathi,Android,13,app,play_store,5,1,145.8,referral,activation,none,organic
101028,Mon,13,Android,0,1,Male,29.0,Pune,Unknown,1,1,0,0,0,0,0,0,2.1,OnePlus,Note 10,BSNL,English,iOS,17,app,play_store,7,1,463.1,organic,brand,none,paid
101029,Sat,21,Android,0,1,Female,35.0,Unknown,Rajasthan,0,1,0,1,0,0,0,0,1.0,Apple,Reno,Airtel,Bengali,iOS,12,app,play_store,9,3,492.7,meta,activation,ag1,organic
101030,Mon,19,Android,1,1,Male,40.0,Pune,MP,0,0,0,1,0,0,0,0,1.1,Vivo,iPhone 13,Other,Bengali,iOS,17,app,play_store,4,4,132.8,organic,activation,none,paid
101031,Thu,0,Android,0,1,Male,22.0,Jaipur,Maharashtra,0,0,0,0,0,0,0,0,2.0,Samsung,Nord,BSNL,Tamil,Android,15,app,app_store,9,7,196.7,influencer,generic,none,none
101032,Sat,18,Android,0,1,Female,27.0,Indore,Unknown,1,0,1,0,0,0,0,0,1.0,Oppo,Y21,BSNL,Marathi,iOS,15,app,play_store,9,0,286.1,organic,activation,none,none
101033,Sun,12,Android,1,1,Male,31.0,Delhi,Rajasthan,1,0,0,0,0,0,1,0,2.1,OnePlus,iPhone 13,Vi,Tamil,Android,14,app,app_store,7,2,519.8,influencer,activation,ag1,none
101034,Tue,22,Android,1,1,Unknown,19.0,Bangalore,Rajasthan,1,0,0,1,0,0,0,0,1.0,OnePlus,Y21,BSNL,English,Android,13,app,app_store,12,4,191.1,organic,brand,none,crm
101035,Wed,6,iOS,0,1,Female,24.0,Indore,Delhi,0,0,0,0,0,0,0,0,1.0,Samsung,A12,Airtel,Tamil,iOS,13,app,play_store,10,1,239.1,meta,activation,ag1,none
101036,Thu,2,Web,1,1,Male,39.0,Jaipur,Delhi,1,0,0,1,0,0,0,0,1.0,OnePlus,Y21,Airtel,English,Android,17,app,play_store,11,2,345.5,referral,remarketing,none,organic
101037,Mon,2,Android,0,1,Female,37.0,Bangalore,MP,0,0,0,1,0,0,0,1,1.0,OnePlus,Nord,Airtel,Hindi,Android,14,app,app_store,9,1,364.8,google,none,ag1,crm
101038,Sat,4,Android,1,2,Male,29.0,Jaipur,Maharashtra,1,0,0,0,0,0,0,0,1.1,Xiaomi,Note 10,Other,Hindi,Android,13,app,play_store,7,4,218.2,organic,remarketing,none,crm
101039,Sat,13,iOS,1,1,Male,22.0,Pune,Delhi,1,0,0,0,0,1,0,1,1.0,Apple,iPhone 13,Other,English,Android,17,app,app_store,10,0,436.3,organic,generic,ag2,paid
101040,Sun,16,Android,0,1,Male,30.0,Jaipur,Unknown,1,0,0,0,0,0,0,0,1.2,Xiaomi,A12,Airtel,Tamil,Android,14,app,play_store,12,1,527.8,meta,generic,none,organic
101041,Wed,10,Android,0,1,Male,25.0,Pune,Maharashtra,0,0,0,1,0,0,0,0,1.2,Vivo,Reno,BSNL,Tamil,iOS,14,app,play_store,9,4,555.3,organic,brand,ag1,paid
101042,Thu,5,Android,0,1,Male,35.0,Pune,Karnataka,0,1,0,0,1,0,0,0,1.0,OnePlus,Y21,Vi,English,Android,16,app,play_store,11,3,270.9,referral,brand,none,paid
101043,Wed,18,Android,0,1,Male,40.0,Indore,Karnataka,0,0,0,0,0,0,0,0,2.0,Xiaomi,Reno,Other,English,Android,12,app,play_store,7,1,145.4,organic,remarketing,ag1,organic
101044,Mon,22,iOS,0,1,Female,31.0,Jaipur,Unknown,0,0,0,0,0,0,0,0,1.2,Xiaomi,Note 10,Vi,English,Android,17,app,play_store,7,2,214.9,organic,none,ag2,none
101045,Wed,15,Android,0,1,Female,33.0,Unknown,Rajasthan,1,0,0,0,0,0,0,1,2.0,Samsung,iPhone 13,Airtel,Hindi,Android,17,app,app_store,10,4,298.2,google,brand,none,organic
101046,Sun,10,Android,0,1,Female,30.0,Mumbai,Unknown,0,1,0,1,0,0,1,1,1.1,Samsung,iPhone 13,Airtel,Hindi,Android,13,app,play_store,4,4,268.7,organic,brand,ag3,none
101047,Tue,4,Android,1,1,Male,33.0,Bangalore,Unknown,0,1,0,0,0,1,0,0,1.1,Samsung,Note 10,Airtel,English,Android,14,app,play_store,9,7,474.1,referral,activation,ag2,crm
101048,Fri,4,iOS,0,1,Female,29.0,Bangalore,Unknown,0,0,1,0,0,0,0,0,1.0,Apple,Note 10,Vi,Marathi,Android,13,app,play_store,9,1,221.2,google,generic,ag1,none
101049,Sat,19,Web,0,1,Male,36.0,Delhi,Maharashtra,0,0,0,0,0,0,0,0,2.1,Samsung,iPhone 13,BSNL,English,Android,14,app,app_store,8,1,231.5,referral,brand,ag1,crm
101050,Mon,10,Android,0,1,Male,18.0,Jaipur,Maharashtra,1,0,0,1,1,0,0,0,1.0,Vivo,iPhone 13,Vi,Tamil,Android,17,app,play_store,5,5,176.3,google,remarketing,ag1,crm
101051,Wed,9,iOS,1,1,Male,23.0,Indore,Delhi,1,0,0,0,0,1,0,0,1.2,Samsung,Note 10,Vi,Hindi,iOS,14,app,play_store,10,3,281.7,referral,none,ag2,crm
101052,Thu,10,Android,0,1,Male,39.0,Pune,Karnataka,0,0,1,0,0,0,0,0,1.1,Xiaomi,iPhone 13,Airtel,Hindi,Android,17,app,play_store,7,4,930.0,organic,generic,none,crm
101053,Thu,1,Android,0,1,Female,47.0,Indore,Delhi,1,0,0,0,1,0,0,1,1.2,Xiaomi,A12,Airtel,Bengali,Android,17,app,play_store,7,1,472.0,google,activation,ag1,crm
101054,Thu,1,Android,1,1,Male,26.0,Mumbai,Karnataka,0,0,0,0,0,0,0,0,1.1,Vivo,Reno,Other,Marathi,Android,12,app,app_store,11,4,169.5,google,none,ag3,paid
101055,Sat,13,iOS,0,1,Female,28.0,Mumbai,Karnataka,0,0,0,0,0,0,0,0,1.2,Apple,A12,BSNL,Marathi,Android,15,app,play_store,6,4,257.3,meta,brand,none,crm
101056,Sat,0,Android,0,4,Female,33.0,Unknown,Maharashtra,0,0,0,1,0,0,0,0,2.1,Xiaomi,A12,BSNL,Bengali,Android,17,app,app_store,5,2,408.9,meta,brand,ag2,organic
101057,Sat,8,iOS,0,1,Female,27.0,Bangalore,Maharashtra,0,1,0,0,0,0,0,1,1.1,Vivo,A12,BSNL,English,Android,17,app,play_store,8,2,1574.5,referral,generic,none,crm
101058,Thu,4,Android,0,1,Male,29.0,Pune,Rajasthan,0,1,0,1,0,0,0,0,2.0,Oppo,Note 10,Airtel,Marathi,Android,15,app,play_store,5,1,355.8,meta,remarketing,ag3,paid
101059,Tue,10,Android,0,1,Male,18.0,Pune,Maharashtra,1,0,0,0,0,0,0,0,1.2,Apple,Y21,BSNL,Hindi,Android,11,app,play_store,3,2,183.4,organic,generic,ag1,paid
101060,Mon,10,Android,0,1,Male,19.0,Indore,Rajasthan,1,0,0,1,0,0,0,0,2.1,Oppo,iPhone 13,Airtel,Tamil,Android,12,app,play_store,8,4,247.8,google,brand,none,crm
101061,Wed,14,iOS,1,1,Male,36.0,Delhi,Rajasthan,0,0,0,0,1,0,0,0,2.0,OnePlus,A12,BSNL,Marathi,Android,13,web,play_store,10,5,620.9,influencer,brand,ag3,organic
101062,Sun,22,Android,0,2,Unknown,35.0,Bangalore,Unknown,0,0,0,0,0,0,0,1,1.1,Samsung,Reno,Airtel,Tamil,Android,15,app,play_store,3,1,167.5,influencer,brand,none,paid
101063,Sat,13,iOS,0,2,Male,30.0,Pune,MP,0,0,0,1,0,0,0,0,1.1,Apple,Reno,Other,Tamil,Android,12,app,play_store,7,5,621.9,influencer,none,ag1,crm
101064,Tue,7,iOS,0,1,Unknown,21.0,Bangalore,Delhi,1,0,0,0,0,0,0,0,1.1,Apple,A12,Airtel,Hindi,Android,12,app,play_store,11,3,124.5,influencer,remarketing,none,crm
101065,Fri,2,iOS,1,4,Male,35.0,Bangalore,MP,0,0,0,0,0,0,0,0,1.0,Vivo,Note 10,Airtel,English,Android,12,app,play_store,4,4,569.9,google,remarketing,ag2,organic
101066,Mon,14,Android,0,2,Male,18.0,Mumbai,Maharashtra,0,1,0,0,0,0,0,0,2.1,Xiaomi,Note 10,Airtel,Bengali,Android,17,app,app_store,7,4,487.1,meta,activation,ag1,crm
101067,Thu,12,Android,1,1,Male,34.0,Mumbai,Maharashtra,1,0,1,0,1,0,1,0,1.2,Vivo,iPhone 13,BSNL,English,Android,16,web,play_store,10,1,66.3,google,brand,ag1,organic
101068,Tue,23,Web,0,1,Female,21.0,Delhi,Rajasthan,0,1,0,1,0,1,0,0,1.1,OnePlus,Note 10,Airtel,Hindi,Android,17,app,play_store,10,2,142.0,meta,brand,none,none
101069,Fri,1,Android,1,2,Unknown,25.0,Pune,Unknown,0,0,0,1,0,0,0,0,1.2,Oppo,A12,Jio,Hindi,Android,11,app,app_store,5,4,193.2,influencer,brand,ag1,crm
101070,Sun,16,Web,1,1,Female,26.0,Pune,Rajasthan,1,1,0,0,0,0,0,0,1.0,Vivo,Reno,BSNL,English,Android,11,app,play_store,4,2,511.8,meta,activation,ag2,organic
101071,Fri,16,Android,1,3,Female,44.0,Pune,Maharashtra,1,0,0,0,0,0,0,0,1.1,Oppo,Note 10,Airtel,Bengali,Android,16,app,app_store,14,1,403.2,organic,activation,ag3,crm
101072,Wed,22,iOS,1,3,Male,18.0,Jaipur,Delhi,1,0,0,0,0,0,0,0,1.2,OnePlus,Reno,Other,Bengali,Android,15,app,app_store,7,2,309.7,google,brand,ag3,none
101073,Wed,21,Android,0,1,Unknown,45.0,Mumbai,MP,0,1,0,0,0,0,0,0,2.0,Apple,A12,Other,English,Android,14,app,play_store,8,3,261.9,meta,remarketing,ag2,crm
101074,Tue,8,Android,1,3,Male,45.0,Pune,Unknown,0,0,0,1,0,1,0,0,1.2,Apple,Reno,Vi,Bengali,Android,17,app,play_store,1,4,150.9,influencer,remarketing,ag2,crm
101075,Fri,1,Android,1,1,Female,37.0,Delhi,Delhi,0,0,0,0,0,0,0,0,2.1,Xiaomi,A12,Vi,English,Android,17,app,app_store,7,3,629.4,referral,generic,ag3,organic
101076,Sun,19,Android,0,1,Male,44.0,Jaipur,MP,0,0,0,0,0,0,0,0,1.1,Samsung,Nord,Other,Bengali,Android,11,app,play_store,8,6,536.0,referral,activation,ag2,none
101077,Tue,14,Android,0,2,Female,26.0,Mumbai,Maharashtra,1,0,0,0,0,0,0,0,2.1,Vivo,iPhone 13,Vi,Hindi,Android,15,app,play_store,6,4,502.7,referral,remarketing,ag1,crm
101078,Tue,2,Android,1,1,Male,36.0,Indore,Maharashtra,1,0,0,0,0,0,0,0,1.1,Oppo,Nord,Jio,English,Android,16,app,play_store,13,3,86.3,organic,brand,ag1,paid
101079,Fri,21,Android,0,1,Female,32.0,Delhi,Rajasthan,0,0,0,0,0,0,0,0,2.0,Vivo,Reno,Jio,English,Android,17,app,play_store,12,3,52.3,referral,brand,ag2,paid
101080,Fri,22,Android,1,1,Male,26.0,Delhi,Rajasthan,0,1,0,0,1,0,1,0,1.1,Vivo,Nord,Jio,Marathi,Android,17,web,play_store,7,4,303.7,meta,activation,none,crm
101081,Tue,21,Android,0,1,Male,31.0,Delhi,MP,1,0,0,0,0,1,0,0,1.2,OnePlus,Nord,BSNL,English,Android,16,app,play_store,6,2,60.6,meta,remarketing,ag1,crm
101082,Thu,10,Web,0,1,Male,40.0,Delhi,Delhi,0,0,0,0,0,0,0,0,2.0,Samsung,A12,Other,Tamil,Android,11,app,app_store,7,4,692.1,google,none,ag2,none
101083,Wed,19,Android,0,1,Male,40.0,Delhi,Delhi,0,0,0,0,0,0,0,0,2.0,Oppo,Note 10,Jio,Bengali,Android,11,app,play_store,13,2,75.0,referral,brand,none,paid
101084,Tue,15,Android,1,1,Male,18.0,Mumbai,Karnataka,0,0,0,1,1,0,0,0,2.0,OnePlus,Nord,Vi,English,Android,13,app,play_store,7,1,287.3,google,generic,ag3,paid
101085,Sat,13,Android,0,1,Female,25.0,Unknown,Delhi,1,0,0,0,1,0,0,0,2.1,Apple,Nord,Airtel,Tamil,Android,17,app,play_store,7,5,1121.0,organic,none,ag3,organic
101086,Sun,12,Android,1,1,Male,20.0,Bangalore,Rajasthan,0,0,0,1,0,1,0,0,1.1,Samsung,Nord,BSNL,Marathi,Android,15,app,app_store,6,4,553.9,google,brand,ag1,none
101087,Sun,5,iOS,1,1,Female,37.0,Delhi,MP,0,0,0,0,0,0,0,0,2.0,Vivo,A12,Jio,Hindi,Android,13,app,play_store,13,4,455.1,google,generic,none,none
101088,Thu,22,iOS,0,1,Female,22.0,Unknown,Delhi,1,0,0,0,0,0,0,0,1.1,Samsung,iPhone 13,Airtel,Hindi,Android,11,app,play_store,14,3,90.6,influencer,remarketing,ag1,crm
101089,Mon,5,Android,0,1,Unknown,46.0,Unknown,Delhi,0,0,0,0,0,0,1,1,2.1,Apple,Note 10,Other,Bengali,Android,12,app,play_store,12,2,608.6,influencer,generic,ag1,paid
101090,Fri,3,Android,1,1,Male,35.0,Bangalore,Unknown,0,0,0,0,0,0,0,1,1.0,Samsung,Reno,Other,Marathi,Android,14,app,play_store,10,3,227.2,meta,brand,ag1,paid
101091,Fri,8,Android,0,3,Female,42.0,Jaipur,Karnataka,0,0,0,0,1,1,0,0,2.1,Xiaomi,Nord,Other,Bengali,Android,14,app,play_store,9,2,418.3,organic,none,ag3,crm
101092,Wed,3,Android,1,1,Female,26.0,Mumbai,Karnataka,0,1,0,0,0,0,0,1,2.1,OnePlus,iPhone 13,Airtel,Bengali,iOS,17,app,play_store,12,3,295.8,google,brand,ag2,none
101093,Sat,3,Android,0,3,Male,36.0,Jaipur,Delhi,0,0,0,0,0,0,0,0,1.0,Oppo,Y21,Jio,English,Android,12,app,play_store,8,3,121.1,google,activation,ag3,organic
101094,Mon,3,Android,1,1,Unknown,38.0,Pune,Karnataka,0,1,0,0,0,0,0,0,2.1,Samsung,Nord,BSNL,Tamil,Android,14,web,play_store,4,3,30.3,google,generic,none,organic
101095,Thu,17,Android,0,4,Female,30.0,Delhi,Rajasthan,1,0,0,0,0,0,0,0,2.1,Xiaomi,A12,BSNL,Marathi,iOS,11,app,web,6,2,819.8,referral,generic,ag2,organic
101096,Mon,9,Android,1,1,Male,18.0,Unknown,Karnataka,1,1,0,0,0,0,0,0,1.2,Samsung,Note 10,BSNL,Hindi,Android,17,app,play_store,3,3,286.4,influencer,brand,ag2,organic
101097,Fri,8,Android,0,1,Female,19.0,Delhi,Delhi,0,0,0,0,0,0,0,0,1.1,OnePlus,A12,Vi,Tamil,Android,16,app,play_store,13,3,128.8,meta,activation,ag1,paid
101098,Thu,0,Android,0,4,Male,26.0,Pune,Unknown,0,0,0,0,0,0,0,0,2.1,Vivo,Reno,Airtel,English,iOS,17,app,app_store,5,2,444.6,organic,activation,none,paid
101099,Mon,7,Android,0,1,Unknown,31.0,Pune,Rajasthan,0,0,0,0,0,0,0,0,2.1,Samsung,Reno,Jio,Bengali,Android,14,app,play_store,9,2,748.1,google,generic,ag1,organic
101100,Thu,18,Android,0,1,Male,18.0,Indore,Maharashtra,0,1,0,0,0,0,0,0,2.0,Xiaomi,A12,Vi,Bengali,iOS,12,app,play_store,9,2,360.6,google,remarketing,ag2,crm
101101,Fri,9,Android,0,3,Male,33.0,Delhi,Maharashtra,0,0,0,0,0,0,0,0,1.0,Xiaomi,Note 10,Jio,Bengali,Android,15,app,app_store,4,4,309.7,referral,generic,ag1,crm
101102,Wed,23,iOS,0,1,Male,18.0,Indore,Unknown,1,0,0,1,0,1,0,0,1.0,OnePlus,A12,BSNL,Tamil,iOS,14,app,play_store,11,3,688.7,influencer,none,ag2,organic
101103,Wed,4,Android,0,1,Female,33.0,Bangalore,Karnataka,0,1,0,0,1,0,0,1,2.0,OnePlus,iPhone 13,Jio,Tamil,Android,17,app,app_store,7,3,268.6,google,activation,none,none
101104,Mon,15,Android,0,1,Female,45.0,Mumbai,Rajasthan,1,0,0,1,0,0,0,0,1.1,Vivo,iPhone 13,BSNL,Tamil,Android,16,app,play_store,14,2,156.7,google,activation,ag2,none
101105,Sun,2,Android,0,4,Male,25.0,Pune,Maharashtra,1,0,1,0,1,0,0,1,1.1,Samsung,Note 10,BSNL,Bengali,iOS,17,app,play_store,6,3,481.4,referral,brand,none,paid
101106,Fri,8,Web,0,1,Female,23.0,Mumbai,Karnataka,0,0,1,0,0,0,0,0,1.1,OnePlus,Note 10,Jio,Tamil,Android,11,app,play_store,10,2,457.9,referral,remarketing,ag3,crm
101107,Mon,16,Android,0,2,Unknown,18.0,Jaipur,Karnataka,0,1,1,1,0,0,0,0,1.2,OnePlus,Reno,Other,Tamil,Android,16,app,play_store,11,4,302.7,organic,activation,ag1,organic
101108,Sat,14,Android,0,1,Unknown,20.0,Bangalore,Maharashtra,0,0,0,0,0,0,0,0,2.1,Vivo,iPhone 13,Vi,Hindi,Android,16,app,play_store,7,2,276.7,referral,brand,ag3,organic
101109,Tue,0,Android,1,1,Female,26.0,Indore,Delhi,0,0,0,1,0,0,0,0,1.1,Oppo,Y21,Jio,Hindi,iOS,12,app,play_store,12,4,27.1,meta,activation,ag2,paid
101110,Sun,1,Android,1,1,Female,32.0,Delhi,Karnataka,1,0,0,1,0,0,0,0,1.2,Apple,Nord,Other,Marathi,Android,12,app,web,6,2,575.1,google,none,ag2,paid
101111,Thu,5,Android,0,1,Unknown,30.0,Bangalore,Maharashtra,1,0,0,1,0,1,0,0,1.2,OnePlus,A12,Airtel,Hindi,Android,13,web,app_store,3,3,375.5,organic,remarketing,ag1,none
101112,Mon,19,iOS,1,3,Male,31.0,Indore,Unknown,0,0,0,0,0,0,0,0,1.2,Samsung,Nord,Vi,Marathi,Android,17,app,app_store,4,3,509.7,organic,activation,ag1,none
101113,Tue,11,Android,1,1,Female,21.0,Pune,Karnataka,0,0,0,1,1,0,0,0,1.0,Apple,Note 10,Other,Marathi,Android,12,app,web,16,2,335.1,google,activation,none,crm
101114,Sun,8,iOS,1,2,Male,31.0,Delhi,Unknown,0,1,0,0,0,0,0,0,2.0,Xiaomi,iPhone 13,Other,English,iOS,15,app,web,6,2,73.9,influencer,activation,ag1,crm
101115,Tue,13,Android,1,4,Female,20.0,Mumbai,Karnataka,0,0,0,0,0,0,0,1,2.1,Oppo,Nord,Airtel,Hindi,Android,15,app,play_store,5,4,285.3,influencer,none,ag3,paid
101116,Sat,2,iOS,0,1,Male,18.0,Unknown,Rajasthan,0,0,0,0,0,1,0,0,1.2,Xiaomi,Y21,BSNL,Tamil,Android,15,app,play_store,4,3,473.6,google,remarketing,ag3,crm
101117,Tue,1,Android,0,1,Male,27.0,Pune,Delhi,0,0,0,0,0,0,0,0,2.1,Vivo,iPhone 13,Airtel,Hindi,Android,14,app,play_store,9,3,275.9,organic,generic,ag3,organic
101118,Wed,18,Android,0,1,Female,22.0,Delhi,Unknown,0,0,0,1,0,0,0,0,2.0,Oppo,Note 10,Airtel,Bengali,iOS,11,app,play_store,5,4,260.6,referral,generic,ag1,organic
101119,Sat,19,iOS,0,1,Unknown,31.0,Unknown,Unknown,0,0,1,0,0,1,0,0,1.2,Xiaomi,A12,Jio,Tamil,Android,17,web,app_store,6,3,191.1,meta,none,ag1,paid
101120,Thu,7,Android,0,1,Male,30.0,Delhi,MP,0,0,0,0,0,0,0,0,1.0,Oppo,Nord,BSNL,English,Android,13,app,play_store,7,4,32.3,meta,generic,ag3,none
101121,Thu,21,Android,0,1,Female,20.0,Mumbai,MP,1,0,0,1,0,1,0,0,1.0,Vivo,A12,Vi,Bengali,Android,11,web,play_store,8,4,1060.3,influencer,brand,ag3,none
101122,Tue,8,Android,0,1,Female,21.0,Unknown,Unknown,1,0,0,0,0,1,0,0,1.1,OnePlus,Y21,BSNL,Hindi,iOS,16,app,play_store,15,2,467.1,google,none,none,crm
101123,Mon,13,Android,0,2,Male,41.0,Jaipur,Rajasthan,1,0,1,0,0,0,0,0,1.0,Xiaomi,Y21,Airtel,Bengali,Android,15,app,play_store,9,4,368.5,google,generic,none,organic
101124,Sun,16,Android,0,2,Male,42.0,Pune,Delhi,0,0,0,0,0,0,0,0,1.0,Xiaomi,A12,Other,Hindi,Android,14,app,play_store,13,2,291.2,influencer,activation,none,organic
101125,Tue,12,Android,0,1,Female,23.0,Pune,MP,0,0,0,0,0,0,0,0,1.2,Apple,Nord,Other,Tamil,Android,16,app,play_store,9,5,133.3,organic,none,none,paid
101126,Fri,5,Android,0,1,Male,23.0,Bangalore,Rajasthan,1,0,0,0,0,0,0,0,1.2,Oppo,A12,BSNL,Tamil,Android,17,app,play_store,8,5,215.3,organic,activation,ag3,organic
101127,Fri,17,Android,0,1,Male,18.0,Pune,Delhi,0,0,0,0,0,0,0,0,2.0,Xiaomi,Y21,Airtel,Tamil,iOS,15,app,app_store,6,3,405.1,organic,remarketing,ag3,crm
101128,Sat,4,Android,1,1,Male,24.0,Jaipur,Maharashtra,0,0,0,0,0,0,0,1,2.1,Oppo,A12,BSNL,Marathi,Android,17,app,play_store,6,3,160.5,influencer,none,ag1,none
101129,Sat,10,Android,0,1,Male,45.0,Unknown,Delhi,1,0,0,0,0,0,0,0,1.2,Xiaomi,Reno,Jio,Tamil,iOS,12,app,play_store,9,2,467.2,meta,generic,ag2,none
101130,Sat,4,Android,0,2,Female,31.0,Bangalore,Karnataka,1,0,0,0,0,0,0,1,1.1,Samsung,Reno,Airtel,Hindi,Android,15,app,play_store,8,5,133.2,influencer,activation,ag2,none
101131,Sat,20,Android,1,1,Female,34.0,Delhi,Rajasthan,0,0,0,1,0,1,1,0,2.1,Samsung,Note 10,Airtel,Marathi,iOS,16,app,play_store,6,4,263.7,google,generic,ag3,crm
101132,Mon,19,iOS,1,4,Male,36.0,Indore,Rajasthan,0,0,0,0,0,1,0,0,1.1,Apple,Y21,Vi,Marathi,Android,15,app,play_store,13,0,238.0,influencer,none,ag3,none
101133,Sun,18,Android,0,4,Female,23.0,Pune,Karnataka,0,0,1,0,0,0,0,0,2.1,Xiaomi,Note 10,Airtel,Tamil,Android,14,app,play_store,11,3,58.2,meta,none,none,paid
101134,Sat,3,Android,0,1,Female,21.0,Delhi,Rajasthan,0,0,0,0,0,0,0,0,1.0,Vivo,Nord,Airtel,English,Android,12,app,play_store,5,4,713.8,google,brand,ag2,organic
101135,Fri,21,Android,0,1,Unknown,39.0,Unknown,Unknown,1,1,0,0,0,0,0,0,2.1,Oppo,A12,BSNL,Hindi,iOS,17,app,play_store,10,3,421.2,meta,brand,ag3,none
101136,Sun,3,Android,0,1,Male,39.0,Indore,Delhi,1,0,0,0,0,0,0,0,2.0,Xiaomi,A12,Other,English,Android,13,app,play_store,12,4,205.9,meta,brand,none,crm
101137,Sun,21,Android,0,1,Male,25.0,Unknown,Delhi,1,0,0,0,0,0,0,0,1.1,Apple,A12,BSNL,Hindi,iOS,14,app,play_store,6,4,428.0,organic,activation,none,crm
101138,Sat,6,Android,1,3,Male,45.0,Jaipur,Karnataka,1,0,0,0,0,0,0,0,2.0,Oppo,A12,Jio,Marathi,Android,17,app,app_store,9,1,175.9,meta,activation,ag3,paid
101139,Sun,9,iOS,0,1,Female,27.0,Unknown,Rajasthan,1,0,0,0,0,0,0,0,2.1,Samsung,A12,Airtel,English,Android,14,app,play_store,9,2,355.3,referral,none,none,none
101140,Thu,16,Android,1,1,Male,35.0,Indore,Rajasthan,1,0,1,0,0,0,0,0,1.2,Vivo,Reno,Vi,Tamil,Android,16,web,play_store,15,4,209.0,google,brand,ag3,organic
101141,Fri,9,Android,0,1,Male,35.0,Unknown,MP,0,0,0,1,0,1,0,0,1.2,OnePlus,Note 10,Other,English,iOS,13,web,app_store,7,2,219.1,influencer,generic,ag2,none
101142,Sat,10,Android,0,1,Female,31.0,Mumbai,Unknown,1,0,0,0,0,1,0,0,1.0,Xiaomi,Nord,Other,Bengali,Android,15,app,play_store,7,1,304.5,google,remarketing,ag1,crm
101143,Mon,17,Android,0,1,Male,22.0,Mumbai,Unknown,0,1,0,0,0,0,0,0,1.2,Oppo,A12,BSNL,English,Android,14,app,play_store,6,5,563.0,influencer,brand,none,organic
101144,Wed,19,Android,1,1,Unknown,29.0,Bangalore,Unknown,0,0,0,1,0,0,0,0,1.1,Samsung,iPhone 13,Other,Hindi,iOS,17,app,play_store,15,3,382.4,influencer,remarketing,ag2,crm
101145,Sat,21,iOS,0,1,Male,18.0,Unknown,Delhi,0,0,0,0,0,0,0,0,2.1,Xiaomi,Y21,Other,Hindi,Android,15,app,play_store,4,3,210.4,referral,remarketing,ag3,paid
101146,Mon,18,Android,0,1,Female,31.0,Pune,MP,1,1,0,0,0,0,0,0,1.2,Apple,Note 10,Airtel,Tamil,iOS,11,app,play_store,6,1,378.1,referral,brand,ag2,paid
101147,Sat,16,Android,0,1,Unknown,34.0,Indore,MP,0,0,1,0,0,0,0,0,1.2,OnePlus,Note 10,Other,Bengali,Android,15,app,play_store,12,5,920.5,referral,activation,ag1,paid
101148,Tue,10,Android,1,2,Male,31.0,Delhi,Rajasthan,0,1,0,0,0,0,0,0,1.1,OnePlus,A12,Airtel,Bengali,Android,17,app,app_store,8,2,654.8,google,none,none,none
101149,Sat,10,Android,0,1,Unknown,41.0,Mumbai,Karnataka,0,0,0,0,0,1,0,0,2.1,Apple,Nord,Vi,English,iOS,16,app,app_store,7,3,174.3,google,remarketing,ag1,organic
101150,Wed,0,iOS,0,1,Female,35.0,Mumbai,Karnataka,1,0,0,0,0,1,0,0,1.1,Oppo,Nord,Airtel,English,Android,12,app,app_store,8,6,288.2,google,activation,ag2,organic
101151,Mon,3,iOS,1,1,Female,28.0,Mumbai,Maharashtra,1,0,0,0,0,0,0,0,1.0,OnePlus,iPhone 13,Other,Tamil,iOS,16,app,play_store,7,2,388.3,google,none,none,organic
101152,Wed,7,Android,0,1,Male,29.0,Delhi,Karnataka,1,1,0,0,0,0,0,1,1.2,OnePlus,A12,BSNL,Marathi,Android,14,app,web,10,5,53.2,meta,generic,none,crm
101153,Thu,15,Android,0,3,Female,28.0,Indore,Maharashtra,0,1,0,1,0,0,1,0,1.0,Oppo,iPhone 13,Jio,English,Android,11,app,play_store,11,4,573.3,organic,none,ag3,none
101154,Thu,14,Android,1,2,Female,27.0,Mumbai,Delhi,0,1,1,1,0,0,0,0,1.1,Apple,iPhone 13,Jio,English,Android,13,app,play_store,5,3,108.8,organic,generic,ag3,none
101155,Tue,22,Android,0,3,Male,34.0,Delhi,Karnataka,1,0,0,0,0,0,0,0,2.0,Samsung,Reno,Jio,Marathi,Android,17,app,app_store,4,3,141.0,meta,none,ag1,crm
101156,Mon,10,Web,0,1,Unknown,31.0,Indore,Rajasthan,1,0,1,0,0,1,0,0,2.1,OnePlus,A12,Jio,Hindi,Android,17,web,play_store,10,5,197.3,meta,brand,ag2,none
101157,Mon,10,Android,0,2,Male,31.0,Indore,Rajasthan,0,0,0,0,0,0,0,0,1.0,OnePlus,Y21,BSNL,Hindi,Android,11,app,app_store,6,2,772.6,referral,brand,ag2,none
101158,Mon,5,Android,0,2,Female,31.0,Bangalore,Unknown,1,0,0,0,0,0,0,1,1.1,Vivo,Note 10,Other,Tamil,iOS,17,app,play_store,6,2,220.3,referral,none,ag1,crm
101159,Mon,1,Android,0,1,Female,22.0,Delhi,Karnataka,0,1,0,0,0,0,0,0,2.0,Xiaomi,Y21,Airtel,Tamil,Android,15,web,play_store,10,3,280.4,google,generic,ag2,organic
101160,Sun,18,Web,0,3,Male,28.0,Pune,MP,0,1,0,0,0,0,0,1,1.1,Apple,iPhone 13,Vi,English,Android,13,app,play_store,7,7,602.8,influencer,none,none,none
101161,Tue,17,Android,1,1,Female,26.0,Mumbai,Rajasthan,0,0,0,0,0,1,0,0,1.0,Apple,Note 10,Other,English,Android,11,app,play_store,5,5,602.6,influencer,brand,ag2,organic
101162,Tue,4,Android,0,1,Male,34.0,Pune,Rajasthan,0,0,0,0,0,0,1,0,1.0,Apple,Nord,Vi,English,Android,13,app,play_store,8,5,176.1,google,remarketing,ag1,paid
101163,Sat,20,Web,0,1,Male,19.0,Pune,Unknown,0,0,0,0,0,0,0,0,1.0,OnePlus,Reno,Other,Bengali,Android,15,app,web,5,0,126.7,influencer,remarketing,ag1,paid
101164,Sat,14,Android,1,1,Male,22.0,Unknown,Maharashtra,0,1,0,0,0,0,0,0,1.0,OnePlus,Note 10,Other,Hindi,iOS,13,app,play_store,4,0,167.9,organic,generic,ag1,crm
101165,Sat,16,Android,0,1,Female,32.0,Indore,Karnataka,0,0,0,0,0,0,0,0,2.1,Oppo,A12,BSNL,Tamil,Android,14,app,play_store,10,2,649.2,google,remarketing,ag2,organic
101166,Sat,5,iOS,0,2,Female,30.0,Unknown,Delhi,0,0,0,0,0,1,0,0,2.0,Xiaomi,Reno,BSNL,English,Android,13,app,app_store,5,5,67.1,organic,remarketing,none,crm
101167,Tue,18,iOS,1,2,Male,42.0,Jaipur,Delhi,0,0,0,0,0,1,0,0,1.0,Xiaomi,Y21,Jio,Hindi,Android,16,app,play_store,4,3,1461.0,influencer,activation,ag3,organic
101168,Tue,10,Android,0,1,Male,32.0,Delhi,Karnataka,0,0,0,1,0,0,0,1,1.1,Samsung,Y21,Other,Hindi,Android,15,app,app_store,6,6,173.6,google,none,ag3,organic
101169,Sat,4,iOS,0,2,Male,39.0,Jaipur,Unknown,1,0,0,0,0,0,0,1,1.1,Vivo,iPhone 13,BSNL,Hindi,Android,16,app,app_store,7,2,179.4,organic,generic,ag1,paid
101170,Fri,7,Android,1,1,Female,48.0,Unknown,Unknown,0,0,0,0,0,1,0,0,1.0,Samsung,Note 10,Airtel,Bengali,Android,14,app,play_store,10,3,86.7,google,none,ag3,organic
101171,Tue,7,Android,0,1,Male,28.0,Unknown,MP,0,0,0,0,0,0,0,1,2.0,Samsung,iPhone 13,Other,Tamil,iOS,11,app,play_store,15,5,745.8,referral,activation,ag3,none
101172,Thu,15,Android,0,1,Female,24.0,Delhi,Rajasthan,0,0,0,0,1,0,0,0,2.1,Apple,Note 10,Jio,English,Android,14,app,play_store,8,1,330.8,organic,generic,none,none
101173,Sat,7,Android,1,1,Male,38.0,Pune,Delhi,0,1,0,0,0,0,1,0,2.1,Xiaomi,Y21,Vi,Bengali,Android,14,app,play_store,7,6,536.7,google,remarketing,none,crm
101174,Tue,3,Android,0,1,Female,23.0,Jaipur,Maharashtra,0,1,0,0,0,0,0,1,1.2,Xiaomi,Note 10,Airtel,Hindi,Android,13,app,app_store,6,3,895.4,google,brand,ag1,paid
101175,Thu,5,iOS,0,1,Male,45.0,Bangalore,Unknown,0,0,0,0,0,0,0,0,1.2,Xiaomi,Nord,BSNL,Hindi,iOS,12,web,web,11,2,353.4,influencer,none,ag1,crm
101176,Sun,1,Android,0,2,Female,40.0,Mumbai,Maharashtra,0,0,0,0,0,0,0,0,1.1,Oppo,Note 10,Other,Marathi,iOS,14,app,app_store,6,0,98.3,referral,brand,none,crm
101177,Wed,2,Android,1,1,Female,20.0,Indore,Unknown,0,0,0,0,1,1,0,0,1.1,Xiaomi,Note 10,BSNL,Bengali,Android,12,app,play_store,7,3,123.3,google,activation,ag3,paid
101178,Thu,10,iOS,0,1,Unknown,18.0,Mumbai,Rajasthan,0,0,0,0,0,0,0,0,1.0,Apple,Reno,BSNL,Marathi,Android,15,app,play_store,10,3,208.8,google,none,ag2,organic
101179,Tue,2,Android,0,1,Male,42.0,Jaipur,Karnataka,0,0,0,0,0,1,0,0,1.0,Xiaomi,Y21,Vi,Tamil,iOS,17,web,play_store,6,1,305.0,organic,none,none,organic
101180,Sat,13,Android,1,1,Female,23.0,Mumbai,Rajasthan,0,0,0,0,0,1,1,0,2.1,OnePlus,Note 10,Other,Hindi,Android,16,app,play_store,10,3,259.8,meta,brand,ag3,crm
101181,Sun,18,iOS,1,1,Female,26.0,Unknown,MP,0,0,0,0,1,0,0,0,1.2,OnePlus,Nord,Other,Tamil,Android,15,app,web,7,5,320.1,google,activation,none,none
101182,Tue,6,Android,1,1,Male,19.0,Jaipur,Maharashtra,0,1,0,0,0,1,0,0,1.1,Oppo,Reno,Other,Hindi,Android,13,app,app_store,7,1,59.0,meta,remarketing,ag3,paid
101183,Sun,2,Web,1,1,Female,32.0,Jaipur,Unknown,0,0,1,0,0,0,0,0,1.0,Apple,Note 10,Other,Bengali,Android,13,app,play_store,9,7,222.7,meta,brand,ag2,crm
101184,Wed,12,Android,1,2,Male,23.0,Delhi,Delhi,0,0,1,0,0,0,0,1,2.0,Oppo,Y21,Other,Hindi,iOS,12,app,play_store,11,5,300.8,referral,brand,ag3,paid
101185,Fri,17,Android,0,1,Female,23.0,Jaipur,Rajasthan,0,1,0,0,0,0,0,0,2.1,Samsung,iPhone 13,Jio,Tamil,Android,12,app,play_store,3,2,225.4,google,none,ag3,crm
101186,Sun,15,iOS,0,1,Unknown,37.0,Delhi,MP,0,0,0,0,0,0,0,0,2.0,OnePlus,Y21,BSNL,Tamil,iOS,13,app,play_store,12,3,371.1,referral,brand,ag1,organic
101187,Mon,3,Android,1,1,Male,27.0,Delhi,Karnataka,1,1,0,0,1,1,0,0,2.1,Oppo,A12,Other,Tamil,Android,14,app,play_store,8,3,810.6,organic,remarketing,ag2,none
101188,Sun,14,iOS,0,1,Male,30.0,Mumbai,Delhi,0,0,0,0,0,1,0,0,1.1,Xiaomi,Note 10,Vi,Hindi,Android,15,app,app_store,10,1,529.3,google,none,ag1,none
101189,Wed,10,Android,1,1,Male,20.0,Delhi,Karnataka,0,0,0,0,0,1,0,0,2.1,Xiaomi,Note 10,Jio,Marathi,Android,15,app,app_store,4,2,332.0,referral,remarketing,ag1,paid
101190,Mon,4,Android,0,1,Male,25.0,Bangalore,MP,0,0,1,0,0,1,0,0,2.1,Vivo,Nord,BSNL,Tamil,Android,17,app,app_store,6,5,180.9,influencer,remarketing,none,organic
101191,Thu,7,Android,0,1,Female,24.0,Delhi,Maharashtra,0,0,0,0,0,0,0,0,1.1,Xiaomi,Nord,Jio,Bengali,Android,17,app,play_store,11,3,614.2,meta,remarketing,ag2,paid
101192,Thu,0,Android,0,1,Male,40.0,Delhi,Karnataka,0,0,1,0,0,0,0,0,1.1,Apple,Note 10,BSNL,Marathi,iOS,17,app,app_store,10,3,153.8,google,remarketing,none,paid
101193,Thu,9,Android,0,1,Female,35.0,Delhi,Karnataka,0,0,0,1,0,0,0,0,2.1,Samsung,Nord,Other,English,Android,16,app,web,6,5,21.6,google,remarketing,ag3,none
101194,Wed,1,Android,1,1,Female,38.0,Mumbai,Unknown,0,0,0,0,0,0,0,0,1.0,Xiaomi,iPhone 13,Vi,Hindi,iOS,15,app,play_store,5,4,754.3,meta,brand,ag1,crm
101195,Mon,4,Web,1,2,Female,37.0,Mumbai,MP,0,1,0,0,0,0,0,0,1.2,Apple,Note 10,Airtel,English,Android,15,app,play_store,12,2,338.2,organic,brand,ag3,none
101196,Thu,2,Android,0,1,Male,40.0,Unknown,Maharashtra,0,1,0,0,0,0,0,0,2.1,Xiaomi,Reno,Other,Marathi,Android,15,app,play_store,9,2,614.1,referral,activation,ag3,none
101197,Wed,11,iOS,0,1,Female,18.0,Pune,Karnataka,1,0,0,0,1,0,0,0,1.2,Oppo,iPhone 13,Airtel,Bengali,Android,11,app,app_store,8,0,597.3,referral,activation,ag3,crm
101198,Tue,2,Android,0,1,Male,33.0,Bangalore,Unknown,1,1,0,0,0,0,0,1,2.0,Vivo,Nord,BSNL,Tamil,iOS,15,app,play_store,7,1,190.3,meta,activation,none,organic
101199,Fri,18,Android,0,4,Male,28.0,Jaipur,Karnataka,0,1,0,0,0,0,0,1,1.0,Xiaomi,A12,BSNL,English,iOS,16,app,play_store,16,5,266.3,referral,activation,ag3,none
101200,Fri,2,iOS,0,3,Unknown,38.0,Mumbai,Rajasthan,1,0,0,1,0,0,0,0,1.2,Samsung,A12,BSNL,Tamil,iOS,13,app,play_store,9,1,300.2,meta,remarketing,none,paid
101201,Tue,21,iOS,0,1,Female,23.0,Mumbai,Maharashtra,1,1,0,0,0,1,0,0,1.0,Vivo,A12,Other,English,Android,11,app,play_store,12,5,350.0,referral,none,ag3,none
101202,Sat,12,Android,0,1,Male,34.0,Bangalore,MP,0,0,0,0,0,1,0,0,2.1,Samsung,Reno,Other,Tamil,iOS,13,app,play_store,9,6,339.8,organic,generic,ag1,none
101203,Tue,17,iOS,1,1,Male,31.0,Bangalore,Maharashtra,0,1,0,1,0,0,1,0,2.0,OnePlus,Y21,BSNL,Tamil,Android,12,app,play_store,8,5,356.6,organic,generic,ag1,organic
101204,Tue,11,Android,1,1,Male,39.0,Pune,Delhi,1,0,0,0,0,1,0,0,1.0,Samsung,Reno,Vi,Tamil,iOS,11,app,app_store,7,6,308.3,organic,generic,ag1,paid
101205,Mon,2,Android,0,1,Female,39.0,Jaipur,MP,0,0,0,0,0,0,0,0,2.1,Samsung,Note 10,Vi,Hindi,Android,14,app,play_store,10,4,343.5,organic,none,ag3,none
101206,Sun,14,Android,0,3,Male,18.0,Bangalore,Unknown,0,0,0,0,0,1,0,0,2.0,Oppo,iPhone 13,Vi,Marathi,Android,11,app,play_store,7,3,215.2,referral,brand,none,paid
101207,Tue,2,Android,0,1,Female,35.0,Delhi,Maharashtra,0,0,0,0,0,0,1,0,1.0,Xiaomi,A12,Other,Hindi,Android,11,app,app_store,13,1,229.9,meta,generic,ag3,paid
101208,Thu,13,Android,1,4,Male,39.0,Jaipur,MP,0,0,0,0,0,0,0,0,2.1,Xiaomi,Reno,Other,Bengali,Android,16,app,play_store,7,0,336.4,google,brand,ag3,none
101209,Thu,10,Android,1,1,Male,18.0,Pune,Maharashtra,0,0,0,1,1,0,0,0,1.1,OnePlus,iPhone 13,Jio,Hindi,Android,17,app,play_store,6,2,1343.2,organic,none,none,paid
101210,Sun,18,Android,0,1,Female,21.0,Mumbai,Karnataka,0,0,1,0,0,0,0,0,1.1,Xiaomi,Reno,Other,Bengali,iOS,13,app,play_store,6,2,259.1,referral,generic,ag2,none
101211,Wed,5,Android,0,4,Male,40.0,Bangalore,Unknown,0,0,0,0,0,0,0,0,2.1,OnePlus,Nord,BSNL,Tamil,iOS,16,app,play_store,5,2,296.5,meta,none,ag3,organic
101212,Tue,3,iOS,1,1,Male,26.0,Unknown,Rajasthan,0,0,0,0,0,0,0,0,1.2,Oppo,iPhone 13,Jio,Tamil,Android,12,app,play_store,12,6,217.8,referral,none,ag3,paid
101213,Thu,9,Android,0,2,Female,35.0,Mumbai,Karnataka,0,0,0,0,0,1,0,0,1.0,Apple,A12,BSNL,Hindi,Android,17,app,app_store,7,2,119.7,organic,none,ag2,organic
101214,Mon,7,Web,1,1,Male,31.0,Indore,Maharashtra,0,0,0,0,0,0,0,0,2.1,Apple,Reno,BSNL,Tamil,iOS,12,app,web,5,5,90.6,organic,generic,ag1,none
101215,Sun,4,iOS,0,1,Male,40.0,Indore,Maharashtra,0,0,0,1,0,1,0,0,1.2,Oppo,Y21,Jio,Hindi,Android,11,app,app_store,7,2,466.8,meta,brand,ag2,crm
101216,Sun,17,Web,0,4,Male,20.0,Delhi,Maharashtra,0,0,1,0,0,0,0,0,2.0,Xiaomi,Reno,Airtel,Tamil,iOS,17,app,play_store,6,3,46.9,referral,brand,none,crm
101217,Sat,7,iOS,0,1,Female,26.0,Indore,Rajasthan,1,0,0,1,0,1,0,1,1.0,Vivo,Note 10,Other,Marathi,Android,12,app,web,8,1,308.9,meta,remarketing,ag2,crm
101218,Sun,1,Android,0,1,Male,23.0,Jaipur,Maharashtra,1,0,1,0,0,0,0,0,1.2,Vivo,Y21,Vi,Marathi,Android,13,app,play_store,6,1,325.7,influencer,brand,ag2,paid
101219,Wed,14,Android,0,1,Female,36.0,Indore,Karnataka,0,0,0,0,1,1,1,0,2.0,Oppo,iPhone 13,Jio,Bengali,iOS,14,app,app_store,9,4,213.3,referral,activation,ag2,organic
101220,Fri,22,Android,0,1,Female,27.0,Delhi,Karnataka,1,0,1,1,0,1,0,0,1.2,Vivo,Reno,BSNL,Bengali,Android,14,app,play_store,10,0,485.9,meta,generic,ag3,crm
101221,Sat,4,Android,1,1,Female,24.0,Unknown,Rajasthan,0,0,0,0,1,0,0,0,2.0,OnePlus,Reno,Other,English,Android,15,app,play_store,8,1,1117.4,referral,activation,ag1,crm
101222,Wed,9,Web,0,1,Male,45.0,Pune,Maharashtra,1,1,0,0,0,0,0,0,2.0,Apple,iPhone 13,Vi,Tamil,Android,13,app,app_store,7,7,20.9,organic,brand,ag1,organic
101223,Wed,11,iOS,0,3,Female,39.0,Delhi,Karnataka,0,0,0,0,0,0,0,0,1.2,Apple,Nord,Vi,English,Android,14,app,play_store,7,3,797.2,google,remarketing,ag3,none
101224,Thu,23,Web,0,1,Male,40.0,Bangalore,Unknown,0,0,1,0,0,1,0,0,2.1,Xiaomi,A12,BSNL,Marathi,Android,12,app,play_store,5,7,192.1,influencer,brand,none,crm
101225,Tue,4,Android,0,3,Male,24.0,Bangalore,MP,0,1,0,0,0,0,0,0,2.1,Samsung,Note 10,Other,Bengali,Android,14,app,web,6,5,75.1,google,brand,ag1,crm
101226,Thu,21,iOS,0,1,Male,29.0,Mumbai,Karnataka,1,0,0,0,0,1,0,0,1.0,Oppo,Y21,Vi,Tamil,iOS,11,app,play_store,10,2,170.5,organic,activation,none,paid
101227,Wed,10,iOS,1,1,Female,20.0,Unknown,Unknown,1,0,0,0,0,0,0,0,1.0,Apple,Reno,Jio,Marathi,Android,13,app,play_store,6,3,196.2,organic,generic,ag1,crm
101228,Sat,7,Android,1,2,Female,31.0,Jaipur,Delhi,1,0,0,0,0,0,0,0,2.0,Xiaomi,Note 10,Vi,Tamil,Android,14,app,play_store,10,2,120.7,influencer,generic,ag1,crm
101229,Wed,7,Android,1,2,Male,37.0,Indore,Rajasthan,1,1,0,0,0,1,0,0,2.1,Samsung,Y21,Other,Marathi,Android,12,app,app_store,5,4,456.2,google,remarketing,ag1,none
101230,Sun,17,Android,0,1,Male,34.0,Pune,MP,1,0,1,0,0,1,0,0,1.0,Samsung,Note 10,Vi,Hindi,Android,14,app,play_store,7,1,237.5,meta,brand,ag1,organic
101231,Fri,10,Android,0,2,Male,23.0,Pune,MP,0,0,0,0,0,0,0,0,2.1,Samsung,Reno,Jio,Marathi,iOS,14,app,web,11,0,11.8,organic,remarketing,ag2,crm
101232,Tue,5,Android,1,1,Male,31.0,Unknown,MP,0,0,0,0,0,0,0,0,2.1,Samsung,Nord,Airtel,Hindi,Android,12,app,play_store,7,5,661.3,organic,none,ag2,crm
101233,Sat,23,Android,1,1,Male,29.0,Delhi,Unknown,0,1,0,0,0,0,0,0,1.0,Apple,Note 10,BSNL,Bengali,Android,11,web,play_store,5,5,23.1,meta,none,ag3,paid
101234,Fri,18,iOS,0,3,Male,34.0,Jaipur,Delhi,1,0,0,0,1,1,0,0,1.0,Oppo,Nord,Vi,Bengali,Android,12,app,app_store,10,1,54.7,referral,generic,none,none
101235,Sat,19,Android,0,1,Unknown,35.0,Bangalore,Delhi,0,0,0,0,0,0,0,1,1.2,Apple,A12,Other,Bengali,Android,12,app,app_store,7,4,196.1,meta,generic,none,crm
101236,Wed,9,Android,1,1,Male,19.0,Indore,Maharashtra,1,1,0,1,0,0,0,0,2.0,Apple,Y21,BSNL,English,Android,17,app,app_store,5,4,380.9,google,remarketing,ag3,crm
101237,Tue,7,Android,0,3,Unknown,18.0,Jaipur,Maharashtra,1,0,0,0,1,0,0,0,2.1,Oppo,Note 10,Jio,Hindi,Android,15,app,play_store,6,6,331.6,organic,brand,none,crm
101238,Wed,20,Android,0,1,Male,18.0,Mumbai,Karnataka,0,0,0,1,0,0,0,0,2.0,Oppo,iPhone 13,Other,Tamil,Android,11,app,play_store,11,2,395.0,influencer,activation,none,crm
101239,Tue,23,iOS,0,1,Male,37.0,Jaipur,Delhi,0,1,0,0,0,0,0,1,1.1,Apple,Y21,BSNL,Hindi,Android,12,app,play_store,4,3,440.6,referral,remarketing,ag1,none
101240,Mon,6,Android,1,1,Male,34.0,Pune,Maharashtra,0,0,0,0,0,0,0,0,1.0,Oppo,Nord,Other,Marathi,Android,16,app,play_store,8,4,711.9,organic,remarketing,none,none
101241,Thu,19,Android,1,1,Female,32.0,Unknown,Maharashtra,0,0,0,0,1,0,0,0,1.1,Samsung,Nord,BSNL,Tamil,Android,12,app,app_store,8,3,1516.4,referral,remarketing,ag2,paid
101242,Thu,9,Android,0,1,Male,22.0,Jaipur,Rajasthan,0,0,0,1,0,0,0,0,2.0,Vivo,iPhone 13,Vi,English,iOS,17,app,play_store,11,4,213.9,influencer,activation,none,organic
101243,Fri,6,Android,0,1,Male,27.0,Mumbai,Unknown,0,1,1,0,0,0,0,0,2.0,Vivo,A12,Jio,English,Android,12,app,play_store,7,3,777.1,organic,activation,ag1,paid
101244,Thu,16,Android,0,1,Male,29.0,Unknown,Karnataka,0,0,0,0,1,1,0,0,1.1,Oppo,Note 10,Other,English,Android,13,app,play_store,4,3,472.2,meta,brand,ag1,organic
101245,Wed,12,Android,1,1,Female,34.0,Delhi,Delhi,0,0,0,0,0,1,0,0,1.2,OnePlus,A12,Airtel,English,iOS,15,app,web,10,6,158.3,organic,activation,ag3,organic
101246,Sun,6,Android,0,1,Male,28.0,Jaipur,Unknown,1,0,0,0,0,0,0,0,1.2,Xiaomi,Y21,BSNL,Hindi,Android,14,app,web,12,6,262.5,influencer,none,ag3,paid
101247,Thu,10,Android,0,1,Female,26.0,Jaipur,Delhi,0,0,0,0,0,0,0,0,2.1,Oppo,A12,Jio,Hindi,Android,12,app,play_store,7,4,259.3,referral,activation,ag1,crm
101248,Wed,15,Android,0,1,Female,42.0,Delhi,Karnataka,0,1,0,0,1,1,0,0,2.1,Oppo,Note 10,Airtel,Tamil,Android,12,app,play_store,10,4,300.6,organic,generic,ag1,none
101249,Fri,16,Android,0,1,Female,26.0,Mumbai,Rajasthan,1,0,0,0,0,1,0,0,1.2,Vivo,A12,Other,Tamil,iOS,17,app,app_store,8,6,191.1,referral,activation,ag3,none
101250,Tue,23,Android,1,4,Female,40.0,Mumbai,Karnataka,0,1,0,0,0,1,0,0,1.0,OnePlus,Note 10,Other,Bengali,Android,17,app,play_store,6,3,90.8,meta,remarketing,none,none
101251,Sat,4,Android,0,2,Unknown,20.0,Indore,Unknown,1,1,0,0,1,0,0,0,2.0,Xiaomi,Note 10,Airtel,Bengali,Android,17,app,play_store,3,1,604.9,google,brand,ag3,organic
101252,Mon,6,Web,0,1,Male,25.0,Delhi,MP,0,0,0,0,0,0,0,0,1.0,Apple,iPhone 13,Other,Hindi,Android,15,app,app_store,7,1,322.4,google,remarketing,ag3,crm
101253,Tue,17,iOS,0,1,Male,23.0,Bangalore,MP,0,0,0,0,0,0,0,0,1.1,Xiaomi,Y21,BSNL,Marathi,Android,16,app,play_store,16,2,476.3,organic,none,ag2,paid
101254,Sun,23,Android,1,1,Male,42.0,Bangalore,Unknown,0,0,1,0,0,0,0,0,1.0,Samsung,Reno,Jio,English,Android,12,app,play_store,11,2,1682.2,organic,remarketing,ag3,crm
101255,Tue,7,Android,0,1,Female,30.0,Pune,Delhi,0,1,0,1,1,0,0,0,1.2,Vivo,iPhone 13,Other,Bengali,Android,16,app,play_store,7,6,697.2,influencer,generic,ag3,none
101256,Sun,4,iOS,0,1,Female,45.0,Jaipur,Delhi,0,0,0,0,1,1,1,0,1.0,Apple,Reno,Airtel,Bengali,Android,15,app,web,4,2,547.7,influencer,remarketing,ag3,paid
101257,Sun,21,Android,0,2,Male,38.0,Unknown,Karnataka,1,0,0,0,1,0,0,0,1.0,Oppo,Y21,Jio,English,Android,12,app,app_store,7,2,249.2,influencer,none,none,paid
101258,Wed,9,Android,1,1,Female,32.0,Indore,Unknown,0,0,0,1,0,0,0,0,2.0,OnePlus,A12,Vi,Marathi,Android,12,app,play_store,7,3,254.6,organic,activation,ag1,organic
101259,Sun,20,Android,0,2,Female,34.0,Jaipur,MP,1,0,0,0,0,0,0,0,1.0,Apple,A12,Airtel,English,Android,16,app,play_store,12,4,124.2,meta,generic,none,organic
101260,Tue,4,iOS,0,1,Male,33.0,Jaipur,Maharashtra,0,0,0,0,0,0,0,0,1.1,OnePlus,Note 10,Other,Tamil,Android,16,app,play_store,10,6,126.1,referral,activation,ag2,none
101261,Tue,12,Android,1,1,Female,23.0,Delhi,Delhi,0,0,0,0,0,1,0,0,1.0,OnePlus,Reno,Airtel,Bengali,Android,11,app,play_store,11,3,494.0,meta,brand,ag3,paid
101262,Fri,11,iOS,1,1,Female,18.0,Mumbai,Delhi,0,1,0,0,1,0,0,0,1.1,Vivo,A12,Other,Tamil,iOS,16,app,app_store,11,3,384.3,meta,brand,ag2,organic
101263,Wed,18,iOS,0,1,Female,41.0,Pune,Karnataka,1,0,0,0,0,0,0,0,2.1,Samsung,Nord,Vi,Hindi,Android,13,app,web,10,3,311.7,influencer,remarketing,none,crm
101264,Wed,17,Android,1,1,Male,36.0,Bangalore,Delhi,0,0,0,1,0,0,0,0,1.2,OnePlus,iPhone 13,Airtel,Marathi,Android,16,app,play_store,6,1,277.4,meta,remarketing,ag2,none
101265,Fri,17,iOS,1,1,Male,28.0,Pune,Rajasthan,0,0,1,0,0,0,0,1,2.1,Samsung,A12,BSNL,Marathi,Android,13,app,play_store,6,2,189.5,influencer,activation,ag2,crm
101266,Sat,23,Android,0,3,Female,29.0,Delhi,Maharashtra,0,0,0,0,0,0,0,0,2.0,Samsung,Reno,BSNL,English,Android,12,app,play_store,10,4,330.3,referral,activation,ag3,organic
101267,Wed,6,iOS,1,1,Male,22.0,Delhi,Rajasthan,0,0,0,0,0,1,0,1,1.2,Oppo,Note 10,BSNL,Hindi,Android,13,app,play_store,6,3,395.3,google,none,ag1,organic
101268,Sat,3,Android,0,3,Unknown,36.0,Pune,MP,0,0,0,0,0,0,0,0,1.0,Xiaomi,Reno,BSNL,Bengali,Android,13,app,app_store,8,1,231.4,google,none,ag3,organic
101269,Sun,10,Android,0,1,Female,37.0,Bangalore,Unknown,0,1,0,0,0,0,0,0,1.0,Vivo,Note 10,Airtel,Tamil,Android,13,app,play_store,16,4,273.8,influencer,remarketing,ag1,paid
101270,Fri,11,Android,1,1,Male,30.0,Jaipur,Karnataka,1,0,0,0,0,0,0,1,1.1,Vivo,iPhone 13,Jio,Marathi,iOS,12,app,play_store,8,3,75.9,referral,activation,ag2,organic
101271,Wed,19,Android,0,1,Male,19.0,Indore,Delhi,0,0,0,0,0,0,0,0,1.0,Vivo,Y21,Other,Tamil,iOS,13,app,play_store,8,2,347.4,google,none,none,none
101272,Wed,16,iOS,1,1,Female,29.0,Jaipur,Karnataka,0,0,0,0,0,0,0,1,2.1,Apple,Reno,BSNL,Bengali,Android,12,app,play_store,9,2,127.7,organic,generic,none,none
101273,Sat,3,Android,0,3,Female,28.0,Pune,MP,0,0,0,0,0,0,0,0,2.1,Vivo,iPhone 13,BSNL,Tamil,iOS,17,app,app_store,7,3,214.9,organic,none,ag1,organic
101274,Sun,16,Android,1,2,Male,32.0,Pune,Maharashtra,0,0,0,0,0,0,0,0,2.1,Vivo,Note 10,Airtel,English,Android,11,app,app_store,7,2,170.6,influencer,none,none,organic
101275,Tue,8,Web,0,1,Male,28.0,Delhi,Karnataka,0,0,0,0,0,0,0,0,2.0,OnePlus,Nord,Jio,English,iOS,11,app,play_store,11,5,636.1,influencer,generic,ag1,organic
101276,Sun,7,Android,1,2,Male,23.0,Indore,Delhi,1,1,0,1,0,1,0,0,2.0,Vivo,iPhone 13,Airtel,Bengali,Android,12,app,play_store,7,3,370.1,google,generic,ag1,crm
101277,Mon,7,Android,0,1,Unknown,18.0,Unknown,Rajasthan,0,1,0,0,0,1,0,1,2.0,Xiaomi,Note 10,Vi,Tamil,Android,14,app,play_store,5,4,393.7,influencer,remarketing,none,crm
101278,Fri,4,iOS,1,1,Unknown,24.0,Mumbai,Karnataka,1,0,0,0,0,0,0,0,2.0,OnePlus,Y21,Jio,Bengali,Android,13,app,play_store,6,6,172.1,organic,brand,ag3,crm
101279,Sat,15,Android,0,2,Male,26.0,Mumbai,MP,0,0,0,0,0,0,0,1,1.0,Xiaomi,Y21,Other,Bengali,Android,13,app,play_store,13,5,227.2,influencer,none,none,none
101280,Sat,4,Android,0,1,Female,34.0,Mumbai,Delhi,0,0,0,1,0,1,0,0,1.1,Oppo,iPhone 13,Airtel,English,iOS,12,app,app_store,9,4,306.7,influencer,remarketing,ag3,organic
101281,Fri,21,Web,0,1,Female,32.0,Bangalore,Rajasthan,0,1,0,0,0,1,0,0,1.0,Oppo,A12,Airtel,Bengali,iOS,17,app,play_store,11,6,694.0,referral,generic,ag1,paid
101282,Wed,5,Android,0,1,Male,28.0,Unknown,Rajasthan,1,0,0,0,0,0,0,1,1.1,Xiaomi,Reno,Jio,Tamil,iOS,17,app,app_store,3,5,324.5,google,activation,ag2,organic
101283,Sun,19,iOS,0,1,Female,29.0,Indore,MP,0,0,0,0,0,0,0,0,2.1,Vivo,A12,Airtel,English,Android,16,app,app_store,10,3,897.7,influencer,none,none,organic
101284,Tue,10,iOS,0,1,Male,29.0,Indore,Unknown,0,0,0,0,0,1,0,0,1.1,Apple,Nord,Jio,Marathi,Android,16,app,app_store,6,2,189.7,referral,brand,ag2,organic
101285,Thu,12,Android,0,1,Unknown,29.0,Delhi,Karnataka,0,0,0,1,0,0,0,0,2.0,OnePlus,Y21,Other,Bengali,iOS,17,app,app_store,6,5,345.0,meta,remarketing,ag1,none
101286,Mon,0,Android,1,2,Male,41.0,Delhi,Delhi,1,0,0,0,0,0,1,1,1.2,Samsung,Nord,Airtel,English,Android,16,web,play_store,12,2,267.0,influencer,brand,ag3,paid
101287,Sat,12,Android,1,1,Female,34.0,Delhi,Maharashtra,0,0,0,0,0,0,0,0,2.0,Xiaomi,Reno,Airtel,Marathi,Android,11,app,play_store,9,11,497.8,referral,none,ag3,paid
101288,Thu,11,iOS,1,1,Male,18.0,Pune,MP,0,0,0,0,0,0,0,0,1.2,OnePlus,iPhone 13,Jio,Tamil,Android,12,app,play_store,6,4,251.2,organic,brand,ag1,none
101289,Tue,16,Android,0,1,Unknown,37.0,Delhi,Maharashtra,1,0,0,0,0,0,0,0,1.1,Oppo,A12,Airtel,Bengali,Android,11,app,app_store,7,6,82.8,google,brand,ag3,none
101290,Fri,5,iOS,0,1,Male,38.0,Indore,Delhi,1,0,0,1,0,0,1,0,1.0,Samsung,Nord,BSNL,Marathi,iOS,11,app,play_store,7,3,266.9,google,generic,ag3,paid
101291,Thu,19,iOS,0,2,Male,35.0,Mumbai,MP,0,0,0,0,1,1,0,0,2.0,Apple,Reno,Vi,English,iOS,14,app,play_store,9,2,171.5,google,brand,ag2,paid
101292,Mon,12,Android,0,3,Male,32.0,Unknown,MP,0,1,1,0,0,0,1,0,2.1,OnePlus,A12,Jio,Hindi,Android,14,app,play_store,4,6,778.0,referral,remarketing,ag1,paid
101293,Mon,21,Android,0,1,Male,28.0,Indore,Delhi,0,0,0,0,0,0,0,0,1.1,Oppo,iPhone 13,Jio,Hindi,iOS,17,app,app_store,9,2,191.0,referral,brand,ag2,paid
101294,Fri,4,iOS,1,1,Female,34.0,Mumbai,Rajasthan,0,0,0,0,0,0,0,1,1.1,Vivo,A12,BSNL,Bengali,iOS,17,web,play_store,9,2,156.0,organic,none,ag1,none
101295,Mon,2,Android,0,4,Male,24.0,Delhi,Rajasthan,0,0,0,0,0,0,0,0,2.1,OnePlus,iPhone 13,Vi,English,Android,16,web,play_store,6,4,80.7,organic,none,ag2,none
101296,Tue,4,Android,1,3,Male,26.0,Jaipur,Maharashtra,0,0,0,0,0,1,0,0,2.1,OnePlus,Nord,Jio,Tamil,Android,14,app,play_store,13,4,167.2,referral,brand,ag2,paid
101297,Mon,15,Android,1,1,Male,41.0,Bangalore,Rajasthan,0,1,0,0,0,1,0,1,1.0,Samsung,Y21,Vi,Hindi,Android,16,app,app_store,5,3,287.0,influencer,brand,ag2,organic
101298,Sat,6,Android,0,1,Male,31.0,Delhi,Karnataka,1,0,0,0,0,1,0,0,1.1,Oppo,Note 10,Other,Hindi,Android,17,app,play_store,6,6,183.8,google,generic,ag1,none
101299,Tue,20,Android,0,1,Female,19.0,Pune,MP,0,0,0,0,0,0,0,0,1.2,Oppo,iPhone 13,Vi,Marathi,Android,11,app,play_store,4,1,108.4,meta,generic,ag1,paid
101300,Fri,0,Android,0,2,Male,24.0,Pune,Delhi,0,0,0,0,0,1,0,0,1.1,Xiaomi,iPhone 13,Other,Tamil,Android,16,app,web,7,2,148.9,organic,generic,ag3,paid
101301,Mon,10,Android,1,1,Male,34.0,Jaipur,Karnataka,1,0,0,0,1,0,0,0,2.1,Apple,Y21,Other,Marathi,iOS,17,app,play_store,7,5,338.3,referral,remarketing,ag3,none
101302,Fri,6,Android,1,1,Female,26.0,Delhi,Karnataka,0,1,0,0,0,0,0,0,1.0,Xiaomi,Reno,Airtel,English,iOS,12,app,play_store,8,4,17.3,meta,brand,none,paid
101303,Fri,2,Android,0,3,Female,20.0,Unknown,MP,0,0,0,0,0,1,0,0,2.1,Samsung,Nord,Jio,Tamil,Android,11,app,play_store,8,7,242.3,influencer,brand,ag1,organic
101304,Wed,16,Android,0,1,Female,35.0,Unknown,Delhi,0,0,0,1,0,0,0,0,2.1,Xiaomi,Note 10,Jio,English,Android,11,app,web,9,2,399.2,meta,generic,ag2,paid
101305,Wed,11,Android,0,1,Male,31.0,Mumbai,MP,1,0,0,0,0,0,0,0,2.1,Oppo,A12,Vi,English,Android,11,app,play_store,9,3,681.2,referral,generic,ag1,none
101306,Thu,18,Android,0,1,Female,35.0,Bangalore,Delhi,0,1,0,0,0,1,0,0,1.0,Oppo,Reno,Airtel,Marathi,Android,12,app,app_store,13,3,336.9,organic,remarketing,none,organic
101307,Fri,15,Android,1,1,Female,30.0,Pune,Unknown,1,1,0,0,0,0,0,0,2.0,Samsung,Reno,Jio,Bengali,Android,13,app,web,13,2,400.6,influencer,activation,none,paid
101308,Tue,12,Android,1,1,Unknown,23.0,Delhi,MP,1,1,0,1,0,0,1,0,2.1,Xiaomi,iPhone 13,BSNL,English,Android,12,web,app_store,7,2,182.7,meta,remarketing,ag1,paid
101309,Fri,21,Android,0,1,Female,33.0,Jaipur,Maharashtra,0,0,0,1,0,1,0,0,2.0,Oppo,Nord,Other,English,Android,17,web,play_store,11,3,132.7,google,brand,none,organic
101310,Mon,14,iOS,0,1,Male,27.0,Indore,MP,0,1,0,1,0,1,1,0,1.0,Samsung,A12,BSNL,Tamil,Android,13,app,play_store,14,3,384.7,google,remarketing,none,organic
101311,Sat,1,Android,0,1,Male,38.0,Delhi,Delhi,0,0,1,0,0,0,0,0,1.1,OnePlus,Nord,BSNL,English,Android,16,web,play_store,7,2,243.5,referral,remarketing,ag3,organic
101312,Wed,16,Android,1,1,Unknown,36.0,Indore,Rajasthan,0,0,0,0,0,1,0,0,2.1,Vivo,iPhone 13,Vi,English,iOS,14,app,play_store,7,4,757.9,organic,activation,none,crm
101313,Thu,20,iOS,1,1,Male,22.0,Delhi,Rajasthan,0,1,0,0,0,0,0,1,2.1,Oppo,Reno,BSNL,Tamil,Android,15,app,play_store,15,2,341.8,referral,brand,ag3,crm
101314,Sun,10,Android,0,1,Male,35.0,Bangalore,Karnataka,0,1,1,1,0,1,0,0,1.1,OnePlus,Y21,Other,Hindi,Android,16,app,play_store,7,0,641.9,meta,activation,ag2,organic
101315,Sun,19,Android,0,1,Female,23.0,Mumbai,Delhi,1,0,0,1,0,0,0,0,1.2,OnePlus,iPhone 13,Vi,English,Android,17,app,play_store,11,2,176.6,google,activation,ag2,paid
101316,Tue,16,iOS,0,1,Female,43.0,Delhi,Karnataka,1,1,0,0,0,1,0,0,2.1,OnePlus,Reno,Airtel,Tamil,iOS,12,app,play_store,11,4,2166.1,organic,activation,none,crm
101317,Sat,15,Android,1,1,Unknown,30.0,Indore,Unknown,1,0,0,0,0,0,0,0,1.0,Samsung,Y21,Airtel,Marathi,Android,11,app,play_store,4,5,480.9,organic,brand,ag2,none
101318,Thu,12,Android,0,1,Unknown,24.0,Bangalore,Delhi,0,0,1,0,0,0,0,0,2.1,Vivo,Reno,BSNL,Bengali,Android,15,app,app_store,8,1,229.0,organic,generic,ag1,none
101319,Wed,11,iOS,1,1,Female,20.0,Pune,Maharashtra,0,0,0,0,0,1,0,0,1.0,Vivo,Note 10,Other,Bengali,iOS,14,web,play_store,5,3,783.9,influencer,brand,ag1,organic
101320,Tue,19,Android,1,1,Male,41.0,Unknown,MP,0,0,1,0,1,0,0,0,1.1,Samsung,Note 10,Jio,Tamil,Android,11,app,play_store,6,3,775.7,meta,brand,none,crm
101321,Wed,22,Android,1,1,Male,19.0,Indore,Maharashtra,0,0,0,0,0,0,0,0,1.2,Samsung,A12,Other,Marathi,iOS,17,app,play_store,6,5,774.9,organic,brand,ag3,crm
101322,Sat,23,Android,1,1,Male,36.0,Jaipur,Maharashtra,0,1,0,0,0,0,1,0,2.1,Xiaomi,A12,Jio,English,Android,13,app,play_store,5,4,82.4,influencer,remarketing,ag2,crm
101323,Mon,10,Android,0,2,Male,29.0,Delhi,Unknown,1,0,0,1,0,0,0,0,2.0,Xiaomi,Note 10,BSNL,Hindi,Android,17,app,web,11,4,68.0,google,remarketing,ag3,organic
101324,Sat,21,Android,0,1,Female,34.0,Mumbai,Rajasthan,1,0,0,0,0,0,0,0,2.0,OnePlus,A12,Airtel,Bengali,iOS,15,app,play_store,10,3,522.6,google,none,ag3,none
101325,Mon,6,Android,0,1,Female,41.0,Indore,Karnataka,0,0,0,0,0,0,0,0,1.0,Oppo,A12,Jio,English,iOS,17,web,app_store,10,2,197.0,google,brand,ag1,organic
101326,Fri,2,Android,0,4,Male,18.0,Unknown,Unknown,1,0,1,0,0,1,0,0,1.1,Xiaomi,iPhone 13,Jio,English,Android,13,app,play_store,7,3,363.5,google,activation,ag3,none
101327,Tue,15,Android,1,1,Female,31.0,Delhi,Karnataka,0,1,0,0,0,0,0,0,1.1,Oppo,Nord,Jio,Hindi,iOS,16,app,play_store,6,0,40.4,meta,activation,ag2,crm
101328,Thu,8,Android,0,1,Male,18.0,Jaipur,Karnataka,1,0,0,0,0,0,0,0,1.1,Xiaomi,Reno,BSNL,Hindi,Android,16,app,play_store,8,2,365.8,referral,activation,none,paid
101329,Sun,17,Android,1,1,Male,23.0,Indore,Unknown,0,0,0,0,1,0,0,0,2.1,Apple,A12,Jio,Marathi,Android,13,app,play_store,6,4,542.4,influencer,brand,none,paid
101330,Wed,14,Android,0,1,Male,31.0,Jaipur,Delhi,0,1,0,0,0,0,0,0,1.2,Oppo,iPhone 13,Vi,English,Android,11,app,play_store,9,0,311.1,meta,brand,ag3,organic
101331,Mon,2,Android,0,2,Female,46.0,Indore,Maharashtra,0,1,0,0,0,0,0,0,1.2,Xiaomi,A12,BSNL,Tamil,iOS,12,app,web,6,3,877.0,google,none,ag1,crm
101332,Sat,13,Android,0,1,Male,25.0,Pune,Unknown,0,0,0,0,0,0,0,1,1.1,Vivo,Note 10,BSNL,Hindi,Android,15,app,play_store,11,1,302.3,google,none,ag3,organic
101333,Fri,23,Android,0,1,Female,26.0,Pune,Karnataka,1,1,0,0,0,0,0,1,1.1,OnePlus,Nord,Vi,Tamil,Android,12,app,web,9,3,157.9,organic,none,none,none
101334,Wed,18,iOS,1,1,Female,35.0,Pune,Karnataka,0,0,0,0,0,0,0,0,1.1,Apple,Note 10,BSNL,Hindi,Android,13,app,play_store,7,4,553.3,influencer,none,ag3,crm
101335,Tue,8,Android,0,1,Unknown,24.0,Delhi,Delhi,0,0,0,0,0,1,0,0,1.2,Oppo,Nord,Other,English,Android,13,app,play_store,5,1,92.0,google,brand,none,crm
101336,Sun,19,iOS,1,2,Unknown,27.0,Bangalore,MP,0,0,0,1,1,0,0,0,1.2,Xiaomi,A12,Airtel,Hindi,iOS,11,app,web,11,5,314.1,organic,none,ag3,crm
101337,Tue,19,iOS,0,1,Female,29.0,Mumbai,Rajasthan,0,0,0,0,1,0,1,1,1.2,Apple,Reno,BSNL,Tamil,Android,16,app,play_store,3,4,108.8,meta,activation,ag2,none
101338,Fri,5,iOS,0,4,Male,30.0,Jaipur,Karnataka,0,0,0,0,0,1,0,1,2.0,Xiaomi,Y21,Airtel,Bengali,Android,16,app,app_store,12,2,120.1,meta,generic,ag3,crm
101339,Thu,1,Android,1,1,Male,33.0,Delhi,Karnataka,0,0,0,0,0,1,0,0,1.2,Samsung,iPhone 13,BSNL,Tamil,Android,11,web,play_store,10,1,353.7,meta,brand,ag3,organic
101340,Mon,15,iOS,0,1,Female,18.0,Jaipur,Rajasthan,1,0,0,0,0,0,0,0,2.1,OnePlus,iPhone 13,BSNL,English,Android,16,app,play_store,8,7,646.1,referral,generic,none,crm
101341,Wed,0,Android,0,1,Female,35.0,Mumbai,Rajasthan,1,1,0,1,0,0,0,1,1.1,Samsung,Reno,Airtel,Tamil,iOS,11,app,play_store,5,6,619.1,referral,brand,ag2,organic
101342,Fri,11,Android,0,2,Male,33.0,Bangalore,Unknown,1,0,0,0,0,1,0,0,2.1,Samsung,Note 10,Vi,Tamil,iOS,15,app,play_store,8,2,49.4,influencer,none,ag3,organic
101343,Fri,17,Web,0,1,Male,35.0,Bangalore,Delhi,0,0,0,1,0,0,0,0,1.1,Apple,Reno,Jio,Marathi,Android,13,app,play_store,4,1,1718.6,meta,activation,none,organic
101344,Mon,11,iOS,0,1,Male,31.0,Delhi,Unknown,0,1,0,1,0,1,0,0,1.0,Vivo,Nord,Vi,Hindi,Android,13,web,play_store,11,2,297.2,meta,none,none,none
101345,Sun,20,Android,0,1,Male,24.0,Delhi,Rajasthan,0,1,0,1,0,0,0,0,1.2,OnePlus,iPhone 13,BSNL,Tamil,Android,11,app,play_store,11,5,203.1,influencer,remarketing,ag3,none
101346,Thu,4,iOS,1,1,Female,18.0,Jaipur,Maharashtra,1,1,0,0,0,0,0,0,2.0,Vivo,A12,Airtel,Bengali,Android,11,app,play_store,6,4,1007.8,meta,remarketing,ag2,organic
101347,Fri,12,Android,0,1,Male,25.0,Delhi,Rajasthan,0,0,0,0,0,0,0,0,2.0,OnePlus,iPhone 13,BSNL,Marathi,Android,12,app,play_store,13,2,777.1,influencer,none,ag3,none
101348,Tue,16,Android,0,1,Female,24.0,Jaipur,Delhi,1,0,0,0,1,1,0,0,1.1,OnePlus,Y21,Airtel,Tamil,iOS,14,app,play_store,7,3,482.6,google,remarketing,ag3,crm
101349,Tue,10,Web,0,1,Male,28.0,Pune,Karnataka,0,0,0,0,0,1,0,0,1.0,Oppo,Reno,Vi,Bengali,Android,13,app,play_store,5,4,325.1,influencer,remarketing,ag2,none
101350,Thu,18,Android,0,1,Unknown,25.0,Indore,Delhi,1,0,0,0,0,0,0,0,1.2,Samsung,A12,Other,Bengali,Android,11,app,play_store,5,5,324.9,influencer,activation,ag2,crm
101351,Wed,0,Android,0,1,Male,18.0,Pune,Delhi,0,1,0,0,0,0,0,1,2.0,Oppo,iPhone 13,Vi,English,iOS,11,app,play_store,7,1,421.3,influencer,remarketing,ag2,crm
101352,Sun,17,Android,0,1,Male,37.0,Delhi,Maharashtra,1,0,0,0,0,0,0,0,1.0,Oppo,Reno,Other,Marathi,Android,15,app,play_store,14,2,99.8,organic,generic,ag2,none
101353,Thu,9,Android,1,1,Male,34.0,Unknown,Maharashtra,0,1,1,0,0,0,0,0,2.0,Apple,Note 10,BSNL,Tamil,Android,12,app,play_store,7,3,1003.9,meta,generic,ag2,none
101354,Sat,18,iOS,0,1,Female,18.0,Bangalore,Rajasthan,0,0,0,0,0,1,0,0,2.0,Xiaomi,Reno,Vi,English,Android,13,app,play_store,10,2,342.5,organic,remarketing,ag3,organic
101355,Sat,20,Android,0,1,Male,26.0,Indore,MP,1,1,0,0,0,0,0,0,2.1,Samsung,Note 10,Airtel,Bengali,Android,17,app,play_store,10,4,507.4,organic,none,none,organic
101356,Wed,23,Android,0,1,Male,30.0,Mumbai,Maharashtra,0,0,0,0,1,0,1,0,2.0,Samsung,Reno,Other,Tamil,iOS,12,app,play_store,8,4,1020.9,organic,none,ag1,paid
101357,Wed,0,iOS,0,2,Female,20.0,Bangalore,Unknown,0,0,0,0,0,0,1,0,1.1,Vivo,Note 10,Jio,Hindi,Android,14,app,play_store,11,1,413.3,influencer,none,ag2,crm
101358,Wed,16,iOS,1,1,Female,27.0,Mumbai,Karnataka,0,1,0,0,0,0,0,0,2.1,Samsung,Nord,Vi,Tamil,Android,13,app,app_store,8,5,363.7,referral,none,ag2,paid
101359,Tue,3,Android,1,1,Male,18.0,Bangalore,MP,1,0,0,0,0,1,0,0,1.0,Oppo,Y21,Other,Tamil,iOS,16,app,play_store,9,1,100.4,google,none,none,none
101360,Fri,14,Android,1,1,Male,34.0,Delhi,Unknown,0,0,0,0,0,1,0,1,2.0,OnePlus,Reno,BSNL,Marathi,Android,13,app,play_store,13,4,394.3,influencer,remarketing,ag2,paid
101361,Sun,16,iOS,1,1,Male,32.0,Pune,Karnataka,1,1,0,0,0,0,0,0,1.0,Oppo,Reno,BSNL,Tamil,Android,16,app,app_store,7,4,916.2,organic,brand,ag1,paid
101362,Wed,3,iOS,1,1,Female,31.0,Unknown,Unknown,1,0,0,1,0,0,0,0,2.0,Vivo,Reno,Vi,Tamil,Android,11,app,play_store,10,4,188.7,referral,activation,none,organic
101363,Tue,4,Web,0,4,Unknown,33.0,Unknown,Rajasthan,0,0,0,0,0,1,0,1,1.2,OnePlus,A12,Jio,Hindi,Android,15,app,play_store,6,2,394.9,meta,none,ag3,paid
101364,Tue,22,iOS,0,1,Unknown,31.0,Jaipur,Unknown,1,0,0,0,0,1,1,0,1.2,Apple,iPhone 13,Airtel,Hindi,Android,14,app,play_store,8,3,468.0,google,generic,ag3,organic
101365,Mon,18,Android,1,1,Male,30.0,Pune,MP,0,0,0,0,0,0,0,0,1.2,Oppo,A12,Vi,Hindi,Android,15,app,app_store,9,5,141.4,organic,remarketing,ag3,none
101366,Tue,22,Android,1,1,Male,26.0,Pune,Unknown,1,0,0,0,0,0,0,0,1.1,Apple,Note 10,Airtel,Hindi,Android,16,app,web,9,3,806.0,organic,brand,ag1,paid
101367,Thu,7,Android,0,2,Male,25.0,Jaipur,Rajasthan,0,0,0,0,0,0,0,0,2.0,Xiaomi,iPhone 13,Jio,Hindi,Android,15,app,app_store,6,1,210.1,meta,brand,ag2,organic
101368,Fri,18,Android,0,1,Female,31.0,Bangalore,MP,0,0,0,0,0,1,0,1,2.0,Oppo,iPhone 13,Vi,Tamil,Android,17,app,play_store,7,2,407.3,influencer,none,none,paid
101369,Wed,7,Android,0,1,Male,42.0,Jaipur,Delhi,0,0,0,0,0,0,0,1,1.2,Apple,Nord,Other,Bengali,iOS,16,app,web,7,6,194.7,meta,none,none,paid
101370,Fri,17,iOS,0,1,Female,44.0,Unknown,MP,0,0,0,0,0,0,0,0,1.0,Apple,Note 10,Other,Bengali,Android,14,app,play_store,11,0,86.9,google,remarketing,ag2,paid
101371,Fri,16,Android,1,1,Female,20.0,Indore,Rajasthan,0,1,0,0,0,1,0,0,1.1,Oppo,A12,Vi,English,Android,17,app,app_store,6,4,440.4,organic,remarketing,ag2,paid
101372,Thu,12,Web,0,1,Female,20.0,Unknown,Rajasthan,1,0,0,0,0,1,0,0,2.1,Samsung,Note 10,Other,Bengali,Android,17,app,play_store,5,5,196.7,google,brand,ag3,organic
101373,Thu,13,iOS,0,1,Male,18.0,Indore,Maharashtra,0,1,0,0,0,0,0,0,1.2,Samsung,Nord,Jio,Hindi,Android,12,app,web,11,2,1118.7,influencer,activation,ag2,paid
101374,Wed,13,Android,1,1,Female,26.0,Mumbai,Rajasthan,1,0,1,0,0,0,0,0,1.1,Xiaomi,Nord,Airtel,Bengali,Android,16,app,app_store,10,4,11.1,meta,activation,ag2,organic
101375,Mon,0,iOS,0,2,Female,18.0,Pune,Rajasthan,1,0,0,1,0,1,0,0,1.2,Apple,iPhone 13,Airtel,Hindi,Android,15,app,play_store,10,3,1029.9,organic,remarketing,none,paid
101376,Sun,8,Android,0,1,Unknown,26.0,Unknown,Unknown,0,0,0,0,0,0,0,0,2.0,OnePlus,A12,BSNL,Bengali,Android,12,app,play_store,8,7,152.2,referral,activation,ag3,organic
101377,Wed,18,Android,1,1,Female,27.0,Jaipur,Delhi,0,0,0,0,0,1,0,1,2.0,Oppo,Nord,BSNL,Tamil,Android,17,app,play_store,5,1,99.8,meta,activation,ag1,organic
101378,Sun,23,Android,0,1,Male,44.0,Unknown,Unknown,1,0,0,0,0,0,0,0,2.0,Xiaomi,Y21,Jio,Bengali,iOS,13,app,app_store,8,2,448.2,google,none,ag3,none
101379,Sat,2,iOS,0,2,Female,38.0,Indore,MP,0,0,0,0,0,0,0,0,2.0,Xiaomi,Reno,Other,Bengali,iOS,16,app,play_store,14,6,1095.4,google,generic,none,paid
101380,Sat,23,Web,1,1,Male,32.0,Jaipur,MP,1,1,0,0,0,0,0,0,2.0,Apple,Reno,Airtel,Hindi,iOS,13,app,web,9,5,751.1,referral,activation,none,organic
101381,Sat,23,Android,1,1,Male,40.0,Delhi,Maharashtra,0,0,0,0,0,0,0,0,2.0,Vivo,Y21,Airtel,Bengali,Android,17,app,app_store,11,2,226.3,influencer,generic,ag2,organic
101382,Sun,11,Android,0,1,Unknown,26.0,Indore,Delhi,0,0,0,0,0,0,0,0,1.0,Samsung,iPhone 13,Airtel,Hindi,Android,11,app,play_store,7,4,161.5,referral,brand,none,paid
101383,Wed,23,Android,1,1,Female,18.0,Bangalore,Karnataka,0,0,0,0,1,0,0,0,1.2,Xiaomi,Reno,Airtel,Bengali,Android,12,app,play_store,4,2,140.0,organic,activation,ag3,crm
101384,Wed,5,Android,0,1,Male,36.0,Unknown,Maharashtra,0,1,0,0,0,0,0,0,1.0,Samsung,Y21,Vi,English,Android,13,app,play_store,3,2,339.1,organic,none,ag2,paid
101385,Wed,13,Android,1,2,Male,25.0,Delhi,Unknown,0,1,0,0,0,0,0,0,1.2,Oppo,Note 10,Vi,Bengali,Android,11,web,play_store,10,2,146.3,influencer,remarketing,none,paid
101386,Mon,13,Android,1,1,Male,33.0,Bangalore,MP,0,1,0,1,0,0,0,0,2.0,Xiaomi,Nord,Jio,Bengali,iOS,16,app,app_store,9,2,462.2,influencer,none,ag1,organic
101387,Tue,12,iOS,0,1,Unknown,26.0,Indore,Karnataka,0,1,0,0,0,0,0,0,2.0,Apple,Nord,Other,Marathi,Android,13,app,play_store,5,6,193.0,meta,remarketing,ag3,paid
101388,Tue,9,Android,0,2,Male,30.0,Jaipur,Maharashtra,0,1,0,0,0,0,0,0,2.0,Oppo,Nord,Airtel,English,Android,15,app,play_store,6,1,521.5,meta,generic,ag1,organic
101389,Tue,1,iOS,1,1,Female,30.0,Jaipur,Delhi,1,0,0,1,0,0,0,0,1.1,OnePlus,Nord,Other,English,Android,14,app,play_store,5,3,668.5,meta,none,none,crm
101390,Thu,2,Android,0,1,Female,50.0,Unknown,Maharashtra,0,1,0,0,0,0,0,0,2.0,Oppo,iPhone 13,Airtel,English,Android,15,app,play_store,8,7,551.7,influencer,activation,ag2,none
101391,Sun,15,Android,0,1,Male,18.0,Jaipur,Maharashtra,0,1,0,0,0,1,0,0,2.0,OnePlus,Y21,Vi,Marathi,Android,14,app,app_store,11,1,226.6,referral,generic,ag2,none
101392,Fri,5,Android,0,1,Male,51.0,Unknown,MP,0,0,0,0,0,0,0,0,2.1,Oppo,iPhone 13,Vi,Tamil,Android,15,app,play_store,7,6,435.0,referral,brand,ag3,paid
101393,Wed,6,Android,0,1,Male,18.0,Bangalore,Karnataka,0,0,0,0,0,0,0,0,1.1,Vivo,A12,Other,Bengali,Android,15,web,app_store,9,3,282.4,meta,brand,ag1,organic
101394,Sun,8,iOS,0,1,Male,33.0,Pune,Rajasthan,0,1,0,0,0,0,0,0,1.1,Oppo,iPhone 13,Airtel,Marathi,Android,12,app,web,7,0,270.3,google,activation,ag3,paid
101395,Thu,23,Android,0,1,Male,41.0,Pune,Maharashtra,0,0,0,0,0,1,1,0,2.0,Apple,Reno,Vi,Hindi,iOS,13,app,play_store,6,0,297.7,influencer,generic,ag1,crm
101396,Fri,0,Web,0,1,Female,32.0,Unknown,Delhi,0,0,0,0,0,0,0,0,1.1,Apple,Y21,Airtel,Hindi,Android,15,app,play_store,9,1,462.0,meta,remarketing,ag1,crm
101397,Sun,3,Android,0,1,Male,50.0,Mumbai,Rajasthan,0,1,0,0,0,0,0,1,1.0,OnePlus,A12,Vi,Bengali,Android,12,app,play_store,6,6,185.3,organic,remarketing,none,paid
101398,Fri,5,Android,1,1,Female,23.0,Jaipur,Unknown,1,0,0,0,0,0,0,1,2.0,Oppo,iPhone 13,Airtel,Hindi,iOS,17,app,play_store,5,2,321.9,meta,remarketing,ag1,none
101399,Mon,7,Android,1,1,Female,24.0,Indore,Delhi,0,1,0,0,0,0,0,0,1.0,Vivo,iPhone 13,Airtel,Tamil,Android,15,web,play_store,9,4,191.5,influencer,brand,none,paid
101400,Thu,14,Android,0,3,Male,29.0,Mumbai,Delhi,1,1,0,1,0,1,0,1,2.1,Samsung,Note 10,Jio,Tamil,Android,16,app,app_store,8,3,1210.0,google,generic,none,none
101401,Wed,9,iOS,0,1,Unknown,51.0,Indore,Delhi,0,0,0,0,0,0,0,1,2.0,Vivo,iPhone 13,Jio,Tamil,iOS,13,app,play_store,9,4,382.3,google,generic,none,organic
101402,Sun,20,iOS,1,1,Female,32.0,Indore,Maharashtra,0,0,0,0,0,0,0,0,2.0,Vivo,Note 10,BSNL,Marathi,Android,16,app,play_store,4,4,377.3,influencer,generic,ag1,crm
101403,Sun,22,Android,1,1,Male,38.0,Bangalore,Maharashtra,1,1,0,1,0,0,0,0,1.0,Vivo,Note 10,Jio,Marathi,Android,12,app,play_store,7,3,243.7,meta,none,none,none
101404,Sat,5,iOS,0,1,Female,18.0,Mumbai,Maharashtra,1,0,0,0,0,1,0,0,2.1,OnePlus,Y21,Other,Marathi,Android,17,app,play_store,6,4,180.2,meta,none,ag2,none
101405,Sat,5,iOS,1,1,Male,52.0,Indore,Delhi,0,0,0,0,0,0,0,0,1.2,Apple,Y21,Jio,Bengali,iOS,11,web,play_store,8,2,329.7,influencer,brand,ag2,organic
101406,Sun,1,Android,1,1,Female,26.0,Mumbai,Maharashtra,0,0,0,0,0,1,0,0,2.1,Samsung,Note 10,Vi,English,iOS,15,app,app_store,8,1,422.5,google,activation,ag2,crm
101407,Fri,6,Android,0,1,Female,24.0,Indore,Rajasthan,0,1,0,0,0,1,0,0,1.0,Apple,A12,Vi,Tamil,Android,13,app,play_store,14,3,668.0,meta,remarketing,ag1,organic
101408,Tue,21,Android,1,1,Male,26.0,Bangalore,MP,0,1,0,0,0,1,0,0,1.0,OnePlus,Y21,Jio,Marathi,iOS,13,app,play_store,1,3,287.3,referral,brand,ag1,crm
101409,Sun,2,Android,1,4,Male,34.0,Jaipur,Unknown,0,0,0,0,0,0,0,0,1.2,Apple,Y21,BSNL,English,iOS,14,app,play_store,12,1,383.8,referral,remarketing,ag3,organic
101410,Mon,20,Android,0,1,Female,19.0,Jaipur,Karnataka,1,0,0,0,1,0,0,0,2.1,Samsung,Reno,Vi,Hindi,Android,14,app,play_store,6,2,345.8,meta,none,ag2,paid
101411,Sun,6,Android,1,1,Female,23.0,Jaipur,Maharashtra,0,0,0,0,0,0,0,0,2.1,Xiaomi,Reno,Other,Tamil,iOS,17,app,play_store,3,3,369.7,organic,remarketing,ag2,organic
101412,Mon,7,Android,0,1,Female,33.0,Bangalore,MP,0,0,0,0,0,1,0,0,1.0,Samsung,Note 10,Other,Hindi,Android,13,app,app_store,19,1,464.9,google,brand,ag1,paid
101413,Tue,7,Android,0,2,Unknown,20.0,Pune,Rajasthan,0,0,0,0,0,0,0,0,1.0,Apple,iPhone 13,Vi,English,iOS,14,app,play_store,6,3,178.0,meta,activation,none,paid
101414,Tue,4,Android,1,1,Female,27.0,Unknown,Unknown,0,0,1,0,0,1,0,0,1.1,Xiaomi,Note 10,Vi,Hindi,Android,15,app,app_store,6,4,151.4,meta,brand,ag2,paid
101415,Mon,16,Android,1,1,Female,29.0,Jaipur,Karnataka,0,0,0,0,0,0,0,1,1.0,Oppo,iPhone 13,Airtel,Hindi,Android,12,app,web,4,1,510.2,influencer,brand,none,crm
101416,Sat,21,iOS,1,1,Male,38.0,Pune,Rajasthan,1,0,0,0,0,0,0,0,1.0,OnePlus,iPhone 13,BSNL,Marathi,Android,11,app,play_store,10,0,165.5,meta,activation,ag2,organic
101417,Thu,9,Android,0,1,Male,28.0,Delhi,MP,0,1,1,1,0,0,0,0,2.1,Vivo,Reno,Vi,Marathi,Android,15,app,play_store,5,2,239.6,organic,none,none,paid
101418,Mon,8,Android,1,1,Male,24.0,Pune,Unknown,1,1,1,0,0,0,0,1,2.0,OnePlus,Reno,Other,Marathi,Android,12,app,web,9,4,141.3,meta,brand,ag3,none
101419,Sat,16,iOS,1,2,Male,33.0,Mumbai,Rajasthan,0,0,0,0,0,0,0,0,1.0,OnePlus,iPhone 13,Airtel,Hindi,Android,11,app,app_store,8,1,406.7,influencer,activation,ag3,none
101420,Wed,0,Android,0,1,Unknown,25.0,Pune,Maharashtra,1,0,0,0,0,1,0,0,2.0,Apple,Reno,Airtel,English,Android,15,app,play_store,8,3,642.2,google,activation,ag1,paid
101421,Mon,16,Android,1,1,Female,36.0,Delhi,Karnataka,0,0,0,0,0,1,0,0,1.1,Xiaomi,iPhone 13,Airtel,Tamil,iOS,11,app,web,9,2,312.4,influencer,brand,none,crm
101422,Tue,14,Web,0,1,Male,22.0,Unknown,Delhi,1,1,1,1,0,1,1,0,1.2,Vivo,Nord,Vi,Marathi,Android,13,app,play_store,3,2,112.6,organic,generic,ag3,paid
101423,Mon,14,Android,0,1,Male,29.0,Bangalore,MP,0,0,1,0,0,0,0,0,1.2,OnePlus,Note 10,Vi,English,Android,13,app,app_store,5,4,64.3,google,generic,ag2,crm
101424,Sat,18,iOS,0,1,Unknown,33.0,Delhi,Delhi,0,1,0,0,0,0,0,1,1.2,Apple,iPhone 13,Vi,Tamil,iOS,16,app,play_store,4,0,169.3,influencer,remarketing,ag2,paid
101425,Sat,20,iOS,0,1,Male,32.0,Unknown,Rajasthan,0,1,0,1,0,0,0,1,1.1,Apple,Nord,Airtel,English,Android,15,app,play_store,10,1,208.8,influencer,remarketing,none,none
101426,Sat,20,Android,0,2,Female,27.0,Pune,Maharashtra,0,0,0,0,0,0,0,0,1.0,Vivo,iPhone 13,Airtel,Marathi,Android,13,app,play_store,6,2,92.2,referral,generic,none,crm
101427,Wed,21,Android,0,1,Female,34.0,Delhi,Maharashtra,0,0,0,0,0,0,0,0,1.0,Vivo,Note 10,Airtel,Marathi,Android,17,app,play_store,5,2,332.0,influencer,remarketing,ag3,paid
101428,Tue,8,iOS,1,2,Male,48.0,Jaipur,Karnataka,0,0,0,0,0,0,0,0,2.1,Apple,A12,Vi,Bengali,Android,16,app,app_store,9,4,376.9,organic,activation,ag3,crm
101429,Tue,1,iOS,0,1,Male,30.0,Indore,Unknown,1,1,0,0,0,1,0,0,1.0,Samsung,Reno,Jio,Bengali,Android,17,app,play_store,9,5,169.2,referral,activation,none,crm
101430,Fri,21,Web,1,1,Male,25.0,Indore,Unknown,0,0,0,0,0,0,0,0,2.0,Vivo,A12,Jio,Marathi,Android,17,web,play_store,9,1,40.6,google,generic,ag3,none
101431,Sun,17,Android,0,1,Female,23.0,Mumbai,Unknown,1,0,0,1,0,0,0,0,1.1,Apple,Reno,Other,Bengali,Android,13,app,app_store,10,4,378.6,influencer,generic,ag3,paid
101432,Sun,13,Android,0,1,Male,30.0,Jaipur,Rajasthan,1,0,0,0,0,0,0,0,2.0,Xiaomi,Y21,Airtel,Bengali,Android,13,app,app_store,9,2,231.5,google,generic,ag3,organic
101433,Sun,19,iOS,1,1,Male,28.0,Unknown,MP,0,0,0,0,0,0,0,0,1.2,OnePlus,Note 10,Other,Hindi,Android,16,app,play_store,14,3,702.4,organic,none,ag1,none
101434,Mon,20,Web,0,1,Male,40.0,Jaipur,Karnataka,0,0,0,0,0,0,0,0,1.0,Apple,iPhone 13,Other,Tamil,Android,15,app,app_store,9,3,73.3,organic,none,none,none
101435,Tue,2,Android,0,3,Female,18.0,Pune,Maharashtra,0,0,1,1,0,0,0,0,1.2,Xiaomi,iPhone 13,Vi,Hindi,iOS,14,app,app_store,9,2,125.2,organic,generic,ag1,crm
101436,Sat,10,Android,1,4,Female,37.0,Unknown,Delhi,0,1,0,0,0,0,0,0,1.1,Oppo,A12,Vi,Hindi,Android,15,app,play_store,7,1,55.4,influencer,none,none,paid
101437,Mon,2,iOS,0,1,Female,36.0,Jaipur,Rajasthan,0,1,0,0,1,0,0,0,1.0,Oppo,Note 10,Vi,English,Android,13,app,play_store,8,4,1099.6,google,generic,ag1,none
101438,Tue,12,iOS,0,1,Male,18.0,Delhi,Rajasthan,0,0,0,0,0,0,0,0,2.0,Apple,iPhone 13,Other,Marathi,Android,13,app,play_store,9,2,200.7,organic,none,ag3,crm
101439,Sat,2,iOS,1,1,Male,39.0,Delhi,Karnataka,0,1,0,0,0,0,0,0,1.2,OnePlus,Nord,BSNL,Marathi,iOS,15,app,web,7,4,360.7,organic,brand,ag3,crm
101440,Tue,5,Android,0,1,Female,18.0,Pune,Unknown,1,0,0,1,0,0,0,0,1.0,Oppo,iPhone 13,Airtel,Marathi,Android,13,app,play_store,10,2,378.2,influencer,activation,ag2,crm
101441,Thu,13,Android,0,1,Male,18.0,Unknown,MP,0,0,0,1,0,1,0,1,2.1,Apple,Y21,Jio,Hindi,iOS,13,app,app_store,8,2,105.5,meta,activation,ag3,crm
101442,Tue,17,Android,0,3,Male,26.0,Delhi,MP,0,0,0,0,0,0,0,0,1.0,Samsung,A12,BSNL,Hindi,Android,11,web,play_store,6,3,192.0,google,brand,ag3,none
101443,Wed,18,Android,0,1,Female,22.0,Mumbai,Unknown,1,0,0,1,0,0,0,0,1.0,OnePlus,Nord,Jio,Tamil,iOS,16,app,play_store,5,1,197.2,meta,remarketing,ag1,none
101444,Thu,0,iOS,1,1,Male,24.0,Indore,Delhi,0,0,0,0,1,0,1,0,1.0,Samsung,Note 10,Jio,Hindi,Android,17,app,play_store,10,2,1134.4,google,activation,ag3,none
101445,Sat,8,iOS,0,1,Male,33.0,Mumbai,MP,0,1,0,0,0,1,0,0,2.0,Vivo,Note 10,BSNL,English,Android,11,app,app_store,4,3,1937.7,meta,brand,ag3,crm
101446,Fri,4,Android,0,1,Male,36.0,Mumbai,Rajasthan,0,0,0,0,0,0,0,0,2.1,Apple,Nord,BSNL,Marathi,Android,14,app,play_store,6,4,202.1,organic,remarketing,none,organic
101447,Thu,17,iOS,0,1,Female,33.0,Jaipur,Rajasthan,0,0,0,0,0,0,0,0,2.1,Samsung,A12,Vi,Tamil,Android,11,app,app_store,8,2,344.7,referral,remarketing,none,organic
101448,Thu,16,Android,0,1,Male,41.0,Delhi,MP,0,0,0,0,0,0,0,0,1.1,Apple,Y21,Airtel,Marathi,Android,12,app,play_store,13,1,729.4,influencer,none,ag1,none
101449,Sat,2,Android,1,1,Male,45.0,Unknown,Rajasthan,1,0,0,1,0,1,0,0,1.1,OnePlus,Y21,Airtel,Hindi,iOS,14,app,play_store,12,1,327.3,meta,generic,ag1,crm
101450,Sun,8,Android,1,2,Male,23.0,Pune,Rajasthan,0,0,0,0,0,1,0,0,1.2,OnePlus,Nord,BSNL,Marathi,Android,16,app,play_store,6,4,310.8,meta,none,ag2,organic
101451,Wed,9,Android,1,2,Male,42.0,Bangalore,Rajasthan,1,0,0,0,1,0,0,1,1.0,Apple,A12,BSNL,Tamil,Android,15,app,play_store,5,4,244.7,meta,activation,ag1,organic
101452,Tue,23,Android,0,1,Female,31.0,Jaipur,Delhi,0,0,0,0,0,0,0,0,1.1,Apple,A12,Other,Bengali,Android,17,app,play_store,10,4,48.7,meta,brand,ag3,crm
101453,Wed,15,Android,1,1,Unknown,34.0,Unknown,Delhi,0,0,0,0,0,0,0,0,2.0,Oppo,iPhone 13,Other,Marathi,Android,11,app,play_store,6,2,399.3,influencer,remarketing,ag3,crm
101454,Tue,15,Web,0,1,Female,31.0,Jaipur,Delhi,0,0,0,0,0,0,0,1,1.0,Samsung,iPhone 13,Jio,Marathi,Android,17,app,app_store,9,5,1122.0,influencer,remarketing,none,paid
101455,Sun,18,Android,0,2,Unknown,33.0,Pune,Karnataka,0,0,0,1,0,0,0,0,2.0,OnePlus,A12,Airtel,Marathi,Android,17,app,play_store,7,5,382.8,influencer,remarketing,none,none
101456,Sat,20,Android,0,1,Male,27.0,Pune,Delhi,0,0,0,0,0,0,0,0,2.1,OnePlus,A12,BSNL,English,Android,16,app,web,6,0,232.3,influencer,brand,ag3,none
101457,Sat,0,Web,0,1,Female,28.0,Pune,Karnataka,0,0,0,0,0,0,0,0,1.2,Oppo,A12,Vi,Tamil,Android,11,web,play_store,11,2,51.0,google,remarketing,ag1,paid
101458,Fri,22,Android,0,1,Male,28.0,Pune,MP,1,0,0,0,0,1,0,1,1.1,Xiaomi,A12,Other,Tamil,Android,15,app,play_store,7,7,723.1,referral,activation,ag3,organic
101459,Tue,17,iOS,1,1,Male,22.0,Pune,Delhi,1,0,0,0,0,0,1,1,2.1,Vivo,iPhone 13,Vi,Hindi,Android,14,app,play_store,9,0,234.7,google,none,ag1,crm
101460,Wed,3,Android,0,1,Female,27.0,Bangalore,Karnataka,0,0,0,1,0,0,0,0,1.2,Samsung,A12,Jio,Tamil,iOS,11,app,play_store,8,3,443.2,google,activation,ag1,organic
101461,Sun,10,iOS,0,1,Unknown,35.0,Bangalore,Delhi,1,1,0,0,0,1,1,0,1.0,Oppo,Reno,Other,Bengali,Android,14,app,app_store,4,4,726.3,meta,remarketing,none,organic
101462,Mon,8,Android,0,1,Female,41.0,Unknown,Unknown,1,0,0,0,0,0,0,0,1.2,Apple,Y21,BSNL,Hindi,Android,15,app,app_store,7,1,158.3,organic,brand,ag1,none
101463,Sat,1,Android,0,1,Male,38.0,Unknown,MP,0,0,0,0,0,0,0,0,1.0,Apple,Nord,Airtel,Marathi,Android,14,app,play_store,3,1,480.0,meta,generic,ag2,none
101464,Wed,8,Android,0,1,Female,30.0,Mumbai,Karnataka,0,1,0,1,0,0,0,0,1.0,Xiaomi,iPhone 13,Jio,English,Android,17,app,play_store,11,2,90.3,influencer,none,none,crm
101465,Sun,0,Android,0,1,Female,19.0,Delhi,Karnataka,0,0,1,0,0,0,1,1,2.1,Apple,Y21,Jio,Bengali,Android,17,web,play_store,5,2,362.4,google,activation,ag3,crm
101466,Tue,9,Android,1,1,Female,35.0,Unknown,Unknown,0,0,0,0,0,0,0,0,2.1,OnePlus,Reno,Other,Hindi,Android,17,app,app_store,16,4,387.9,meta,generic,ag2,none
101467,Mon,13,Android,0,1,Female,25.0,Mumbai,Maharashtra,1,0,1,0,0,0,0,1,1.0,Apple,Reno,Other,Hindi,Android,11,web,play_store,8,5,246.3,google,brand,ag2,none
101468,Fri,18,Android,1,1,Female,26.0,Indore,MP,0,0,0,1,0,0,0,0,1.2,Oppo,iPhone 13,Airtel,English,Android,17,app,play_store,9,2,128.8,organic,brand,ag1,crm
101469,Sun,15,iOS,0,1,Male,23.0,Bangalore,Karnataka,0,0,0,0,0,0,0,0,1.1,OnePlus,Y21,Vi,Marathi,Android,16,web,play_store,8,1,175.7,google,none,ag3,none
101470,Sat,0,iOS,1,1,Male,28.0,Mumbai,Maharashtra,1,0,0,0,0,0,0,0,1.2,Apple,Nord,Other,Hindi,iOS,12,app,play_store,9,3,448.6,meta,remarketing,ag3,none
101471,Wed,11,Android,1,1,Male,37.0,Jaipur,Unknown,0,0,0,1,0,0,0,0,2.1,Vivo,iPhone 13,Airtel,Bengali,Android,16,app,play_store,10,2,124.1,organic,none,ag3,paid
101472,Sat,13,iOS,1,3,Female,23.0,Mumbai,Rajasthan,1,0,0,1,1,1,0,0,1.0,OnePlus,Note 10,Jio,English,Android,16,app,app_store,3,5,530.9,meta,generic,ag3,crm
101473,Thu,10,Android,1,1,Male,18.0,Jaipur,Unknown,0,0,0,1,0,0,0,0,1.1,OnePlus,Reno,Jio,Tamil,Android,16,app,play_store,3,4,308.7,meta,brand,ag2,crm
101474,Tue,17,iOS,0,1,Female,18.0,Bangalore,Karnataka,0,0,0,1,0,0,1,0,1.1,OnePlus,Note 10,Vi,Hindi,iOS,12,web,app_store,11,3,351.3,influencer,remarketing,ag1,crm
101475,Fri,13,Android,0,1,Male,26.0,Delhi,Unknown,0,0,0,0,0,1,0,0,1.1,Apple,Y21,Airtel,Tamil,Android,14,app,app_store,6,3,405.2,meta,brand,ag3,none
101476,Tue,13,Android,1,1,Male,19.0,Unknown,MP,0,0,0,0,0,0,0,0,2.0,OnePlus,iPhone 13,Vi,English,Android,16,app,play_store,11,4,164.7,organic,none,ag3,organic
101477,Thu,15,iOS,1,1,Male,29.0,Mumbai,MP,0,1,0,0,0,0,0,0,1.0,Xiaomi,Note 10,Vi,Hindi,Android,15,app,play_store,5,0,396.9,referral,remarketing,ag2,paid
101478,Wed,7,Android,1,1,Male,30.0,Unknown,Karnataka,0,0,0,0,0,0,0,0,1.1,Vivo,A12,Airtel,Marathi,Android,12,web,play_store,3,6,595.0,influencer,none,none,paid
101479,Sat,6,Android,1,1,Male,32.0,Pune,Karnataka,1,0,0,0,0,0,0,0,1.0,Apple,Y21,Vi,English,Android,15,app,play_store,7,1,378.3,organic,remarketing,ag1,organic
101480,Sun,17,Android,0,1,Female,27.0,Mumbai,MP,0,0,0,0,0,0,1,0,2.1,Samsung,Note 10,Other,English,Android,11,app,play_store,10,7,322.2,influencer,brand,ag3,organic
101481,Mon,20,Android,0,1,Male,36.0,Delhi,Maharashtra,0,0,0,1,0,0,0,0,2.0,OnePlus,iPhone 13,Vi,Hindi,iOS,17,app,play_store,4,5,305.3,referral,remarketing,none,none
101482,Wed,18,Android,0,1,Male,27.0,Jaipur,Maharashtra,0,1,0,0,0,0,0,0,2.1,OnePlus,iPhone 13,BSNL,Tamil,Android,16,app,play_store,8,8,942.7,referral,none,ag2,none
101483,Sat,8,Android,0,1,Male,37.0,Indore,Unknown,1,0,0,1,0,1,0,1,2.0,Xiaomi,A12,Vi,Marathi,Android,13,app,play_store,6,7,229.2,referral,none,ag3,paid
101484,Tue,10,Android,0,1,Male,31.0,Pune,Unknown,0,0,0,0,0,0,0,0,2.0,OnePlus,Nord,BSNL,English,Android,13,app,app_store,4,3,314.3,organic,remarketing,none,crm
101485,Wed,16,iOS,0,1,Male,20.0,Delhi,Delhi,0,0,0,0,0,0,0,0,2.0,OnePlus,Note 10,Airtel,Tamil,iOS,16,app,app_store,13,3,710.2,influencer,activation,ag3,organic
101486,Sun,13,Android,0,2,Female,30.0,Mumbai,Unknown,0,0,0,0,0,0,1,0,2.0,Oppo,iPhone 13,Other,Tamil,iOS,11,app,play_store,4,2,732.9,meta,activation,ag1,organic
101487,Mon,22,Android,0,1,Unknown,36.0,Indore,Delhi,0,0,0,0,0,0,0,0,2.1,Oppo,A12,BSNL,Hindi,Android,14,app,play_store,5,4,206.9,meta,brand,ag3,organic
101488,Thu,2,Android,1,1,Female,31.0,Pune,Karnataka,1,0,0,1,0,0,1,0,2.1,OnePlus,A12,Jio,Hindi,Android,15,app,play_store,10,5,260.8,referral,brand,ag1,none
101489,Tue,2,Android,0,1,Male,43.0,Jaipur,Karnataka,1,1,0,0,0,1,0,0,1.0,Vivo,Nord,Vi,Hindi,iOS,11,app,app_store,9,9,253.1,google,none,none,crm
101490,Wed,11,Android,0,2,Female,27.0,Indore,Rajasthan,0,0,1,0,0,0,1,0,1.0,Samsung,Reno,Other,Hindi,Android,12,app,app_store,3,3,521.7,influencer,none,ag3,organic
101491,Thu,8,Android,0,1,Male,35.0,Pune,Rajasthan,1,0,0,0,0,0,0,0,1.0,OnePlus,Reno,BSNL,Hindi,Android,11,app,play_store,11,2,197.7,referral,generic,ag2,none
101492,Tue,15,Android,1,3,Female,28.0,Bangalore,Delhi,0,0,0,1,0,0,0,0,1.2,Oppo,Nord,Vi,Bengali,Android,13,app,play_store,10,5,120.5,organic,remarketing,ag3,none
101493,Thu,11,Android,0,2,Female,33.0,Mumbai,Delhi,0,0,0,0,0,0,0,0,1.0,OnePlus,Reno,Vi,Hindi,Android,16,app,app_store,4,0,461.1,google,none,none,paid
101494,Wed,0,Android,1,4,Unknown,25.0,Bangalore,Unknown,1,0,0,0,0,1,0,0,2.0,Apple,iPhone 13,BSNL,Bengali,Android,16,app,app_store,12,0,621.3,referral,remarketing,ag1,organic
101495,Wed,14,Android,1,1,Male,44.0,Mumbai,Karnataka,0,0,0,0,0,1,1,1,2.1,Vivo,Nord,Jio,Tamil,Android,13,app,play_store,8,5,297.7,referral,brand,ag3,crm
101496,Sat,5,Android,0,2,Male,33.0,Mumbai,Unknown,1,0,0,0,0,1,0,0,2.1,Oppo,A12,BSNL,Tamil,Android,15,app,app_store,11,1,31.8,influencer,remarketing,ag2,none
101497,Fri,11,iOS,1,1,Unknown,32.0,Pune,Maharashtra,0,1,1,0,0,1,0,0,1.1,Xiaomi,Y21,Jio,Hindi,Android,16,app,play_store,12,2,246.9,google,remarketing,ag2,none
101498,Fri,6,Android,0,3,Female,25.0,Mumbai,Unknown,0,0,0,0,1,0,0,1,2.1,Apple,Note 10,Other,Bengali,Android,16,app,app_store,7,3,138.8,organic,remarketing,ag2,paid
101499,Wed,23,iOS,1,1,Unknown,39.0,Jaipur,Maharashtra,0,0,0,0,0,1,0,0,1.1,Apple,Reno,BSNL,Marathi,Android,11,app,app_store,10,4,442.4,influencer,remarketing,ag2,none
